{
  "train_loss": [
    1.252892359725216,
    1.1057141539088466,
    1.0911119005972878,
    1.0833150674167433,
    1.0650133796881514,
    1.0728924038814522,
    1.0681489052410014,
    1.0792260431267364,
    1.0384805466417681,
    1.057393408686097,
    1.0437668608364306,
    1.0455196461342928,
    1.0342796473196376,
    1.0355625268032675,
    1.0382999351010684,
    1.046287987594716
  ],
  "val_loss": [
    1.1075246334075928,
    1.0320844650268555,
    1.0278249979019165,
    1.06863534450531,
    1.0665695667266846,
    1.012535810470581,
    1.060710072517395,
    1.0333552360534668,
    1.0314054489135742,
    1.0137242078781128,
    1.022283911705017,
    1.0290582180023193,
    1.0345741510391235,
    1.0644351243972778,
    1.0213335752487183,
    1.0194464921951294
  ],
  "best_epoch": 5,
  "status": "underfit",
  "grad_norm": [
    1.638087039658262,
    1.3199925337059253,
    1.2412564248934665,
    1.2644376973257503,
    1.1930014385261491,
    1.236181858017213,
    1.21411014005697,
    1.2766837382988132,
    1.098457176560651,
    1.1284752718372797,
    1.104157252720389,
    1.108966411591754,
    1.064923116295633,
    1.0564792861992376,
    1.102675390055938,
    1.1629158969882039
  ],
  "beta_std": [
    0.32228079438209534,
    0.25498121976852417,
    0.20727743208408356,
    0.18554039299488068,
    0.21506206691265106,
    0.23031146824359894,
    0.31755515933036804,
    0.25878384709358215,
    0.22768905758857727,
    0.19259682297706604,
    0.21047644317150116,
    0.18363158404827118,
    0.22529299557209015,
    0.19710184633731842,
    0.22425197064876556,
    0.23642228543758392
  ],
  "beta_mean": [
    0.03618115559220314,
    -0.10017774999141693,
    -0.12313567847013474,
    -0.08904256671667099,
    -0.054592713713645935,
    -0.12892234325408936,
    -0.12009420245885849,
    -0.03618377447128296,
    -0.07285357266664505,
    -0.09168942272663116,
    -0.08015402406454086,
    -0.041059475392103195,
    -0.09671439975500107,
    -0.05410201847553253,
    -0.03445396199822426,
    -0.14285610616207123
  ]
}