{
  "train_loss": [
    1.2677627136275085,
    1.1369868642963163,
    1.0991539039388736,
    1.0905371227320175,
    1.0802528004060712,
    1.058756421016671,
    1.0670848118352612,
    1.051369119889555,
    1.0290696070626466,
    1.0601251114321033,
    1.043620711460448,
    1.0345584472857023,
    1.0365701116455925,
    1.0352716109627171,
    1.0288875164344298,
    1.0590581096961484,
    1.0355965929421764
  ],
  "val_loss": [
    1.069831132888794,
    1.0326570272445679,
    1.039901614189148,
    1.0375938415527344,
    1.0425124168395996,
    1.0494050979614258,
    0.9981958866119385,
    1.0206162929534912,
    1.0204417705535889,
    1.0577126741409302,
    1.0042058229446411,
    0.9995273351669312,
    1.0403492450714111,
    1.0349066257476807,
    1.0120415687561035,
    1.0590707063674927,
    1.007771372795105
  ],
  "best_epoch": 6,
  "status": "underfit",
  "grad_norm": [
    1.720674553295032,
    1.5138458917493456,
    1.283771696504094,
    1.2387941834331062,
    1.2477399230243895,
    1.123987066181512,
    1.1880781420094466,
    1.1055125834305013,
    0.9889777496749828,
    1.223184222709598,
    1.1170891138704981,
    1.0707534872341633,
    1.10915391540904,
    1.0988424580322396,
    1.113159552157199,
    1.2610152008863045,
    1.099867679698292
  ],
  "beta_std": [
    0.3298860788345337,
    0.15272149443626404,
    0.2735700011253357,
    0.19192849099636078,
    0.2662407159805298,
    0.22890685498714447,
    0.21206465363502502,
    0.27843818068504333,
    0.22621239721775055,
    0.24079030752182007,
    0.27632179856300354,
    0.2529366612434387,
    0.2513599395751953,
    0.2249223291873932,
    0.18773430585861206,
    0.2695925235748291,
    0.2024819552898407
  ],
  "beta_mean": [
    -0.013664592057466507,
    -0.04654020071029663,
    -0.0050402856431901455,
    -0.054960548877716064,
    -0.10649086534976959,
    -0.06809072941541672,
    -0.06409237533807755,
    -0.01979396492242813,
    -0.11744508892297745,
    -0.07924671471118927,
    -0.011691209860146046,
    -0.038301020860672,
    -0.14518336951732635,
    -0.0938883125782013,
    -0.053943853825330734,
    -0.058298975229263306,
    -0.11264598369598389
  ]
}