{
  "train_loss": [
    1.3132010992507488,
    1.1340343423196446,
    1.094620881303709,
    1.0605291021079348,
    1.062273453411303,
    1.0703580678973281,
    1.0465924507274962,
    1.0553776881848163,
    1.0540172331514415,
    1.0567883771483662,
    1.0478006108601887,
    1.046247877265975,
    1.035041327560157,
    1.0300112659610503,
    1.0205013249492088,
    1.0130337325592487
  ],
  "val_loss": [
    1.0750701427459717,
    1.073569893836975,
    1.0268241167068481,
    1.0311681032180786,
    1.0047619342803955,
    0.9928172826766968,
    1.0158517360687256,
    1.0271042585372925,
    1.011638879776001,
    1.001861333847046,
    1.012607455253601,
    1.0021957159042358,
    1.0049117803573608,
    1.0010572671890259,
    1.0209485292434692,
    1.017600655555725
  ],
  "best_epoch": 5,
  "status": "underfit",
  "grad_norm": [
    1.9633848144456907,
    1.4314402155491184,
    1.266417855769165,
    1.1949992545079866,
    1.1567679130868556,
    1.2425691799246752,
    1.145324564560559,
    1.140233107036156,
    1.1518899562643425,
    1.201153153719352,
    1.200708232297234,
    1.200276527226771,
    1.155141475152435,
    1.1263991831505933,
    1.0771162967084849,
    1.083034828035388
  ],
  "beta_std": [
    0.2302798330783844,
    0.2521163821220398,
    0.24908550083637238,
    0.23396208882331848,
    0.2523269057273865,
    0.25126615166664124,
    0.2209273725748062,
    0.2848101258277893,
    0.19852033257484436,
    0.25374147295951843,
    0.12611593306064606,
    0.18639281392097473,
    0.2571999430656433,
    0.26481589674949646,
    0.21070922911167145,
    0.18396249413490295
  ],
  "beta_mean": [
    0.01636306382715702,
    -0.00852974969893694,
    -0.09018319845199585,
    -0.0403289869427681,
    0.012855463661253452,
    -0.022977137938141823,
    0.04224254563450813,
    -0.029858799651265144,
    -0.07729481160640717,
    -0.03398199379444122,
    -0.05666184052824974,
    -0.05542858690023422,
    -0.1090427115559578,
    -0.19045208394527435,
    -0.1453448385000229,
    -0.11293087899684906
  ]
}