{
  "train_loss": [
    1.2510193740833573,
    1.0937668633321573,
    1.0842060270086367,
    1.077862133463921,
    1.0668632664317974,
    1.0536336983295909,
    1.0533573785023382,
    1.054793393221515,
    1.0636801040660568,
    1.0357772144797253,
    1.0332917469983909,
    1.0345964546649777,
    1.0448335217314157,
    1.0278566586762143,
    1.029082523173059,
    1.0336021954274317,
    1.0340991112223843,
    1.0287036876232303,
    1.0307831309273927,
    1.0373707363619442,
    1.0302839956088372,
    1.0125164924866972,
    1.0424304548341627,
    1.0155940584271972,
    1.0252931433114392,
    1.018534561067994,
    1.0193171298713015,
    1.0154769941798427,
    1.0102896663738272,
    1.0188863564234727,
    1.0206708360694305,
    1.0260851663455628,
    1.0277235584370574,
    1.011385810612238,
    1.0055966862739876,
    1.0124198892381455
  ],
  "val_loss": [
    1.0527012348175049,
    1.0354231595993042,
    1.0240343809127808,
    1.0101929903030396,
    1.0688656568527222,
    1.0090640783309937,
    1.018585205078125,
    1.0195261240005493,
    1.0107566118240356,
    1.0174708366394043,
    0.9994949698448181,
    0.9954925179481506,
    0.9852806329727173,
    1.0041440725326538,
    0.988713800907135,
    0.9904118180274963,
    0.9853930473327637,
    0.9883741140365601,
    0.9667013883590698,
    0.9952731728553772,
    1.003157615661621,
    0.9908444881439209,
    0.9833447337150574,
    0.9650563597679138,
    0.9616853594779968,
    0.9553808569908142,
    0.9619784355163574,
    0.9936012029647827,
    0.9824368953704834,
    1.003435730934143,
    1.0244132280349731,
    0.9596943259239197,
    0.9945249557495117,
    0.9868597388267517,
    1.0240564346313477,
    1.007139801979065
  ],
  "best_epoch": 25,
  "status": "underfit",
  "grad_norm": [
    1.6878624348630016,
    1.2414403731739843,
    1.236904334636055,
    1.2237335097511817,
    1.120296669831188,
    1.101597372678201,
    1.1030152358433785,
    1.092034925071383,
    1.2285921617608135,
    1.0396093058257523,
    0.984963965343808,
    1.0761506746920515,
    1.0883809758909337,
    0.9873309918693028,
    1.0489873455308925,
    1.091455643461407,
    1.049386372885648,
    1.0494663954249872,
    1.0501487631945037,
    1.1221679295368117,
    1.0790748923921119,
    0.9892447909368549,
    1.1457804358947927,
    1.0166074358682313,
    1.1048986365827524,
    1.0100966726257379,
    1.0889734002008726,
    1.086744838894263,
    1.0103912819357332,
    1.1159257376218288,
    1.0593314952117332,
    1.104909573300708,
    1.0678006247468634,
    1.0285689389758192,
    1.0319260782028732,
    1.059514252713017
  ],
  "beta_std": [
    0.22984808683395386,
    0.28439608216285706,
    0.2769717276096344,
    0.2346251904964447,
    0.1839597076177597,
    0.17773450911045074,
    0.16007597744464874,
    0.2723523676395416,
    0.21466034650802612,
    0.18744799494743347,
    0.20914283394813538,
    0.24062249064445496,
    0.211350217461586,
    0.209966242313385,
    0.2367195039987564,
    0.1997741311788559,
    0.22886057198047638,
    0.219324991106987,
    0.21989929676055908,
    0.21847541630268097,
    0.2368173450231552,
    0.21670851111412048,
    0.20909824967384338,
    0.2322404533624649,
    0.30088865756988525,
    0.23627963662147522,
    0.258266806602478,
    0.20800302922725677,
    0.2208288162946701,
    0.24501442909240723,
    0.19605670869350433,
    0.2495191991329193,
    0.20422552525997162,
    0.22959639132022858,
    0.23468871414661407,
    0.19864611327648163
  ],
  "beta_mean": [
    -0.09624145179986954,
    -0.16557897627353668,
    -0.06671449542045593,
    -0.046066608279943466,
    0.028466861695051193,
    -0.0655885562300682,
    -0.04388733580708504,
    -0.030855892226099968,
    -0.08094395697116852,
    -0.0902688130736351,
    -0.11994219571352005,
    -0.0670299232006073,
    -0.0412522628903389,
    -0.11046679317951202,
    -0.11391052603721619,
    -0.060424018651247025,
    -0.0439966544508934,
    -0.08538085222244263,
    -0.047935619950294495,
    -0.11061348021030426,
    -0.11708076298236847,
    -0.1415846347808838,
    -0.11669161915779114,
    -0.08941461145877838,
    -0.09971554577350616,
    -0.12099102884531021,
    -0.10596048086881638,
    -0.015542133711278439,
    -0.08871141821146011,
    -0.07707066088914871,
    -0.13584691286087036,
    -0.11772798746824265,
    -0.09139209240674973,
    -0.10106776654720306,
    -0.006448704749345779,
    -0.16328388452529907
  ]
}