{
  "train_loss": [
    1.3423205773314537,
    1.1403721210412812,
    1.102794051672283,
    1.081794397621824,
    1.0661368009500336,
    1.0561895641667103,
    1.0669166063286408,
    1.0447099480991475,
    1.0381400986024512,
    1.035994481092308,
    1.0378140461514567,
    1.0426069101813245,
    1.0307546049949021,
    1.040099189657914,
    1.0178950546080605,
    1.0197140569993628,
    1.0380246168549299,
    1.0437817507180553,
    1.0256234338687875,
    1.0139745309338932,
    1.0319425375698603,
    1.0277165130425614
  ],
  "val_loss": [
    1.1157586574554443,
    1.1601934432983398,
    1.0848170518875122,
    1.0610135793685913,
    1.105597734451294,
    1.0796334743499756,
    1.0616284608840942,
    1.0777769088745117,
    1.0715420246124268,
    1.0880934000015259,
    1.0746328830718994,
    1.057159185409546,
    1.0823558568954468,
    1.086017370223999,
    1.0892881155014038,
    1.0795403718948364,
    1.0967693328857422,
    1.0987213850021362,
    1.1027387380599976,
    1.0816420316696167,
    1.1214133501052856,
    1.0651428699493408
  ],
  "best_epoch": 11,
  "status": "ok",
  "grad_norm": [
    2.359331217830263,
    1.4589756387945594,
    1.3042799914302856,
    1.265195828620522,
    1.1651821273152922,
    1.110600595866347,
    1.1957784817896764,
    1.0799711448507832,
    1.0567179627514158,
    1.06840229158421,
    1.0898426912124581,
    1.0924769161514736,
    1.1114594076444588,
    1.1586125384444879,
    1.0067269208124188,
    1.027376921930468,
    1.1324864887600603,
    1.1461010103487843,
    1.0507753220605793,
    1.0214125361912598,
    1.1341300652596764,
    1.04047803968173
  ],
  "beta_std": [
    0.1852472722530365,
    0.15025874972343445,
    0.18099768459796906,
    0.21652309596538544,
    0.14753760397434235,
    0.2205647975206375,
    0.18310053646564484,
    0.24913333356380463,
    0.2287968397140503,
    0.1909821629524231,
    0.19254755973815918,
    0.23868495225906372,
    0.217633917927742,
    0.20468652248382568,
    0.20578688383102417,
    0.2863057851791382,
    0.2513412535190582,
    0.2463313192129135,
    0.223572239279747,
    0.190171018242836,
    0.2368575483560562,
    0.2368267923593521
  ],
  "beta_mean": [
    -0.024314716458320618,
    -0.04944968223571777,
    -0.010348865762352943,
    -0.1230553686618805,
    -0.050061095505952835,
    -0.1674477607011795,
    -0.058889638632535934,
    -0.0040636686608195305,
    -0.07848794758319855,
    -0.1496991217136383,
    -0.08598891645669937,
    -0.04690738022327423,
    0.03193868696689606,
    -0.011774815618991852,
    -0.06861995160579681,
    -0.0918562263250351,
    -0.10164756327867508,
    -0.09600157290697098,
    -0.05397670716047287,
    0.026905981823801994,
    -0.08868755400180817,
    -0.05876486375927925
  ]
}