{
  "train_loss": [
    1.313931328818115,
    1.124417344575737,
    1.0793984666623568,
    1.0827564786330999,
    1.0692316143275702,
    1.066885882176851,
    1.0646955051199039,
    1.065025735905296,
    1.0525923548664964,
    1.0432767732659278,
    1.0417703947268033,
    1.0522578139054148,
    1.0298094970022726,
    1.0431097675903498,
    1.0345742603491621,
    1.0399183351951733,
    1.0315248361107898,
    1.0251327739682115,
    1.017197786283772,
    1.0080080336576316,
    1.0248558157926415,
    1.0326762488850376,
    1.018542728117335,
    1.0156213981366298,
    1.0305120520842703,
    1.0183957150944491,
    1.0156023112375137,
    1.0272898678751716,
    1.0020042947300694,
    1.0165146168212444,
    1.0222057618871767,
    1.0073218558963977,
    1.0073805718672904
  ],
  "val_loss": [
    1.0719380378723145,
    1.0684950351715088,
    1.073760986328125,
    1.030184030532837,
    1.050026774406433,
    1.0522260665893555,
    1.044947862625122,
    1.0167683362960815,
    1.0303831100463867,
    1.0087664127349854,
    1.0581938028335571,
    1.0251303911209106,
    1.0265171527862549,
    1.0332188606262207,
    1.0208942890167236,
    1.0356791019439697,
    1.004693865776062,
    1.005798101425171,
    1.0015443563461304,
    1.0409071445465088,
    1.038486123085022,
    1.0023850202560425,
    0.9882789850234985,
    1.011832594871521,
    1.0228832960128784,
    1.0348165035247803,
    1.0129436254501343,
    1.0116304159164429,
    1.0091168880462646,
    1.0103559494018555,
    1.0029795169830322,
    1.0081278085708618,
    0.9940430521965027
  ],
  "best_epoch": 22,
  "status": "ok",
  "grad_norm": [
    2.0217699389364325,
    1.4162881695999656,
    1.2210856528945948,
    1.2116256467868771,
    1.1715216078334918,
    1.2126808962992415,
    1.1552664163101956,
    1.2276282450998453,
    1.1283526375410162,
    1.0633757232667618,
    1.0992601384037128,
    1.117045797338674,
    1.0273683763415968,
    1.1249670404816565,
    1.109318491251496,
    1.0955599439122998,
    1.0671174582579084,
    1.0971922859208783,
    1.0624033593873825,
    1.0475480931128656,
    1.1472338637955715,
    1.138242073185472,
    1.0521503312156688,
    1.051660864521736,
    1.0992061237232884,
    1.075981941325284,
    1.0617819559299593,
    1.0756041676825405,
    1.0062222630188842,
    1.039492817470061,
    1.0561302717569827,
    1.009113586672847,
    1.1407845283881786
  ],
  "beta_std": [
    0.24692749977111816,
    0.1800941526889801,
    0.32298287749290466,
    0.17358280718326569,
    0.17412105202674866,
    0.24746304750442505,
    0.2649863064289093,
    0.21516261994838715,
    0.22499099373817444,
    0.20195883512496948,
    0.21444512903690338,
    0.2664540410041809,
    0.1880495399236679,
    0.20619091391563416,
    0.16200536489486694,
    0.1881663203239441,
    0.1919080764055252,
    0.20664077997207642,
    0.2310314029455185,
    0.18560124933719635,
    0.2580486834049225,
    0.17355145514011383,
    0.2674185335636139,
    0.27541983127593994,
    0.17589963972568512,
    0.25833943486213684,
    0.17277567088603973,
    0.19398388266563416,
    0.28628861904144287,
    0.21072638034820557,
    0.2496059089899063,
    0.13679130375385284,
    0.24890361726284027
  ],
  "beta_mean": [
    -0.09255843609571457,
    -0.06935041397809982,
    -0.17484502494335175,
    -0.09735655039548874,
    -0.051764871925115585,
    -0.14384593069553375,
    -0.056621454656124115,
    -0.06720432639122009,
    -0.05217353254556656,
    -0.08773182332515717,
    -0.08104357868432999,
    -0.06395971775054932,
    -0.06345229595899582,
    -0.005513789597898722,
    -0.05737416073679924,
    -0.10245102643966675,
    -0.03523322194814682,
    -0.08117915689945221,
    -0.11621122807264328,
    -0.07329395413398743,
    -0.04344116523861885,
    -0.09488318115472794,
    -0.07488232105970383,
    -0.01638130284845829,
    -0.014386245049536228,
    0.028013862669467926,
    -0.028333837166428566,
    -0.07342120260000229,
    -0.1369287371635437,
    -0.02395206317305565,
    -0.09199485182762146,
    -0.05580362305045128,
    -0.0405152253806591
  ]
}