{
  "train_loss": [
    1.3034458239036695,
    1.1598941896533408,
    1.1293578253294292,
    1.1079823281890469,
    1.1091983491914315,
    1.0881118875776814,
    1.0952519585514626,
    1.0812953412741946,
    1.0844463377668148,
    1.079436566913337,
    1.0879172292926855,
    1.090594632974145
  ],
  "val_loss": [
    1.1036189794540405,
    1.0078321695327759,
    1.0573810338974,
    1.0122673511505127,
    1.0382846593856812,
    1.0555381774902344,
    1.1028128862380981,
    1.0249416828155518,
    1.0091066360473633,
    1.0348142385482788,
    1.0505657196044922,
    1.0369912385940552
  ],
  "best_epoch": 1,
  "status": "underfit",
  "grad_norm": [
    1.715068875760106,
    1.3616304770086631,
    1.3287830043655053,
    1.220286074527043,
    1.2129850806664255,
    1.1784449919324167,
    1.2553411430411052,
    1.1623299296707787,
    1.1492980294768456,
    1.154671208086666,
    1.2073097532777122,
    1.1891202437077593
  ],
  "beta_std": [
    0.2700148820877075,
    0.2451925128698349,
    0.20246310532093048,
    0.2391045242547989,
    0.14460955560207367,
    0.2406766414642334,
    0.28302454948425293,
    0.2769230604171753,
    0.21384523808956146,
    0.22829024493694305,
    0.2851133346557617,
    0.19887210428714752
  ],
  "beta_mean": [
    -0.019979426637291908,
    -0.006996270269155502,
    -0.11007549613714218,
    -0.001385807292535901,
    0.00014406919945031404,
    0.05954251065850258,
    0.07590358704328537,
    -0.07458080351352692,
    -0.11207572370767593,
    -0.05461258068680763,
    -0.012060264125466347,
    -0.10821978747844696
  ]
}