{
  "train_loss": [
    1.2671006547080146,
    1.1063012459961294,
    1.0968734655603332,
    1.0564245499504936,
    1.054615854045801,
    1.0506465192844994,
    1.047557106310861,
    1.0481210437295032,
    1.054344572769968,
    1.0373311741031401,
    1.0288532347428172,
    1.039735752518414,
    1.0313215568330554,
    1.0256231655712016,
    1.0140383349385178,
    1.0221348810474775,
    1.0248450617762337,
    1.0240712234569571,
    1.025939521566469,
    1.040971774051064,
    1.0270588623292265,
    1.0161431252189548,
    1.0188206097396493,
    1.013581608415347,
    1.010355844023632,
    1.0136421622728047
  ],
  "val_loss": [
    1.142674446105957,
    1.1551108360290527,
    1.130473256111145,
    1.1564571857452393,
    1.0993683338165283,
    1.10700261592865,
    1.1207014322280884,
    1.1085832118988037,
    1.0953315496444702,
    1.080286979675293,
    1.1287472248077393,
    1.092936635017395,
    1.086457371711731,
    1.126455545425415,
    1.1009933948516846,
    1.0682111978530884,
    1.0885999202728271,
    1.1054039001464844,
    1.0866053104400635,
    1.193914771080017,
    1.1296831369400024,
    1.0722839832305908,
    1.091439962387085,
    1.0936788320541382,
    1.1077765226364136,
    1.070618748664856
  ],
  "best_epoch": 15,
  "status": "underfit",
  "grad_norm": [
    1.6154364433766095,
    1.2340737923273741,
    1.2582181541633173,
    1.1351044042296168,
    1.1309306378030728,
    1.0689638551470508,
    1.0622788888999388,
    1.0950476374548035,
    1.154099738943967,
    1.0257803786767115,
    1.0204342183856054,
    1.0593354988022976,
    1.023835401364536,
    1.0264427055140293,
    0.983290737279769,
    1.087767194821929,
    1.055343013495471,
    1.0520002630947107,
    1.1110205177359604,
    1.1457459779623262,
    1.035217445309118,
    1.0208845190187876,
    1.0889869866716577,
    1.0345087872126222,
    1.050606738165914,
    1.0571938937361351
  ],
  "beta_std": [
    0.23373526334762573,
    0.27191975712776184,
    0.214207723736763,
    0.2138344794511795,
    0.19597497582435608,
    0.23903822898864746,
    0.23533572256565094,
    0.17021557688713074,
    0.19359469413757324,
    0.24762976169586182,
    0.3480769693851471,
    0.18740467727184296,
    0.17174918949604034,
    0.2245236039161682,
    0.22453613579273224,
    0.22444961965084076,
    0.2504621148109436,
    0.25872910022735596,
    0.18276946246623993,
    0.16021685302257538,
    0.19890128076076508,
    0.20402230322360992,
    0.2319367676973343,
    0.2970118522644043,
    0.24452568590641022,
    0.2764507234096527
  ],
  "beta_mean": [
    -0.10374189913272858,
    -0.1760895997285843,
    -0.01251496747136116,
    -0.030550692230463028,
    0.00284901587292552,
    -0.06652463227510452,
    -0.05708521977066994,
    -0.11205954104661942,
    -0.07519044727087021,
    -0.05590016767382622,
    0.04744938760995865,
    -0.040472324937582016,
    -0.07577656954526901,
    0.014901870861649513,
    -0.029051657766103745,
    -0.04959159344434738,
    -0.04039434343576431,
    -0.033062100410461426,
    -0.10334735363721848,
    -0.1493048220872879,
    -0.026350822299718857,
    -0.0444297194480896,
    -0.09564388543367386,
    -0.04736502468585968,
    -0.029740365222096443,
    -0.06982672214508057
  ]
}