{
  "train_loss": [
    1.2512411915907387,
    1.1271463340067724,
    1.0844827046450118,
    1.066586569010863,
    1.0984176099509524,
    1.0738699227327493,
    1.066425891006202,
    1.067845149653697,
    1.0485597226215384,
    1.0604577833309508,
    1.0347636252676535,
    1.0327802581954422,
    1.039268509323834,
    1.0249649082847505,
    1.0343499099580866,
    1.0344435552407427,
    1.0369877655603732,
    1.0214682818295664,
    1.0247337019234373,
    1.0294620709251938,
    1.0439188581321672
  ],
  "val_loss": [
    1.1317538022994995,
    1.098075270652771,
    1.0375158786773682,
    1.080451250076294,
    1.1043400764465332,
    1.0500121116638184,
    1.076067566871643,
    1.0668680667877197,
    1.1305122375488281,
    1.056443452835083,
    1.0334290266036987,
    1.0860916376113892,
    1.0634914636611938,
    1.0511566400527954,
    1.0493050813674927,
    1.0734857320785522,
    1.0397965908050537,
    1.0639361143112183,
    1.045949101448059,
    1.0595239400863647,
    1.0784059762954712
  ],
  "best_epoch": 10,
  "status": "underfit",
  "grad_norm": [
    1.84862119893308,
    1.3915273769761827,
    1.293082311962798,
    1.2868771550868903,
    1.3046788805007759,
    1.219979834076774,
    1.2045488555171255,
    1.1649584609485284,
    1.145133614382836,
    1.1626784457250887,
    0.9995360197054171,
    1.061849139992951,
    1.0889476460106822,
    1.0478381852761527,
    1.0690399499850696,
    1.1785551741911882,
    1.1333131670107188,
    1.0519641066752585,
    1.068396352812484,
    1.0705446959398943,
    1.2172644430903186
  ],
  "beta_std": [
    0.3329232335090637,
    0.3191409111022949,
    0.28832772374153137,
    0.1954890489578247,
    0.35434627532958984,
    0.27290207147598267,
    0.17499682307243347,
    0.2488655149936676,
    0.2277899533510208,
    0.2402171939611435,
    0.29718801379203796,
    0.17569483816623688,
    0.20197002589702606,
    0.1955065131187439,
    0.19550670683383942,
    0.23623564839363098,
    0.22360296547412872,
    0.24262496829032898,
    0.22036078572273254,
    0.16077013313770294,
    0.24107511341571808
  ],
  "beta_mean": [
    -0.14329509437084198,
    -0.08866077661514282,
    -0.11825568228960037,
    -0.03248487412929535,
    -0.21305665373802185,
    -0.18193939328193665,
    -0.06775490194559097,
    -0.11763431131839752,
    -0.22594670951366425,
    -0.12401455640792847,
    -0.03809833154082298,
    0.005708314944058657,
    -0.05973260849714279,
    -0.055021513253450394,
    -0.08953280746936798,
    -0.17069485783576965,
    -0.06045316532254219,
    -0.10535510629415512,
    -0.09306631237268448,
    -0.05023513361811638,
    -0.019552329555153847
  ]
}