{
  "train_loss": [
    1.2604077245478045,
    1.1400465712630958,
    1.1016401313201727,
    1.0917778193044383,
    1.0847820313771566,
    1.0728113374933164,
    1.0513890983068455,
    1.0371712119955765,
    1.0425758577229685,
    1.0553543174894233,
    1.025891612050129,
    1.039124073619731,
    1.0364022880130344,
    1.022867797410976,
    1.0268416328179208,
    1.0436286124151353,
    1.023255559965881,
    1.0244335337689048,
    1.024880922077692,
    1.010312986346016,
    1.0138136795389723
  ],
  "val_loss": [
    1.0570170879364014,
    1.1444634199142456,
    1.0595749616622925,
    1.084129810333252,
    1.1182936429977417,
    1.058182716369629,
    1.0123190879821777,
    1.042351484298706,
    1.059403419494629,
    1.0193074941635132,
    1.0053832530975342,
    1.0432597398757935,
    1.0381256341934204,
    1.0298447608947754,
    1.0316078662872314,
    1.0264450311660767,
    1.0352946519851685,
    1.0160162448883057,
    1.0529268980026245,
    1.0378845930099487,
    1.0244488716125488
  ],
  "best_epoch": 10,
  "status": "ok",
  "grad_norm": [
    1.6606558594016503,
    1.4013826237822282,
    1.3055044390628658,
    1.2940595451558576,
    1.2745984099038785,
    1.1680592883409897,
    1.1082704441565145,
    1.051783830679851,
    1.139536710091912,
    1.15478268745271,
    1.0606217445053558,
    1.1114424374815777,
    1.0890407835000457,
    1.0552652172111314,
    1.1190514996025749,
    1.1629294900372216,
    1.0449536295467519,
    1.1042420954459806,
    1.0743004126087754,
    1.0262804805947727,
    1.1256583601132313
  ],
  "beta_std": [
    0.2727883756160736,
    0.23545372486114502,
    0.26992693543434143,
    0.13669823110103607,
    0.27872517704963684,
    0.16682089865207672,
    0.24492350220680237,
    0.18207067251205444,
    0.18365240097045898,
    0.2705603539943695,
    0.24815160036087036,
    0.18797510862350464,
    0.23407061398029327,
    0.30361732840538025,
    0.19549722969532013,
    0.28010979294776917,
    0.21832773089408875,
    0.1988629698753357,
    0.21822932362556458,
    0.22242088615894318,
    0.25233250856399536
  ],
  "beta_mean": [
    0.005297662690281868,
    -0.14458055794239044,
    -0.04655162990093231,
    -0.12305601686239243,
    0.026277674362063408,
    -0.02614523284137249,
    -0.03337448462843895,
    -0.11448650062084198,
    -0.13987304270267487,
    -0.08110519498586655,
    -0.0655738040804863,
    -0.1034308671951294,
    0.0034633048344403505,
    -0.05398938059806824,
    -0.12700647115707397,
    0.016464250162243843,
    -0.11194011569023132,
    -0.062417902052402496,
    -0.07883332669734955,
    -0.10883445292711258,
    -0.060022540390491486
  ]
}