{
  "train_loss": [
    1.3056912156573512,
    1.1231539884645338,
    1.1191254031867313,
    1.083756397063272,
    1.0704747162227741,
    1.0667290635136832,
    1.0617329198296308,
    1.062704711852715,
    1.0541725555219148,
    1.0591473363017478,
    1.0544613901076958,
    1.0457930430613065,
    1.0325835284433866,
    1.043717466460334
  ],
  "val_loss": [
    1.1674113273620605,
    1.1149108409881592,
    1.1039612293243408,
    1.0648741722106934,
    1.1143221855163574,
    1.070497751235962,
    1.09535551071167,
    1.127548336982727,
    1.068517804145813,
    1.072873592376709,
    1.0862895250320435,
    1.104264497756958,
    1.1066553592681885,
    1.0941907167434692
  ],
  "best_epoch": 3,
  "status": "underfit",
  "grad_norm": [
    2.049712645572892,
    1.394779152268065,
    1.3883075042112307,
    1.2443147729942725,
    1.1621086098977949,
    1.2056582650701502,
    1.1530784246082812,
    1.1396146196595591,
    1.1173583232999393,
    1.185669316394635,
    1.1285907852171957,
    1.1276936136190028,
    1.0472775087371933,
    1.2003434336944685
  ],
  "beta_std": [
    0.21885615587234497,
    0.24400173127651215,
    0.266580730676651,
    0.25002679228782654,
    0.2462039291858673,
    0.20412059128284454,
    0.22969742119312286,
    0.1952517032623291,
    0.19244876503944397,
    0.2370675951242447,
    0.22181901335716248,
    0.20454087853431702,
    0.28796643018722534,
    0.24202297627925873
  ],
  "beta_mean": [
    -0.12556862831115723,
    -0.03726561740040779,
    -0.1693938821554184,
    -0.013276349753141403,
    0.021838370710611343,
    -0.1295918971300125,
    -0.02707613818347454,
    -0.20467090606689453,
    -0.05992179363965988,
    0.007325964048504829,
    -0.13052508234977722,
    -0.06806875765323639,
    -0.0626026839017868,
    -0.07421813905239105
  ]
}