{
  "train_loss": [
    1.248116071595086,
    1.1396266572210523,
    1.1143059548272027,
    1.1025826348728605,
    1.0962748506334092,
    1.0795680909686618,
    1.0881152155134413,
    1.079714262008667,
    1.0765237655639648,
    1.0742582341300118,
    1.0730867149564955,
    1.0638033474816215,
    1.0843915421168009,
    1.0630034845140246
  ],
  "val_loss": [
    1.0651181936264038,
    1.0527535676956177,
    1.0469077825546265,
    1.021965742111206,
    1.061668872833252,
    1.0316194295883179,
    1.053180456161499,
    1.0259944200515747,
    1.0333014726638794,
    1.0476183891296387,
    1.0211721658706665,
    1.032049298286438,
    1.0290234088897705,
    1.0494554042816162
  ],
  "best_epoch": 3,
  "status": "underfit",
  "grad_norm": [
    1.5937231311109405,
    1.3097562941201724,
    1.2496866352848235,
    1.2254170242688962,
    1.190354870760521,
    1.1282329904242745,
    1.1039636431437825,
    1.0664758259682394,
    1.1013319573326652,
    1.1070908166778943,
    1.0422784102968174,
    1.0303741266722688,
    1.1551204248817812,
    1.0536326616458525
  ],
  "beta_std": [
    0.18414337933063507,
    0.1785746067762375,
    0.20719625055789948,
    0.24373281002044678,
    0.21178783476352692,
    0.24619793891906738,
    0.23229993879795074,
    0.21679159998893738,
    0.17950204014778137,
    0.1497587114572525,
    0.22776329517364502,
    0.26921793818473816,
    0.25061753392219543,
    0.20458948612213135
  ],
  "beta_mean": [
    -0.135282963514328,
    -0.13922707736492157,
    -0.13167014718055725,
    -0.08325357735157013,
    -0.10241559147834778,
    -0.10795947164297104,
    -0.13131245970726013,
    -0.07797528058290482,
    -0.10620369017124176,
    -0.12065568566322327,
    -0.09385606646537781,
    -0.03223133087158203,
    -0.08028611540794373,
    -0.058386653661727905
  ]
}