{
  "train_loss": [
    0.6421818063830772,
    0.6219871491298341,
    0.6180298501845689,
    0.6157866509755453,
    0.615539827974219,
    0.6150117438160188,
    0.6144078062988861,
    0.6102916488312838,
    0.610884816465322,
    0.6074527794436405,
    0.6066620973955121,
    0.609327994578066,
    0.6077288533093637,
    0.606172848096368,
    0.6067728799267819,
    0.6074495231198985,
    0.6030223560333252
  ],
  "val_loss": [
    0.6203051805496216,
    0.62315833568573,
    0.6030161380767822,
    0.6089171171188354,
    0.6040758490562439,
    0.6036698222160339,
    0.596759021282196,
    0.597204864025116,
    0.6031125783920288,
    0.6028236150741577,
    0.6044792532920837,
    0.6002485156059265,
    0.6087636351585388,
    0.6031526327133179,
    0.6087800860404968,
    0.61111980676651,
    0.6023826599121094
  ],
  "best_epoch": 6,
  "status": "underfit",
  "grad_norm": [
    0.2512645401165322,
    0.2373957737169302,
    0.23306435257171673,
    0.23539248020618503,
    0.23712080082994885,
    0.23978936899563985,
    0.24519547285173243,
    0.23539879860454407,
    0.23387613327911047,
    0.22208467704718848,
    0.2374375887531374,
    0.23030611319732738,
    0.23293232853961557,
    0.2343280950289187,
    0.23404810449054902,
    0.23450859150418069,
    0.2382437371384034
  ],
  "beta_std": [
    0.3164489269256592,
    0.26127320528030396,
    0.2570433020591736,
    0.31258121132850647,
    0.34969714283943176,
    0.5022886395454407,
    0.29176029562950134,
    0.4484463334083557,
    0.2974751591682434,
    0.37909600138664246,
    0.29746949672698975,
    0.4749849736690521,
    0.45564979314804077,
    0.5132945775985718,
    0.35032251477241516,
    0.5577472448348999,
    0.3123311400413513
  ],
  "beta_mean": [
    0.25289711356163025,
    -0.15528522431850433,
    -0.0048612733371555805,
    -0.1505306363105774,
    -0.09212638437747955,
    0.17455299198627472,
    -0.20646114647388458,
    -0.016901250928640366,
    -0.2535512149333954,
    -0.02130809798836708,
    0.013944337144494057,
    0.03932067006826401,
    -0.22022469341754913,
    0.15051449835300446,
    0.07595929503440857,
    0.09805113077163696,
    -0.08145605772733688
  ]
}