{
  "train_loss": [
    0.6382039765865483,
    0.6240104772333513,
    0.6185962981229637,
    0.6183337602141308,
    0.6143559138956126,
    0.6153607806127671,
    0.612350417982068,
    0.6121616838131732,
    0.6120349590820179,
    0.6061035226520739,
    0.609905549057743,
    0.60410801078841,
    0.60715329260854,
    0.6071105498598333,
    0.6034467262273644,
    0.6036005896713301,
    0.6049299715555202,
    0.6053193892512405,
    0.6062933013174269,
    0.6036454139954862
  ],
  "val_loss": [
    0.6197145581245422,
    0.6212082505226135,
    0.6271131038665771,
    0.6191638112068176,
    0.6192342042922974,
    0.6318436861038208,
    0.619879961013794,
    0.627112865447998,
    0.6201096177101135,
    0.6089673042297363,
    0.621453046798706,
    0.6196053624153137,
    0.6261425614356995,
    0.6223819851875305,
    0.6270899772644043,
    0.6167284250259399,
    0.6176498532295227,
    0.6299070715904236,
    0.6207578778266907,
    0.6184677481651306
  ],
  "best_epoch": 9,
  "status": "underfit",
  "grad_norm": [
    0.24541087051029575,
    0.23867988474996074,
    0.24882755429439538,
    0.2356161233080859,
    0.2220850496899506,
    0.24543389420541248,
    0.2319114461979565,
    0.23867953703437683,
    0.2498237040420338,
    0.22824536570514395,
    0.24321236619528275,
    0.25389540072332933,
    0.23690640163000834,
    0.24736281144576408,
    0.2345625889851131,
    0.23950131573990482,
    0.23739020789994325,
    0.246319840055219,
    0.2477567902699684,
    0.2358735905129009
  ],
  "beta_std": [
    0.41761499643325806,
    0.45250263810157776,
    0.15841417014598846,
    0.30348947644233704,
    0.2863539159297943,
    0.2909395694732666,
    0.34268951416015625,
    0.3706859350204468,
    0.37672480940818787,
    0.3244417607784271,
    0.23806725442409515,
    0.1996471881866455,
    0.290433406829834,
    0.25089552998542786,
    0.4240048825740814,
    0.2522290349006653,
    0.3649652302265167,
    0.2906489372253418,
    0.2400130182504654,
    0.3803887367248535
  ],
  "beta_mean": [
    -0.0896088108420372,
    -0.19620399177074432,
    -0.18977577984333038,
    -0.23294638097286224,
    -0.15138931572437286,
    -0.15788260102272034,
    -0.2814323306083679,
    -0.2493121325969696,
    -0.2725016176700592,
    -0.14654910564422607,
    -0.2529192268848419,
    -0.1511496752500534,
    -0.3314128816127777,
    -0.0366988405585289,
    -0.16603179275989532,
    -0.203687846660614,
    -0.1769944578409195,
    -0.2538275718688965,
    0.054803963750600815,
    -0.10988911986351013
  ]
}