{
  "train_loss": [
    0.6403323653706333,
    0.6183575836956849,
    0.6119265678890965,
    0.612453024903236,
    0.6085657127558837,
    0.6063632384099459,
    0.6062766034143013,
    0.6032534439103645,
    0.6045908639444942,
    0.6030105671966285,
    0.6005343702522635,
    0.6022179897068537,
    0.6041355911751239,
    0.6002974167623017,
    0.5991581565315961,
    0.5975538450793216,
    0.5982031115035564,
    0.5989359794304385,
    0.5959071395968834,
    0.5989480155253271,
    0.5973932109381023,
    0.5982427920374954,
    0.5956478887691833,
    0.5920591297623707,
    0.5959230548457095,
    0.5969849020556399,
    0.5938964420034174,
    0.5941498970985413,
    0.5947415657350195,
    0.5908282435149477,
    0.589060666728438,
    0.588308089504465,
    0.5923105250185693,
    0.5915264986690723
  ],
  "val_loss": [
    0.6355988383293152,
    0.6247185468673706,
    0.6314093470573425,
    0.6249958276748657,
    0.6290619373321533,
    0.6285282969474792,
    0.6247095465660095,
    0.6284360885620117,
    0.6317862868309021,
    0.6234595775604248,
    0.6245605945587158,
    0.6325656771659851,
    0.6358698010444641,
    0.6378549933433533,
    0.6225303411483765,
    0.6274969577789307,
    0.6239448189735413,
    0.6243738532066345,
    0.6206022500991821,
    0.6263818144798279,
    0.6270135045051575,
    0.6273259520530701,
    0.6296133995056152,
    0.6185539364814758,
    0.6309462785720825,
    0.634429395198822,
    0.627156138420105,
    0.6287461519241333,
    0.6302103996276855,
    0.6364288926124573,
    0.6309666633605957,
    0.6409691572189331,
    0.636482298374176,
    0.6388943195343018
  ],
  "best_epoch": 23,
  "status": "underfit",
  "grad_norm": [
    0.2397395066400321,
    0.2364486466700987,
    0.243436045505276,
    0.23520956288971026,
    0.23043756402614482,
    0.22410132220417386,
    0.22402190797171673,
    0.22486397693431331,
    0.22060104194370247,
    0.21696467054992155,
    0.21955812223052623,
    0.22720088795818164,
    0.23761232780483854,
    0.22427873372774337,
    0.22382947174365211,
    0.22578912478463078,
    0.23229803177184183,
    0.23273176640998616,
    0.23059385877381675,
    0.22892929104670012,
    0.24091060566143543,
    0.2276114679302489,
    0.23334762207521859,
    0.24027600475064065,
    0.2407550630407913,
    0.2385762991920626,
    0.23913282502797203,
    0.25167202662925475,
    0.24639374562766725,
    0.24558182610192994,
    0.2490152857443062,
    0.24718362630072063,
    0.23835511943182375,
    0.2580944782520013
  ],
  "beta_std": [
    0.28244537115097046,
    0.42693787813186646,
    0.40296250581741333,
    0.22208358347415924,
    0.39750179648399353,
    0.37152278423309326,
    0.291252076625824,
    0.28360089659690857,
    0.24100112915039062,
    0.3686619997024536,
    0.2933754026889801,
    0.24165134131908417,
    0.31582266092300415,
    0.29163238406181335,
    0.34198883175849915,
    0.2575016915798187,
    0.3893508017063141,
    0.28316590189933777,
    0.2859499752521515,
    0.2515734136104584,
    0.23872460424900055,
    0.3205963671207428,
    0.29702508449554443,
    0.38002434372901917,
    0.24965815246105194,
    0.312103807926178,
    0.3688587248325348,
    0.3504014313220978,
    0.32381168007850647,
    0.35941368341445923,
    0.3989790976047516,
    0.5321943163871765,
    0.4712931215763092,
    0.4410914480686188
  ],
  "beta_mean": [
    -0.279023140668869,
    -0.10362262278795242,
    -0.06434477865695953,
    -0.15058112144470215,
    -0.13934023678302765,
    -0.3967975676059723,
    -0.08461873978376389,
    -0.032899536192417145,
    -0.2162293642759323,
    -0.4146639108657837,
    -0.22960320115089417,
    -0.15071764588356018,
    -0.37568697333335876,
    -0.09998345375061035,
    -0.08098704367876053,
    -0.1497076451778412,
    -0.2651630640029907,
    -0.18398547172546387,
    -0.2569698989391327,
    -0.26832133531570435,
    -0.21586044132709503,
    -0.14961352944374084,
    -0.057904262095689774,
    -0.10292133688926697,
    -0.20113149285316467,
    -0.1151105985045433,
    -0.11950835585594177,
    -0.1175990179181099,
    -0.16638217866420746,
    -0.31003090739250183,
    -0.18604765832424164,
    -0.31428948044776917,
    -0.3193323016166687,
    -0.06320005655288696
  ]
}