{
  "train_loss": [
    0.6448718233972962,
    0.6264158426251327,
    0.6240997075058563,
    0.6233083070788468,
    0.6193159047204848,
    0.6173148131928249,
    0.6169424938597874,
    0.6176420053543403,
    0.616852366031959,
    0.6139881141701637,
    0.6145313979450026,
    0.611334160866096,
    0.6131745807329814,
    0.6115160475976286,
    0.6151921374616567
  ],
  "val_loss": [
    0.6107800006866455,
    0.6151792407035828,
    0.6158286929130554,
    0.6113964319229126,
    0.6060289144515991,
    0.6084469556808472,
    0.6127721667289734,
    0.6218280792236328,
    0.6155099868774414,
    0.6087298393249512,
    0.6147593855857849,
    0.6145167350769043,
    0.613925576210022,
    0.6194874048233032,
    0.6133000254631042
  ],
  "best_epoch": 4,
  "status": "underfit",
  "grad_norm": [
    0.23805190431537382,
    0.22674917514773765,
    0.2263705443363959,
    0.21659112772857195,
    0.2031753213935507,
    0.2266924353046646,
    0.21586364680125325,
    0.21556243338628217,
    0.21991480317845918,
    0.22719374793459998,
    0.2314122803396477,
    0.2305862275197518,
    0.23018758966721856,
    0.24426222162293382,
    0.2244124051301381
  ],
  "beta_std": [
    0.23797927796840668,
    0.3507480323314667,
    0.2569083869457245,
    0.24391783773899078,
    0.322757750749588,
    0.15468841791152954,
    0.2998743951320648,
    0.36027202010154724,
    0.3428475856781006,
    0.3310033082962036,
    0.24035412073135376,
    0.2583051323890686,
    0.18592189252376556,
    0.21289663016796112,
    0.31860196590423584
  ],
  "beta_mean": [
    -0.14282137155532837,
    -0.14965057373046875,
    0.07576071470975876,
    -0.13192802667617798,
    -0.06899343430995941,
    -0.009284427389502525,
    -0.039561063051223755,
    -0.10496095567941666,
    -0.11079983413219452,
    -0.07944855839014053,
    -0.06517470628023148,
    -0.18205255270004272,
    0.11393352597951889,
    -0.010104130953550339,
    0.007118725683540106
  ]
}