{
  "train_loss": [
    0.6438448632390875,
    0.6260472668402376,
    0.6252418450305336,
    0.6228242279214469,
    0.6168792675670824,
    0.6181497516548424,
    0.6157051553642541,
    0.6152250988581027,
    0.6132212808257655,
    0.6129619202279208,
    0.6120587992249874
  ],
  "val_loss": [
    0.6219802498817444,
    0.6331732869148254,
    0.6283292174339294,
    0.627570629119873,
    0.6427412033081055,
    0.6285908818244934,
    0.6339580416679382,
    0.6306713819503784,
    0.634433388710022,
    0.6451398134231567,
    0.6437821388244629
  ],
  "best_epoch": 0,
  "status": "underfit",
  "grad_norm": [
    0.21507622586387795,
    0.2254638704979924,
    0.23354208399508677,
    0.22443546390838076,
    0.21780192541921709,
    0.2218660016702242,
    0.22534044593177605,
    0.22298947449960405,
    0.2249522091490225,
    0.23892530966981382,
    0.23141445900142255
  ],
  "beta_std": [
    0.3514314889907837,
    0.38187843561172485,
    0.24892579019069672,
    0.25289636850357056,
    0.4901035726070404,
    0.3161986470222473,
    0.28889939188957214,
    0.2472587376832962,
    0.27816715836524963,
    0.2613782286643982,
    0.26719510555267334
  ],
  "beta_mean": [
    -0.002673567971214652,
    -0.04767783731222153,
    0.07656712830066681,
    -0.1543065458536148,
    -0.25874441862106323,
    -0.25238993763923645,
    0.015914425253868103,
    -0.05707935616374016,
    0.06006067246198654,
    -0.021437598392367363,
    -0.051564253866672516
  ]
}