{
  "train_loss": [
    0.6407159988615247,
    0.6220111701753405,
    0.6148171028031243,
    0.6147185047997369,
    0.6160314542452494,
    0.6100661261876424,
    0.6115510182910495,
    0.6079804257286919,
    0.6079483378728231,
    0.609537823677063,
    0.6088638441297743,
    0.6113331475787692,
    0.6116843640539381
  ],
  "val_loss": [
    0.6135005950927734,
    0.6072508692741394,
    0.5989720821380615,
    0.6038274168968201,
    0.6017116904258728,
    0.5988665819168091,
    0.6049185991287231,
    0.6152245998382568,
    0.6085463762283325,
    0.6002938151359558,
    0.6029518842697144,
    0.6093945503234863,
    0.6103308200836182
  ],
  "best_epoch": 2,
  "status": "underfit",
  "grad_norm": [
    0.27045252474158005,
    0.23545298806801543,
    0.23013290581225723,
    0.21545710197925677,
    0.22902094452870936,
    0.22792150406702,
    0.22377762081652453,
    0.22211735565672644,
    0.21995960473202858,
    0.2201301901968432,
    0.22449717102077857,
    0.21958645032356483,
    0.22809181724749786
  ],
  "beta_std": [
    0.39215564727783203,
    0.2970268726348877,
    0.2286752313375473,
    0.5717366933822632,
    0.2649533450603485,
    0.3342459499835968,
    0.5438207387924194,
    0.19859164953231812,
    0.1588071584701538,
    0.23100998997688293,
    0.2855653762817383,
    0.2140500545501709,
    0.35993772745132446
  ],
  "beta_mean": [
    -0.2480759173631668,
    -0.08438678085803986,
    -0.04623991250991821,
    -0.12289321422576904,
    -0.03292826935648918,
    -0.13126511871814728,
    -0.16193200647830963,
    -0.030397308990359306,
    -0.19588549435138702,
    -0.0498516708612442,
    -0.13560394942760468,
    -0.07612930238246918,
    -0.14738741517066956
  ]
}