{
  "train_loss": [
    0.9501891105894058,
    0.7756851581489148,
    0.7588440984014481,
    0.7470684434821546,
    0.7359049679200396,
    0.7381528402942649,
    0.7199132979051326,
    0.7243333504043199,
    0.7174747185912532,
    0.7128758558610669,
    0.7115444126853597,
    0.7009938024609538,
    0.6981775356798756,
    0.7093677452902675,
    0.6974366161558363,
    0.6945347983550593,
    0.6887942273330256,
    0.6940922464643206,
    0.6879743687419935,
    0.6831995840786266,
    0.6889449780490122,
    0.6707729513683016,
    0.679180132883206,
    0.6680483075496562,
    0.6739213879146273,
    0.6802673550960429,
    0.6598819852415937,
    0.6594638528737351,
    0.6531863706722821,
    0.6540139452129805,
    0.6485085031072569,
    0.6497968016838541,
    0.6498796169449683,
    0.6557523770126896,
    0.6479204813098691,
    0.6398618321570139,
    0.6492722189075012
  ],
  "val_loss": [
    0.7487626075744629,
    0.7327039837837219,
    0.7336191534996033,
    0.713523268699646,
    0.6977567672729492,
    0.6910457611083984,
    0.7131505012512207,
    0.7065674066543579,
    0.6949878931045532,
    0.6833416223526001,
    0.7038218975067139,
    0.6735095381736755,
    0.6968551874160767,
    0.6831368207931519,
    0.6759482622146606,
    0.6596789956092834,
    0.6688185334205627,
    0.6627000570297241,
    0.6893974542617798,
    0.679900586605072,
    0.6624248623847961,
    0.6694375872612,
    0.646077573299408,
    0.6630954146385193,
    0.6568312048912048,
    0.6552136540412903,
    0.6207472085952759,
    0.6685812473297119,
    0.6670261025428772,
    0.6348525881767273,
    0.6515653133392334,
    0.6356173753738403,
    0.6536290645599365,
    0.6376047730445862,
    0.6494435667991638,
    0.6311669945716858,
    0.7040466666221619
  ],
  "best_epoch": 26,
  "status": "ok",
  "grad_norm": [
    0.9099861609314143,
    0.8115878135712529,
    0.767259429263143,
    0.7902615839047277,
    0.7628786190560783,
    0.7546248972622964,
    0.7763822063096891,
    0.7688669211086852,
    0.7704960358459966,
    0.7408027456980162,
    0.7720359013972988,
    0.7273008893467185,
    0.7546326039409894,
    0.7231032441001268,
    0.7546754242939557,
    0.7639704987780471,
    0.7774953957083849,
    0.7715134057436454,
    0.8042121393394606,
    0.798679753935373,
    0.7779052760607701,
    0.7843056437038246,
    0.8003705280445477,
    0.7861822659252439,
    0.8092474751550932,
    0.8274860382775432,
    0.8031776939308081,
    0.8249219008924645,
    0.8393533339909507,
    0.8242241535644396,
    0.8463313493775536,
    0.8414309280493832,
    0.8512977627404669,
    0.850866311240002,
    0.8569092755605732,
    0.8154983330605117,
    0.8518378079341252
  ],
  "beta_std": [
    0.8249719738960266,
    0.6234650611877441,
    0.7477318644523621,
    0.7530573010444641,
    0.6370899677276611,
    0.7132319211959839,
    0.7740145325660706,
    0.618820071220398,
    0.7277215123176575,
    0.706483006477356,
    0.6323221921920776,
    0.7727671265602112,
    0.8091979622840881,
    0.6751076579093933,
    0.7600510120391846,
    0.8638051748275757,
    0.8088058233261108,
    0.7627023458480835,
    0.6131791472434998,
    0.6223241686820984,
    0.7980674505233765,
    0.6983808279037476,
    0.7536495923995972,
    0.781823992729187,
    0.7982066869735718,
    0.7119078636169434,
    0.6690590977668762,
    0.686689019203186,
    0.7226765155792236,
    0.7547829151153564,
    0.7674661874771118,
    0.863078773021698,
    0.7655185461044312,
    0.7853639721870422,
    0.7744558453559875,
    0.8235633373260498,
    0.8386868238449097
  ],
  "beta_mean": [
    -0.46481895446777344,
    -0.24350175261497498,
    -0.41015246510505676,
    -0.24654175341129303,
    -0.2840120792388916,
    -0.28626200556755066,
    -0.16634024679660797,
    0.01249014399945736,
    -0.22115696966648102,
    -0.20285452902317047,
    -0.2937942445278168,
    -0.24608661234378815,
    -0.20582158863544464,
    -0.15851961076259613,
    -0.2681193947792053,
    -0.22164148092269897,
    -0.10364339500665665,
    -0.27758219838142395,
    -0.3148782253265381,
    -0.08990234136581421,
    -0.2647038400173187,
    -0.16365064680576324,
    -0.13650596141815186,
    -0.2547776997089386,
    -0.10414422303438187,
    -0.2826630771160126,
    -0.16147765517234802,
    -0.19047558307647705,
    -0.11361397057771683,
    -0.053806498646736145,
    -0.3275001347064972,
    -0.1476157307624817,
    -0.1836356371641159,
    -0.06570520997047424,
    -0.2717359960079193,
    -0.04526933282613754,
    -0.22751207649707794
  ]
}