{
  "train_loss": [
    0.9878293355894677,
    0.7817534011675987,
    0.7456811883125776,
    0.7496955687617078,
    0.7513342589802212,
    0.7366048627135194,
    0.7225046973758273,
    0.7165870089884158,
    0.7200695961198689,
    0.7087776099605325,
    0.7034747237335016,
    0.6987195751696457,
    0.6898227859426428,
    0.6953377467025945,
    0.6935550547234806,
    0.6953684692618287,
    0.6928947702749276,
    0.6879083322301323,
    0.6872832069867922,
    0.6840172298454944,
    0.6827231788635254,
    0.6732576305189251
  ],
  "val_loss": [
    0.7266839146614075,
    0.7075543999671936,
    0.7040712237358093,
    0.6950723528862,
    0.7341538071632385,
    0.6915707588195801,
    0.6654855608940125,
    0.6651610136032104,
    0.6773048043251038,
    0.6569417715072632,
    0.6758667826652527,
    0.6468194723129272,
    0.6746013164520264,
    0.6814011931419373,
    0.6543903350830078,
    0.6645178198814392,
    0.652911365032196,
    0.6726064085960388,
    0.6769593358039856,
    0.6995667219161987,
    0.6652359962463379,
    0.6615771055221558
  ],
  "best_epoch": 11,
  "status": "ok",
  "grad_norm": [
    0.9723476215649641,
    0.8208582397143905,
    0.7970976712806782,
    0.7527349374188225,
    0.7775277480813431,
    0.8012753763985999,
    0.8128929685482897,
    0.7840733229914724,
    0.7752889559279034,
    0.8038707845512166,
    0.7750552220627557,
    0.7627463105501472,
    0.7684591110123322,
    0.7632764541462673,
    0.7646318488175732,
    0.7869451945044669,
    0.7702581096049655,
    0.7877493735326812,
    0.7543890816053994,
    0.7968057035721009,
    0.7743400218430967,
    0.7603916600850096
  ],
  "beta_std": [
    0.6886972784996033,
    0.6550177931785583,
    0.5985143184661865,
    0.6762661337852478,
    0.5333182215690613,
    0.6923778057098389,
    0.7957673668861389,
    0.6781863570213318,
    0.8125444650650024,
    0.6601290106773376,
    0.6007576584815979,
    0.7249472141265869,
    0.6889550685882568,
    0.8254629373550415,
    0.6265691518783569,
    0.790711522102356,
    0.8609192371368408,
    0.6080057621002197,
    0.7466832995414734,
    0.5778165459632874,
    0.80412358045578,
    0.8441219925880432
  ],
  "beta_mean": [
    -0.15997767448425293,
    -0.2239980399608612,
    -0.12112640589475632,
    -0.40789565443992615,
    -0.18294599652290344,
    -0.20891796052455902,
    -0.07684241235256195,
    -0.3190867006778717,
    -0.18187598884105682,
    -0.1554466038942337,
    -0.060837943106889725,
    -0.1572176218032837,
    -0.13376525044441223,
    -0.1535319685935974,
    -0.11985515803098679,
    -0.40535497665405273,
    -0.045892711728811264,
    -0.17624148726463318,
    -0.10184263437986374,
    -0.02197112888097763,
    -0.3359612226486206,
    -0.3222532272338867
  ]
}