{
  "train_loss": [
    0.9591688329670705,
    0.7985091018568632,
    0.7640257139865503,
    0.7461653418822083,
    0.7520914980884041,
    0.734371735963151,
    0.7285497733795183,
    0.7260350125446882,
    0.7207487498821855,
    0.7085981359827815,
    0.7099510685116255,
    0.7031487549513646,
    0.6951847560822018,
    0.6950445923134854,
    0.6955136754345191,
    0.6831315803690021,
    0.6898237975546562,
    0.682394349493948,
    0.6800015689834716,
    0.6752459959918949,
    0.6785693971748525,
    0.673205812447736,
    0.6819800645586044,
    0.6721705995449404,
    0.6707382496792713,
    0.6622341745294411,
    0.6569536361023952,
    0.6658976452420898,
    0.6690668912971912,
    0.6583515293744145,
    0.6683085491057156,
    0.6554623114008482,
    0.6606259524416761,
    0.6616859177883521,
    0.653139527719848,
    0.6396790324560369,
    0.6507198116676607,
    0.6519189116365515,
    0.6543771441561295,
    0.6491610472434772,
    0.6393315988873679,
    0.645390121953017,
    0.6357421756871974,
    0.6399331738348721,
    0.6478944542997278,
    0.6358721243551259,
    0.6425294338710724
  ],
  "val_loss": [
    0.8070407509803772,
    0.7249264121055603,
    0.7114092707633972,
    0.7135729193687439,
    0.6766732335090637,
    0.6910481452941895,
    0.7128686904907227,
    0.6634657382965088,
    0.6702268123626709,
    0.6506116986274719,
    0.6701599955558777,
    0.68967205286026,
    0.6751718521118164,
    0.7003260850906372,
    0.6604572534561157,
    0.6706236600875854,
    0.6690043807029724,
    0.6219233870506287,
    0.6836223006248474,
    0.6630584001541138,
    0.6311702728271484,
    0.6367583870887756,
    0.6433504223823547,
    0.6481311321258545,
    0.6449347138404846,
    0.6467103362083435,
    0.6198769807815552,
    0.6320666074752808,
    0.6478174924850464,
    0.645347535610199,
    0.6586422920227051,
    0.6132828593254089,
    0.6369276642799377,
    0.6432520747184753,
    0.6151010990142822,
    0.6224763989448547,
    0.6021096110343933,
    0.6098278760910034,
    0.6346405744552612,
    0.6386435031890869,
    0.6444551944732666,
    0.6072566509246826,
    0.6222450733184814,
    0.6205191016197205,
    0.6214421391487122,
    0.6342251896858215,
    0.6119063496589661
  ],
  "best_epoch": 36,
  "status": "ok",
  "grad_norm": [
    0.9288165799527474,
    0.8506504672759568,
    0.7870147939588169,
    0.7819410018519874,
    0.8009534035892322,
    0.7810855306801223,
    0.7958668681298826,
    0.7654926881995484,
    0.7428689368026152,
    0.7545492691122767,
    0.7653650243104787,
    0.7539592079874647,
    0.7427641750076225,
    0.7657792248837602,
    0.7912045993247854,
    0.7809104732839941,
    0.7927620116458198,
    0.7411318533210977,
    0.7735658200847542,
    0.8054431536946536,
    0.7905485650699845,
    0.7795119223766013,
    0.8117062442113898,
    0.7891973138940852,
    0.8227115883636559,
    0.8064860165792439,
    0.7736918737567005,
    0.8099244007275744,
    0.8071806876326141,
    0.8201519052168926,
    0.8348738701026883,
    0.7943192294496969,
    0.8158090078285305,
    0.8313645024436029,
    0.7963949175150236,
    0.7971811483214601,
    0.8176739636613642,
    0.796356601236723,
    0.8309670250694453,
    0.8240957042615209,
    0.8273071947875849,
    0.7890086785912784,
    0.8190744883081467,
    0.8042377074385415,
    0.8465099036792644,
    0.8258250370333077,
    0.8260039750768662
  ],
  "beta_std": [
    0.6916706562042236,
    0.7887370586395264,
    0.8366312980651855,
    0.6928163766860962,
    0.7151377201080322,
    0.7352717518806458,
    0.5879523754119873,
    0.7269756197929382,
    0.6480690240859985,
    0.7236234545707703,
    0.7520754933357239,
    0.620244562625885,
    0.6847672462463379,
    0.6668732762336731,
    0.7469512224197388,
    0.7163516283035278,
    0.672379732131958,
    0.6851974129676819,
    0.7219874262809753,
    0.701448917388916,
    0.7219351530075073,
    0.5808843970298767,
    0.7813380360603333,
    0.7550982236862183,
    0.8278052806854248,
    0.730197012424469,
    0.7702441215515137,
    0.6222425103187561,
    0.5935618281364441,
    0.6765358448028564,
    0.6849862933158875,
    0.8900748491287231,
    0.7174356579780579,
    0.7316538691520691,
    0.7644286751747131,
    0.7390156388282776,
    0.7274047136306763,
    0.7177073955535889,
    0.8321706056594849,
    0.6748663783073425,
    0.7648758888244629,
    0.7209648489952087,
    0.6615476012229919,
    0.6543412804603577,
    0.8433377146720886,
    0.6733856201171875,
    0.695889949798584
  ],
  "beta_mean": [
    -0.055486101657152176,
    -0.18912717700004578,
    -0.14337986707687378,
    -0.2758098542690277,
    -0.18494582176208496,
    -0.22650906443595886,
    -0.21186260879039764,
    -0.12794770300388336,
    -0.1862945407629013,
    -0.3098624646663666,
    -0.2753407955169678,
    -0.026806263253092766,
    -0.01035587303340435,
    -0.11383844166994095,
    -0.2589374780654907,
    -0.04464752599596977,
    -0.17065419256687164,
    -0.1305970996618271,
    -0.03160664439201355,
    -0.180250346660614,
    -0.1249348372220993,
    -0.17787770926952362,
    -0.0851147249341011,
    0.048668622970581055,
    -0.07018963247537613,
    -0.03451232239603996,
    -0.11486886441707611,
    -0.3114463984966278,
    -0.005246492102742195,
    -0.15646129846572876,
    0.0009332622867077589,
    -0.14860899746418,
    -0.2893855571746826,
    -0.26817914843559265,
    -0.3179607093334198,
    -0.17367538809776306,
    -0.37600889801979065,
    -0.008802022784948349,
    -0.18208692967891693,
    -0.02943052351474762,
    -0.12111286073923111,
    -0.211377814412117,
    -0.07530064135789871,
    -0.08913636207580566,
    -0.20333170890808105,
    -0.1329772025346756,
    -0.1493365466594696
  ]
}