{
  "train_loss": [
    0.9476091090838115,
    0.7813019591437446,
    0.756728135002984,
    0.755558243645562,
    0.7405490083164639,
    0.7373400985399882,
    0.7279553030861748,
    0.7191372279061211,
    0.7126178026199341,
    0.7088028643925984,
    0.7004301171832614,
    0.6988163752555847,
    0.691771280447642,
    0.6907118633058336,
    0.6882186683548821,
    0.6766895083851284,
    0.6802177729076809,
    0.6809008136855231,
    0.668295887655682,
    0.6586963533825344,
    0.6586978614595201,
    0.6587162556118435,
    0.6601129536628723,
    0.649502585834927,
    0.6546927707460192,
    0.6486436331537034,
    0.6503161361482408,
    0.6350760828124152,
    0.6417705288992988,
    0.6303633509741889,
    0.6382993659443326,
    0.641389053662618,
    0.6371809602313572,
    0.6321172812779744,
    0.6325647144847446,
    0.6260503767861261,
    0.6374362962510851,
    0.6348079000049167,
    0.6322155039045546,
    0.6306715678109063,
    0.6288670930862427,
    0.6282392552693685,
    0.6311451536814372,
    0.6269126747979058,
    0.6172032186190287,
    0.6223062847455343,
    0.6265748824543423
  ],
  "val_loss": [
    0.787063479423523,
    0.713324785232544,
    0.7036315202713013,
    0.7429527640342712,
    0.685666024684906,
    0.6923053860664368,
    0.758865237236023,
    0.6905398964881897,
    0.6783907413482666,
    0.6741425395011902,
    0.6976897120475769,
    0.6874600648880005,
    0.6684297323226929,
    0.665507435798645,
    0.6685411930084229,
    0.6895168423652649,
    0.6678227782249451,
    0.6324152946472168,
    0.650787889957428,
    0.6544837355613708,
    0.6384084820747375,
    0.6560469269752502,
    0.6639034748077393,
    0.6426419615745544,
    0.6354233622550964,
    0.6401374340057373,
    0.6299903988838196,
    0.6276142597198486,
    0.6366201639175415,
    0.6513118743896484,
    0.6429986357688904,
    0.6279668211936951,
    0.6342416405677795,
    0.6297701597213745,
    0.6193988919258118,
    0.6667464971542358,
    0.6144158840179443,
    0.6379483938217163,
    0.6447492837905884,
    0.6423129439353943,
    0.6319355368614197,
    0.6218538880348206,
    0.638144314289093,
    0.6298161745071411,
    0.6352054476737976,
    0.6437679529190063,
    0.6210544109344482
  ],
  "best_epoch": 36,
  "status": "ok",
  "grad_norm": [
    0.8686263912267881,
    0.823598958877772,
    0.7717125812737614,
    0.7550242775669027,
    0.7769536493218561,
    0.7302888058190209,
    0.7841296443047965,
    0.7759997331715225,
    0.7530006431818467,
    0.760617764077099,
    0.7787642338957584,
    0.767779742130358,
    0.7540121183419664,
    0.758311804518867,
    0.7787674675457148,
    0.7907082890617729,
    0.7784952063560241,
    0.768734513336606,
    0.7921704860025919,
    0.804227428805235,
    0.787876098914243,
    0.7948818708115492,
    0.8321632381663555,
    0.790904071139571,
    0.8197859528898105,
    0.8146387092569652,
    0.829125402840394,
    0.8242957145086368,
    0.8289978092946656,
    0.8235024311864072,
    0.8064728932945315,
    0.8219381209780263,
    0.8350938974677004,
    0.8268189709135916,
    0.8152587377865846,
    0.8510639404199142,
    0.8253744488440417,
    0.8311595760600593,
    0.8253281549137742,
    0.8197096753685462,
    0.8288757938860042,
    0.8063326314590094,
    0.8697077889978563,
    0.8388798402432861,
    0.8355155199533504,
    0.8539514932597245,
    0.8394603042695012
  ],
  "beta_std": [
    0.9690765142440796,
    0.7039106488227844,
    0.92095547914505,
    0.7710016369819641,
    0.960216224193573,
    0.7764835953712463,
    0.6385332345962524,
    0.827277421951294,
    0.8010693788528442,
    0.7921159267425537,
    0.7705831527709961,
    0.8219406604766846,
    0.7541119456291199,
    0.7421490550041199,
    0.6783954501152039,
    0.8329880237579346,
    0.7644016146659851,
    0.8333010673522949,
    0.8200375437736511,
    0.9321589469909668,
    0.8545377254486084,
    0.7993831634521484,
    0.8443377614021301,
    0.929368793964386,
    0.8168153166770935,
    0.7712681293487549,
    0.8904712200164795,
    0.9052953720092773,
    0.7533619403839111,
    0.883795440196991,
    0.9681288003921509,
    0.8821297287940979,
    0.7045208811759949,
    0.8691475987434387,
    0.8734927177429199,
    0.7270894050598145,
    0.8407803773880005,
    1.0607033967971802,
    0.8340408205986023,
    0.8345118165016174,
    0.7031564116477966,
    0.7903217077255249,
    0.7647866010665894,
    0.7471023201942444,
    0.7908545732498169,
    0.7320652604103088,
    0.7463929653167725
  ],
  "beta_mean": [
    -0.3737129271030426,
    -0.38037753105163574,
    -0.20783433318138123,
    -0.4180523753166199,
    -0.33533909916877747,
    -0.3797735571861267,
    -0.1988312304019928,
    -0.31885796785354614,
    -0.1601054072380066,
    -0.29462552070617676,
    -0.2603655457496643,
    -0.1725989133119583,
    -0.1865992546081543,
    -0.1757686883211136,
    -0.34112420678138733,
    -0.5042111277580261,
    -0.12863551080226898,
    -0.3181281089782715,
    -0.09862148016691208,
    -0.1809089034795761,
    -0.3784812092781067,
    -0.33400067687034607,
    -0.23589931428432465,
    -0.28918027877807617,
    -0.33241981267929077,
    -0.42102643847465515,
    -0.3348390460014343,
    -0.4463498592376709,
    -0.21802884340286255,
    -0.2990480959415436,
    -0.35089537501335144,
    -0.25761324167251587,
    -0.20920316874980927,
    -0.29649966955184937,
    -0.3361338675022125,
    -0.25832900404930115,
    -0.4994760751724243,
    -0.4211115837097168,
    -0.4183843731880188,
    -0.46480730175971985,
    -0.158977210521698,
    -0.2968481779098511,
    -0.37705090641975403,
    -0.24616333842277527,
    -0.10793521255254745,
    -0.11688485741615295,
    -0.24824835360050201
  ]
}