{
  "train_loss": [
    2.6235901844354323,
    2.0244582776081415,
    2.0021456233366037,
    1.942116715407666,
    1.867978661796193,
    1.8572227100678431,
    1.8109771000897443,
    1.772464974426929,
    1.806873348612844,
    1.7566592595017987,
    1.7557070168153739,
    1.7127832857767742,
    1.68147920390706,
    1.7165580201443331,
    1.672725850328987,
    1.6762967793735457,
    1.6275771412437345,
    1.607452393107944,
    1.634805490175883,
    1.5906099119304138,
    1.5999069769588516,
    1.551318058202296,
    1.5473560954906322,
    1.5601611981568513,
    1.5521677377488878,
    1.5451105831287526,
    1.5207133531570434,
    1.5151234009825154,
    1.4656778511588957,
    1.516363082403018,
    1.4511607612798243,
    1.496006960692229,
    1.4620226707576234,
    1.4627346367894867,
    1.480707633583634,
    1.4711129084928536,
    1.4491067121647023,
    1.4197360877048821
  ],
  "val_loss": [
    1.7246543169021606,
    1.7809191942214966,
    1.8213661909103394,
    1.6851054430007935,
    1.719017505645752,
    1.6276204586029053,
    1.6229909658432007,
    1.6663501262664795,
    1.644503116607666,
    1.6660809516906738,
    1.6319758892059326,
    1.606653094291687,
    1.560707449913025,
    1.5898627042770386,
    1.5548659563064575,
    1.5452821254730225,
    1.4976673126220703,
    1.5423405170440674,
    1.5390918254852295,
    1.4777355194091797,
    1.5429073572158813,
    1.4333138465881348,
    1.493259310722351,
    1.5866457223892212,
    1.426914930343628,
    1.453881025314331,
    1.4862154722213745,
    1.3531827926635742,
    1.5030279159545898,
    1.435654878616333,
    1.3648033142089844,
    1.3554645776748657,
    1.379157304763794,
    1.3786851167678833,
    1.3971834182739258,
    1.378749132156372,
    1.380026936531067,
    1.4349334239959717
  ],
  "best_epoch": 27,
  "status": "ok",
  "grad_norm": [
    3.383389434612081,
    2.9532630099363137,
    3.094699190756739,
    2.9009166158710036,
    2.729204703719116,
    2.8413188752069725,
    2.601400560276161,
    2.580111973027475,
    2.789746605342374,
    2.630992768578396,
    2.6136238548689157,
    2.6093077052246483,
    2.46020119708219,
    2.6874544102489204,
    2.5632122104141484,
    2.5658818119953017,
    2.584161493302202,
    2.511148931063115,
    2.6282498100183918,
    2.5521042841056736,
    2.6370866091386254,
    2.4820559847087487,
    2.4762682090647297,
    2.5598873194233955,
    2.6593766582360807,
    2.704732085393526,
    2.6551972283859673,
    2.6744152494770694,
    2.6026517190597893,
    2.7401253107043617,
    2.585434264615054,
    2.7504252318312163,
    2.629441121866806,
    2.623848110216035,
    2.674956537879576,
    2.687318251348394,
    2.6667733605054544,
    2.6758699160242045
  ],
  "beta_std": [
    0.7849827408790588,
    0.6504224538803101,
    0.7480073571205139,
    0.6566480398178101,
    0.6582139730453491,
    0.8036286234855652,
    0.6930780410766602,
    0.8674544095993042,
    0.6710337400436401,
    0.6703718900680542,
    0.6935099959373474,
    0.7315818667411804,
    0.6962668895721436,
    0.7206934094429016,
    0.6639845967292786,
    0.8127616047859192,
    0.8384111523628235,
    0.7936347723007202,
    0.6469821929931641,
    0.7258052229881287,
    0.7915226817131042,
    0.7037771344184875,
    0.7210326790809631,
    0.618040144443512,
    0.7553071975708008,
    0.6741299629211426,
    0.8229201436042786,
    0.675573468208313,
    0.7985130548477173,
    0.7592178583145142,
    0.7332208752632141,
    0.7682270407676697,
    0.5922258496284485,
    0.7465620636940002,
    0.7744324803352356,
    0.7606909275054932,
    0.6348569393157959,
    0.7069448232650757
  ],
  "beta_mean": [
    -0.2667110860347748,
    -0.300729364156723,
    -0.3111085295677185,
    -0.15892228484153748,
    -0.23110893368721008,
    -0.3266560435295105,
    -0.3808521330356598,
    -0.39781782031059265,
    -0.2332398146390915,
    0.029921425506472588,
    -0.36691686511039734,
    -0.22633545100688934,
    -0.09686674177646637,
    -0.20594625174999237,
    -0.12131549417972565,
    -0.0726132020354271,
    -0.3101024031639099,
    -0.27823153138160706,
    -0.29889506101608276,
    -0.08749494701623917,
    -0.24223265051841736,
    -0.2169186770915985,
    -0.40836530923843384,
    -0.2363964468240738,
    -0.22401008009910583,
    -0.24411523342132568,
    -0.3989640772342682,
    -0.35635867714881897,
    -0.31956109404563904,
    -0.15262125432491302,
    -0.015390181913971901,
    -0.11351142078638077,
    -0.20497770607471466,
    -0.22269073128700256,
    -0.1980992704629898,
    -0.09447228163480759,
    -0.3700730800628662,
    -0.24095501005649567
  ]
}