{
  "train_loss": [
    2.5343343595928616,
    2.0584882072872586,
    1.9530356953938801,
    1.9439667714436848,
    1.853611447016398,
    1.8188546597162882,
    1.8281548767089844,
    1.7657347436481052,
    1.7402334247165256,
    1.7097384559843276,
    1.6376812185711331,
    1.6079933625327216,
    1.6453291971418593,
    1.5922950712839763,
    1.5744216395484076,
    1.5678304506937664,
    1.553118042310079,
    1.5168953195148045,
    1.5421885454389783,
    1.5327834843529595,
    1.541863540649414,
    1.5252755436367458,
    1.5112464519076878,
    1.5136027768452962,
    1.5193226824866402,
    1.4814891444312202,
    1.513369230800205,
    1.4881485773722332,
    1.475719185617235,
    1.4500115355385674,
    1.4682921793195935,
    1.4514459810256959,
    1.452511256006029,
    1.4201552363501655
  ],
  "val_loss": [
    1.990136981010437,
    1.7155746221542358,
    1.6882574558258057,
    1.7413076162338257,
    1.6867671012878418,
    1.6095634698867798,
    1.7349560260772705,
    1.583038091659546,
    1.5947155952453613,
    1.4964251518249512,
    1.4745432138442993,
    1.484365463256836,
    1.4879915714263916,
    1.5374643802642822,
    1.4699276685714722,
    1.4116711616516113,
    1.4263797998428345,
    1.3985389471054077,
    1.4162274599075317,
    1.4241650104522705,
    1.387503743171692,
    1.4052668809890747,
    1.4614099264144897,
    1.363612413406372,
    1.4367343187332153,
    1.6006453037261963,
    1.432815432548523,
    1.4061200618743896,
    1.444674015045166,
    1.4549376964569092,
    1.3770579099655151,
    1.5047595500946045,
    1.4261277914047241,
    1.4194189310073853
  ],
  "best_epoch": 23,
  "status": "ok",
  "grad_norm": [
    3.3436535830768257,
    3.225211690081799,
    2.936745812606337,
    3.080884131348698,
    2.905296237996837,
    2.6405304620705174,
    3.0774175470766725,
    2.8224161188530097,
    3.010041853585541,
    2.6963611711519926,
    2.754823258929222,
    2.832211883156828,
    2.864925298990584,
    2.7795616412755577,
    2.8555923274950867,
    2.681826006261701,
    2.803545140927171,
    2.660940380024261,
    2.776413604219186,
    2.773475321022101,
    2.8378843162368477,
    2.7304373353896776,
    2.765821592586145,
    2.7446691540826476,
    2.8240543478603346,
    2.7293515908572092,
    2.9313766944575317,
    2.813449661316643,
    2.715067893245213,
    2.765046995732457,
    2.8499613939011534,
    2.7585920863712197,
    2.9162785418055686,
    2.7213100405007262
  ],
  "beta_std": [
    1.1607476472854614,
    0.5450941920280457,
    0.7520810961723328,
    0.7643212676048279,
    0.7847763895988464,
    0.7408803701400757,
    0.6585398316383362,
    0.7604777216911316,
    0.726463794708252,
    0.8265407085418701,
    0.6497259736061096,
    0.7957131266593933,
    0.8812505602836609,
    0.7652832865715027,
    0.6335540413856506,
    0.8089553117752075,
    0.8797922134399414,
    0.781481146812439,
    0.7499061822891235,
    0.8773943781852722,
    0.7951954007148743,
    0.8280453681945801,
    0.7647376656532288,
    0.8350353837013245,
    0.8192150592803955,
    0.9202655553817749,
    0.8639271259307861,
    0.5596475005149841,
    0.7622238397598267,
    0.7162043452262878,
    0.7377731800079346,
    0.8168158531188965,
    0.892362654209137,
    0.7724229693412781
  ],
  "beta_mean": [
    0.017360642552375793,
    -0.04611624777317047,
    -0.2820308804512024,
    -0.25324901938438416,
    -0.35204365849494934,
    -0.23735538125038147,
    -0.18814422190189362,
    0.09596964716911316,
    -0.2544556260108948,
    -0.20082862675189972,
    -0.2563324570655823,
    -0.167557954788208,
    -0.211851105093956,
    -0.1615375578403473,
    -0.039953023195266724,
    -0.3107079565525055,
    -0.1094040498137474,
    -0.13681307435035706,
    -0.19725333154201508,
    -0.1329191029071808,
    -0.1518988311290741,
    -0.2078062742948532,
    -0.046731214970350266,
    -0.051852673292160034,
    -0.0724252238869667,
    -0.5346972942352295,
    -0.15402661263942719,
    -0.10075286030769348,
    -0.28631559014320374,
    -0.39577460289001465,
    -0.077577605843544,
    -0.46085047721862793,
    -0.2511884272098541,
    -0.06429756432771683
  ]
}