{
  "train_loss": [
    2.4557925470140245,
    1.9739792496363322,
    1.9111543368233574,
    1.86902697775099,
    1.8467900779512194,
    1.81389799785614,
    1.7316263133154974,
    1.6995753718482123,
    1.6865132336086697,
    1.6539597432878281,
    1.6140692691802978,
    1.5767146466573079,
    1.5314628316031562,
    1.5530464452107748,
    1.5314593047036065,
    1.5202064350975883,
    1.5068071148660447,
    1.4975781943003337,
    1.4743156653510199,
    1.4956598567962647,
    1.433508746571011,
    1.463058602227105,
    1.4586712650722928,
    1.4498891130023532,
    1.432448643790351,
    1.4441251063876681,
    1.434973315556844,
    1.4366365682813855,
    1.430315937254164
  ],
  "val_loss": [
    2.002833366394043,
    1.8969115018844604,
    1.831466794013977,
    1.8566654920578003,
    1.7656571865081787,
    1.7521196603775024,
    1.706301212310791,
    1.801971673965454,
    1.590111494064331,
    1.675095796585083,
    1.5553948879241943,
    1.4629526138305664,
    1.490319013595581,
    1.5889160633087158,
    1.4515308141708374,
    1.6231334209442139,
    1.4710112810134888,
    1.463107943534851,
    1.4101167917251587,
    1.4602549076080322,
    1.4832355976104736,
    1.4959546327590942,
    1.4189084768295288,
    1.5290822982788086,
    1.450532078742981,
    1.481618881225586,
    1.4974952936172485,
    1.6081111431121826,
    1.4553465843200684
  ],
  "best_epoch": 18,
  "status": "ok",
  "grad_norm": [
    3.286204244476293,
    2.915743510891706,
    2.817036259254721,
    2.8780224659931934,
    2.9555647269986536,
    2.888426073026449,
    2.666911975306644,
    2.685149820289632,
    2.80825453356834,
    2.6289139440194593,
    2.6621215753543663,
    2.5924587904783416,
    2.60927979226785,
    2.709255636994042,
    2.6216933594881904,
    2.697473316043624,
    2.6377430956358188,
    2.751344512802363,
    2.716341035789843,
    2.6800663285697075,
    2.503575204092574,
    2.5940483015815388,
    2.538312960390892,
    2.693027007602023,
    2.626113879640154,
    2.699619718318606,
    2.5904989550388438,
    2.667294129750397,
    2.739486231593982
  ],
  "beta_std": [
    0.6493395566940308,
    0.4262661039829254,
    0.482053279876709,
    0.6320370435714722,
    0.6686328053474426,
    0.6987622380256653,
    0.8245524168014526,
    0.5522189736366272,
    0.7028002738952637,
    0.6639742851257324,
    0.6494103670120239,
    0.7301092147827148,
    0.6196410655975342,
    0.700655996799469,
    0.8477606177330017,
    0.5502325892448425,
    0.6179782152175903,
    0.7101640105247498,
    0.7750212550163269,
    0.6863918900489807,
    0.7812426686286926,
    0.5908610820770264,
    0.7545310854911804,
    0.8390026688575745,
    0.678874671459198,
    0.6314734220504761,
    0.6670947074890137,
    0.7638952136039734,
    0.5873988270759583
  ],
  "beta_mean": [
    0.046154096722602844,
    -0.10217942297458649,
    -0.18584470450878143,
    -0.27143698930740356,
    -0.02766806073486805,
    -0.3908790647983551,
    -0.12611499428749084,
    -0.13426463305950165,
    -0.29754704236984253,
    -0.24034090340137482,
    0.04464397579431534,
    -0.1974308341741562,
    -0.08296933770179749,
    -0.17917242646217346,
    -0.17646262049674988,
    -0.08719444274902344,
    -0.17259912192821503,
    -0.22259390354156494,
    -0.1979137361049652,
    -0.28223851323127747,
    -0.12720967829227448,
    -0.044203925877809525,
    -0.08177636563777924,
    -0.31461209058761597,
    -0.16622887551784515,
    -0.19676616787910461,
    -0.17193911969661713,
    0.008672111667692661,
    -0.12865249812602997
  ]
}