{
  "train_loss": [
    0.7862567894500598,
    0.7216788923391821,
    0.7007355938180846,
    0.692409395969402,
    0.6885978327438845,
    0.6789721188489457,
    0.6752033814770436,
    0.6756721375839055,
    0.6718912477102893,
    0.6714063832216095,
    0.6676260153313129,
    0.6720386096608569,
    0.664942016336653,
    0.6590202643439087,
    0.6610806857075607,
    0.6565495645930195,
    0.6685387952564753
  ],
  "val_loss": [
    0.6893638372421265,
    0.7119040489196777,
    0.7041640877723694,
    0.6969367861747742,
    0.6979755759239197,
    0.7162700295448303,
    0.6830023527145386,
    0.6910692453384399,
    0.7158664464950562,
    0.6826462149620056,
    0.6967976093292236,
    0.6940144300460815,
    0.701955258846283,
    0.6886548399925232,
    0.708186149597168,
    0.7001007795333862,
    0.712838351726532
  ],
  "best_epoch": 6,
  "status": "underfit",
  "grad_norm": [
    0.746861714731438,
    0.7598008656643598,
    0.7548894726882804,
    0.7231210010128589,
    0.6778489674086569,
    0.6848792910253271,
    0.6611887178792558,
    0.6869802749349324,
    0.6817510368963239,
    0.6630477223109394,
    0.6610466167197465,
    0.7153947585119731,
    0.6687926590395469,
    0.6745920698825855,
    0.676879475512007,
    0.6504537536477963,
    0.7195852146911575
  ],
  "beta_std": [
    0.31741711497306824,
    0.21714691817760468,
    0.23727929592132568,
    0.22490163147449493,
    0.23127968609333038,
    0.2592518627643585,
    0.25989940762519836,
    0.2243388444185257,
    0.24206849932670593,
    0.24332691729068756,
    0.25211551785469055,
    0.2210969626903534,
    0.2774258852005005,
    0.23861686885356903,
    0.23587612807750702,
    0.23393787443637848,
    0.20069818198680878
  ],
  "beta_mean": [
    -0.1767975389957428,
    -0.17147468030452728,
    -0.14376215636730194,
    -0.16959993541240692,
    -0.0859973132610321,
    -0.008404802531003952,
    -0.0798693522810936,
    -0.07395756244659424,
    -0.1093914657831192,
    -0.06446325033903122,
    -0.0377848856151104,
    -0.04834505543112755,
    -0.13498951494693756,
    -0.029147716239094734,
    -0.15167149901390076,
    0.006222090683877468,
    -0.1275617927312851
  ]
}