{
  "train_loss": [
    0.7673951030474657,
    0.7157229015841121,
    0.6813695863673561,
    0.6812494024616933,
    0.6731212671458373,
    0.6862554591580441,
    0.6803445122813621,
    0.6679430191419278,
    0.6629433924691719,
    0.6597058461005227,
    0.6514052429533841,
    0.6511468012848792
  ],
  "val_loss": [
    0.6187839508056641,
    0.612190306186676,
    0.6139834523200989,
    0.6533303260803223,
    0.6142375469207764,
    0.623123049736023,
    0.6263469457626343,
    0.6132010221481323,
    0.6312339305877686,
    0.6484018564224243,
    0.6371904015541077,
    0.6247697472572327
  ],
  "best_epoch": 1,
  "status": "underfit",
  "grad_norm": [
    0.7971256038714517,
    0.8087014254118781,
    0.7202986209402886,
    0.71037067230427,
    0.6896147184832165,
    0.7496193978783504,
    0.7099204077394378,
    0.6374248820457247,
    0.6761892701213645,
    0.6857443365996982,
    0.6610766141678107,
    0.6663041426212976
  ],
  "beta_std": [
    0.20282329618930817,
    0.21222473680973053,
    0.2727617621421814,
    0.16957947611808777,
    0.25311994552612305,
    0.2078646570444107,
    0.18969854712486267,
    0.19720248878002167,
    0.16669444739818573,
    0.21477341651916504,
    0.21281230449676514,
    0.19300848245620728
  ],
  "beta_mean": [
    0.022331852465867996,
    -0.03068982996046543,
    -0.07010118663311005,
    -0.00201911898329854,
    -0.04963438957929611,
    -0.06722290068864822,
    -0.10985919833183289,
    -0.06152632459998131,
    -0.10188279300928116,
    -0.04981077089905739,
    -0.07142099738121033,
    -0.01611034944653511
  ]
}