{
  "train_loss": [
    0.7886964796579372,
    0.7126408249035217,
    0.7015164853815447,
    0.6880899288222107,
    0.683541248165376,
    0.6731002460446274,
    0.673970098648852,
    0.6756594912489953,
    0.664674974958799,
    0.6652543993860658,
    0.6597027166893608,
    0.6616382467258743,
    0.6521774642648752,
    0.6477703526842664,
    0.6450716660315531,
    0.645894965177391,
    0.6497746255802133,
    0.6427033431348745,
    0.6568317217715303,
    0.6540080289115683
  ],
  "val_loss": [
    0.7017146348953247,
    0.6959124803543091,
    0.6796332597732544,
    0.6860612630844116,
    0.677042543888092,
    0.6802283525466919,
    0.6745128035545349,
    0.6881377100944519,
    0.6828835606575012,
    0.6628581881523132,
    0.6819385886192322,
    0.6860393285751343,
    0.6803954839706421,
    0.6902175545692444,
    0.6939743757247925,
    0.7022838592529297,
    0.6976132392883301,
    0.7202057242393494,
    0.7240956425666809,
    0.6886314749717712
  ],
  "best_epoch": 9,
  "status": "underfit",
  "grad_norm": [
    0.7825785883047126,
    0.7041212697256339,
    0.7570255904006807,
    0.666491157468075,
    0.7082144462392613,
    0.610494950807839,
    0.6329361265275755,
    0.686461767346284,
    0.6741534947577253,
    0.6838703762838656,
    0.6494698960950943,
    0.638258523831609,
    0.6564990094964055,
    0.6392307473469472,
    0.6427966166203,
    0.6402620224917377,
    0.6423500289347039,
    0.6063717024095922,
    0.6762767470963503,
    0.6271492385088304
  ],
  "beta_std": [
    0.23633377254009247,
    0.19319069385528564,
    0.21718552708625793,
    0.1716810017824173,
    0.1796759068965912,
    0.23368766903877258,
    0.232500359416008,
    0.20503610372543335,
    0.18164846301078796,
    0.18065157532691956,
    0.22889788448810577,
    0.2216651290655136,
    0.3006826937198639,
    0.18994776904582977,
    0.18258565664291382,
    0.1520034670829773,
    0.21414700150489807,
    0.21328553557395935,
    0.19005243480205536,
    0.25079163908958435
  ],
  "beta_mean": [
    -0.0924488753080368,
    -0.1407879739999771,
    -0.03543524444103241,
    -0.0786585733294487,
    -0.09161552041769028,
    0.019088352099061012,
    -0.030385131016373634,
    -0.09214005619287491,
    -0.1448824405670166,
    -0.10628228634595871,
    -0.2121599316596985,
    -0.05717910826206207,
    -0.13876259326934814,
    -0.11397965252399445,
    -0.1424342393875122,
    -0.14936208724975586,
    -0.06074430048465729,
    -0.03462153300642967,
    -0.03419601544737816,
    -0.15263864398002625
  ]
}