{
  "train_loss": [
    0.7818388672878868,
    0.7132893447848091,
    0.6899880122441298,
    0.6829066367037813,
    0.6724842950196294,
    0.66921052214695,
    0.6657646834501746,
    0.6571751534311395,
    0.6598550039285804,
    0.6543048498853605,
    0.6513619390914315,
    0.6489476451678583
  ],
  "val_loss": [
    0.793343722820282,
    0.6694324612617493,
    0.6787757277488708,
    0.6708084940910339,
    0.6950894594192505,
    0.6759827733039856,
    0.6818172931671143,
    0.6941189169883728,
    0.6906149387359619,
    0.672005832195282,
    0.6940358877182007,
    0.6803598999977112
  ],
  "best_epoch": 1,
  "status": "underfit",
  "grad_norm": [
    0.8304037224230781,
    0.7515354897485,
    0.724831662738486,
    0.71068033609221,
    0.6875829701456934,
    0.7097525908605751,
    0.6915740471428307,
    0.7017344055643248,
    0.7245476679487345,
    0.6770409236429694,
    0.6919722971378841,
    0.6343301887341115
  ],
  "beta_std": [
    0.1565077304840088,
    0.19500508904457092,
    0.19115954637527466,
    0.20250435173511505,
    0.17242154479026794,
    0.20273235440254211,
    0.22188152372837067,
    0.21450188755989075,
    0.19397862255573273,
    0.2608007490634918,
    0.20477896928787231,
    0.25751087069511414
  ],
  "beta_mean": [
    -0.0600157268345356,
    -0.0739532932639122,
    -0.08586668968200684,
    -0.03811077028512955,
    -0.14736759662628174,
    -0.0210576169192791,
    0.0041850232519209385,
    -0.15260246396064758,
    -0.10394594818353653,
    -0.07352995127439499,
    -0.0331365168094635,
    -0.07553067058324814
  ]
}