{
  "train_loss": [
    0.7674737364228009,
    0.7027978373828687,
    0.6788883965475517,
    0.6725941110354418,
    0.6665310590727287,
    0.6739906221201196,
    0.6652535801881935,
    0.6577378014235469,
    0.6474520209518789,
    0.6440702640243441,
    0.6384938993230898,
    0.636071666806762
  ],
  "val_loss": [
    0.6744699478149414,
    0.6597768068313599,
    0.6658344864845276,
    0.668681263923645,
    0.6638374328613281,
    0.6836452484130859,
    0.6612115502357483,
    0.6699926853179932,
    0.6723411083221436,
    0.6905251741409302,
    0.6820286512374878,
    0.6764342784881592
  ],
  "best_epoch": 1,
  "status": "underfit",
  "grad_norm": [
    0.75439469154489,
    0.7108283073835219,
    0.6546516578567999,
    0.6188058739380947,
    0.649413017922959,
    0.6668473970350605,
    0.6116570696061663,
    0.6012015223896445,
    0.6084137329836969,
    0.610229922138734,
    0.6335208987612161,
    0.6073911590788791
  ],
  "beta_std": [
    0.2165718376636505,
    0.23487770557403564,
    0.2031981199979782,
    0.24832335114479065,
    0.2148735225200653,
    0.31488901376724243,
    0.2090979367494583,
    0.19382984936237335,
    0.19321513175964355,
    0.15071870386600494,
    0.2109363079071045,
    0.25600379705429077
  ],
  "beta_mean": [
    -0.08660386502742767,
    -0.05821074917912483,
    -0.09933040291070938,
    -0.12305673956871033,
    -0.05224834755063057,
    -0.13301753997802734,
    -0.10795943439006805,
    -0.11575084179639816,
    -0.13685519993305206,
    -0.06307707726955414,
    -0.07912337779998779,
    -0.11420774459838867
  ]
}