{
  "train_loss": [
    0.7525361356540033,
    0.7001150217530323,
    0.6818189618322584,
    0.6558409656836972,
    0.647572038438585,
    0.6492587804794312,
    0.6436910880936517,
    0.6400048271814982,
    0.6350155498967534,
    0.6336359122203805,
    0.6308671056178579,
    0.6309490254469086,
    0.6254742289426034,
    0.6343202684357849,
    0.6220506608555889,
    0.6102184059327109,
    0.613356948135889,
    0.611713128877662,
    0.6036140594566077
  ],
  "val_loss": [
    0.6512123942375183,
    0.6436017155647278,
    0.6274813413619995,
    0.6400675773620605,
    0.6146774291992188,
    0.6213365197181702,
    0.6085254549980164,
    0.6334697604179382,
    0.5953271985054016,
    0.6280193328857422,
    0.6173213720321655,
    0.6234004497528076,
    0.6749547719955444,
    0.6336312890052795,
    0.6205599904060364,
    0.6267198920249939,
    0.623720645904541,
    0.6434835195541382,
    0.6333953738212585
  ],
  "best_epoch": 8,
  "status": "ok",
  "grad_norm": [
    0.7705292150633147,
    0.7877223391129068,
    0.765369439473186,
    0.6896884169775097,
    0.6883523822338298,
    0.6598941063481818,
    0.6433955308191248,
    0.6584768440161304,
    0.6167160863547194,
    0.6728099568105854,
    0.6348635591163131,
    0.6436435739864235,
    0.6479600725113863,
    0.6602952016379341,
    0.6701928706199353,
    0.6368330228196827,
    0.6387099563614331,
    0.6197910969384722,
    0.634584001313907
  ],
  "beta_std": [
    0.2866049110889435,
    0.20787294209003448,
    0.27246132493019104,
    0.26695677638053894,
    0.235070139169693,
    0.2235790491104126,
    0.23081941902637482,
    0.20269785821437836,
    0.28826844692230225,
    0.29365190863609314,
    0.24948075413703918,
    0.19509144127368927,
    0.33837610483169556,
    0.26697254180908203,
    0.2376890927553177,
    0.31647709012031555,
    0.2863040268421173,
    0.34391531348228455,
    0.24626177549362183
  ],
  "beta_mean": [
    -0.10944186896085739,
    -0.11889633536338806,
    -0.004144663456827402,
    -0.2041368931531906,
    -0.13300089538097382,
    -0.07024823129177094,
    -0.0760715901851654,
    -0.13851389288902283,
    -0.14890310168266296,
    -0.16363608837127686,
    -0.06492869555950165,
    -0.12391103804111481,
    -0.2545444071292877,
    -0.03249705582857132,
    -0.0867428183555603,
    -0.17770984768867493,
    -0.07630432397127151,
    0.08130307495594025,
    -0.0871962383389473
  ]
}