{
  "train_loss": [
    0.7949043101874012,
    0.7254549140818635,
    0.7074931090198763,
    0.7057819068501567,
    0.6913783164888795,
    0.6868988228889934,
    0.6758566329214308,
    0.6818791621052034,
    0.6717914738571434,
    0.6689697090505856,
    0.6690636357508207,
    0.6593885290552998,
    0.6736448434082388
  ],
  "val_loss": [
    0.6884487271308899,
    0.6611605286598206,
    0.6445313096046448,
    0.6465857625007629,
    0.6581499576568604,
    0.667498767375946,
    0.6555516123771667,
    0.6533546447753906,
    0.6511217355728149,
    0.6618908047676086,
    0.6649704575538635,
    0.6635611057281494,
    0.6969776749610901
  ],
  "best_epoch": 2,
  "status": "underfit",
  "grad_norm": [
    0.7616328402453174,
    0.7157528590793447,
    0.727827437446302,
    0.7336579846036535,
    0.6622964350310707,
    0.6411320768926119,
    0.6636992238460017,
    0.6775500302563132,
    0.6706163805922607,
    0.6717508253509783,
    0.6320038013486915,
    0.62682130158209,
    0.7516169186553809
  ],
  "beta_std": [
    0.2484174370765686,
    0.2409697324037552,
    0.1826658993959427,
    0.18892095983028412,
    0.24706266820430756,
    0.1588767021894455,
    0.16332469880580902,
    0.24587655067443848,
    0.22625328600406647,
    0.17441518604755402,
    0.19852860271930695,
    0.2807120978832245,
    0.1493944674730301
  ],
  "beta_mean": [
    -0.09402003884315491,
    -0.13085009157657623,
    -0.10343995690345764,
    -0.036667194217443466,
    -0.08998125791549683,
    -0.08518067002296448,
    -0.10328815877437592,
    -0.10508175194263458,
    -0.1774396002292633,
    -0.004243992734700441,
    -0.10806779563426971,
    -0.02777879685163498,
    -0.09989643841981888
  ]
}