{
  "train_loss": [
    0.7568448555734423,
    0.6977070706685384,
    0.6808809537357754,
    0.6781628277831607,
    0.6685483972761366,
    0.6561913655598959,
    0.6583869184388055,
    0.655237158536911,
    0.6534259346856012,
    0.6387410442564223,
    0.64685897843043,
    0.646731167157491,
    0.6416779030693902,
    0.6350885666476356,
    0.6351293911139171,
    0.6272754743629032,
    0.6226956116888258,
    0.6247668056752946,
    0.6226265686882867,
    0.6207105955547757
  ],
  "val_loss": [
    0.6902938485145569,
    0.6767109632492065,
    0.6666361689567566,
    0.668510377407074,
    0.6661366820335388,
    0.6655439138412476,
    0.6633137464523315,
    0.6625511646270752,
    0.6679759621620178,
    0.6594816446304321,
    0.6659050583839417,
    0.7305788397789001,
    0.6735327839851379,
    0.6827101707458496,
    0.6650482416152954,
    0.672621488571167,
    0.6791478395462036,
    0.6880205273628235,
    0.670138418674469,
    0.681760847568512
  ],
  "best_epoch": 9,
  "status": "ok",
  "grad_norm": [
    0.824344194933713,
    0.7033793692018873,
    0.6767545422658698,
    0.6828228696296205,
    0.6556033894434667,
    0.6607546191144036,
    0.6713045473909245,
    0.6480608069678053,
    0.6220725965472038,
    0.6381049681207981,
    0.6267138355103693,
    0.6032880789907319,
    0.6068043992908386,
    0.5822946756356869,
    0.6111165398786036,
    0.5936564472038741,
    0.6276269809281683,
    0.6061238963044466,
    0.6017459321942428,
    0.6410659350332698
  ],
  "beta_std": [
    0.183143749833107,
    0.3108474016189575,
    0.14417293667793274,
    0.1773800551891327,
    0.23669715225696564,
    0.14464503526687622,
    0.2071579396724701,
    0.21322843432426453,
    0.2848547399044037,
    0.23163607716560364,
    0.17401885986328125,
    0.19152691960334778,
    0.1805831342935562,
    0.20677433907985687,
    0.150349959731102,
    0.21478673815727234,
    0.19013133645057678,
    0.21782051026821136,
    0.23728694021701813,
    0.20742282271385193
  ],
  "beta_mean": [
    -0.10619837045669556,
    -0.156478151679039,
    -0.006366186775267124,
    -0.1095573753118515,
    -0.16492797434329987,
    -0.06666476279497147,
    0.004081946797668934,
    -0.05529685690999031,
    -0.20698100328445435,
    -0.021573739126324654,
    -0.05727703124284744,
    -0.14479917287826538,
    -0.15226364135742188,
    -0.07058170437812805,
    -0.10025165230035782,
    -0.11842209100723267,
    -0.0739235132932663,
    -0.08348878473043442,
    -0.042106397449970245,
    -0.132456973195076
  ]
}