{
  "train_loss": [
    1.100381778779431,
    1.0184382790717008,
    0.9883723058433176,
    0.9531468359109397,
    0.9328908552633268,
    0.9089238883178925,
    0.8842994938386934,
    0.8749448634753717,
    0.8418099312024696,
    0.8135197608270378,
    0.7817385324807925
  ],
  "val_loss": [
    1.0504975318908691,
    1.0582612752914429,
    1.0847198963165283,
    1.0999594926834106,
    1.078823208808899,
    1.0829018354415894,
    1.0709556341171265,
    1.0846089124679565,
    1.0927371978759766,
    1.1027281284332275,
    1.1368428468704224
  ],
  "best_epoch": 0,
  "status": "ok",
  "grad_norm": [
    0.40317375109208,
    0.3389390552061968,
    0.3432135723181084,
    0.35377368918679725,
    0.3527300342180414,
    0.36019987555580224,
    0.41197800709341986,
    0.3963691867315878,
    0.44726245901628664,
    0.4560145054026249,
    0.463882485646506
  ],
  "beta_std": [
    0.1791355460882187,
    0.21966572105884552,
    0.24982678890228271,
    0.24242003262043,
    0.2740481495857239,
    0.3295723497867584,
    0.3785693943500519,
    0.3761773109436035,
    0.4393303394317627,
    0.4739939570426941,
    0.532355546951294
  ],
  "beta_mean": [
    0.2695358693599701,
    0.15242929756641388,
    0.0776069238781929,
    0.06360101699829102,
    0.09133605659008026,
    0.20023228228092194,
    0.18027402460575104,
    0.21111702919006348,
    0.14894621074199677,
    0.10617978870868683,
    0.07093783468008041
  ]
}