{
  "train_loss": [
    1.0898260713737702,
    1.0079409084587454,
    0.97034735991576,
    0.9366242512364253,
    0.897889119999431,
    0.8721737193169995,
    0.8454660873546779,
    0.8407517354065013,
    0.8149440990430172,
    0.7904496755555411,
    0.7549818325265546
  ],
  "val_loss": [
    1.1116864681243896,
    1.1518102884292603,
    1.171622633934021,
    1.1476789712905884,
    1.1765118837356567,
    1.1648423671722412,
    1.2785556316375732,
    1.2976632118225098,
    1.2591578960418701,
    1.2681246995925903,
    1.3201180696487427
  ],
  "best_epoch": 0,
  "status": "overfit",
  "grad_norm": [
    0.36288424507985384,
    0.3344215686129988,
    0.365735882778965,
    0.4182028841584309,
    0.40041032895534306,
    0.4000909446466729,
    0.42028698135356857,
    0.506528520714883,
    0.48056739241963536,
    0.48615947317250624,
    0.5225427282187093
  ],
  "beta_std": [
    0.13109618425369263,
    0.17282794415950775,
    0.2596670091152191,
    0.3238777220249176,
    0.41383662819862366,
    0.44421735405921936,
    0.5295860171318054,
    0.553609311580658,
    0.47836175560951233,
    0.5768903493881226,
    0.6218135356903076
  ],
  "beta_mean": [
    0.141888827085495,
    0.05844835564494133,
    0.03794506937265396,
    0.12954773008823395,
    -0.0371510274708271,
    -0.03111090511083603,
    0.1307130753993988,
    0.10186441242694855,
    0.16915205121040344,
    -0.02751181460916996,
    0.21649250388145447
  ]
}