{
  "train_loss": [
    1.0854826452576112,
    1.0114638348606144,
    0.9684686220694925,
    0.9422438523479711,
    0.9045660969252899,
    0.886081910579004,
    0.8597476716353515,
    0.8493682825676748,
    0.8221800377435773,
    0.8006280889020903,
    0.7650976693518808,
    0.7410058106217429,
    0.7187688885448135
  ],
  "val_loss": [
    1.1562076807022095,
    1.1704251766204834,
    1.1506630182266235,
    1.2286279201507568,
    1.2317757606506348,
    1.231491208076477,
    1.2668983936309814,
    1.285410761833191,
    1.300307035446167,
    1.3527779579162598,
    1.3632862567901611,
    1.3834447860717773,
    1.4267319440841675
  ],
  "best_epoch": 2,
  "status": "overfit",
  "grad_norm": [
    0.3645574353805299,
    0.34440210948110117,
    0.32481117671193427,
    0.3926187910020302,
    0.3768445602282327,
    0.46127058238791924,
    0.4858318797138727,
    0.5296102857858435,
    0.491057814137973,
    0.5461421691588764,
    0.5269545412766926,
    0.5434487432733961,
    0.5581742278055787
  ],
  "beta_std": [
    0.17735205590724945,
    0.21895916759967804,
    0.24657292664051056,
    0.33207231760025024,
    0.4270314872264862,
    0.5045437216758728,
    0.5474898815155029,
    0.5723690390586853,
    0.5768265128135681,
    0.6091514825820923,
    0.7255999445915222,
    0.7595685124397278,
    0.8068723082542419
  ],
  "beta_mean": [
    0.25493595004081726,
    0.18259409070014954,
    0.06165054440498352,
    0.16027434170246124,
    -0.012117799371480942,
    0.03428492322564125,
    0.08494099229574203,
    0.085731640458107,
    -0.005416166968643665,
    0.0502883680164814,
    0.10630391538143158,
    -0.011171070858836174,
    0.049709562212228775
  ]
}