{
  "train_loss": [
    1.1044991048177084,
    1.0251872404416402,
    1.0051257885826959,
    0.9845670678880479,
    0.9579387092590332,
    0.9665614117516411,
    0.9215660942925348,
    0.9312114434772067,
    0.921598104900784,
    0.9016652923160129,
    0.8891217062208387
  ],
  "val_loss": [
    1.1086008548736572,
    1.1109471321105957,
    1.1466436386108398,
    1.1986976861953735,
    1.2152059078216553,
    1.251731276512146,
    1.2107104063034058,
    1.2485462427139282,
    1.2654002904891968,
    1.2786544561386108,
    1.3196927309036255
  ],
  "best_epoch": 0,
  "status": "ok",
  "grad_norm": [
    0.4701193344403197,
    0.38178437739812565,
    0.5344050840862896,
    0.5008544337182717,
    0.531538098800501,
    0.7901118772468538,
    0.5161624273157625,
    0.6723721481629926,
    0.7774167586074079,
    0.6622294442791983,
    0.6874015277905055
  ],
  "beta_std": [
    0.10356973111629486,
    0.11501464992761612,
    0.2088102400302887,
    0.32694217562675476,
    0.38815417885780334,
    0.4513031244277954,
    0.41932907700538635,
    0.5620459318161011,
    0.6085038781166077,
    0.5761101841926575,
    0.5699471831321716
  ],
  "beta_mean": [
    0.2227562963962555,
    0.08146615326404572,
    0.08158309012651443,
    0.27974092960357666,
    -0.003671531565487385,
    -0.12788014113903046,
    0.07958243787288666,
    -0.1976947784423828,
    -0.1813565492630005,
    0.11410671472549438,
    0.13755834102630615
  ]
}