{
  "train_loss": [
    0.6448985750881242,
    0.6249403522338396,
    0.6170664636588391,
    0.612987789283564,
    0.6129493911472368,
    0.6089091938513297,
    0.6075146391656664,
    0.6069708092713062,
    0.6022098223957014,
    0.6030520052674376,
    0.6037249540105278,
    0.6005985179653874,
    0.598221288257175,
    0.5962358348752246,
    0.6008230172851939,
    0.599156841819669,
    0.5951745192798568
  ],
  "val_loss": [
    0.6215146780014038,
    0.6182882785797119,
    0.6136817932128906,
    0.6242408752441406,
    0.6133891940116882,
    0.6230068802833557,
    0.6097038388252258,
    0.6169506907463074,
    0.6189495325088501,
    0.6228525638580322,
    0.6100204586982727,
    0.6207545399665833,
    0.6162621974945068,
    0.624276340007782,
    0.6238436102867126,
    0.6229896545410156,
    0.6196560263633728
  ],
  "best_epoch": 6,
  "status": "underfit",
  "grad_norm": [
    0.21364391855702045,
    0.21515977501365197,
    0.23009290939202334,
    0.21674154593055941,
    0.2231088930626783,
    0.22704203771031703,
    0.22239606210850293,
    0.22749671359171844,
    0.2196220933864051,
    0.2373926907939859,
    0.23928684577650944,
    0.23746501745501897,
    0.2502129620568563,
    0.2379618314002793,
    0.23619473428116394,
    0.23495860173336292,
    0.24496113785062376
  ],
  "beta_std": [
    0.5263411998748779,
    0.45963630080223083,
    0.49440884590148926,
    0.4952581524848938,
    0.4439079463481903,
    0.5583345890045166,
    0.3835299015045166,
    0.4838559329509735,
    0.4642666280269623,
    0.7644095420837402,
    0.4715726673603058,
    0.5476554036140442,
    0.6150282621383667,
    0.5586488842964172,
    0.5116040110588074,
    0.4609818458557129,
    0.5904504656791687
  ],
  "beta_mean": [
    0.042302265763282776,
    -0.11228081583976746,
    -0.04899467155337334,
    0.000981342513114214,
    -0.11014135926961899,
    -0.14641925692558289,
    0.023498807102441788,
    -0.11638446897268295,
    0.041140224784612656,
    0.030103527009487152,
    -0.09391755610704422,
    -0.0713258907198906,
    -0.06546064466238022,
    -0.2473192662000656,
    0.11861363798379898,
    -0.13107316195964813,
    -0.025771234184503555
  ]
}