{
  "train_loss": [
    0.6408430223406097,
    0.6202816578782635,
    0.6142067842718996,
    0.6120269797760763,
    0.6069953262658767,
    0.6061421157695629,
    0.6037656933289987,
    0.6068332379541279,
    0.6043097089249411,
    0.6025767989217499,
    0.601042595881003,
    0.6012831139564514,
    0.6031171911734122,
    0.5998929037282497,
    0.5989267615035728
  ],
  "val_loss": [
    0.6318531632423401,
    0.6134015321731567,
    0.6178710460662842,
    0.6123304963111877,
    0.6106621623039246,
    0.6141225099563599,
    0.613018810749054,
    0.615184485912323,
    0.611944854259491,
    0.6099677085876465,
    0.6096656918525696,
    0.6113304495811462,
    0.6170254349708557,
    0.6125512719154358,
    0.6222668290138245
  ],
  "best_epoch": 4,
  "status": "underfit",
  "grad_norm": [
    0.21165539311213752,
    0.21957771411033922,
    0.2207758113116429,
    0.22164986895304153,
    0.2117274011762285,
    0.2201223015541435,
    0.21641225482911544,
    0.2175470291546501,
    0.2150333670821453,
    0.21832367875097006,
    0.22999101327136165,
    0.22216679046186763,
    0.22765561900374273,
    0.2222466687527813,
    0.22048223840022005
  ],
  "beta_std": [
    0.4753618836402893,
    0.2761622965335846,
    0.43340420722961426,
    0.5240145921707153,
    0.4867887794971466,
    0.4730824828147888,
    0.4864504337310791,
    0.6219001412391663,
    0.29676520824432373,
    0.4442705512046814,
    0.3840106427669525,
    0.46170467138290405,
    0.51040118932724,
    0.46751877665519714,
    0.46373215317726135
  ],
  "beta_mean": [
    -0.23222139477729797,
    -0.25020691752433777,
    0.012596632353961468,
    -0.2773365378379822,
    -0.1973978877067566,
    -0.18019047379493713,
    -0.22112613916397095,
    -0.18720315396785736,
    -0.15691441297531128,
    -0.23094014823436737,
    -0.12564273178577423,
    -0.19431529939174652,
    -0.2374572455883026,
    -0.04249059781432152,
    0.07787852734327316
  ]
}