{
  "train_loss": [
    0.6348746862823581,
    0.6139569334336269,
    0.6105138063136443,
    0.6046179439403393,
    0.6022228697788569,
    0.6026086766042827,
    0.6004678172241023,
    0.5964899914058638,
    0.598783403178792,
    0.5977311684761518,
    0.594014933904012,
    0.5955984633204378,
    0.5938272005540354,
    0.593627166306531,
    0.5891445366247201
  ],
  "val_loss": [
    0.6292456984519958,
    0.6308291554450989,
    0.6416902542114258,
    0.6366283893585205,
    0.6276268362998962,
    0.6291858553886414,
    0.630763590335846,
    0.6346586346626282,
    0.644036591053009,
    0.6302558183670044,
    0.6362035870552063,
    0.6316128969192505,
    0.6348977088928223,
    0.6316390037536621,
    0.6310906410217285
  ],
  "best_epoch": 4,
  "status": "underfit",
  "grad_norm": [
    0.2275724550934711,
    0.22699176712831878,
    0.23234829290151038,
    0.22708773880546457,
    0.22468563728204288,
    0.22651715113612395,
    0.2335250819755055,
    0.22762525510091802,
    0.22680981912679157,
    0.2348905303110305,
    0.22895279059412021,
    0.22877274170963371,
    0.23555602964597971,
    0.23905558148130931,
    0.23870321516693913
  ],
  "beta_std": [
    0.3715687096118927,
    0.518773078918457,
    0.13636761903762817,
    0.5006431341171265,
    0.4647301137447357,
    0.3215695023536682,
    0.4373008906841278,
    0.4491388201713562,
    0.5149111151695251,
    0.378852903842926,
    0.4802868068218231,
    0.5076635479927063,
    0.5137799978256226,
    0.42311936616897583,
    0.5216032266616821
  ],
  "beta_mean": [
    -0.12798023223876953,
    -0.053701840341091156,
    -0.0427597239613533,
    -0.08045358955860138,
    -0.05417562648653984,
    -0.04276686906814575,
    -0.27428069710731506,
    -0.087946318089962,
    0.01890436001121998,
    -0.1031961515545845,
    0.0008199935546144843,
    0.022695427760481834,
    -0.0989123210310936,
    -0.24318280816078186,
    -0.0016279463889077306
  ]
}