{
  "train_loss": [
    0.6516314382023282,
    0.6241710413532493,
    0.6200798119144675,
    0.6136852436595492,
    0.617029445230225,
    0.6121391004103202,
    0.610846017908167,
    0.6094944958333616,
    0.6085652167120098,
    0.6084113700007215,
    0.6091752309563719,
    0.604293070104387,
    0.6042831176004292,
    0.6038970039508961,
    0.6034617450796528,
    0.6017211908175621,
    0.5992614146220832
  ],
  "val_loss": [
    0.6100811958312988,
    0.5981635451316833,
    0.593580961227417,
    0.5974095463752747,
    0.5907036662101746,
    0.588003933429718,
    0.5767223238945007,
    0.5974343419075012,
    0.5886645317077637,
    0.6003093719482422,
    0.5844973921775818,
    0.5980602502822876,
    0.5808466672897339,
    0.5910444259643555,
    0.5888065695762634,
    0.5946270227432251,
    0.5943887233734131
  ],
  "best_epoch": 6,
  "status": "underfit",
  "grad_norm": [
    0.22853284394491102,
    0.22447557209700922,
    0.22509270244567292,
    0.22677056020798333,
    0.2291718013867391,
    0.2157279278969101,
    0.21900467325108958,
    0.21885099911113795,
    0.2236423117012926,
    0.22509786882922128,
    0.2225857905440012,
    0.22598201980173122,
    0.23444113286284762,
    0.22631119916696582,
    0.23293219448746738,
    0.2302467299724993,
    0.2351606315108129
  ],
  "beta_std": [
    0.3078409731388092,
    0.36299023032188416,
    0.33735090494155884,
    0.385189026594162,
    0.310175359249115,
    0.4891216456890106,
    0.4638279974460602,
    0.3959652781486511,
    0.46833470463752747,
    0.3619749844074249,
    0.44858255982398987,
    0.5734485983848572,
    0.4374440908432007,
    0.4684077501296997,
    0.35949209332466125,
    0.3677273690700531,
    0.4282529056072235
  ],
  "beta_mean": [
    0.08287061750888824,
    -0.005489037837833166,
    0.1407380998134613,
    0.07244522124528885,
    0.1432204246520996,
    0.044640425592660904,
    -0.0565786249935627,
    0.10751201957464218,
    0.1419612169265747,
    0.04087420552968979,
    -0.07272780686616898,
    0.054963599890470505,
    0.07807689905166626,
    -0.044670358300209045,
    -0.07252110540866852,
    0.21222269535064697,
    0.22492751479148865
  ]
}