{
  "train_loss": [
    0.6488678201039633,
    0.6253567393032121,
    0.622322292033537,
    0.6193268615228158,
    0.6152127979419849,
    0.6163735530700213,
    0.6141164200982929,
    0.6107419056362576,
    0.6109400783644782,
    0.6110260503086044,
    0.6099260622778057,
    0.6099547340546125,
    0.6073243162955767,
    0.60787219962956,
    0.6074961705855382,
    0.6059232562265279,
    0.6052420189645555,
    0.6044410472151673,
    0.603873857833721,
    0.6024271824624803,
    0.6030461263656616,
    0.6001473921905329,
    0.5991314673718111
  ],
  "val_loss": [
    0.6264455914497375,
    0.6244052648544312,
    0.6181119680404663,
    0.6171621084213257,
    0.6334306001663208,
    0.618402898311615,
    0.611221194267273,
    0.6101790070533752,
    0.6174632906913757,
    0.6147785782814026,
    0.6167006492614746,
    0.6160582304000854,
    0.6083733439445496,
    0.613317608833313,
    0.616637647151947,
    0.6121842861175537,
    0.6138424277305603,
    0.6134082078933716,
    0.6177773475646973,
    0.6194906830787659,
    0.6173508763313293,
    0.6168122291564941,
    0.6245829463005066
  ],
  "best_epoch": 12,
  "status": "underfit",
  "grad_norm": [
    0.2035408185063735,
    0.2092290975782917,
    0.20684024122350084,
    0.2105349701502525,
    0.20981525011661528,
    0.21001929129328797,
    0.21927855681711048,
    0.21589006761209462,
    0.20730470159660644,
    0.21957755649967095,
    0.20991189099854896,
    0.21138366019540322,
    0.21327992629241316,
    0.22305543307135908,
    0.21603044453674017,
    0.21986865604467248,
    0.23133285462711933,
    0.22175961009693926,
    0.22366014804591114,
    0.22582816022325336,
    0.22062718362637976,
    0.22275295455095961,
    0.22994293055054368
  ],
  "beta_std": [
    0.3375614285469055,
    0.30126839876174927,
    0.3109154999256134,
    0.19535696506500244,
    0.41846415400505066,
    0.31400471925735474,
    0.3914487063884735,
    0.30259791016578674,
    0.23509341478347778,
    0.26294490694999695,
    0.25424548983573914,
    0.36474788188934326,
    0.3986213505268097,
    0.19370263814926147,
    0.2589971721172333,
    0.28544482588768005,
    0.31327563524246216,
    0.27682194113731384,
    0.4312930107116699,
    0.3276509642601013,
    0.24008867144584656,
    0.41739776730537415,
    0.36297690868377686
  ],
  "beta_mean": [
    -0.02860007807612419,
    0.14208926260471344,
    -0.06805267184972763,
    0.08565347641706467,
    0.06302188336849213,
    0.055341001600027084,
    -0.21114476025104523,
    -0.01085000578314066,
    -0.028074443340301514,
    -0.03992984816431999,
    -0.12738856673240662,
    0.046620871871709824,
    -0.10754943639039993,
    -0.1387665718793869,
    0.049908075481653214,
    0.11538940668106079,
    -0.11496055871248245,
    -0.09109266847372055,
    -0.10928861796855927,
    -0.013831229880452156,
    -0.028227008879184723,
    -0.20126686990261078,
    0.039570294320583344
  ]
}