{
  "train_loss": [
    0.6329100781899911,
    0.6081241907013787,
    0.602373973822888,
    0.5974278001432065,
    0.5972682358306132,
    0.5983873968065521,
    0.5979834438547676,
    0.5927228985303714,
    0.5912954516469696,
    0.5900663340533221,
    0.5915841152049877,
    0.5899080528447658,
    0.5896543909002233
  ],
  "val_loss": [
    0.6193206310272217,
    0.6159238219261169,
    0.6080800890922546,
    0.6091224551200867,
    0.6274925470352173,
    0.6093901991844177,
    0.6135573983192444,
    0.6090767979621887,
    0.6153358817100525,
    0.6113684177398682,
    0.6129259467124939,
    0.6166244149208069,
    0.6163419485092163
  ],
  "best_epoch": 2,
  "status": "underfit",
  "grad_norm": [
    0.2262377335548754,
    0.22565601910640962,
    0.23004259952355333,
    0.22109778563861104,
    0.22590131958765172,
    0.23064946139260056,
    0.23856884741023313,
    0.21822087688596553,
    0.2275968959685318,
    0.22208415264722178,
    0.23156192531057931,
    0.23640689774569265,
    0.22820330535602026
  ],
  "beta_std": [
    0.6295356154441833,
    0.5239255428314209,
    0.33139264583587646,
    0.36797821521759033,
    0.5259624719619751,
    0.5157648921012878,
    0.5229071378707886,
    0.4504854679107666,
    0.40895959734916687,
    0.4011952579021454,
    0.5422866344451904,
    0.600293755531311,
    0.5531096458435059
  ],
  "beta_mean": [
    -0.20919084548950195,
    -0.01512161921709776,
    -0.07656440883874893,
    -0.0626300796866417,
    0.24256031215190887,
    -0.06520776450634003,
    -0.005042345728725195,
    -0.09241116791963577,
    -0.1083516851067543,
    -0.24389922618865967,
    -0.07527592778205872,
    -0.12398514151573181,
    -0.041847724467515945
  ]
}