{
  "train_loss": [
    4.172883144177889,
    3.0751976576464917,
    2.5894515522739345,
    2.2244468292994806,
    1.8979520016943503,
    1.9473703723204763,
    1.6930535789121661,
    1.7052898532465885,
    1.7557032816591318,
    1.6468011765452157,
    1.6138045423909237,
    1.5869210317120914,
    1.5245804404654697,
    1.416640821953266,
    1.44460072057289,
    1.4287251121119449,
    1.5316606644301387,
    1.4931710720062257,
    1.4691149852429217,
    1.359009583791097
  ],
  "val_loss": [
    3.1482839584350586,
    2.9683992862701416,
    2.5747592449188232,
    2.1326327323913574,
    2.0500035285949707,
    1.9698081016540527,
    2.045762777328491,
    2.184976577758789,
    2.0260210037231445,
    1.8798167705535889,
    2.1800129413604736,
    1.9959243535995483,
    2.070449113845825,
    1.9640164375305176,
    1.9193111658096313,
    2.052046537399292,
    2.144334077835083,
    2.0487732887268066,
    2.0466537475585938,
    2.01241135597229
  ],
  "best_epoch": 9,
  "status": "ok",
  "grad_norm": [
    3.2618108139354187,
    2.850091076152179,
    2.744281414329314,
    2.9559246533604524,
    3.1197580126858058,
    2.960474019965524,
    2.515235375204378,
    2.9882447847964797,
    2.9688549649451637,
    2.7147172632214955,
    2.7467340815300156,
    3.0725546812340454,
    2.6589829512905974,
    2.3953372831393382,
    2.5051556206139507,
    2.8795558590931383,
    2.8752295660644696,
    3.412469077909343,
    2.6530945929811702,
    2.4948529300428364
  ],
  "beta_std": [
    0.8737177848815918,
    1.383367896080017,
    1.1001487970352173,
    0.9683084487915039,
    0.7842007279396057,
    0.7094177603721619,
    0.7254717946052551,
    0.8016424179077148,
    0.7582720518112183,
    0.7992269396781921,
    0.6685069799423218,
    0.7114291191101074,
    0.7601819038391113,
    0.7911882400512695,
    0.7525617480278015,
    0.7352358102798462,
    0.8839994668960571,
    0.8161518573760986,
    0.7858112454414368,
    0.837948203086853
  ],
  "beta_mean": [
    -0.3814072012901306,
    -0.364815354347229,
    -0.37941306829452515,
    -0.3917173743247986,
    -0.40554776787757874,
    -0.22530531883239746,
    -0.20982013642787933,
    -0.36411041021347046,
    -0.30485424399375916,
    -0.31342756748199463,
    -0.4655973017215729,
    -0.1559504121541977,
    -0.3446858525276184,
    -0.2509714365005493,
    -0.3328370451927185,
    -0.3756348192691803,
    -0.30766019225120544,
    -0.3030945658683777,
    -0.29438576102256775,
    -0.18828757107257843
  ]
}