{
  "train_loss": [
    4.205708834441782,
    3.137510623708803,
    2.4383457351149174,
    2.0161622352767408,
    1.8108089767701445,
    1.7516445264481662,
    1.7892139445968538,
    1.7282529426597015,
    1.6215525947816192,
    1.5666052830846686,
    1.5557385080739072,
    1.501402587500232,
    1.473250409037049,
    1.4627261962109839,
    1.460743070067021,
    1.3496719322706523,
    1.3733622534233227,
    1.3812659150675723,
    1.3874196823577434,
    1.2777978140011168,
    1.341102233128241,
    1.2926287917365804,
    1.288607304695754,
    1.3038926707373726,
    1.3377753490593
  ],
  "val_loss": [
    3.453913927078247,
    2.6619796752929688,
    2.0606369972229004,
    1.9518805742263794,
    1.7265329360961914,
    1.9021642208099365,
    1.7238396406173706,
    1.8046150207519531,
    1.6776692867279053,
    1.7872172594070435,
    1.7609626054763794,
    1.8574975728988647,
    1.8536746501922607,
    1.837104082107544,
    1.6552386283874512,
    1.8314340114593506,
    1.7559069395065308,
    1.8572118282318115,
    1.813451886177063,
    1.8697487115859985,
    1.7733310461044312,
    1.8940045833587646,
    1.7913808822631836,
    1.875428557395935,
    1.8098986148834229
  ],
  "best_epoch": 14,
  "status": "ok",
  "grad_norm": [
    2.9539281797904473,
    2.8920020245389044,
    2.788781534683267,
    2.943477383812422,
    3.017775535738953,
    2.99526982447335,
    2.8317088380220654,
    2.9254188671513313,
    2.967071048267353,
    2.758730412403725,
    2.782331254018667,
    2.587842830977614,
    2.6267491346641663,
    2.6028650793963215,
    2.7087393573837892,
    2.5856452368662746,
    2.6950909914368117,
    3.0249056298349406,
    2.667774349401497,
    2.5523384619949754,
    2.588547979893591,
    2.5759527440072563,
    2.788447945049794,
    2.6740899784672627,
    2.7552689097692897
  ],
  "beta_std": [
    0.7927202582359314,
    1.1188656091690063,
    1.046163558959961,
    0.6498696804046631,
    0.6485737562179565,
    0.6378688216209412,
    0.7367608547210693,
    0.6778185367584229,
    0.6797502040863037,
    0.663436233997345,
    0.788985550403595,
    0.6297264695167542,
    0.8128682971000671,
    0.6885797381401062,
    0.7860649228096008,
    0.7809622883796692,
    0.7561900019645691,
    0.7415682673454285,
    0.743679940700531,
    0.8506761193275452,
    0.8762108087539673,
    0.708612322807312,
    0.8136014938354492,
    0.7633463740348816,
    0.8895082473754883
  ],
  "beta_mean": [
    -0.5264047384262085,
    -0.15178702771663666,
    -0.10314497351646423,
    -0.061325255781412125,
    -0.14352735877037048,
    -0.12449226528406143,
    -0.15135835111141205,
    0.06532052159309387,
    -0.08640442788600922,
    -0.1653790920972824,
    -0.10989829897880554,
    -0.0998842716217041,
    0.04692421853542328,
    -0.08368593454360962,
    -0.18350085616111755,
    0.02101602591574192,
    -0.22419393062591553,
    -0.06192470341920853,
    -0.10208867490291595,
    -0.010486248880624771,
    -0.16376717388629913,
    -0.01301808562129736,
    -0.09615229815244675,
    -0.011684522964060307,
    -0.01751495711505413
  ]
}