{
  "train_loss": [
    4.587412568421391,
    2.924321009819968,
    2.363563735303823,
    2.032755649856657,
    1.863558406718293,
    1.660779637342308,
    1.6121534004546048,
    1.6815024268557455,
    1.5568777181948834,
    1.5600426528886047,
    1.5076190627806367,
    1.4816219565464042,
    1.485283771174693,
    1.4076928661580672,
    1.427455328919037,
    1.4154034031762017,
    1.3779348132205986,
    1.2721731328824808,
    1.4002791939423098,
    1.3232619687130576,
    1.273173551113285,
    1.3472641615839729,
    1.2878216433246232,
    1.262477483665734,
    1.2206906890311435,
    1.2341769459651926,
    1.1739023725888882,
    1.1744138558705648,
    1.1164453785321866,
    1.1069953327290496,
    1.1909771339238038,
    1.1038712575421696,
    1.0732737969236765,
    1.0436567144784314,
    1.1061794386969672,
    0.982960960251546
  ],
  "val_loss": [
    3.434800624847412,
    3.3650689125061035,
    2.7738890647888184,
    2.2330281734466553,
    2.1193175315856934,
    2.0654473304748535,
    2.0860023498535156,
    2.0960681438446045,
    2.0406816005706787,
    2.042362928390503,
    1.999198317527771,
    2.074730634689331,
    1.9809507131576538,
    2.017298936843872,
    1.8974484205245972,
    1.8341565132141113,
    1.8694117069244385,
    1.934587001800537,
    2.0557162761688232,
    1.9857399463653564,
    1.9322205781936646,
    1.9332700967788696,
    1.9021105766296387,
    1.8741214275360107,
    1.9192509651184082,
    1.816824197769165,
    1.8522108793258667,
    1.9197059869766235,
    1.9846339225769043,
    1.9428799152374268,
    1.9480433464050293,
    1.9260730743408203,
    1.8724496364593506,
    1.866762399673462,
    2.060377836227417,
    1.8949275016784668
  ],
  "best_epoch": 25,
  "status": "ok",
  "grad_norm": [
    3.0120940604611013,
    2.45024135482489,
    2.7606317876024713,
    2.482893057962472,
    2.576401920958472,
    2.478231513498791,
    2.395409544822511,
    2.701811765616699,
    2.6684485205596866,
    2.4027464565464176,
    2.4315781833711276,
    2.7583039472842197,
    2.8725314432515425,
    2.455804896087442,
    2.6836945437316686,
    2.6829263723086787,
    2.3568375303862763,
    2.2487714784668738,
    2.540795797070231,
    2.6022211719657933,
    2.3967469488884583,
    2.763766140792502,
    2.6147577879401385,
    2.652729785770163,
    2.398322900872636,
    2.62181735086169,
    2.299444934758845,
    2.2973743104609996,
    2.1908899677638742,
    2.2911017361672705,
    2.4960882646004525,
    2.0670308756800786,
    2.2157994947232806,
    2.23041213637851,
    2.2268848391998257,
    2.2362353966662303
  ],
  "beta_std": [
    0.836063027381897,
    1.595644235610962,
    1.3242536783218384,
    1.163406491279602,
    0.9767036437988281,
    0.8557801842689514,
    0.8562100529670715,
    0.7402195334434509,
    0.9189122915267944,
    0.8258641958236694,
    0.868431806564331,
    0.880475640296936,
    0.8543419241905212,
    0.9027242064476013,
    0.8922545313835144,
    0.9058469533920288,
    0.8883277177810669,
    0.9677045941352844,
    0.8782544136047363,
    0.8814772367477417,
    0.9339582920074463,
    0.9690383672714233,
    0.9216821193695068,
    0.8707913160324097,
    0.8898663520812988,
    0.9330015778541565,
    0.9337087273597717,
    0.9512161612510681,
    0.9332235455513,
    0.9476081728935242,
    0.866130530834198,
    0.921265721321106,
    0.9024695158004761,
    0.9032633304595947,
    0.9792512059211731,
    0.9114565849304199
  ],
  "beta_mean": [
    -0.11364144086837769,
    -0.0003606670652516186,
    -0.11376560479402542,
    -0.16538041830062866,
    -0.23761790990829468,
    -0.17493757605552673,
    -0.05741015449166298,
    -0.07621357589960098,
    -0.21253421902656555,
    -0.1774929016828537,
    -0.22411997616291046,
    -0.11933862417936325,
    -0.042410239577293396,
    -0.11364465206861496,
    -0.18386946618556976,
    -0.20639412105083466,
    -0.1163966953754425,
    -0.10989514738321304,
    -0.24224039912223816,
    -0.2661069929599762,
    -0.022831322625279427,
    -0.1408315896987915,
    -0.14933477342128754,
    -0.1972903460264206,
    -0.21996566653251648,
    -0.1509326994419098,
    -0.18947763741016388,
    -0.21701379120349884,
    -0.07452883571386337,
    -0.20795759558677673,
    -0.21997857093811035,
    -0.14686761796474457,
    -0.1411852389574051,
    -0.161952406167984,
    -0.22220541536808014,
    -0.21710801124572754
  ]
}