{
  "train_loss": [
    4.245808557041904,
    3.103694474906252,
    2.611194490689283,
    2.1508760215246188,
    1.9262013217859102,
    1.7374845631638465,
    1.6723419493401956,
    1.6426771004994711,
    1.5629770662352356,
    1.6269458174008375,
    1.62427221459952,
    1.4561547962545651,
    1.4598929707766974,
    1.3791932267752307,
    1.4552451850378025
  ],
  "val_loss": [
    3.549229383468628,
    3.150851249694824,
    2.5478031635284424,
    1.8940272331237793,
    1.8300421237945557,
    2.188955783843994,
    2.0588603019714355,
    2.0144388675689697,
    1.9780882596969604,
    1.928767204284668,
    2.1554582118988037,
    2.0399563312530518,
    2.129467248916626,
    1.9355500936508179,
    2.1070077419281006
  ],
  "best_epoch": 4,
  "status": "ok",
  "grad_norm": [
    3.032388924292114,
    3.0152558930298063,
    2.6961511007412,
    2.313715775657294,
    2.7035880613372876,
    2.845016403635813,
    2.5754124058415173,
    2.6635966902881667,
    2.6258886525028524,
    2.997812766082396,
    2.7634512585389914,
    2.729753002482382,
    2.3953661587457775,
    2.419740184356644,
    2.624693996013704
  ],
  "beta_std": [
    0.851198673248291,
    1.3564201593399048,
    1.335066795349121,
    1.2277203798294067,
    0.9840298295021057,
    0.8305349946022034,
    0.8148395419120789,
    0.894761323928833,
    0.9062744379043579,
    0.8434428572654724,
    0.954426109790802,
    1.024350881576538,
    0.8199948668479919,
    0.9902418255805969,
    0.8452815413475037
  ],
  "beta_mean": [
    -0.11027050763368607,
    -0.027296146377921104,
    -0.40198826789855957,
    -0.08695121854543686,
    -0.15244995057582855,
    -0.24195262789726257,
    0.01691754162311554,
    -0.09009838104248047,
    0.033412519842386246,
    -0.11473482847213745,
    -0.25769463181495667,
    -0.2837532162666321,
    0.08383536338806152,
    -0.1694820374250412,
    -0.1008000522851944
  ]
}