{
  "train_loss": [
    4.305627314807379,
    2.9137183777770104,
    2.4799344245453327,
    2.0747020618260255,
    1.9599625403420966,
    1.8305092962164629,
    1.7679713498779208,
    1.720264412366856,
    1.7003122167977673,
    1.700387603915923,
    1.620591357995195,
    1.5508044613732233,
    1.5298284304769416,
    1.5551800595389471,
    1.5601516411318417,
    1.4366755346108597,
    1.4323183238157753,
    1.6520771995622512,
    1.407218396733379,
    1.431097557949044,
    1.4039488251446284,
    1.4317803501385695,
    1.3576479950843499,
    1.4216808503134208,
    1.321730389232524,
    1.232000666194492,
    1.2799418525389064,
    1.3110882556926438
  ],
  "val_loss": [
    3.4151971340179443,
    3.0632293224334717,
    2.749485731124878,
    2.5036280155181885,
    2.461775064468384,
    2.6938962936401367,
    2.763395309448242,
    2.592219352722168,
    2.336678981781006,
    2.524879217147827,
    2.4559166431427,
    2.6559770107269287,
    2.54001522064209,
    2.374208450317383,
    2.3979544639587402,
    2.3963241577148438,
    2.703042507171631,
    2.32014799118042,
    2.5601940155029297,
    2.459359884262085,
    2.5221445560455322,
    2.4163401126861572,
    2.3795416355133057,
    2.501030683517456,
    2.4714441299438477,
    2.659482717514038,
    2.788961887359619,
    2.5298664569854736
  ],
  "best_epoch": 17,
  "status": "ok",
  "grad_norm": [
    3.107355624965546,
    2.4149599627604483,
    2.9226135771155453,
    2.7247024614510758,
    3.062020749514646,
    3.052707057162785,
    3.118517547692492,
    2.656470386360976,
    2.7419379393403505,
    2.659289901937768,
    2.884706357999011,
    2.4903034877845442,
    2.7549706465126635,
    2.7305225097945223,
    2.8300693894661384,
    2.2816213785536594,
    2.5949610837275188,
    2.9685678109646765,
    2.448223789768423,
    2.737498914043875,
    2.300479074396729,
    2.520559798946908,
    2.4484588578831894,
    2.651709878676501,
    2.360599287846888,
    2.5061119926155717,
    2.4317589629337313,
    2.659604053953875
  ],
  "beta_std": [
    0.9103160500526428,
    1.5842105150222778,
    1.141680121421814,
    1.0688285827636719,
    0.871574878692627,
    0.7877733111381531,
    0.8265171647071838,
    0.8952610492706299,
    0.8531292080879211,
    0.7913745045661926,
    0.8397523760795593,
    0.7369673252105713,
    0.8208842277526855,
    0.8316607475280762,
    0.9167343974113464,
    0.8035070300102234,
    0.8214144110679626,
    0.8143383264541626,
    0.8970485329627991,
    0.81339031457901,
    0.8421087265014648,
    0.8781177401542664,
    0.8353358507156372,
    0.7800725698471069,
    0.9169418215751648,
    0.7842499613761902,
    0.815884530544281,
    1.0454307794570923
  ],
  "beta_mean": [
    -0.312980979681015,
    -0.2654748558998108,
    -0.2500045895576477,
    -0.32795220613479614,
    -0.3058371841907501,
    -0.23833411931991577,
    -0.22099652886390686,
    -0.23445573449134827,
    -0.3411663770675659,
    -0.3349209725856781,
    -0.25317952036857605,
    -0.13309723138809204,
    -0.23529711365699768,
    -0.4258248507976532,
    -0.3245210349559784,
    -0.20704421401023865,
    -0.20457904040813446,
    -0.4278809726238251,
    -0.39153698086738586,
    -0.29414862394332886,
    -0.32061800360679626,
    -0.35168710350990295,
    -0.3894099295139313,
    -0.2928953766822815,
    -0.34926581382751465,
    -0.256225049495697,
    -0.19559815526008606,
    -0.4474245309829712
  ]
}