{
  "train_loss": [
    4.584050584257695,
    3.257555338374355,
    2.625943546127855,
    2.3098258788125556,
    2.154298528314334,
    1.9442962509846826,
    1.818964968508447,
    1.8113722193310833,
    1.83195764349218,
    1.7620279245209276,
    1.687773379108362,
    1.672263004626447,
    1.6360680228785465,
    1.5327553735141866,
    1.5671119008147925,
    1.5512601514308773
  ],
  "val_loss": [
    2.58917498588562,
    2.2006819248199463,
    1.7340251207351685,
    1.6272287368774414,
    1.6437009572982788,
    1.4957917928695679,
    1.5383411645889282,
    1.5463484525680542,
    1.6498134136199951,
    1.6545310020446777,
    1.6297935247421265,
    1.55388605594635,
    1.5592632293701172,
    1.5667040348052979,
    1.639541745185852,
    1.6429599523544312
  ],
  "best_epoch": 5,
  "status": "ok",
  "grad_norm": [
    3.295212953749647,
    2.6861571007767515,
    2.378548561720006,
    2.9794471215506033,
    3.290959129963678,
    3.505119963256143,
    2.714491630496986,
    3.1525285593308148,
    3.0122381246485523,
    3.0021080598194274,
    3.0655112152288093,
    3.1045611637237065,
    2.8409481952909714,
    2.972112261056448,
    2.717775847904478,
    2.8437949492146126
  ],
  "beta_std": [
    0.7404576539993286,
    1.318177342414856,
    1.2625317573547363,
    1.2310872077941895,
    1.1590907573699951,
    1.0622411966323853,
    0.8703838586807251,
    0.9945536255836487,
    1.0724250078201294,
    1.0240569114685059,
    1.0260725021362305,
    0.9024726152420044,
    1.0220913887023926,
    0.9718073010444641,
    0.9002054929733276,
    0.9259923696517944
  ],
  "beta_mean": [
    0.1603410691022873,
    0.18524408340454102,
    -0.09700547903776169,
    0.048588477075099945,
    -0.059716351330280304,
    -0.02543286234140396,
    0.06261363625526428,
    -0.09820990264415741,
    0.23230554163455963,
    0.21389445662498474,
    -0.05935240909457207,
    0.06452880054712296,
    0.031009066849946976,
    0.04296635463833809,
    0.03252040967345238,
    0.1494554877281189
  ]
}