{
  "train_loss": [
    4.192445335611265,
    3.0680992884942664,
    2.6528408747667456,
    2.2408106763460482,
    1.9481899448305542,
    1.82312549401445,
    1.8793019891482348,
    1.7652355450635766,
    1.6724947282445362,
    1.7114023204435382,
    1.6042841060816893,
    1.5814108762127614,
    1.5568952493500292,
    1.542186054569936,
    1.534045572308769,
    1.509818578602975,
    1.436990397436577,
    1.510365847397966,
    1.4217871162626479,
    1.4008522712696365,
    1.3648635585405673,
    1.3664222819066187,
    1.3990250836338913,
    1.400650816075286,
    1.415913176118282,
    1.302254983835053,
    1.2852878113239132,
    1.2230638395275986,
    1.2497193489855494,
    1.2480840688560442,
    1.203396371094107,
    1.2788807215049254
  ],
  "val_loss": [
    3.600207567214966,
    3.173717975616455,
    2.57708477973938,
    2.2322661876678467,
    2.3593714237213135,
    2.20867919921875,
    2.11533522605896,
    2.1980338096618652,
    2.0009665489196777,
    2.1565165519714355,
    2.08569073677063,
    2.0192582607269287,
    2.0871357917785645,
    2.1544275283813477,
    2.0079867839813232,
    2.1959166526794434,
    2.0170540809631348,
    1.9979842901229858,
    1.9687399864196777,
    1.9781394004821777,
    2.022692918777466,
    1.927548885345459,
    2.1022205352783203,
    2.0524957180023193,
    2.018543004989624,
    2.1561479568481445,
    2.128542423248291,
    2.0675723552703857,
    2.0249133110046387,
    2.0465781688690186,
    2.035550355911255,
    2.1032111644744873
  ],
  "best_epoch": 21,
  "status": "ok",
  "grad_norm": [
    3.2454498403654943,
    2.638596068548996,
    2.573434070304895,
    3.0431445055918664,
    2.804785947886759,
    2.573168574559553,
    2.964120085093815,
    2.6053918469294146,
    2.8521064967556597,
    3.149513212905559,
    2.8117612366670537,
    2.8467905389657906,
    2.429220016315676,
    2.7499486496175334,
    2.7023423005809235,
    2.5401321444607916,
    2.5688973311593566,
    2.795844137077375,
    2.628106727872015,
    2.5220473375052648,
    2.4414698680630105,
    2.626999871496417,
    2.7511593950068134,
    2.51997322186314,
    2.9126227187044504,
    2.820682896942951,
    2.6372088594458174,
    2.3293370572577614,
    2.5614420414753063,
    2.675127893206529,
    2.8302496893199183,
    2.799025746252189
  ],
  "beta_std": [
    0.7777735590934753,
    1.1469870805740356,
    1.186886191368103,
    1.0513734817504883,
    0.8921833038330078,
    0.8360075950622559,
    0.882509171962738,
    0.8948377370834351,
    0.8332985639572144,
    0.828773021697998,
    0.9519116282463074,
    0.8836969137191772,
    0.9051389098167419,
    0.9222247004508972,
    0.8485389947891235,
    0.8588858246803284,
    0.9030603766441345,
    0.920630156993866,
    0.9114412069320679,
    0.9716137051582336,
    0.980268120765686,
    1.001235842704773,
    0.9679199457168579,
    1.002616286277771,
    0.8879587650299072,
    0.9090818166732788,
    0.9327652454376221,
    0.9471739530563354,
    0.9168022871017456,
    0.9027788043022156,
    0.9407509565353394,
    0.9270138740539551
  ],
  "beta_mean": [
    -0.02374468930065632,
    0.09485449641942978,
    -0.38641592860221863,
    -0.2964906394481659,
    -0.2911313772201538,
    -0.15488800406455994,
    -0.2345680296421051,
    -0.14890873432159424,
    -0.10224416851997375,
    -0.15810973942279816,
    -0.23895643651485443,
    -0.236343652009964,
    -0.3156455159187317,
    0.013304308988153934,
    -0.1820410043001175,
    -0.2406032234430313,
    -0.2504386007785797,
    -0.10939117521047592,
    -0.10744874179363251,
    -0.23381775617599487,
    -0.07395119965076447,
    -0.21081024408340454,
    -0.052065327763557434,
    -0.19295567274093628,
    -0.25425681471824646,
    -0.1583755910396576,
    -0.14025232195854187,
    -0.21391141414642334,
    -0.16561107337474823,
    -0.11146621406078339,
    -0.09163416922092438,
    0.05673210322856903
  ]
}