{
  "train_loss": [
    4.373794629559879,
    3.2584819562253897,
    2.912216448086744,
    2.51116409720036,
    2.2496146765368725,
    2.0608205612639936,
    1.9729717617146454,
    1.8483562035867345,
    1.7349020874291134,
    1.7386772175281369,
    1.667566848777191,
    1.7019859824264258,
    1.6922337506946765,
    1.6464297250000357,
    1.4691488781867668,
    1.5079842720812524,
    1.5239690733234785,
    1.4075199330759327,
    1.4944960930194073,
    1.4526392211690982,
    1.368652688132392,
    1.3202829684430395,
    1.3645914311994587,
    1.2988814194997151
  ],
  "val_loss": [
    3.9381656646728516,
    3.1503875255584717,
    2.7589049339294434,
    2.8698296546936035,
    2.4133808612823486,
    2.2970194816589355,
    2.1087284088134766,
    2.125828742980957,
    2.29203462600708,
    2.2496280670166016,
    2.2710814476013184,
    2.432035446166992,
    2.2193353176116943,
    2.061140775680542,
    2.315760374069214,
    2.4370625019073486,
    2.2106730937957764,
    2.218724250793457,
    2.225860357284546,
    2.3444747924804688,
    2.1322999000549316,
    2.4419593811035156,
    2.4290261268615723,
    2.345702886581421
  ],
  "best_epoch": 13,
  "status": "ok",
  "grad_norm": [
    2.9457399858515734,
    2.3526657972050162,
    2.576809366773935,
    2.4708170537615497,
    2.6645695148859727,
    2.4663051781451526,
    2.8826958750143468,
    2.81768516434096,
    2.7684758774800713,
    3.0095259209664875,
    2.633132947021376,
    2.914987691184969,
    2.895440708056048,
    2.742541892327683,
    2.301828150899975,
    2.567243566723874,
    2.498738987566064,
    2.479305182372336,
    2.4623856946833587,
    2.6861928859653514,
    2.380427201607751,
    2.3254210267141446,
    2.660481031567042,
    2.8024374528905924
  ],
  "beta_std": [
    0.5799994468688965,
    1.4121447801589966,
    1.4483968019485474,
    1.0468707084655762,
    0.9876311421394348,
    0.8832132816314697,
    0.7878512740135193,
    0.8223034739494324,
    0.7578583359718323,
    0.8333804607391357,
    0.7505826354026794,
    0.800555408000946,
    0.7628551125526428,
    0.8564003109931946,
    0.9279651045799255,
    0.7965830564498901,
    0.9765862226486206,
    0.7950868606567383,
    0.7833114266395569,
    0.8262154459953308,
    0.8579834699630737,
    0.7713686227798462,
    0.8532155156135559,
    0.8740667104721069
  ],
  "beta_mean": [
    0.017951982095837593,
    -0.02103414013981819,
    -0.20423927903175354,
    0.301559180021286,
    -0.07733938097953796,
    -0.006511358078569174,
    -0.12698668241500854,
    -0.2783340513706207,
    0.016838496550917625,
    0.12754924595355988,
    -0.2002347856760025,
    -0.2526390850543976,
    -0.06377469748258591,
    -0.21262629330158234,
    -0.057808518409729004,
    -0.1864250749349594,
    0.022717289626598358,
    -0.11766742169857025,
    0.0013439906761050224,
    -0.08405070751905441,
    -0.19012446701526642,
    -0.06274562329053879,
    -0.11054584383964539,
    -0.24416543543338776
  ]
}