{
  "train_loss": [
    4.349246017556442,
    2.8821489797000996,
    2.3796307138532224,
    2.092018243165044,
    1.7678920341514008,
    1.746088939382319,
    1.736501333588048,
    1.777264374459696,
    1.6134671512402987,
    1.5911031932161566,
    1.59604364905441,
    1.6004502857637684,
    1.5827636250278405,
    1.4255357535958988,
    1.5053918139976368,
    1.4136265874606126,
    1.5225438295052065,
    1.4259603653734887,
    1.3615179579160366,
    1.3650671922672561,
    1.4380170764978866,
    1.4270812879528916,
    1.3568314075469972,
    1.302229408911097,
    1.27798712769447,
    1.3021843129431294,
    1.3816113438522606,
    1.240897240276225
  ],
  "val_loss": [
    3.6619925498962402,
    3.2535271644592285,
    2.3938212394714355,
    2.157130718231201,
    1.8668454885482788,
    2.042706251144409,
    2.125586748123169,
    1.9502053260803223,
    1.8685739040374756,
    1.818496823310852,
    2.145965337753296,
    1.825403094291687,
    1.9147546291351318,
    1.8437952995300293,
    1.9211324453353882,
    1.845849871635437,
    1.836175560951233,
    1.7658241987228394,
    2.057974100112915,
    1.8381472826004028,
    1.9970128536224365,
    2.003079652786255,
    2.000213861465454,
    2.0980122089385986,
    1.999599575996399,
    2.2479639053344727,
    1.986542820930481,
    2.006300449371338
  ],
  "best_epoch": 17,
  "status": "ok",
  "grad_norm": [
    3.1333924178998376,
    2.3578302822897577,
    2.7265411627610496,
    2.7871994721049247,
    2.520000947400417,
    2.85283653581964,
    2.918412716606457,
    2.9058045206115968,
    2.6192299999461572,
    2.626564217145023,
    2.6930645906452093,
    2.6741903529334343,
    3.031331737180205,
    2.539157596259585,
    2.575012338641146,
    2.441102742851725,
    2.4492907019918486,
    2.214063511567172,
    2.469558217511659,
    2.2098984240396837,
    2.6763259514142104,
    2.5107652101688642,
    2.7210882865064057,
    2.2835142922994565,
    2.420889097003253,
    2.4879832859413433,
    2.9020141195734235,
    2.304734768027352
  ],
  "beta_std": [
    0.6518436670303345,
    1.6220512390136719,
    1.1783339977264404,
    1.0214402675628662,
    0.9388080835342407,
    0.9317050576210022,
    0.9020622968673706,
    0.7405944466590881,
    0.8517231345176697,
    0.8817795515060425,
    0.8834961652755737,
    0.9936004877090454,
    0.7768447995185852,
    0.8552510738372803,
    0.9559882879257202,
    0.7763765454292297,
    0.8663195967674255,
    0.8312346339225769,
    0.8657917380332947,
    0.8419605493545532,
    0.8121119141578674,
    0.7915442585945129,
    0.799788236618042,
    0.977519690990448,
    0.7001891136169434,
    0.9551966190338135,
    0.8310457468032837,
    0.8013211488723755
  ],
  "beta_mean": [
    -0.30346381664276123,
    -0.4132954776287079,
    -0.40102770924568176,
    -0.5510385036468506,
    -0.23040972650051117,
    -0.4962448179721832,
    -0.2456979900598526,
    -0.2757202684879303,
    -0.38428035378456116,
    -0.41772139072418213,
    -0.23113833367824554,
    -0.43908369541168213,
    -0.28771165013313293,
    -0.2829580008983612,
    -0.49604102969169617,
    -0.2651376724243164,
    -0.38370829820632935,
    -0.34899774193763733,
    -0.4066934287548065,
    -0.38943055272102356,
    -0.3479939103126526,
    -0.39807558059692383,
    -0.31219208240509033,
    -0.5125781893730164,
    -0.2909815013408661,
    -0.6278219819068909,
    -0.33055010437965393,
    -0.46791747212409973
  ]
}