{
  "train_loss": [
    4.411649853388468,
    3.1640503374735514,
    2.6655309004253813,
    2.1015828331311543,
    1.9189299805959066,
    1.8932919269137913,
    1.7691761313544379,
    1.717462287478977,
    1.8113035244411892,
    1.6725183995564779,
    1.6110912116368612,
    1.580755639606052,
    1.5081211664941576,
    1.5193123775058321,
    1.4503701301415761,
    1.553039427863227,
    1.3604962616496616,
    1.3826034625371297,
    1.4190979215833877,
    1.5287335750791762,
    1.4529223664601645,
    1.4626317654715644,
    1.341789994239807,
    1.3374718647532993,
    1.2978524295488993,
    1.286345739364624,
    1.2879982227749294,
    1.2960930644141304,
    1.317025916841295,
    1.3517443958918254
  ],
  "val_loss": [
    3.4967517852783203,
    2.8408446311950684,
    2.3376619815826416,
    2.0224478244781494,
    1.8318670988082886,
    1.9062176942825317,
    1.7786009311676025,
    1.6800405979156494,
    1.7290754318237305,
    1.8259270191192627,
    1.7567131519317627,
    1.6742514371871948,
    1.6896185874938965,
    1.772232174873352,
    1.7709457874298096,
    1.6719506978988647,
    1.6125210523605347,
    1.75127375125885,
    1.7627930641174316,
    1.610746145248413,
    1.819020390510559,
    1.6900036334991455,
    1.6534781455993652,
    1.660841703414917,
    1.7596713304519653,
    1.747011661529541,
    1.649979829788208,
    1.7845981121063232,
    1.89288330078125,
    1.9316798448562622
  ],
  "best_epoch": 19,
  "status": "ok",
  "grad_norm": [
    3.1756215966623658,
    2.7487359071102735,
    2.904227787981104,
    3.3188821087102713,
    3.4578497264396986,
    3.3042860545971977,
    3.0587101727253607,
    3.6039763909632097,
    3.5726493763360927,
    3.1198582699536828,
    3.1957707107095805,
    3.001754427083871,
    2.5098110139089007,
    3.182759109415275,
    2.7945525083118623,
    3.3164716790624107,
    2.5644062588185768,
    2.8354831067565316,
    3.304250927414029,
    3.6746605945068063,
    2.8410882775879576,
    3.006596374334916,
    3.0045802246210607,
    2.36397999643594,
    2.7023753570810274,
    2.529348617412303,
    2.967269199973582,
    2.7563507172538753,
    2.814757837680171,
    3.0925784958860594
  ],
  "beta_std": [
    0.6311896443367004,
    1.1823532581329346,
    1.100297451019287,
    0.7798994779586792,
    0.7284131050109863,
    0.781199038028717,
    0.7482451796531677,
    0.5852651596069336,
    0.6293324828147888,
    0.756491482257843,
    0.6792682409286499,
    0.6569985151290894,
    0.7259373664855957,
    0.7725046277046204,
    0.7125714421272278,
    0.7437096834182739,
    0.8374378681182861,
    0.6761410236358643,
    0.8023732304573059,
    0.6707007884979248,
    0.6743714809417725,
    0.8525752425193787,
    0.8546175956726074,
    0.7568603754043579,
    0.9179666042327881,
    0.8518612384796143,
    0.8173619508743286,
    0.8328129649162292,
    0.7819837927818298,
    0.7144412994384766
  ],
  "beta_mean": [
    -0.20040975511074066,
    -0.11283578723669052,
    -0.21064025163650513,
    -0.2639143466949463,
    -0.040466565638780594,
    -0.08231637626886368,
    -0.18481358885765076,
    -0.22013387084007263,
    -0.12517698109149933,
    -0.09704061597585678,
    -0.1516410857439041,
    -0.1317249834537506,
    -0.24237960577011108,
    -0.21870407462120056,
    -0.06545030325651169,
    -0.21594402194023132,
    -0.04021565616130829,
    -0.10384918004274368,
    -0.15381726622581482,
    -0.020865047350525856,
    -0.05148361250758171,
    -0.31783390045166016,
    -0.08578737080097198,
    0.013835537247359753,
    -0.1922314316034317,
    -0.11068173497915268,
    0.058118876069784164,
    -0.15369813144207,
    -0.07754360139369965,
    -0.0659426599740982
  ]
}