{
  "train_loss": [
    4.29971549987793,
    3.0328623390197755,
    2.5689608197742038,
    2.1311227062013414,
    1.9766943513022528,
    1.8830584854549832,
    1.8050801446702744,
    1.8623591862784492,
    1.69964693069458,
    1.7384379132588705,
    1.6767093062400817,
    1.6877517159779867,
    1.7969343944390614,
    1.7105968549516466,
    1.555452356338501,
    1.566224717034234
  ],
  "val_loss": [
    3.9193267822265625,
    3.0109262466430664,
    2.7112226486206055,
    2.1568973064422607,
    2.137491464614868,
    2.0390572547912598,
    2.1995553970336914,
    2.1642560958862305,
    2.139725685119629,
    2.3281354904174805,
    2.139655351638794,
    2.042206048965454,
    2.2338271141052246,
    2.192862033843994,
    2.1048471927642822,
    2.1996726989746094
  ],
  "best_epoch": 5,
  "status": "ok",
  "grad_norm": [
    3.232492492467182,
    2.5506548051083495,
    2.7813270734635136,
    2.8737007135092596,
    3.1609295231752244,
    2.8179450042748653,
    3.1214448273306474,
    2.8953942448779846,
    3.152866057043666,
    3.0158536497239976,
    2.5110994179508905,
    3.7939996274867087,
    3.7112194733319948,
    2.864648600152475,
    3.170236785551657,
    2.6989873353199565
  ],
  "beta_std": [
    0.6293618083000183,
    1.1454886198043823,
    0.9783680438995361,
    0.8867153525352478,
    0.7550930976867676,
    0.7879126071929932,
    0.6984053254127502,
    0.7774181365966797,
    0.7416045665740967,
    0.7127646207809448,
    0.8748762011528015,
    0.7414723038673401,
    0.706082820892334,
    0.7179270386695862,
    0.7950659990310669,
    0.7772903442382812
  ],
  "beta_mean": [
    -0.2618543803691864,
    -0.07150327414274216,
    -0.1779291331768036,
    -0.17106030881404877,
    -0.15170322358608246,
    -0.11711302399635315,
    -0.09456660598516464,
    -0.030747918412089348,
    -0.2059297412633896,
    -0.17374290525913239,
    -0.3795115649700165,
    -0.1800049990415573,
    0.09724342077970505,
    -0.1463146209716797,
    -0.11598362773656845,
    -0.05705432966351509
  ]
}