{
  "train_loss": [
    4.117531483968099,
    3.0854904704623753,
    2.44807156085968,
    1.9866027508841622,
    1.8967303869459364,
    1.7864469703038532,
    1.7491229565938313,
    1.5449226676093208,
    1.6357298893398708,
    1.7386174885431926,
    1.649720566007826,
    1.6094787406921387,
    1.4925246810913086,
    1.5826074743270875,
    1.48591157913208,
    1.570115967856513,
    1.432492954466078,
    1.3996382779545253,
    1.30449403974745,
    1.4411778104305268,
    1.3708086922433642,
    1.2900599760479396,
    1.2697620051436953
  ],
  "val_loss": [
    3.0703046321868896,
    2.548502206802368,
    2.202909469604492,
    1.7892374992370605,
    2.1219756603240967,
    1.9053795337677002,
    1.6623927354812622,
    1.9035834074020386,
    1.806090235710144,
    1.8140864372253418,
    1.5793379545211792,
    1.8410686254501343,
    1.5132474899291992,
    2.01383376121521,
    2.2026889324188232,
    1.7692409753799438,
    1.8348084688186646,
    1.9152412414550781,
    1.6731274127960205,
    2.1167850494384766,
    1.7601405382156372,
    1.7470535039901733,
    1.803356647491455
  ],
  "best_epoch": 12,
  "status": "ok",
  "grad_norm": [
    4.192068236431868,
    2.584895188900971,
    2.905313671828638,
    2.96593454859117,
    3.337566238384587,
    3.194069691471492,
    3.050349145017363,
    3.3296520450429257,
    3.071166829201632,
    3.73772832401979,
    3.208403492349552,
    3.0416924175582114,
    3.1310803138431282,
    3.741833106583466,
    3.2991575034378777,
    3.175944335621521,
    2.7197369066889516,
    3.114761122304018,
    3.0633335106673254,
    2.5346237576546176,
    2.5025413518268085,
    2.4313525575298116,
    2.1285835261059143
  ],
  "beta_std": [
    1.0202040672302246,
    1.3274376392364502,
    1.123349905014038,
    1.1479755640029907,
    0.8141851425170898,
    0.9397035837173462,
    1.0156197547912598,
    0.9728447794914246,
    1.0324525833129883,
    0.9361577033996582,
    1.0533210039138794,
    0.9388203024864197,
    0.9935536980628967,
    0.8554233312606812,
    0.8832176923751831,
    1.0469555854797363,
    1.0043528079986572,
    0.8575771450996399,
    0.9998704791069031,
    0.8751514554023743,
    1.0286335945129395,
    0.8672534823417664,
    1.1088179349899292
  ],
  "beta_mean": [
    -0.15685246884822845,
    -0.2916804552078247,
    -0.23985733091831207,
    -0.19071036577224731,
    -0.21944481134414673,
    -0.16685958206653595,
    -0.2518635094165802,
    0.054592251777648926,
    -0.1243918314576149,
    -0.26246005296707153,
    -0.28334617614746094,
    -0.034158382564783096,
    -0.31267625093460083,
    -0.13535746932029724,
    -0.2270059436559677,
    -0.13984383642673492,
    -0.2545871436595917,
    -0.16953197121620178,
    -0.2744686007499695,
    -0.20222681760787964,
    -0.1537807583808899,
    -0.1415596455335617,
    -0.116971455514431
  ]
}