{
  "train_loss": [
    4.137280279795329,
    3.2554806937111747,
    2.6522438224156697,
    2.271543805864122,
    2.0721715173456405,
    1.9522472943200004,
    1.996702126926846,
    1.770276713901096,
    1.8006108421749538,
    1.8203739277521769,
    1.762416378127204,
    1.6749196857876247,
    1.6776069582833184,
    1.600158462524414,
    1.7302649858262804,
    1.8553754001193576,
    1.6257585991753472,
    1.6414196226331923,
    1.6254038921991985,
    1.639953354464637,
    1.4729230788018968,
    1.5554138427972795,
    1.5400628691249423,
    1.4914732948939005
  ],
  "val_loss": [
    3.784703254699707,
    3.1242339611053467,
    2.504335880279541,
    2.2658846378326416,
    2.260679244995117,
    2.2380080223083496,
    2.063063621520996,
    2.1382813453674316,
    2.1024739742279053,
    2.025547981262207,
    2.1418683528900146,
    2.0538697242736816,
    2.053344964981079,
    1.9568411111831665,
    2.1286098957061768,
    2.5909066200256348,
    2.267897129058838,
    2.183356523513794,
    2.126443386077881,
    2.0734715461730957,
    2.108530044555664,
    2.2310237884521484,
    2.3852202892303467,
    2.197737455368042
  ],
  "best_epoch": 13,
  "status": "ok",
  "grad_norm": [
    3.1421250216468413,
    2.9572145034124335,
    2.6503009759797,
    2.677472267523185,
    2.8712078680758424,
    3.2495990149643195,
    3.2956587968056947,
    2.703192313031028,
    3.348146193826303,
    2.881626077738656,
    2.672658748498984,
    3.1120429340141147,
    2.571283201521837,
    2.920758962498911,
    4.0753471869652556,
    4.186704459144869,
    2.7707697902458124,
    2.7916594843581706,
    3.133883311868867,
    2.807394939634379,
    2.402017249659425,
    2.4213602902225855,
    2.628055068964675,
    2.8912555823838773
  ],
  "beta_std": [
    0.957282304763794,
    1.0855878591537476,
    1.3995797634124756,
    1.0894721746444702,
    1.1651115417480469,
    0.9751530289649963,
    0.8865984082221985,
    0.8116860389709473,
    0.8348232507705688,
    0.9329162836074829,
    0.9509496688842773,
    0.853356122970581,
    0.8724703788757324,
    0.8447701930999756,
    0.7678606510162354,
    0.8936538696289062,
    0.9329283237457275,
    0.8867599964141846,
    0.9196354150772095,
    0.8639668226242065,
    0.9428489208221436,
    0.8518795967102051,
    0.93593430519104,
    0.7832213044166565
  ],
  "beta_mean": [
    -0.12472210079431534,
    -0.14202988147735596,
    -0.1568002551794052,
    -0.17039451003074646,
    -0.24688398838043213,
    -0.09138103574514389,
    -0.06640246510505676,
    -0.04681430011987686,
    0.010447115637362003,
    -0.1070035845041275,
    -0.01441627461463213,
    -0.03323359414935112,
    -0.02995976060628891,
    0.03395310044288635,
    0.0992392748594284,
    -0.10824964195489883,
    0.027793770655989647,
    -0.06936301290988922,
    0.007994928397238255,
    0.12644313275814056,
    0.03976469859480858,
    -0.10012876242399216,
    -0.16762161254882812,
    0.005966095719486475
  ]
}