{
  "train_loss": [
    4.112881662580702,
    3.038419223361545,
    2.4251542737748886,
    2.197293321821425,
    2.0677709759606255,
    1.8736292245652941,
    1.831670733557807,
    1.8038893265194362,
    1.6500158553653292,
    1.6962018065982394,
    1.6591227902306451,
    1.7189291196399266,
    1.6055446259180706,
    1.5370991129345364,
    1.4895599757300484,
    1.5796432905726963,
    1.5506241692437066,
    1.4469897227817112,
    1.4866244840621947,
    1.5208614910973444,
    1.5178816135724384,
    1.4433036380343967,
    1.5063980929056804,
    1.5481228058867984,
    1.4918483670552571,
    1.4395151397917005,
    1.3755818568335638,
    1.382337178654141,
    1.2931541117032368,
    1.3727790297402276,
    1.318038224114312,
    1.3615204321675831,
    1.3000560675726998,
    1.3075315478112963,
    1.2480821249220106
  ],
  "val_loss": [
    3.1084506511688232,
    2.3645360469818115,
    2.328664779663086,
    2.3323051929473877,
    2.087448835372925,
    2.0309667587280273,
    2.0464580059051514,
    2.1283304691314697,
    2.1023459434509277,
    2.0722274780273438,
    2.162783622741699,
    2.2228634357452393,
    1.9696624279022217,
    2.198357343673706,
    1.9457975625991821,
    1.903230905532837,
    1.9122291803359985,
    2.296740770339966,
    1.9302014112472534,
    2.058260440826416,
    2.0617640018463135,
    2.180553913116455,
    2.1995956897735596,
    1.9386295080184937,
    1.8632510900497437,
    2.0829031467437744,
    2.3185067176818848,
    2.1422977447509766,
    2.311981678009033,
    2.3476052284240723,
    2.2220711708068848,
    2.4572532176971436,
    2.144759178161621,
    2.3122777938842773,
    2.3686742782592773
  ],
  "best_epoch": 24,
  "status": "ok",
  "grad_norm": [
    3.46166858134658,
    4.271236775794917,
    3.2000838747520013,
    3.2692459876603985,
    3.422512655442314,
    3.2876780155114234,
    3.409985171388756,
    3.190025071583305,
    3.0923451808588878,
    2.949082000102365,
    2.96574693137807,
    3.0866344267487045,
    3.3935139715945355,
    2.639003411194111,
    2.9546271921766145,
    2.6653402255739986,
    3.209130185595431,
    3.0414036369156565,
    2.8666496634308203,
    2.6655672091771434,
    2.837269526035192,
    3.3454755109154943,
    3.4135674432806384,
    2.898500442889581,
    3.340774676596029,
    2.9856933396136123,
    2.7458793551011005,
    2.7647467808835247,
    2.659815653144203,
    2.753891272752071,
    2.9747105182445193,
    2.566177536388681,
    2.837852859294038,
    2.64131116986291,
    2.454184013114867
  ],
  "beta_std": [
    0.8353976607322693,
    1.2036999464035034,
    0.9517092108726501,
    0.8585540056228638,
    0.9347265958786011,
    0.8661761283874512,
    0.8290389180183411,
    1.0012359619140625,
    0.9021431803703308,
    0.9309689998626709,
    1.0146938562393188,
    0.8832616806030273,
    1.0336198806762695,
    0.9741912484169006,
    0.9150072336196899,
    0.867239773273468,
    0.9528175592422485,
    0.8921803832054138,
    1.0380687713623047,
    0.8639429807662964,
    0.9510278701782227,
    1.009039282798767,
    1.1100242137908936,
    0.9169603586196899,
    1.084210991859436,
    0.9813589453697205,
    0.9822781085968018,
    0.9226202368736267,
    1.0517574548721313,
    1.0447723865509033,
    1.0379793643951416,
    0.9131529927253723,
    1.1263892650604248,
    0.9473693370819092,
    0.9603026509284973
  ],
  "beta_mean": [
    -0.12135356664657593,
    -0.45014217495918274,
    -0.48593318462371826,
    -0.14608220756053925,
    -0.42444178462028503,
    -0.27908995747566223,
    -0.30966717004776,
    -0.3350638449192047,
    -0.4282214343547821,
    -0.5109344720840454,
    -0.47140082716941833,
    -0.46165549755096436,
    -0.30341529846191406,
    -0.41792771220207214,
    -0.40740707516670227,
    -0.4121089279651642,
    -0.35550612211227417,
    -0.6411212086677551,
    -0.5244633555412292,
    -0.3164576292037964,
    -0.3919593095779419,
    -0.6367571353912354,
    -0.6027963161468506,
    -0.21193927526474,
    -0.45549696683883667,
    -0.41582080721855164,
    -0.3988654315471649,
    -0.5417777895927429,
    -0.5910687446594238,
    -0.6312596201896667,
    -0.2893112301826477,
    -0.5503528714179993,
    -0.46900758147239685,
    -0.5347356796264648,
    -0.36692801117897034
  ]
}