{
  "train_loss": [
    1.0246589178509182,
    0.7937388859436526,
    0.7596693014959146,
    0.7463220371837505,
    0.7368433944663109,
    0.7313926990687498,
    0.7226777323505335,
    0.715578275884104,
    0.7104002737301832,
    0.7029532511610734,
    0.6884812486241435,
    0.6879734992980957,
    0.6863978505692286,
    0.6892908852490766,
    0.6782455472221152,
    0.6788290901351394,
    0.6722235721593712,
    0.663845023105019,
    0.6625039754973517,
    0.6545257446779842,
    0.6637887582583735,
    0.6542718389856885,
    0.6668431254297669,
    0.6594045733987239,
    0.6573683767151415,
    0.6410049982238234,
    0.6430795475683714,
    0.6443445128725286,
    0.6349543979432848,
    0.6356836949175562,
    0.6434295540385776,
    0.6392516577313518,
    0.6261364157715736,
    0.6351438579224704,
    0.6365424685729177,
    0.6242195531778169,
    0.6322825113862579,
    0.6284559600116216,
    0.6247267925390723,
    0.6271683653056273,
    0.6297980694603502,
    0.6322396753684819,
    0.6191385278227733,
    0.6247161647869133
  ],
  "val_loss": [
    0.7693060636520386,
    0.7599762082099915,
    0.7287313938140869,
    0.7230482697486877,
    0.7040567994117737,
    0.7214800119400024,
    0.6937947273254395,
    0.6863895654678345,
    0.7194498777389526,
    0.6981704831123352,
    0.6843709349632263,
    0.6812589764595032,
    0.7004108428955078,
    0.6810197234153748,
    0.6632577180862427,
    0.674450159072876,
    0.6606544256210327,
    0.6644996404647827,
    0.6748191714286804,
    0.6615527272224426,
    0.6615538001060486,
    0.6763355135917664,
    0.6664783358573914,
    0.6468845009803772,
    0.6424029469490051,
    0.6350215077400208,
    0.6390700936317444,
    0.6472654938697815,
    0.651362419128418,
    0.6485400795936584,
    0.6554540395736694,
    0.6408427953720093,
    0.6406065225601196,
    0.6270515322685242,
    0.6356038451194763,
    0.6702950596809387,
    0.6753419637680054,
    0.6629475355148315,
    0.667722761631012,
    0.6376467943191528,
    0.6525070071220398,
    0.6275780200958252,
    0.6637647151947021,
    0.641595184803009
  ],
  "best_epoch": 33,
  "status": "ok",
  "grad_norm": [
    0.7306100586223666,
    0.7196403117647536,
    0.7023692015659282,
    0.7007542632308004,
    0.7070472889423394,
    0.713616874371644,
    0.7008102673091628,
    0.7282419848112163,
    0.7346035470428982,
    0.7072736202745578,
    0.7242788748954043,
    0.7306964924465048,
    0.7277897031403314,
    0.779151825184659,
    0.7233993219848659,
    0.7473272211891507,
    0.7458308332291972,
    0.7546734886821532,
    0.7319912228592809,
    0.7455212272133085,
    0.7716597755206456,
    0.7614053915641185,
    0.7688843032469822,
    0.7624981532433142,
    0.7587987635147373,
    0.7516678138461874,
    0.7893528825048034,
    0.7854394843073625,
    0.786196099354164,
    0.7880811374237612,
    0.7651754078198802,
    0.7719222016159408,
    0.7674117554698248,
    0.7719040179797098,
    0.7517888544056551,
    0.770279983908096,
    0.7687750241597497,
    0.7890870266561962,
    0.7756520104962336,
    0.7571797373488061,
    0.7762434890357596,
    0.7509844029027828,
    0.783540272556912,
    0.7921520937222299
  ],
  "beta_std": [
    0.8404369950294495,
    0.6522757411003113,
    0.668485164642334,
    0.8394478559494019,
    0.7624157667160034,
    0.678363561630249,
    0.714652419090271,
    0.7003395557403564,
    0.5461831092834473,
    0.790847897529602,
    0.7565085291862488,
    0.6773834228515625,
    0.970061182975769,
    0.7896992564201355,
    0.7745431661605835,
    0.7923431396484375,
    0.8180275559425354,
    0.7955318689346313,
    0.9104413986206055,
    0.7034070491790771,
    0.7210803627967834,
    0.8470386862754822,
    0.8580926060676575,
    0.7596307992935181,
    0.7905031442642212,
    0.8162596821784973,
    0.7131260633468628,
    0.8431952595710754,
    0.9115875959396362,
    0.8428862690925598,
    0.7449705004692078,
    0.7589218616485596,
    0.6784272193908691,
    0.7666225433349609,
    0.7549532055854797,
    0.6864948868751526,
    0.7086662650108337,
    0.7887927889823914,
    0.7327526807785034,
    0.8367894291877747,
    0.8235981464385986,
    0.8278667330741882,
    0.7453235387802124,
    0.6677671670913696
  ],
  "beta_mean": [
    -0.2859255075454712,
    -0.08930404484272003,
    -0.21984125673770905,
    -0.12947167456150055,
    -0.18233807384967804,
    -0.07484115660190582,
    -0.2423640489578247,
    -0.19454333186149597,
    -0.1025945395231247,
    0.0060101100243628025,
    -0.14942459762096405,
    -0.18745513260364532,
    -0.10841953754425049,
    -0.21028222143650055,
    -0.215704083442688,
    -0.15840330719947815,
    -0.1377948820590973,
    -0.023493511602282524,
    -0.1506398469209671,
    -0.12807932496070862,
    -0.2135399580001831,
    0.08639606088399887,
    -0.1802057921886444,
    -0.22998455166816711,
    -0.29333624243736267,
    -0.12839749455451965,
    -0.12358919531106949,
    -0.27209433913230896,
    -0.15850740671157837,
    -0.20644040405750275,
    -0.022884847596287727,
    -0.2239837944507599,
    -0.18282443284988403,
    -0.2166542261838913,
    -0.1780901402235031,
    -0.12279490381479263,
    -0.03467676416039467,
    -0.07432857900857925,
    -0.13452039659023285,
    -0.2144801914691925,
    -0.18274523317813873,
    -0.2167062908411026,
    -0.10619566589593887,
    -0.10418977588415146
  ]
}