{
  "train_loss": [
    1.054325592225058,
    0.7819395389891507,
    0.7669024173139829,
    0.747111027031614,
    0.7431523774102418,
    0.7298540313062613,
    0.7235220261484558,
    0.7159067495524535,
    0.7174146261689258,
    0.7065613525792173,
    0.7053820645181756,
    0.7033871090481852,
    0.6987399770084181,
    0.6995900334531103,
    0.6922282750704135,
    0.6964859763084099,
    0.6883511614520648,
    0.6909166606267293,
    0.6855832002176876,
    0.6944252211308619,
    0.6825824824968973
  ],
  "val_loss": [
    0.7929260730743408,
    0.7397602200508118,
    0.7288521528244019,
    0.7098088264465332,
    0.71524578332901,
    0.7114936113357544,
    0.7113983035087585,
    0.6857807636260986,
    0.7168914079666138,
    0.6851732730865479,
    0.6756749153137207,
    0.7193375825881958,
    0.6939026713371277,
    0.6975077390670776,
    0.6829781532287598,
    0.6831843852996826,
    0.6826961040496826,
    0.6802005767822266,
    0.6832862496376038,
    0.6794607639312744,
    0.68142169713974
  ],
  "best_epoch": 10,
  "status": "ok",
  "grad_norm": [
    0.897983436189862,
    0.7062471536178196,
    0.7115062059098854,
    0.6768595099454113,
    0.6712920771723105,
    0.6707239640487027,
    0.7112956763510837,
    0.6834429709486874,
    0.7049153849404517,
    0.687344144168706,
    0.684207804382278,
    0.7047963107479173,
    0.679006554219882,
    0.6863343180548115,
    0.6934342195819442,
    0.6901132650547365,
    0.6888300057734154,
    0.6893378108361833,
    0.70835676849513,
    0.7065383797511764,
    0.6846861367579729
  ],
  "beta_std": [
    0.827386200428009,
    0.5795665383338928,
    0.613315224647522,
    0.7865489721298218,
    0.7504246830940247,
    0.7661263346672058,
    0.5632439255714417,
    0.6521844863891602,
    0.6933339834213257,
    0.7623393535614014,
    0.7636069059371948,
    0.754488468170166,
    0.6685911417007446,
    0.752371609210968,
    0.7088829278945923,
    0.6601451635360718,
    0.751794695854187,
    0.7651998400688171,
    0.7055105566978455,
    0.7140932679176331,
    0.761847198009491
  ],
  "beta_mean": [
    -0.11053968220949173,
    -0.25024551153182983,
    -0.3464055359363556,
    -0.375990629196167,
    -0.21785156428813934,
    -0.20618991553783417,
    -0.25621894001960754,
    -0.226871058344841,
    -0.5020774006843567,
    -0.11850128322839737,
    -0.2979251444339752,
    -0.46285325288772583,
    -0.3810715973377228,
    -0.31135547161102295,
    -0.313655823469162,
    -0.3288101851940155,
    -0.21218007802963257,
    -0.30190491676330566,
    -0.09552734345197678,
    -0.24993424117565155,
    -0.3278905749320984
  ]
}