{
  "train_loss": [
    1.0475931045214335,
    0.7938944771024916,
    0.758749883863661,
    0.7504262690544128,
    0.7372410849465264,
    0.7329316339492797,
    0.7240865077972413,
    0.7249588411649068,
    0.7155412945747376,
    0.717456895881229,
    0.7095906054708693,
    0.7090965888765123,
    0.7016808027161492,
    0.6970086161295573,
    0.6946896316740248,
    0.6878453327284919,
    0.6959332567320929
  ],
  "val_loss": [
    0.771414041519165,
    0.733432948589325,
    0.7287189960479736,
    0.7072311043739319,
    0.7116417288780212,
    0.7394610047340393,
    0.6720553040504456,
    0.7112371921539307,
    0.7401500344276428,
    0.7167841196060181,
    0.6856785416603088,
    0.7052478194236755,
    0.6881968975067139,
    0.6736899614334106,
    0.6857608556747437,
    0.6841779947280884,
    0.7309890985488892
  ],
  "best_epoch": 6,
  "status": "ok",
  "grad_norm": [
    0.8541849673048254,
    0.7393888223794673,
    0.7274209780560265,
    0.7033007567316528,
    0.6788295171769739,
    0.6943891386347129,
    0.7013430244644859,
    0.731270551189442,
    0.7081579962905726,
    0.7116085414287565,
    0.6921069674441234,
    0.6992212070036464,
    0.695569802704611,
    0.6996711573867224,
    0.71014461825629,
    0.7175064946172409,
    0.6960915257973321
  ],
  "beta_std": [
    0.8747830390930176,
    0.7306391000747681,
    0.7920753955841064,
    0.7305975556373596,
    0.7886173129081726,
    0.6507247090339661,
    0.7361593246459961,
    0.7853516936302185,
    0.7480521202087402,
    0.9180944561958313,
    0.9034157395362854,
    0.7456939816474915,
    0.7336431741714478,
    0.8172106742858887,
    0.6709451675415039,
    0.7156876921653748,
    0.7824141383171082
  ],
  "beta_mean": [
    -0.17738772928714752,
    -0.09735240042209625,
    -0.21525219082832336,
    -0.18783050775527954,
    -0.33955442905426025,
    -0.2667914032936096,
    -0.3355518579483032,
    -0.254201203584671,
    -0.15175534784793854,
    -0.4790695905685425,
    -0.4371364116668701,
    -0.3591039180755615,
    -0.3158411383628845,
    -0.31202879548072815,
    -0.29840752482414246,
    -0.21942611038684845,
    -0.4108666479587555
  ]
}