{
  "train_loss": [
    0.955861687189267,
    0.788975158267551,
    0.7703915510059874,
    0.7511078346511464,
    0.7329908271483433,
    0.7475210495053985,
    0.7256263191317335,
    0.7275928230344514,
    0.7217879732155505,
    0.7098811685008767,
    0.7061412052460658,
    0.7037727731245536,
    0.6911012813780043,
    0.6876575260986516,
    0.6912048202090794,
    0.6904670936973006,
    0.6854768631193373,
    0.6816685865543507,
    0.6783712922790904,
    0.673581642633603,
    0.6662741764386495,
    0.6782324965059021,
    0.6636652344538841,
    0.6709991310555258,
    0.6540285161689475,
    0.6537335906499698,
    0.6540327078324777,
    0.6441086288440375,
    0.6523508992901554,
    0.6521280444109882,
    0.637687984160435,
    0.64678016088627,
    0.6361254475734852,
    0.6438838789050961,
    0.6418329339851567,
    0.6433470962371355,
    0.6360257135497199,
    0.6459608906286735,
    0.6257555883313403
  ],
  "val_loss": [
    0.807086169719696,
    0.727355420589447,
    0.7457084059715271,
    0.7187719345092773,
    0.8099717497825623,
    0.7260524034500122,
    0.6920302510261536,
    0.6924629807472229,
    0.6755370497703552,
    0.6805341243743896,
    0.6565938591957092,
    0.6940558552742004,
    0.6765996813774109,
    0.7126926183700562,
    0.6725266575813293,
    0.6867780089378357,
    0.6621646881103516,
    0.676235556602478,
    0.6642076373100281,
    0.6855151653289795,
    0.6376741528511047,
    0.6478156447410583,
    0.6735659241676331,
    0.6414270401000977,
    0.6554121971130371,
    0.6354625225067139,
    0.6417701840400696,
    0.6490918397903442,
    0.6303257942199707,
    0.6473867297172546,
    0.639654278755188,
    0.6705490946769714,
    0.6360574960708618,
    0.6532217264175415,
    0.6575719118118286,
    0.6686006188392639,
    0.6457917094230652,
    0.6510449051856995,
    0.6307629346847534
  ],
  "best_epoch": 28,
  "status": "ok",
  "grad_norm": [
    0.9143022823022778,
    0.8160969459855321,
    0.8236566252107492,
    0.7869359446349936,
    0.7931051331479627,
    0.78560050937331,
    0.7993105155346742,
    0.7736451274624108,
    0.776301053432899,
    0.7559100180595885,
    0.7881630209640099,
    0.7772840408839092,
    0.7718931914475339,
    0.8094101918604518,
    0.7776581311270659,
    0.7746027505848476,
    0.7900609357254019,
    0.7915599328557981,
    0.8021258788019073,
    0.7958393191645303,
    0.8367534607714279,
    0.8377905064350719,
    0.8307310702151377,
    0.8592953724563704,
    0.8100395134567074,
    0.8598344759636961,
    0.8110950332602942,
    0.8239381971553381,
    0.8371935709284745,
    0.8398429487986816,
    0.8418727999314424,
    0.849669171060875,
    0.8319668535796555,
    0.8489515555985643,
    0.8549997252343522,
    0.8611316907003235,
    0.8302042438858558,
    0.8686759676240514,
    0.8622148474707307
  ],
  "beta_std": [
    0.7524744868278503,
    0.8698902130126953,
    0.6467974781990051,
    0.7850823998451233,
    0.6388005614280701,
    0.7636712789535522,
    0.8584416508674622,
    0.712857723236084,
    0.7700804471969604,
    0.6540226936340332,
    0.7468937635421753,
    0.7484383583068848,
    0.762506365776062,
    0.778351366519928,
    0.8500803112983704,
    0.6953293681144714,
    0.7326023578643799,
    0.7722166180610657,
    0.8075886964797974,
    0.6579474210739136,
    0.6788683533668518,
    0.7960662245750427,
    0.6806792616844177,
    0.7698702812194824,
    0.7456958293914795,
    0.82183438539505,
    0.7862452268600464,
    0.6464972496032715,
    0.7085332274436951,
    0.6976081132888794,
    0.6950770020484924,
    0.7907038927078247,
    0.7467702627182007,
    0.662929892539978,
    0.8530170321464539,
    0.7308948636054993,
    0.8482177257537842,
    0.8708028197288513,
    0.8417438864707947
  ],
  "beta_mean": [
    -0.15654174983501434,
    -0.4621181786060333,
    -0.15800267457962036,
    -0.32331204414367676,
    0.004919765051454306,
    -0.43802985548973083,
    -0.18469886481761932,
    -0.3097207844257355,
    -0.2893272936344147,
    -0.26558613777160645,
    -0.36273980140686035,
    -0.18241529166698456,
    -0.3240492641925812,
    -0.3135331869125366,
    -0.3912495970726013,
    -0.23481939733028412,
    -0.312372088432312,
    -0.18905086815357208,
    -0.11804987490177155,
    -0.19908080995082855,
    -0.32944193482398987,
    -0.35242709517478943,
    -0.5400228500366211,
    -0.28076937794685364,
    -0.2822132706642151,
    -0.23796504735946655,
    -0.2542653977870941,
    -0.2582007348537445,
    -0.18000265955924988,
    -0.371005117893219,
    -0.11003130674362183,
    -0.20065583288669586,
    -0.2660081386566162,
    -0.3596426844596863,
    -0.2775779962539673,
    -0.2624349594116211,
    -0.17387007176876068,
    -0.3604557514190674,
    -0.4658264219760895
  ]
}