{
  "train_loss": [
    0.9737145368204095,
    0.7889924530269338,
    0.7705392901589271,
    0.7446795404092524,
    0.7374791994116474,
    0.7419566125556185,
    0.7241419454010165,
    0.7168306264206936,
    0.7076627200152599,
    0.7052850161820583,
    0.6970676891387455,
    0.6986862696757933,
    0.691831384656651,
    0.6898525786778283,
    0.6837820029853423,
    0.6931652571338645,
    0.6859664847250698,
    0.6765808320640166,
    0.6669678074162022,
    0.6782594468588191,
    0.6664640402307316,
    0.6724909064450773,
    0.6691987194171568,
    0.6642919306311748,
    0.6638408727116055,
    0.658052693418905,
    0.6619227128910099,
    0.6559976476930978,
    0.6504668875075792,
    0.6478797915571131,
    0.6609782361389558,
    0.6494263422462134,
    0.6524502576343597,
    0.6510496123037101,
    0.6399845267639679,
    0.64849572289828,
    0.6488644704256469,
    0.6453123149958327,
    0.6439259213655173,
    0.647624666052881,
    0.65529458068666,
    0.6473075946983026,
    0.6378903425740007,
    0.6354281938535556,
    0.6383240386201681
  ],
  "val_loss": [
    0.7846699357032776,
    0.7628862857818604,
    0.7498064041137695,
    0.7191951870918274,
    0.7466740608215332,
    0.719498872756958,
    0.7070363759994507,
    0.7075991034507751,
    0.6991228461265564,
    0.6921678185462952,
    0.6649947762489319,
    0.680290162563324,
    0.698724091053009,
    0.6824129819869995,
    0.6777854561805725,
    0.6690564155578613,
    0.6997714042663574,
    0.7055986523628235,
    0.7029348015785217,
    0.6584149599075317,
    0.6678193211555481,
    0.6790563464164734,
    0.6948932409286499,
    0.6936590671539307,
    0.6730056405067444,
    0.6771264672279358,
    0.6647896766662598,
    0.6497285962104797,
    0.6846382021903992,
    0.6714732646942139,
    0.6532704830169678,
    0.672245442867279,
    0.6564193964004517,
    0.6462759971618652,
    0.6417449116706848,
    0.660200297832489,
    0.6490449905395508,
    0.651053786277771,
    0.6712580323219299,
    0.6924207806587219,
    0.6752391457557678,
    0.6894153356552124,
    0.6495496034622192,
    0.6693341732025146,
    0.6422773003578186
  ],
  "best_epoch": 34,
  "status": "ok",
  "grad_norm": [
    0.8730633806513289,
    0.7994850177230515,
    0.7525196345562865,
    0.7182357093133964,
    0.7388286590803406,
    0.7716896131030986,
    0.7704381935119192,
    0.7408674120128317,
    0.7904398336463588,
    0.7885868993390792,
    0.7660623877925381,
    0.7748657692453301,
    0.7855026133364519,
    0.7732091156108861,
    0.7681501220386167,
    0.8014002072462149,
    0.7950958324015657,
    0.764665948332189,
    0.7943748514561852,
    0.7790385929080257,
    0.8057120075930494,
    0.7953756081382695,
    0.7934654079341,
    0.7944885736882843,
    0.7792614704245326,
    0.7975055813592407,
    0.8123709907029304,
    0.806629533359298,
    0.7815342120409539,
    0.7940015164713412,
    0.799322210647849,
    0.7891144993819482,
    0.8093605433684602,
    0.7925247690876874,
    0.7666867410055402,
    0.8185597697382129,
    0.8026514051754908,
    0.7969689864664524,
    0.8249798781836318,
    0.8360575103729444,
    0.8119014650019111,
    0.8143354132614765,
    0.8032090529791194,
    0.8147143981475343,
    0.8019971573447106
  ],
  "beta_std": [
    0.6858539581298828,
    0.4943601191043854,
    0.7260172367095947,
    0.6109070777893066,
    0.8142863512039185,
    0.7401883602142334,
    0.6597980856895447,
    0.5980477333068848,
    0.6088511943817139,
    0.6585392355918884,
    0.7660247087478638,
    0.7394410371780396,
    0.779625415802002,
    0.596428632736206,
    0.7376337647438049,
    0.7369996905326843,
    0.7211615443229675,
    0.8290383815765381,
    0.5827263593673706,
    0.7956584692001343,
    0.729503333568573,
    0.8299837112426758,
    0.8047817349433899,
    0.7159340977668762,
    0.7603473663330078,
    0.80277019739151,
    0.792057991027832,
    0.6601983308792114,
    0.7344422340393066,
    0.7041662335395813,
    0.8442884683609009,
    0.7392368316650391,
    0.7273744940757751,
    0.6490224003791809,
    0.6888551115989685,
    0.731537401676178,
    0.8043323159217834,
    0.747938871383667,
    0.7098491191864014,
    0.7106038331985474,
    0.7209715247154236,
    0.8495259284973145,
    0.7276081442832947,
    0.7468799352645874,
    0.6940404772758484
  ],
  "beta_mean": [
    -0.0934676006436348,
    -0.22276969254016876,
    -0.11219284683465958,
    -0.2647334933280945,
    -0.354356974363327,
    -0.20329944789409637,
    -0.26301339268684387,
    -0.29834532737731934,
    -0.32770994305610657,
    -0.2880798578262329,
    -0.20537033677101135,
    -0.050695065408945084,
    -0.1747865080833435,
    -0.26721858978271484,
    -0.2575766146183014,
    -0.008504861034452915,
    -0.16827891767024994,
    -0.24665381014347076,
    -0.2556599974632263,
    -0.23377704620361328,
    -0.14163073897361755,
    -0.11233291774988174,
    -0.11114528775215149,
    -0.2924553453922272,
    -0.04324930161237717,
    -0.20642496645450592,
    -0.12575891613960266,
    -0.1272268295288086,
    -0.30231741070747375,
    -0.21149086952209473,
    -0.08025115728378296,
    -0.0433729812502861,
    -0.0683443695306778,
    -0.20123489201068878,
    -0.0775718092918396,
    0.03176840394735336,
    -0.14366430044174194,
    -0.12710633873939514,
    -0.22703474760055542,
    -0.14057056605815887,
    -0.13225141167640686,
    -0.2036157101392746,
    -0.06189790740609169,
    -0.24665416777133942,
    -0.059796229004859924
  ]
}