{
  "train_loss": [
    0.9625683004179119,
    0.7809622822278811,
    0.7681646826237808,
    0.7541916765401393,
    0.7415078753306542,
    0.7378398908214805,
    0.7260047446945567,
    0.7254898727087327,
    0.7062966131575313,
    0.7067365108890298,
    0.6983493469968254,
    0.69725391143634,
    0.6999060194580643,
    0.6935728382769926,
    0.6897551863870502,
    0.6835877780855438,
    0.6724107274597074,
    0.6776774095311577,
    0.6753111949379061,
    0.6633252667792049,
    0.6649280015333199,
    0.6601126870696927,
    0.6571224441057371,
    0.6516998441131027,
    0.654114411112703,
    0.6555137584827564,
    0.6397549525013676,
    0.6414346818570738,
    0.6434287131568532,
    0.6501725861466962,
    0.6303364338992554,
    0.6424406908176563,
    0.6347559043213173,
    0.6304026847709844,
    0.6334738587155754,
    0.6254023973147075,
    0.6222562453187542,
    0.634581091992649,
    0.629796009829015,
    0.6282652344232724,
    0.6226327042520782,
    0.6307217507009153
  ],
  "val_loss": [
    0.7386695742607117,
    0.7316972017288208,
    0.7078673243522644,
    0.6681749224662781,
    0.6863845586776733,
    0.666350781917572,
    0.6778796315193176,
    0.6634912490844727,
    0.6616901159286499,
    0.6422850489616394,
    0.6651217937469482,
    0.6933211088180542,
    0.6446787714958191,
    0.6600584387779236,
    0.696520984172821,
    0.6388455033302307,
    0.6455293893814087,
    0.6365277767181396,
    0.6589576005935669,
    0.6310765147209167,
    0.6382365822792053,
    0.6383130550384521,
    0.6739153265953064,
    0.6136288642883301,
    0.6560463309288025,
    0.6428449153900146,
    0.6242566108703613,
    0.6363205313682556,
    0.6298078298568726,
    0.6260005235671997,
    0.6494066119194031,
    0.6096246838569641,
    0.6365569829940796,
    0.6169316172599792,
    0.6221297383308411,
    0.6266462802886963,
    0.6269752383232117,
    0.6288846731185913,
    0.6269254684448242,
    0.6211093068122864,
    0.6278891563415527,
    0.6385002732276917
  ],
  "best_epoch": 31,
  "status": "ok",
  "grad_norm": [
    0.9326401217302767,
    0.8674400038120452,
    0.7797970888448353,
    0.8045218602951045,
    0.7790128568442531,
    0.7860078842294776,
    0.7914403737103868,
    0.8044256359345856,
    0.7646154310828169,
    0.7891064105969771,
    0.7746114307859419,
    0.7906499828045506,
    0.7851844775172764,
    0.8099016815316186,
    0.8087160817464841,
    0.8137110453508867,
    0.7891213321616932,
    0.8261582345464435,
    0.8266871268985164,
    0.7865819214324715,
    0.8190681361522356,
    0.8597611297893079,
    0.8444336984397833,
    0.8083566836725661,
    0.841797886290099,
    0.8615021443928681,
    0.8264510200325417,
    0.8612845880953671,
    0.844516325727007,
    0.8365926111895685,
    0.8618870163924869,
    0.8667499351182892,
    0.8513344214231219,
    0.8468825344226164,
    0.8394451112402351,
    0.8414975226823076,
    0.8671280841278923,
    0.8719574685522324,
    0.8787306331118663,
    0.854784590605428,
    0.8788218622843986,
    0.8497624597542021
  ],
  "beta_std": [
    0.6121397018432617,
    0.8131526708602905,
    0.7572221755981445,
    0.8487488627433777,
    0.9330330491065979,
    0.8514175415039062,
    0.8019267916679382,
    0.7479827404022217,
    0.6511143445968628,
    0.6864466071128845,
    0.8188403248786926,
    0.7068800926208496,
    0.669089674949646,
    0.7679399251937866,
    0.8623188138008118,
    0.632045567035675,
    0.7651792764663696,
    0.6383092999458313,
    0.8487725853919983,
    0.759419858455658,
    0.8391044735908508,
    0.7241677045822144,
    0.6672132015228271,
    0.9837504029273987,
    0.8211490511894226,
    0.6615046858787537,
    0.7944987416267395,
    0.7415443658828735,
    0.6942676305770874,
    0.6370828747749329,
    0.777671754360199,
    0.6811590194702148,
    0.7283223867416382,
    0.7922928333282471,
    0.7946046590805054,
    0.6861617565155029,
    0.8998928666114807,
    0.8073989748954773,
    0.7284233570098877,
    0.7699324488639832,
    0.7696066498756409,
    0.7377592921257019
  ],
  "beta_mean": [
    -0.0941791757941246,
    -0.2288033664226532,
    -0.4091809093952179,
    -0.4055001437664032,
    -0.2711406350135803,
    -0.1736532300710678,
    -0.3509518504142761,
    -0.10402330756187439,
    -0.28355172276496887,
    -0.40633711218833923,
    -0.4206727147102356,
    -0.14162452518939972,
    -0.27920258045196533,
    -0.24165655672550201,
    -0.33327311277389526,
    -0.3807559609413147,
    -0.44823768734931946,
    -0.3235665261745453,
    -0.4138093590736389,
    0.024555865675210953,
    -0.34415295720100403,
    -0.18917429447174072,
    -0.26605224609375,
    -0.45037469267845154,
    -0.40578630566596985,
    -0.4095313847064972,
    -0.18809986114501953,
    -0.34145936369895935,
    -0.2213171422481537,
    -0.44978034496307373,
    -0.25470951199531555,
    -0.3509787917137146,
    -0.3862208425998688,
    -0.2633867859840393,
    -0.21844841539859772,
    -0.20246776938438416,
    -0.43051859736442566,
    -0.24361544847488403,
    -0.3840625584125519,
    -0.33734041452407837,
    -0.3117559552192688,
    -0.06299339234828949
  ]
}