{
  "train_loss": [
    0.9399678275698707,
    0.788459222846561,
    0.7700157827530859,
    0.7572805773914536,
    0.7416559514545259,
    0.7367206967877152,
    0.7333724738518937,
    0.7077596461691824,
    0.7210366161502137,
    0.7064205108316036,
    0.7134429325592491,
    0.7043590229925385,
    0.700531290853375,
    0.6851346994743867,
    0.6882743381318592,
    0.6770476705633324,
    0.6850975221787451,
    0.6748547094208853,
    0.6730047728198997,
    0.6671593610391595,
    0.6712319352999836,
    0.6643124655531107,
    0.6597265726584696,
    0.652138244348859,
    0.651521108642457,
    0.6652444468604194,
    0.6548722190651494,
    0.6507289512898106,
    0.6544055554331566,
    0.6546211643554186,
    0.6438133584128486,
    0.6410008546446456,
    0.6455012425814086,
    0.6366677762970092,
    0.6306807225523622,
    0.6387089137047056,
    0.6317221887257635,
    0.6285799237876252,
    0.6271755087943304,
    0.6278670802138019,
    0.6262843037678811
  ],
  "val_loss": [
    0.8107951879501343,
    0.7416748404502869,
    0.7241631150245667,
    0.7287687063217163,
    0.7097090482711792,
    0.6861985921859741,
    0.693182110786438,
    0.6991503834724426,
    0.697210967540741,
    0.6848874092102051,
    0.7048130035400391,
    0.6808125376701355,
    0.6742450594902039,
    0.6844611763954163,
    0.6441785097122192,
    0.6569815278053284,
    0.6827868819236755,
    0.691680908203125,
    0.6679964065551758,
    0.6708701252937317,
    0.6703487634658813,
    0.6418169140815735,
    0.6877888441085815,
    0.6442716717720032,
    0.637180745601654,
    0.6249867677688599,
    0.6557449698448181,
    0.6719105839729309,
    0.6436637043952942,
    0.6243914365768433,
    0.6043030619621277,
    0.6280706524848938,
    0.6141265630722046,
    0.6285193562507629,
    0.6422125101089478,
    0.6212860941886902,
    0.6406646370887756,
    0.651543140411377,
    0.6090466976165771,
    0.6270125508308411,
    0.629003643989563
  ],
  "best_epoch": 30,
  "status": "ok",
  "grad_norm": [
    0.9064474224776655,
    0.8884658997234517,
    0.8229417268951004,
    0.8562831313282312,
    0.7825367698303302,
    0.7865543062773511,
    0.799353593229025,
    0.7857609753841105,
    0.8117625008968055,
    0.7987764280348664,
    0.7958795036379208,
    0.7988175346688774,
    0.8273716802273439,
    0.7966461626546374,
    0.8034950001512909,
    0.7792653859258967,
    0.8434440759366725,
    0.7953030245171242,
    0.8128342271864171,
    0.8524299135970422,
    0.80104528593881,
    0.8178445031317263,
    0.8368410673957409,
    0.8280393355206885,
    0.8269746237891079,
    0.8495754824202628,
    0.8406527843492672,
    0.8140297530566416,
    0.8275572900410918,
    0.8555954346597502,
    0.8372584216313799,
    0.8607818967823543,
    0.8274748849220057,
    0.8387747240441419,
    0.8501227831775157,
    0.8586926761789753,
    0.8696169686002952,
    0.8968431985999947,
    0.8392071662060231,
    0.8438173910065311,
    0.8445722147506803
  ],
  "beta_std": [
    0.8634871244430542,
    0.7620032429695129,
    0.7599268555641174,
    0.7087914943695068,
    0.7271153926849365,
    0.8672784566879272,
    0.7781257033348083,
    0.7031077146530151,
    0.7082722187042236,
    0.7248083353042603,
    0.7478777766227722,
    0.7760254740715027,
    0.7614909410476685,
    0.6608084440231323,
    0.8123142719268799,
    0.888655960559845,
    0.7824996113777161,
    0.7982458472251892,
    0.6581337451934814,
    0.769233226776123,
    0.7253352999687195,
    0.8458778262138367,
    0.7028947472572327,
    0.8990972638130188,
    0.7002421021461487,
    0.7390867471694946,
    0.6813880801200867,
    0.9033211469650269,
    0.6924352645874023,
    0.7530882954597473,
    0.6792277693748474,
    0.7036165595054626,
    0.7329617142677307,
    0.7332682609558105,
    0.7381994724273682,
    0.7006938457489014,
    0.7887474298477173,
    0.7584132552146912,
    0.7662044763565063,
    0.6152324676513672,
    0.7321131229400635
  ],
  "beta_mean": [
    0.004745704587548971,
    -0.27110615372657776,
    -0.07111416757106781,
    -0.10684332996606827,
    -0.30079230666160583,
    -0.2372535616159439,
    -0.051836539059877396,
    -0.34220194816589355,
    -0.2884790897369385,
    -0.3090505003929138,
    -0.22681058943271637,
    -0.046428609639406204,
    -0.08483988046646118,
    -0.3607543408870697,
    -0.18072369694709778,
    -0.2605753540992737,
    -0.272362619638443,
    -0.041871339082717896,
    -0.18421050906181335,
    -0.23632270097732544,
    -0.32591512799263,
    -0.16775360703468323,
    -0.22903521358966827,
    -0.3633812963962555,
    -0.15318533778190613,
    -0.24198901653289795,
    -0.19222098588943481,
    -0.29509055614471436,
    -0.2124134600162506,
    -0.28793197870254517,
    -0.2727034091949463,
    -0.006955394055694342,
    -0.3804633915424347,
    -0.25400274991989136,
    -0.17557989060878754,
    -0.291153222322464,
    -0.2660056948661804,
    -0.17155539989471436,
    -0.504474937915802,
    -0.21131248772144318,
    -0.13483330607414246
  ]
}