{
  "train_loss": [
    0.9174319656160143,
    0.7687514492670695,
    0.7492744080225626,
    0.7450727233886719,
    0.736228577931722,
    0.713508761882782,
    0.7111248899565803,
    0.7025246911048889,
    0.7018503016365899,
    0.7034805421829223,
    0.6832238637606303,
    0.6831929189893935,
    0.6925287977324591,
    0.6872928183873495,
    0.6710350692537096,
    0.6700305195384555,
    0.6647509880595737,
    0.6608084088961284,
    0.6736575708389282,
    0.6729197539753384,
    0.6561466374397278,
    0.6595755339728462,
    0.6580658395025465,
    0.6600771272977193,
    0.6546010787751939,
    0.6453447305891249,
    0.6539218569331698,
    0.6495358296500312,
    0.6391330208248562,
    0.6496565293735928,
    0.6369594465361701,
    0.6445776700443692,
    0.6370358174641927,
    0.6351305007404752,
    0.6360140482584635,
    0.6263772071202596,
    0.6261549568706088,
    0.625093442387051,
    0.6172588354216682,
    0.6280124606556362,
    0.6267988855573866
  ],
  "val_loss": [
    0.7691258788108826,
    0.7490642070770264,
    0.7648521661758423,
    0.7245185971260071,
    0.7097182273864746,
    0.7330347299575806,
    0.69877028465271,
    0.7251777052879333,
    0.7279512286186218,
    0.6906980276107788,
    0.6872511506080627,
    0.6970745921134949,
    0.6679679155349731,
    0.6764830350875854,
    0.6980416178703308,
    0.66839599609375,
    0.655807614326477,
    0.6575328707695007,
    0.6652736067771912,
    0.6587913036346436,
    0.6677531599998474,
    0.6469857692718506,
    0.6721184253692627,
    0.658342719078064,
    0.6368298530578613,
    0.6571630239486694,
    0.6205570101737976,
    0.6260047554969788,
    0.6702967286109924,
    0.6414200663566589,
    0.6124679446220398,
    0.6455810070037842,
    0.6255075335502625,
    0.6273895502090454,
    0.6166785955429077,
    0.6627823114395142,
    0.631452739238739,
    0.6247084736824036,
    0.6280695199966431,
    0.6165259480476379,
    0.6475770473480225
  ],
  "best_epoch": 30,
  "status": "ok",
  "grad_norm": [
    0.8940339344543342,
    0.8359519414982747,
    0.7943370776745857,
    0.7999815197001179,
    0.7924187011649513,
    0.7571109484137818,
    0.7665200785481037,
    0.7918234066575166,
    0.7706968622384992,
    0.7486973347266043,
    0.7814798376131626,
    0.7674602552333473,
    0.7964294340082628,
    0.783890677661895,
    0.7687299491495886,
    0.7532094233383687,
    0.7754758715430661,
    0.7821154668675844,
    0.838738325737553,
    0.8281478559382753,
    0.8024355207685852,
    0.8327209601728623,
    0.8152767718290762,
    0.8514671547168652,
    0.8403269736783041,
    0.843472544811667,
    0.8645092414752109,
    0.8481051188875101,
    0.8335366093308034,
    0.8513199195452659,
    0.8776809961170169,
    0.834398889120499,
    0.8253236711652324,
    0.8368548190067164,
    0.8657997804834053,
    0.8394615262991278,
    0.8362608146095893,
    0.8656815555014382,
    0.8566502101260427,
    0.8582815298764614,
    0.8416590085190614
  ],
  "beta_std": [
    0.834159791469574,
    0.5317100882530212,
    0.617874264717102,
    0.5754222273826599,
    0.8024947643280029,
    0.6543620824813843,
    0.9243830442428589,
    0.7435327172279358,
    0.7878129482269287,
    0.7524814009666443,
    0.6380165815353394,
    0.7157139778137207,
    0.6090594530105591,
    0.6706369519233704,
    0.7560007572174072,
    0.8245718479156494,
    0.6825991272926331,
    0.6450179815292358,
    0.7931700944900513,
    0.8157113194465637,
    0.894717276096344,
    0.5495203137397766,
    0.6762437224388123,
    0.8311358690261841,
    0.8171722888946533,
    0.7351661324501038,
    0.9340273141860962,
    0.8532607555389404,
    0.6991636753082275,
    0.7455533146858215,
    0.808118462562561,
    0.6311950087547302,
    0.7759161591529846,
    0.8070177435874939,
    0.6377912163734436,
    0.7886528372764587,
    0.7945243716239929,
    0.874886155128479,
    0.7867144346237183,
    0.8671668767929077,
    0.7640688419342041
  ],
  "beta_mean": [
    -0.16743429005146027,
    -0.08978652954101562,
    -0.20728342235088348,
    -0.10634414851665497,
    -0.2462664246559143,
    -0.13879388570785522,
    -0.16763804852962494,
    -0.15899288654327393,
    -0.037500083446502686,
    -0.06496155261993408,
    -0.09928916394710541,
    -0.06862001121044159,
    -0.10101327300071716,
    -0.18964307010173798,
    -0.1437695026397705,
    -0.08606937527656555,
    -0.40627673268318176,
    0.07563116401433945,
    -0.2953437268733978,
    -0.4167863726615906,
    -0.04501151293516159,
    -0.2930714786052704,
    -0.1136208176612854,
    -0.286653995513916,
    -0.23250402510166168,
    -0.17388777434825897,
    -0.08532428741455078,
    -0.12096354365348816,
    0.046338293701410294,
    0.008220573887228966,
    0.032022569328546524,
    -0.07933954149484634,
    -0.05072707310318947,
    -0.18940438330173492,
    -0.18914498388767242,
    -0.28913044929504395,
    -0.30084383487701416,
    -0.1686437427997589,
    -0.06186332181096077,
    -0.29657867550849915,
    -0.13333046436309814
  ]
}