{
  "train_loss": [
    0.9846374396218194,
    0.7739263478385078,
    0.7441817711724176,
    0.7350432147979736,
    0.7184210472636753,
    0.7127603700955709,
    0.7121950440936619,
    0.7113804727130466,
    0.6993697084850735,
    0.7059397386974758,
    0.6942063043382433,
    0.6943682780265809,
    0.6890699500507779,
    0.6820980945163303,
    0.6792897371186151,
    0.6786390977965461,
    0.6702516029675801,
    0.6688982104195489,
    0.6736543774604797,
    0.6619921540154351,
    0.665619117365943,
    0.658515129354265,
    0.6555027084350586,
    0.660618402534061,
    0.6540600856145223,
    0.6578555389510261,
    0.6606951971054077,
    0.6523693994416131,
    0.652574185291926,
    0.6486008529663085,
    0.6540022855334812,
    0.6541690210766262,
    0.6405164475970798,
    0.6433987853791978,
    0.645164087401496,
    0.6493961266941495,
    0.6424235196643405,
    0.6444657528135511,
    0.6415966384675768,
    0.6436527002652486,
    0.6407042439248827,
    0.6289687133100298,
    0.6376719942622715
  ],
  "val_loss": [
    0.7235029339790344,
    0.7198482751846313,
    0.685746431350708,
    0.6782436370849609,
    0.6541610360145569,
    0.6555106043815613,
    0.6757280230522156,
    0.654109001159668,
    0.6449474096298218,
    0.6282798647880554,
    0.6480705738067627,
    0.6558929681777954,
    0.6482992172241211,
    0.6337582468986511,
    0.6513638496398926,
    0.6135643124580383,
    0.6393660306930542,
    0.6147019267082214,
    0.6226980090141296,
    0.6104751229286194,
    0.6182290315628052,
    0.6195812821388245,
    0.6297896504402161,
    0.6243394613265991,
    0.6529486179351807,
    0.6122636198997498,
    0.6414344906806946,
    0.609434962272644,
    0.6203958988189697,
    0.6272618770599365,
    0.6124385595321655,
    0.6051755547523499,
    0.5985167622566223,
    0.6507421731948853,
    0.6215204000473022,
    0.6170429587364197,
    0.6169163584709167,
    0.6135641932487488,
    0.6054177284240723,
    0.6389906406402588,
    0.6229782700538635,
    0.6057578325271606,
    0.6199196577072144
  ],
  "best_epoch": 32,
  "status": "ok",
  "grad_norm": [
    0.9439021212437937,
    0.8307669874727582,
    0.7878066458243468,
    0.7585619828936384,
    0.7402968008009597,
    0.7381506979582352,
    0.7382679149142182,
    0.7620279497161908,
    0.7592740090956395,
    0.7710350104143597,
    0.7314687893799552,
    0.7511035876626928,
    0.731347399372635,
    0.74474558013749,
    0.7391129728069631,
    0.7713937774322416,
    0.7574218069228293,
    0.7589179340259432,
    0.7941057491080158,
    0.7629024309086754,
    0.7734145700707734,
    0.7957388351179266,
    0.7494946857628636,
    0.7936748009206019,
    0.8189403838206749,
    0.796774307017347,
    0.8257235135170198,
    0.809382776412014,
    0.7971011895161263,
    0.7922952512084983,
    0.7922671887374906,
    0.820206313205654,
    0.8490893046909511,
    0.8314693680231656,
    0.8055039784037694,
    0.8263189837885222,
    0.8233013053424291,
    0.8203934005688597,
    0.8106676666609379,
    0.8362829100782805,
    0.8419904484642173,
    0.7989148284889545,
    0.8683962698529475
  ],
  "beta_std": [
    0.6704739928245544,
    0.7519434094429016,
    0.8607808351516724,
    0.5749613642692566,
    0.7675479054450989,
    0.8598511815071106,
    0.6271644830703735,
    0.7711995840072632,
    0.779737114906311,
    0.7114551663398743,
    0.8395623564720154,
    0.7617046236991882,
    0.8084185123443604,
    0.865858793258667,
    0.7475741505622864,
    0.7063212394714355,
    0.8292859792709351,
    0.9508957266807556,
    0.6623298525810242,
    0.80784010887146,
    0.8197436928749084,
    0.7475963234901428,
    0.8176252841949463,
    0.8546149730682373,
    0.8064173460006714,
    0.7798591256141663,
    0.8632693290710449,
    0.7513506412506104,
    0.680259108543396,
    0.7694533467292786,
    0.8600706458091736,
    0.7498612999916077,
    0.6646711826324463,
    0.7033463716506958,
    0.7898210287094116,
    0.8454641699790955,
    0.7484102845191956,
    0.674608051776886,
    0.8576739430427551,
    0.7212304472923279,
    0.6328213214874268,
    0.8379971385002136,
    0.8221197724342346
  ],
  "beta_mean": [
    0.06377404928207397,
    -0.2928727865219116,
    -0.4870995879173279,
    -0.3167497515678406,
    -0.22361676394939423,
    -0.2574053704738617,
    -0.5013507008552551,
    -0.3017481565475464,
    -0.11892668902873993,
    -0.2055397629737854,
    -0.3746095895767212,
    -0.32015475630760193,
    -0.0680735781788826,
    -0.21241292357444763,
    -0.17663396894931793,
    -0.20167696475982666,
    -0.08934243768453598,
    -0.14066718518733978,
    -0.3127775192260742,
    -0.33254188299179077,
    0.03885899484157562,
    -0.07617809623479843,
    -0.12245185673236847,
    -0.2605578303337097,
    -0.4405233860015869,
    -0.15002518892288208,
    -0.13078607618808746,
    -0.2453305423259735,
    -0.15678316354751587,
    -0.43585488200187683,
    -0.1646825224161148,
    -0.2118493616580963,
    -0.1877039521932602,
    -0.4044511914253235,
    -0.1315671056509018,
    -0.21986837685108185,
    -0.014482049271464348,
    -0.16093532741069794,
    -0.3234904110431671,
    -0.1768045574426651,
    -0.15695296227931976,
    -0.22062590718269348,
    -0.026658261194825172
  ]
}