{
  "train_loss": [
    0.9386853671603733,
    0.7696540892389085,
    0.745092080699073,
    0.73716083712048,
    0.7245186306635538,
    0.7218944999906752,
    0.707208756658766,
    0.6941839299731785,
    0.6892162042723762,
    0.6849809755749172,
    0.6801851121584574,
    0.6709370183944702,
    0.6721917376518249,
    0.6723373673227099,
    0.6605529887941148,
    0.6550985401471456,
    0.6569831486807929,
    0.6509020835028755,
    0.6623770984013876,
    0.6487730556594001,
    0.6541758182313707,
    0.649725287967258,
    0.6483115519417657,
    0.6394829382896423,
    0.6484230765236748,
    0.6489212393230862,
    0.6338119857576159
  ],
  "val_loss": [
    0.7335392832756042,
    0.7330926656723022,
    0.7025175094604492,
    0.7262824773788452,
    0.6806793212890625,
    0.6536813378334045,
    0.6587888598442078,
    0.6492189168930054,
    0.6628659963607788,
    0.6750020980834961,
    0.6620888113975525,
    0.671302855014801,
    0.651994526386261,
    0.6327704787254333,
    0.631762683391571,
    0.6226054430007935,
    0.612658679485321,
    0.6219185590744019,
    0.637705385684967,
    0.6529390811920166,
    0.6362922191619873,
    0.631833016872406,
    0.6228010654449463,
    0.6122099757194519,
    0.6364246606826782,
    0.634175717830658,
    0.6230487823486328
  ],
  "best_epoch": 16,
  "status": "ok",
  "grad_norm": [
    0.9038022609813515,
    0.8770166896772882,
    0.8149598374935755,
    0.816186497469196,
    0.8338330687005213,
    0.7962816958987301,
    0.8214127934651513,
    0.7664779898910954,
    0.8058856825925985,
    0.8004545559319448,
    0.7835226472527876,
    0.7762815143661795,
    0.7936937918243808,
    0.8132284292220633,
    0.8152124985976039,
    0.7900101681405671,
    0.8456371836147879,
    0.7944747608286604,
    0.8534342708124683,
    0.7982294577624245,
    0.8371617886518503,
    0.7947694627200688,
    0.7907393853983475,
    0.8332832320223996,
    0.8227208151411739,
    0.8388823607185902,
    0.7881523961279366
  ],
  "beta_std": [
    0.6873072385787964,
    0.6526353359222412,
    0.8608033657073975,
    0.657750129699707,
    0.5993602275848389,
    0.7953658699989319,
    0.7029964923858643,
    0.7964704036712646,
    0.8193702697753906,
    0.751197099685669,
    0.8195521235466003,
    0.6849207282066345,
    0.7823924422264099,
    0.738358199596405,
    0.8486696481704712,
    0.7877901196479797,
    0.8030872941017151,
    0.7720983028411865,
    0.8335341215133667,
    0.8161373734474182,
    0.6211026906967163,
    0.8172317743301392,
    0.7535176873207092,
    0.7634702324867249,
    0.7284913659095764,
    0.7225869297981262,
    0.7053340673446655
  ],
  "beta_mean": [
    -0.3235384523868561,
    -0.30726468563079834,
    -0.2589935064315796,
    -0.2544938623905182,
    -0.2746032178401947,
    -0.3014014959335327,
    -0.13940264284610748,
    -0.1592276245355606,
    -0.17419381439685822,
    -0.2764056622982025,
    -0.3731144666671753,
    -0.4209100604057312,
    -0.3812326490879059,
    -0.043713781982660294,
    -0.2553291618824005,
    -0.28970205783843994,
    -0.29669708013534546,
    -0.19780391454696655,
    -0.25046607851982117,
    -0.39904382824897766,
    -0.20551404356956482,
    -0.49496325850486755,
    -0.3394218981266022,
    -0.4154665768146515,
    -0.3306422829627991,
    -0.21110035479068756,
    -0.43258270621299744
  ]
}