{
  "train_loss": [
    0.9262200848261515,
    0.7863148936165704,
    0.7568032977845933,
    0.7576581426196628,
    0.7411095961464776,
    0.7265717821121216,
    0.7288803169992235,
    0.7122819248305426,
    0.7089181744257609,
    0.7052520519362555,
    0.7020868910683526,
    0.6966641346613566,
    0.6792758052614,
    0.6789065134790209,
    0.6739013795852661,
    0.6703576896455553,
    0.667926988919576,
    0.6780614978472391,
    0.6653735336197747,
    0.6598629699812995,
    0.6617994368341233,
    0.6579177349408467,
    0.6611157810952928,
    0.6628035809199015,
    0.6497991055912442,
    0.6491304473347134,
    0.6459570240974426,
    0.6414338379965888,
    0.6515804488923814,
    0.6513144545025296,
    0.6447750416331821,
    0.6370274724960328,
    0.6517060838805304,
    0.639062997341156,
    0.6504741975996229,
    0.6389193700154623,
    0.6312197974522908,
    0.6343461010720994,
    0.6310263251198662,
    0.6363224582672119,
    0.6343238591088189,
    0.6393150356875525,
    0.6309756621784635,
    0.6302178250418768,
    0.6320495083067152,
    0.6325522049797906,
    0.6309226450920105,
    0.6341936780081855,
    0.6318359511163499,
    0.6303262467914157
  ],
  "val_loss": [
    0.8019474148750305,
    0.7533299326896667,
    0.7349845170974731,
    0.7255925536155701,
    0.7171893119812012,
    0.7050321102142334,
    0.7285979986190796,
    0.702527642250061,
    0.6818405389785767,
    0.671204149723053,
    0.693040132522583,
    0.6732558608055115,
    0.6654518842697144,
    0.6949112415313721,
    0.6674594879150391,
    0.6798481941223145,
    0.7173165082931519,
    0.6667417287826538,
    0.6693804264068604,
    0.644456148147583,
    0.6553759574890137,
    0.6707426905632019,
    0.6505834460258484,
    0.6721204519271851,
    0.6557279229164124,
    0.6788613200187683,
    0.6513180136680603,
    0.6627048254013062,
    0.640893816947937,
    0.6479194164276123,
    0.6463241577148438,
    0.6495971083641052,
    0.6298581957817078,
    0.6581540107727051,
    0.642667829990387,
    0.6351331472396851,
    0.6539364457130432,
    0.6586720943450928,
    0.6339428424835205,
    0.6187713146209717,
    0.6269253492355347,
    0.667984127998352,
    0.6685584783554077,
    0.6467748284339905,
    0.6573572754859924,
    0.6521641612052917,
    0.625099778175354,
    0.6418992877006531,
    0.6455714106559753,
    0.6569139361381531
  ],
  "best_epoch": 39,
  "status": "ok",
  "grad_norm": [
    0.9212107662741579,
    0.8258927955484885,
    0.7697691335035047,
    0.7799996220413787,
    0.7408831058476479,
    0.7595025052877106,
    0.766768611599589,
    0.7542957540874858,
    0.7411548210269285,
    0.7707241508063589,
    0.7565477608741895,
    0.7758730365083731,
    0.7585738009288965,
    0.7991295120693533,
    0.8010525057414705,
    0.7737270329854391,
    0.7974990828344735,
    0.8148189053750046,
    0.7725118903092053,
    0.807505167634043,
    0.7891589916576349,
    0.8004345750912819,
    0.7985807219117774,
    0.8014863331630917,
    0.7934758454863134,
    0.7854772540225551,
    0.8217472569816392,
    0.8150062347226876,
    0.8367942648421425,
    0.8306335527729215,
    0.8205586066739657,
    0.8159435066026818,
    0.8194874385480612,
    0.8452616176829444,
    0.8216872724136769,
    0.7818962834565291,
    0.8383691793947823,
    0.8375149975166033,
    0.8333250996148441,
    0.804498515505378,
    0.8329749666909355,
    0.8370853054445172,
    0.8479535410116791,
    0.8403689996378331,
    0.8418836421788904,
    0.8169368981388577,
    0.8318644035128042,
    0.849422038200723,
    0.8604076677407437,
    0.8465282726135952
  ],
  "beta_std": [
    0.6222764253616333,
    0.7168766856193542,
    0.77809739112854,
    0.7792208194732666,
    0.6405695080757141,
    0.7117645144462585,
    0.6408291459083557,
    0.6891537308692932,
    0.7065838575363159,
    0.747201144695282,
    0.7188642024993896,
    0.5774614214897156,
    0.7862147092819214,
    0.6943042874336243,
    0.7167592644691467,
    0.7073264718055725,
    0.6760562658309937,
    0.629239559173584,
    0.6727558374404907,
    0.7725239992141724,
    0.7791438698768616,
    0.7124460339546204,
    0.7169907093048096,
    0.6224586963653564,
    0.6185993552207947,
    0.6086376309394836,
    0.7138274908065796,
    0.7503091096878052,
    0.7574202418327332,
    0.644885778427124,
    0.7715321779251099,
    0.6620428562164307,
    0.7727348208427429,
    0.6703314781188965,
    0.6422337889671326,
    0.6305257081985474,
    0.7603086233139038,
    0.7237148284912109,
    0.7783414721488953,
    0.7154543399810791,
    0.670291006565094,
    0.6027633547782898,
    0.5855109691619873,
    0.6501080989837646,
    0.6086615920066833,
    0.676933765411377,
    0.7083534002304077,
    0.5948042869567871,
    0.7054989337921143,
    0.575701892375946
  ],
  "beta_mean": [
    0.018198030069470406,
    -0.32693803310394287,
    -0.254000186920166,
    -0.3236677050590515,
    -0.22571438550949097,
    -0.15011906623840332,
    -0.3899783492088318,
    -0.08435046672821045,
    -0.36830487847328186,
    -0.20344680547714233,
    -0.27294307947158813,
    -0.3638945519924164,
    -0.3950437307357788,
    -0.34125155210494995,
    -0.24601103365421295,
    -0.3037709891796112,
    -0.03043268248438835,
    -0.3309619426727295,
    -0.2796297073364258,
    -0.25081494450569153,
    -0.082673080265522,
    -0.31606292724609375,
    -0.30542880296707153,
    -0.21543122828006744,
    -0.3140897750854492,
    -0.14558172225952148,
    -0.11110681295394897,
    -0.025777103379368782,
    -0.1703619658946991,
    -0.18699517846107483,
    -0.2291588932275772,
    -0.2574252486228943,
    -0.15188606083393097,
    -0.3431866765022278,
    -0.2710031270980835,
    -0.17510893940925598,
    -0.15120834112167358,
    -0.404685378074646,
    -0.4126594364643097,
    -0.22326701879501343,
    -0.2842905819416046,
    -0.35548800230026245,
    -0.15977829694747925,
    -0.1977492719888687,
    -0.16606415808200836,
    -0.12687546014785767,
    -0.14400248229503632,
    -0.04837707430124283,
    -0.24919424951076508,
    -0.33333534002304077
  ]
}