{
  "train_loss": [
    2.5811268004664667,
    2.027509811012833,
    1.9826143845805415,
    1.9491081656938718,
    1.9102912146956832,
    1.8939350778085213,
    1.8352153719207387,
    1.784860307905409,
    1.7637238802733244,
    1.7146554623121097,
    1.6911227663063708,
    1.7006123209588322,
    1.6542744983861475,
    1.6477316997669362,
    1.6272049359922056,
    1.5818805289562838,
    1.6038737642029186,
    1.564202852131408,
    1.550948405030333,
    1.529737022806097,
    1.5551125276235886,
    1.5015169758266873,
    1.5029340727535294,
    1.5005898387343795,
    1.4699828001304909,
    1.4360495438987826,
    1.4620664874712626,
    1.4744817301079078,
    1.4383701894901417,
    1.438812796274821,
    1.433989797109439,
    1.461255075548902,
    1.428307972425296,
    1.385976476021755,
    1.4395964766726081,
    1.4397352913279593,
    1.406726438322185,
    1.387057197123398,
    1.4238863482887363
  ],
  "val_loss": [
    1.851517915725708,
    2.0791642665863037,
    1.9208321571350098,
    1.8198108673095703,
    1.754464030265808,
    1.943752408027649,
    1.7543411254882812,
    1.7096704244613647,
    1.677833914756775,
    1.6727466583251953,
    1.6202620267868042,
    1.7838001251220703,
    1.616236925125122,
    1.668809413909912,
    1.6025497913360596,
    1.6684389114379883,
    1.5927470922470093,
    1.5566091537475586,
    1.6195106506347656,
    1.707980990409851,
    1.5936555862426758,
    1.5035077333450317,
    1.517491102218628,
    1.4968774318695068,
    1.5001190900802612,
    1.5358787775039673,
    1.5289117097854614,
    1.5286263227462769,
    1.436292290687561,
    1.5078812837600708,
    1.521092414855957,
    1.5073055028915405,
    1.458765983581543,
    1.5021833181381226,
    1.5543564558029175,
    1.6418415307998657,
    1.5066202878952026,
    1.4667869806289673,
    1.4698323011398315
  ],
  "best_epoch": 28,
  "status": "ok",
  "grad_norm": [
    3.2854423162280755,
    2.9912637144110783,
    2.8838854716020434,
    2.7896687051820557,
    2.7463858295622994,
    3.037618453455991,
    2.804062454481261,
    2.704513208592533,
    2.749367919500139,
    2.673626915076525,
    2.5831651099384527,
    2.824557837403021,
    2.683046666889162,
    2.7341403239810873,
    2.7140018115992954,
    2.676767354526721,
    2.642972338011615,
    2.724259333399238,
    2.8430572943997006,
    2.744868214484765,
    2.8801661543666146,
    2.768965851746335,
    2.844821476737863,
    2.8173852152086956,
    2.7336743077947196,
    2.7023476488271143,
    2.7726763740586926,
    2.733437603026296,
    2.8090026017716307,
    2.8524560059581225,
    2.6465101403381954,
    2.8249951980515298,
    2.7540529348095824,
    2.620675767622618,
    2.7458024563686294,
    2.8766500089116134,
    2.675212928721678,
    2.621650516069135,
    2.6954310642519044
  ],
  "beta_std": [
    0.6812953948974609,
    0.7126089930534363,
    0.5880052447319031,
    0.6460952162742615,
    0.6632538437843323,
    0.5026108622550964,
    0.9213414192199707,
    0.679767370223999,
    0.501038134098053,
    0.5999889373779297,
    0.7828648090362549,
    0.6868700981140137,
    0.8405706286430359,
    0.6559225916862488,
    0.6051989197731018,
    0.6007030606269836,
    0.8458600640296936,
    0.7532276511192322,
    0.5629428029060364,
    0.49917668104171753,
    0.6193385124206543,
    0.6857994198799133,
    0.7152219414710999,
    0.7284472584724426,
    0.6307317614555359,
    0.7440181374549866,
    0.6815848350524902,
    0.7732611894607544,
    0.7712832093238831,
    0.6329095959663391,
    0.7018182277679443,
    0.7648621797561646,
    0.6816556453704834,
    0.7290602326393127,
    0.6364707946777344,
    0.731689989566803,
    0.7690052390098572,
    0.8479256629943848,
    0.7709425687789917
  ],
  "beta_mean": [
    -0.18763300776481628,
    -0.26471030712127686,
    -0.08297544717788696,
    -0.07645809650421143,
    -0.06662160903215408,
    -0.07024934142827988,
    -0.15662141144275665,
    -0.2593541741371155,
    -0.16566993296146393,
    -0.10690994560718536,
    -0.31024521589279175,
    -0.07979319244623184,
    -0.2293516844511032,
    -0.16184015572071075,
    -0.26512178778648376,
    -0.004727932624518871,
    -0.10493016242980957,
    -0.10094523429870605,
    -0.31339824199676514,
    -0.19918030500411987,
    -0.2056650072336197,
    -0.21222849190235138,
    -0.3341333568096161,
    -0.3037889301776886,
    -0.055756133049726486,
    -0.21735800802707672,
    -0.2813294529914856,
    -0.22792018949985504,
    -0.1360301375389099,
    -0.3553308844566345,
    -0.3581659197807312,
    -0.019793862476944923,
    -0.1748536378145218,
    -0.39074888825416565,
    -0.34054866433143616,
    -0.4835401475429535,
    -0.07298863679170609,
    -0.13182824850082397,
    0.01679987832903862
  ]
}