{
  "train_loss": [
    2.5933647370044097,
    2.061865247797083,
    1.9491995774375068,
    1.9315672408209907,
    1.8429904167151745,
    1.8081861896279416,
    1.7899166304976852,
    1.741099805890778,
    1.735740742565673,
    1.6692138773717997,
    1.6401871375095698,
    1.6097573241481073,
    1.5952195388299448,
    1.5705231076111028,
    1.5602236099596376,
    1.5564085950969178,
    1.553481408342903,
    1.5618937701649136,
    1.542648830001737,
    1.5107581810303676,
    1.537189890484751,
    1.4958395854337716,
    1.4631424820275953,
    1.4646724117538075,
    1.4578663242010423,
    1.4624691212618792,
    1.453505647741718,
    1.4286905627486146,
    1.432551988731196,
    1.4417885947521822,
    1.4513366097579767
  ],
  "val_loss": [
    1.9655159711837769,
    1.8349124193191528,
    1.7306653261184692,
    1.715370774269104,
    1.6399420499801636,
    1.6100337505340576,
    1.6460767984390259,
    1.4971612691879272,
    1.5503453016281128,
    1.536840796470642,
    1.5537866353988647,
    1.5152908563613892,
    1.463011384010315,
    1.4826189279556274,
    1.5131421089172363,
    1.4056395292282104,
    1.4367380142211914,
    1.4068255424499512,
    1.4467731714248657,
    1.43560791015625,
    1.3861654996871948,
    1.4557009935379028,
    1.4506044387817383,
    1.40373694896698,
    1.4774569272994995,
    1.4558801651000977,
    1.4465506076812744,
    1.5612479448318481,
    1.4544888734817505,
    1.4643025398254395,
    1.4048845767974854
  ],
  "best_epoch": 20,
  "status": "ok",
  "grad_norm": [
    3.2870035496546715,
    3.0212951480804784,
    2.852517238666616,
    2.8537444974342576,
    2.7990584052017793,
    2.656839050254937,
    2.7663143314588985,
    2.7444872683276893,
    2.9554063276045404,
    2.677295430309809,
    2.688575361526866,
    2.764945939672053,
    2.7162890579504624,
    2.744233933634032,
    2.654122440984939,
    2.776342803777861,
    2.6782033105175542,
    2.8291148949599942,
    2.696950899049724,
    2.6539941122540944,
    2.7987314249995734,
    2.6764657160273395,
    2.6267173818931444,
    2.8074423835704367,
    2.7488359134420794,
    2.7351280727372624,
    2.782131234432004,
    2.6257130435530653,
    2.7500971536574794,
    2.688631508852773,
    2.8296283988689765
  ],
  "beta_std": [
    0.8730143904685974,
    0.59885573387146,
    0.6888446807861328,
    0.7620906233787537,
    0.6071120500564575,
    0.6447327733039856,
    0.6514701843261719,
    0.6570682525634766,
    0.6504929661750793,
    0.8226308226585388,
    0.6551280617713928,
    0.6246110796928406,
    0.6958280205726624,
    0.8161535263061523,
    0.6351021528244019,
    0.7733527421951294,
    0.626718282699585,
    0.7947508692741394,
    0.7681364417076111,
    0.619152843952179,
    0.676651656627655,
    0.6980546712875366,
    0.6150727868080139,
    0.7604123950004578,
    0.6913872957229614,
    0.771597146987915,
    0.5761914253234863,
    0.6005218625068665,
    0.7007607817649841,
    0.7084555625915527,
    0.7940760254859924
  ],
  "beta_mean": [
    -0.49924176931381226,
    0.07801353931427002,
    -0.1849750429391861,
    -0.3537910580635071,
    -0.08250152319669724,
    -0.0664883479475975,
    -0.2637941241264343,
    -0.13957983255386353,
    -0.025003576651215553,
    -0.2904743552207947,
    -0.19560854136943817,
    -0.2681320607662201,
    0.021943969652056694,
    -0.09504085779190063,
    0.06047387793660164,
    -0.19231228530406952,
    -0.15611588954925537,
    -0.287020206451416,
    -0.24763979017734528,
    -0.05007332190871239,
    -0.1452590674161911,
    -0.08305016905069351,
    -0.16773036122322083,
    -0.01853879913687706,
    0.04224874824285507,
    -0.06614747643470764,
    -0.06858489662408829,
    0.24004611372947693,
    -0.22701716423034668,
    -0.09632539749145508,
    -0.12976175546646118
  ]
}