{
  "train_loss": [
    2.4947584704410883,
    2.0295182733182555,
    1.9341748526066909,
    1.877021320366565,
    1.7888211671805676,
    1.7607068490982056,
    1.736140687259627,
    1.7217803548883508,
    1.6805925152625567,
    1.7141602182976994,
    1.6013554480046401,
    1.6017013837084357,
    1.5638810123043296,
    1.561237299883807,
    1.5284356529918717,
    1.5492206698288151,
    1.5224423035868893,
    1.5115582110558028,
    1.4725933351045772,
    1.4655769996289854,
    1.4777063025957273,
    1.4814222027342996,
    1.4835469072836416,
    1.437050701070715,
    1.436663215837361,
    1.4268907075458104,
    1.442511085168815,
    1.4062929693857829,
    1.4195792476041817,
    1.4085523303349812,
    1.4199273255430622
  ],
  "val_loss": [
    1.9085862636566162,
    1.7672948837280273,
    1.8805159330368042,
    1.6703130006790161,
    1.73607337474823,
    1.6144979000091553,
    1.6604909896850586,
    1.58383309841156,
    1.5359796285629272,
    1.6234405040740967,
    1.5500775575637817,
    1.4746465682983398,
    1.5235389471054077,
    1.4270282983779907,
    1.489903450012207,
    1.4504258632659912,
    1.3901747465133667,
    1.385923147201538,
    1.3940566778182983,
    1.3763725757598877,
    1.3426820039749146,
    1.3549083471298218,
    1.368125319480896,
    1.3564246892929077,
    1.3605754375457764,
    1.3771008253097534,
    1.385204553604126,
    1.3668752908706665,
    1.3485324382781982,
    1.4103182554244995,
    1.4273757934570312
  ],
  "best_epoch": 20,
  "status": "ok",
  "grad_norm": [
    3.3862902026170523,
    3.1299193802570713,
    3.095240365774974,
    2.912092992355889,
    2.7692056551137383,
    2.7017877882379455,
    2.716753478657881,
    2.8303922274624855,
    2.777543446340227,
    2.9784812460949417,
    2.7081690041288753,
    2.765740461870517,
    2.6731357185494535,
    2.829357689727338,
    2.7095070377497747,
    2.790085430250368,
    2.836361034554348,
    2.8825428649954423,
    2.7030501048452487,
    2.667677946431284,
    2.7433937394087735,
    2.695523696668761,
    2.9621953413023303,
    2.6508480467963187,
    2.6650555675109495,
    2.8235212091821933,
    2.7896301963769816,
    2.682603700816867,
    2.6662049373650687,
    2.7472946623921097,
    2.738238505306647
  ],
  "beta_std": [
    0.851682186126709,
    0.8260943293571472,
    0.6153709292411804,
    0.7941713333129883,
    0.7111638188362122,
    0.7776217460632324,
    0.7798295617103577,
    0.7214489579200745,
    0.6599870324134827,
    0.6970398426055908,
    0.6379937529563904,
    0.7634299397468567,
    0.8465909957885742,
    0.8141012787818909,
    0.6854956150054932,
    0.606234610080719,
    0.8083881139755249,
    0.9560062289237976,
    0.7755385041236877,
    0.7079885005950928,
    0.7961843013763428,
    0.687523603439331,
    0.7245256900787354,
    0.8063181638717651,
    0.7813895344734192,
    0.7953217029571533,
    0.7565429210662842,
    0.746752917766571,
    0.6401095986366272,
    0.7148821353912354,
    0.8550420999526978
  ],
  "beta_mean": [
    -0.34617942571640015,
    -0.18429464101791382,
    -0.13520176708698273,
    -0.35457393527030945,
    -0.384991317987442,
    -0.2795233130455017,
    -0.2065942883491516,
    -0.09503260254859924,
    -0.037462446838617325,
    -0.18430931866168976,
    -0.07487446069717407,
    -0.0781383141875267,
    -0.2469857931137085,
    -0.13624052703380585,
    -0.19540120661258698,
    -0.13276146352291107,
    -0.13511797785758972,
    -0.21374796330928802,
    -0.31246012449264526,
    -0.17035497725009918,
    -0.13488611578941345,
    -0.10686709731817245,
    -0.2826060354709625,
    -0.17954237759113312,
    -0.14592993259429932,
    -0.3140307068824768,
    -0.28344613313674927,
    -0.21560408174991608,
    -0.3063579499721527,
    -0.3337043225765228,
    -0.17684723436832428
  ]
}