{
  "train_loss": [
    2.653770377429915,
    2.0614919600663364,
    1.9416819656042406,
    1.8715340640221112,
    1.8166456223711556,
    1.7797172164916992,
    1.8010587217189649,
    1.7021069944346392,
    1.6768499208968364,
    1.6428327357327497,
    1.6463315759470434,
    1.6162960605268126,
    1.6116489116645154,
    1.6036711172409999,
    1.6117058137611107,
    1.583848878601451,
    1.5867730535106894,
    1.5534166454974516,
    1.5250268438715993,
    1.4824324760319274,
    1.5370506376101647,
    1.5725120834656703,
    1.5407997161959424,
    1.5063862635765546,
    1.5240845882156748,
    1.4704497770615566,
    1.474131707791929,
    1.4744152458214466,
    1.4667997317843966,
    1.4472101108527478,
    1.4402026481392942,
    1.438579507286166,
    1.4213209340601791,
    1.4541917033254363,
    1.44041977894159,
    1.424080005457372,
    1.4249782577561743,
    1.4243801257051067,
    1.424050260944131
  ],
  "val_loss": [
    2.055274724960327,
    2.0185234546661377,
    1.8112152814865112,
    1.7319353818893433,
    1.7959429025650024,
    1.8202848434448242,
    1.6495352983474731,
    1.6795759201049805,
    1.5527877807617188,
    1.5107307434082031,
    1.57577645778656,
    1.5013983249664307,
    1.5094236135482788,
    1.4758518934249878,
    1.597569465637207,
    1.550057291984558,
    1.481456995010376,
    1.4876803159713745,
    1.4923900365829468,
    1.5000691413879395,
    1.6076356172561646,
    1.5508930683135986,
    1.4634255170822144,
    1.4479905366897583,
    1.4489892721176147,
    1.513846516609192,
    1.4500004053115845,
    1.485230803489685,
    1.4029343128204346,
    1.4826205968856812,
    1.507919192314148,
    1.4611154794692993,
    1.5048514604568481,
    1.5078338384628296,
    1.4188780784606934,
    1.5204731225967407,
    1.5505032539367676,
    1.488709807395935,
    1.5086383819580078
  ],
  "best_epoch": 28,
  "status": "ok",
  "grad_norm": [
    3.2725371712143185,
    3.1123236687305647,
    2.9823421531326177,
    3.0113137550313054,
    3.1088587073460636,
    3.0173323210409673,
    3.2175845551809283,
    2.9671607943926084,
    2.752602285695367,
    2.9895240155733465,
    2.912726520570909,
    2.8788403954569404,
    2.9050703833161333,
    2.861012357815205,
    2.997569711748497,
    2.905231436127373,
    3.0421720040836506,
    2.920456171934432,
    2.8006769262139186,
    2.7567072162609882,
    3.0538600324566048,
    3.0857549216235145,
    2.7540952243335073,
    2.8616636149032715,
    3.0410914407386116,
    2.6477194158165824,
    2.831418961842467,
    2.721255525153713,
    2.761625161268956,
    2.7670152899415927,
    2.8251513855233927,
    2.8065878660498136,
    2.8574678615404956,
    3.0147155878810428,
    2.7684695928865644,
    2.91186833869348,
    2.9302553205044877,
    2.8837853200365076,
    2.847413752487263
  ],
  "beta_std": [
    0.4918714463710785,
    0.6546604633331299,
    0.64715176820755,
    0.7489731311798096,
    0.5691682696342468,
    0.6859772801399231,
    0.7097018361091614,
    0.7148400545120239,
    0.7198801040649414,
    0.7131044864654541,
    0.7804939150810242,
    0.7796295881271362,
    0.6869229078292847,
    0.8645175099372864,
    0.842925488948822,
    0.7528724670410156,
    0.6875547766685486,
    0.6929217576980591,
    0.8217685222625732,
    0.7367218732833862,
    0.588903546333313,
    0.6678716540336609,
    0.6651060581207275,
    0.6931039094924927,
    0.6120384335517883,
    0.8110939860343933,
    0.8142846822738647,
    0.7012376189231873,
    0.7821627855300903,
    0.7446122169494629,
    0.7750765681266785,
    0.6326889395713806,
    0.7630142569541931,
    0.8413201570510864,
    0.6729617714881897,
    0.6533263921737671,
    0.8439677953720093,
    0.7892553806304932,
    0.693676769733429
  ],
  "beta_mean": [
    -0.1539103239774704,
    -0.09427019953727722,
    -0.06941121071577072,
    -0.2567313015460968,
    -0.14536133408546448,
    -0.29313692450523376,
    0.037157006561756134,
    -0.44521090388298035,
    -0.1477123349905014,
    -0.1354629248380661,
    -0.36528170108795166,
    -0.16540059447288513,
    -0.1334718018770218,
    -0.19968338310718536,
    -0.3461661636829376,
    0.029392248019576073,
    -0.3700682818889618,
    -0.019145015627145767,
    -0.3494916558265686,
    -0.16963356733322144,
    -0.2444869726896286,
    0.04381265863776207,
    -0.11805641651153564,
    -0.07698842883110046,
    -0.22540532052516937,
    -0.32686740159988403,
    -0.21145911514759064,
    -0.13654473423957825,
    -0.1729363650083542,
    -0.04646611586213112,
    -0.12622296810150146,
    -0.12119176238775253,
    -0.32108497619628906,
    -0.22629383206367493,
    -0.18983998894691467,
    -0.2300550937652588,
    -0.2640215754508972,
    -0.25588205456733704,
    -0.06734293699264526
  ]
}