{
  "train_loss": [
    2.5439147657229575,
    1.9438792255778372,
    1.913895217989698,
    1.8297697813716935,
    1.785295227839623,
    1.7291298740292773,
    1.729102869151551,
    1.6626206502208003,
    1.6412372680946632,
    1.6534718470514556,
    1.5989823218333867,
    1.6144218851018834,
    1.5449366870927221,
    1.5452632428392952,
    1.5208612719877266,
    1.5265766710705226,
    1.560644126350497,
    1.534595327200713,
    1.4907147618870675,
    1.4958735203448636,
    1.527443362577462,
    1.4789388760225273,
    1.4807189335646453,
    1.4634134072433282
  ],
  "val_loss": [
    1.7744851112365723,
    1.6977742910385132,
    1.8008815050125122,
    1.7710682153701782,
    1.6412147283554077,
    1.8948402404785156,
    1.5104104280471802,
    1.6332011222839355,
    1.562811255455017,
    1.4644945859909058,
    1.5196812152862549,
    1.524340271949768,
    1.4611889123916626,
    1.3954477310180664,
    1.4363157749176025,
    1.4514187574386597,
    1.5213299989700317,
    1.5229096412658691,
    1.4663851261138916,
    1.5775748491287231,
    1.4847512245178223,
    1.449761152267456,
    1.523323893547058,
    1.4942412376403809
  ],
  "best_epoch": 13,
  "status": "ok",
  "grad_norm": [
    3.515931366949574,
    3.002703482038583,
    3.0726278737260997,
    3.0007963667553916,
    3.015615306913651,
    2.9968519505506266,
    2.990749269688347,
    2.676020515929534,
    2.8210180376852496,
    2.8270305926690424,
    2.778105176136125,
    2.8812997973597816,
    2.633456545274115,
    2.666561707548814,
    2.6347333092225385,
    2.8387414183962196,
    2.96344052334047,
    2.735437818321915,
    2.5982771872016333,
    2.8107218803938196,
    2.8711072997823783,
    2.798485409694343,
    2.7117503285193174,
    2.7087277523293323
  ],
  "beta_std": [
    0.6898478865623474,
    0.8831592202186584,
    0.6038221716880798,
    0.6604485511779785,
    0.7671899199485779,
    0.6965351700782776,
    0.8024972677230835,
    0.5594214797019958,
    0.8099799752235413,
    0.7278769612312317,
    0.6199536919593811,
    0.7588913440704346,
    0.6848576664924622,
    0.778937578201294,
    0.7358914613723755,
    0.7757784128189087,
    0.5664829611778259,
    0.8339550495147705,
    0.6788004040718079,
    0.6647230982780457,
    0.679175078868866,
    0.8541479706764221,
    0.5908257961273193,
    0.6533240675926208
  ],
  "beta_mean": [
    -0.1966175138950348,
    -0.10375669598579407,
    -0.13198721408843994,
    -0.04215049743652344,
    -0.21468202769756317,
    0.03444260358810425,
    -0.10028314590454102,
    -0.046648330986499786,
    -0.4101976156234741,
    -0.23746684193611145,
    -0.2396763414144516,
    -0.1928064525127411,
    -0.2960057556629181,
    -0.18608637154102325,
    -0.33525580167770386,
    -0.19304107129573822,
    -0.06378918141126633,
    -0.3091503977775574,
    -0.1251589059829712,
    -0.2271786779165268,
    -0.1726032793521881,
    -0.0815853476524353,
    -0.10094283521175385,
    -0.20357532799243927
  ]
}