{
  "train_loss": [
    2.4189226144625815,
    1.9391477799121244,
    1.8498219652529115,
    1.7997382859830504,
    1.7819468700149912,
    1.658435039991214,
    1.6645348501794133,
    1.5934831611609754,
    1.6169924417542823,
    1.5816373385912106,
    1.569382130363841,
    1.544529842565089,
    1.4738190381320906,
    1.4812361381672048,
    1.48527110364702,
    1.4659569321149661,
    1.4711848423804765,
    1.4485876909891764,
    1.412296042972141,
    1.405349246719737,
    1.4375843477249146,
    1.423259639210171,
    1.4207000308566624,
    1.435686798684391,
    1.3800373152155936,
    1.38526796747137
  ],
  "val_loss": [
    1.8681200742721558,
    1.767139196395874,
    1.7048821449279785,
    1.6926738023757935,
    1.7511816024780273,
    1.5004831552505493,
    1.543660044670105,
    1.5731035470962524,
    1.3806440830230713,
    1.453050136566162,
    1.390760064125061,
    1.3829361200332642,
    1.3883155584335327,
    1.4313517808914185,
    1.4129284620285034,
    1.3284738063812256,
    1.3865920305252075,
    1.4288463592529297,
    1.3816457986831665,
    1.427977442741394,
    1.389442801475525,
    1.3547078371047974,
    1.4325827360153198,
    1.5253218412399292,
    1.3606008291244507,
    1.387549638748169
  ],
  "best_epoch": 15,
  "status": "ok",
  "grad_norm": [
    3.3116769462511915,
    2.940081221386585,
    2.8740528693412335,
    2.8561855892503702,
    2.9466730568634114,
    2.7666530771040523,
    2.955368468744104,
    2.8174416957054444,
    2.6994053508926297,
    2.8588781875399243,
    2.801932780586441,
    2.737265496877461,
    2.6522005965473787,
    2.703044049986111,
    2.635093858677315,
    2.582101844460671,
    2.76447841287739,
    2.538276849164088,
    2.614954375095553,
    2.6541019523994924,
    2.661741159226519,
    2.692380848335316,
    2.7538152298578584,
    2.836856120972941,
    2.5861743982425036,
    2.6871712885957844
  ],
  "beta_std": [
    0.8796706795692444,
    0.6279070973396301,
    0.6701602935791016,
    0.5184418559074402,
    0.7775146961212158,
    0.6804525256156921,
    0.6510432362556458,
    0.7271380424499512,
    0.7021751999855042,
    0.9055050611495972,
    0.586345911026001,
    0.7452540397644043,
    0.5885715484619141,
    0.6541118621826172,
    0.6979421377182007,
    0.737328052520752,
    0.6275237798690796,
    0.5694879293441772,
    0.8457220792770386,
    0.9041122198104858,
    0.7052484154701233,
    0.8325625061988831,
    0.6347411274909973,
    0.8055006861686707,
    0.7735852599143982,
    0.7971644401550293
  ],
  "beta_mean": [
    -0.31569722294807434,
    -0.2250651717185974,
    -0.45801979303359985,
    -0.3259081244468689,
    -0.09506338834762573,
    -0.23558533191680908,
    -0.22778482735157013,
    -0.34276270866394043,
    -0.33163511753082275,
    -0.39569419622421265,
    -0.28084832429885864,
    -0.19526934623718262,
    -0.1845845878124237,
    -0.15484261512756348,
    -0.3192463219165802,
    -0.3534867465496063,
    -0.26545247435569763,
    -0.1432751566171646,
    -0.32638049125671387,
    -0.3109419047832489,
    -0.17775797843933105,
    -0.22138792276382446,
    -0.28982406854629517,
    -0.3765239119529724,
    -0.395439088344574,
    -0.38724377751350403
  ]
}