{
  "train_loss": [
    2.4551196715037027,
    1.973536163330078,
    1.9397253490024142,
    1.8695496054755316,
    1.8327097463607789,
    1.7620179615020752,
    1.742129805670844,
    1.7452366778055828,
    1.6871196523242526,
    1.6998805040783351,
    1.6551585710313585,
    1.6251114133199056,
    1.6211528466542562,
    1.611580457051595,
    1.6196776816050211,
    1.5792988798353407,
    1.5787455235587227,
    1.5663525030348036,
    1.5413497478697036,
    1.5081566186481052,
    1.5067246426476373,
    1.4961214668485854,
    1.4993275354173448,
    1.4615021589067247,
    1.4718419315550062,
    1.4982692261801827,
    1.4329665504031712,
    1.4458184246487087,
    1.4255349635018242,
    1.422537207921346,
    1.4154999402364095,
    1.432429087638855,
    1.4254627968470255,
    1.3966333510080973,
    1.3828349526723225,
    1.390097069422404,
    1.4003700673845079,
    1.3972826603783501,
    1.3855846628612942
  ],
  "val_loss": [
    1.9609593152999878,
    1.9620468616485596,
    1.9848042726516724,
    1.963648796081543,
    1.8146579265594482,
    1.775278091430664,
    1.8387231826782227,
    1.6860191822052002,
    1.7346745729446411,
    1.6565263271331787,
    1.5747123956680298,
    1.5890693664550781,
    1.589193344116211,
    1.5094165802001953,
    1.5642426013946533,
    1.5570392608642578,
    1.609487533569336,
    1.6246999502182007,
    1.6291660070419312,
    1.5220794677734375,
    1.5668467283248901,
    1.45876145362854,
    1.5546156167984009,
    1.4839528799057007,
    1.7047572135925293,
    1.589046597480774,
    1.5047428607940674,
    1.510696530342102,
    1.4396933317184448,
    1.5135658979415894,
    1.603826642036438,
    1.5086848735809326,
    1.4914178848266602,
    1.5143083333969116,
    1.488008737564087,
    1.4433908462524414,
    1.5610722303390503,
    1.5013749599456787,
    1.4688584804534912
  ],
  "best_epoch": 28,
  "status": "ok",
  "grad_norm": [
    3.4786688698249346,
    2.964569752352394,
    2.877147181228529,
    2.8797676852903975,
    2.970346483239487,
    2.9150378772226224,
    2.8134936067713348,
    2.85144118719135,
    2.8497207794339445,
    2.8066427559519656,
    2.671456088665643,
    2.654310328564278,
    2.853984395042978,
    2.768090330480287,
    2.8401499722821333,
    2.782259387635308,
    2.723999817154206,
    2.810906116066957,
    2.6240870926702575,
    2.6306149844219946,
    2.650467046082098,
    2.7280322692160617,
    2.656585159638853,
    2.554362433919228,
    2.6750369829264984,
    2.7446766684590678,
    2.6138750202331256,
    2.581452250863512,
    2.6107086926078282,
    2.567234758190346,
    2.713255228217789,
    2.64080974473657,
    2.6373087974089944,
    2.6643217781793402,
    2.604997194322372,
    2.6558131505961198,
    2.666435338585513,
    2.8075732350048948,
    2.668134041079804
  ],
  "beta_std": [
    0.6762900352478027,
    0.7836340665817261,
    0.8462547659873962,
    0.5988928079605103,
    0.6619951128959656,
    0.7106018662452698,
    0.6803486347198486,
    0.679409384727478,
    0.5615381598472595,
    0.6715481877326965,
    0.8150328993797302,
    0.6043259501457214,
    0.6845113635063171,
    0.7388600707054138,
    0.6536788940429688,
    0.6222603917121887,
    0.7414032220840454,
    0.6973475217819214,
    0.8775328397750854,
    0.7335350513458252,
    0.813064694404602,
    0.77800053358078,
    0.6842740178108215,
    0.7683432102203369,
    0.9288238286972046,
    0.7435294389724731,
    0.7504865527153015,
    0.8133535385131836,
    0.775770366191864,
    0.6859691739082336,
    0.6934688091278076,
    0.8391534090042114,
    0.7536733746528625,
    0.7499682903289795,
    0.6011444330215454,
    0.7724093198776245,
    0.6782925724983215,
    0.6513305902481079,
    0.7309597730636597
  ],
  "beta_mean": [
    -0.23364666104316711,
    -0.17776264250278473,
    -0.37364622950553894,
    -0.04886746034026146,
    -0.3316394090652466,
    -0.39476674795150757,
    -0.06731283664703369,
    0.07904351502656937,
    -0.20861786603927612,
    -0.2475292682647705,
    -0.22023175656795502,
    -0.2070695161819458,
    -0.3504725396633148,
    -0.20208828151226044,
    -0.18680453300476074,
    -0.05700396001338959,
    -0.11206705868244171,
    0.007606763858348131,
    -0.18583039939403534,
    -0.279874324798584,
    -0.21594935655593872,
    -0.19033220410346985,
    0.009549479931592941,
    -0.38487473130226135,
    -0.3775917589664459,
    -0.09276516735553741,
    -0.12041322141885757,
    -0.15977492928504944,
    -0.2292100340127945,
    -0.19624429941177368,
    -0.04395192861557007,
    -0.20535092055797577,
    -0.23170053958892822,
    -0.17379449307918549,
    -0.24953386187553406,
    -0.2542431056499481,
    -0.44293293356895447,
    -0.14178837835788727,
    -0.21814590692520142
  ]
}