{
  "train_loss": [
    2.4989989774492054,
    2.005220442030165,
    1.9526082462734646,
    1.9226963889863755,
    1.8275358350541857,
    1.8063287343978882,
    1.7591189884609646,
    1.7274544588724772,
    1.729661038716634,
    1.6938819995456271,
    1.68538995552063,
    1.6686104123857286,
    1.6498332767486572,
    1.6574048999150595,
    1.605009791056315,
    1.6336497582329643,
    1.5939025899039374,
    1.5845053621927898,
    1.549173677338494,
    1.5351861775716147,
    1.52597703382704,
    1.5003375242021348,
    1.5100985554589166,
    1.4924193915261164,
    1.4992896898057726,
    1.4686104755401612,
    1.4806435692045423,
    1.4823993490007188,
    1.4627135302225749,
    1.4400912997987536,
    1.4385877698262532,
    1.4510703330569796,
    1.4103912817637125,
    1.4272246774037678,
    1.4111807696024576,
    1.4370568406846789,
    1.4235451465182833
  ],
  "val_loss": [
    1.7673026323318481,
    1.7681541442871094,
    1.778674840927124,
    1.6647322177886963,
    1.7060092687606812,
    1.6446913480758667,
    1.6231638193130493,
    1.702216625213623,
    1.5556484460830688,
    1.5735398530960083,
    1.522799015045166,
    1.596477746963501,
    1.587120771408081,
    1.5815588235855103,
    1.5593916177749634,
    1.5312432050704956,
    1.5846771001815796,
    1.4753614664077759,
    1.5139926671981812,
    1.5168743133544922,
    1.4810750484466553,
    1.5044547319412231,
    1.4853336811065674,
    1.5391247272491455,
    1.4166350364685059,
    1.5296260118484497,
    1.3867149353027344,
    1.5329705476760864,
    1.41021728515625,
    1.46029531955719,
    1.4225962162017822,
    1.47185480594635,
    1.4465153217315674,
    1.397705078125,
    1.412054181098938,
    1.4618182182312012,
    1.4107439517974854
  ],
  "best_epoch": 26,
  "status": "ok",
  "grad_norm": [
    3.303987584874518,
    3.0201063307688734,
    2.8628854132966177,
    2.8504274518238484,
    2.7309482617129497,
    2.8473699244740445,
    2.832074504346253,
    2.7288146977716954,
    2.7396279802009964,
    2.685314953886889,
    2.8223263559113847,
    2.6730349118349546,
    2.658083941761047,
    2.7523861616583316,
    2.629089807916391,
    2.9506157518233875,
    2.7622388999805945,
    2.6485559477504004,
    2.651561632497247,
    2.645292521664437,
    2.606422449169064,
    2.702348905250407,
    2.7868693078931943,
    2.752321040457682,
    2.70460604003599,
    2.6884681000805433,
    2.789063653338664,
    2.7451297881168744,
    2.6402925524242646,
    2.6563388746939007,
    2.737336987696643,
    2.7705417286676446,
    2.6147196822814056,
    2.7492704411191107,
    2.724304090779302,
    2.7364148868295484,
    2.7286356824071536
  ],
  "beta_std": [
    0.7641332745552063,
    0.6054465770721436,
    0.7023966312408447,
    0.9062622785568237,
    0.8956162929534912,
    0.649516224861145,
    0.7476701736450195,
    0.6251323223114014,
    0.7145415544509888,
    0.7005622386932373,
    0.8448526263237,
    0.7042914032936096,
    0.6310986280441284,
    0.6992826461791992,
    0.723085880279541,
    0.8423027992248535,
    0.7208128571510315,
    0.8382664918899536,
    0.8740501403808594,
    0.8717001676559448,
    0.8059184551239014,
    0.7320401072502136,
    0.6718997359275818,
    0.7434710264205933,
    0.7074728012084961,
    0.7001497745513916,
    0.7621467113494873,
    0.6121594309806824,
    0.7058344483375549,
    0.7905740141868591,
    0.7585792541503906,
    0.6417790651321411,
    0.8755460381507874,
    0.7886210083961487,
    0.6889312863349915,
    0.5834002494812012,
    0.597362756729126
  ],
  "beta_mean": [
    -0.11703156679868698,
    -0.20053188502788544,
    -0.34192219376564026,
    -0.09428437054157257,
    -0.4061090648174286,
    -0.29917243123054504,
    -0.19696173071861267,
    -0.31539061665534973,
    -0.4059058427810669,
    -0.3558357357978821,
    -0.1319250762462616,
    0.08321410417556763,
    -0.26451778411865234,
    -0.16352133452892303,
    -0.23149724304676056,
    -0.1659138947725296,
    -0.4513907730579376,
    -0.16143798828125,
    -0.22471874952316284,
    -0.19618821144104004,
    -0.09780125319957733,
    -0.271168053150177,
    0.008153094910085201,
    -0.03596501797437668,
    -0.05666106939315796,
    -0.34563198685646057,
    -0.1936471313238144,
    -0.41173285245895386,
    -0.09044114500284195,
    -0.20001602172851562,
    0.005167046561837196,
    0.030108481645584106,
    -0.24420657753944397,
    -0.2724223732948303,
    -0.1477731615304947,
    -0.4235617518424988,
    -0.16797934472560883
  ]
}