{
  "train_loss": [
    1.3627930296791924,
    1.2018809300881845,
    1.1124584277470906,
    1.0419104398032766,
    0.9681026423418964,
    0.9196706854266885,
    0.8793955532121069,
    0.8226681225093795,
    0.7968426674972345,
    0.7394071917475006,
    0.7487991628823457,
    0.6941791151776726,
    0.649479408323029,
    0.639947795573576
  ],
  "val_loss": [
    1.2684298753738403,
    1.1745059490203857,
    1.1962175369262695,
    1.1210548877716064,
    1.1292970180511475,
    1.1733722686767578,
    1.2602458000183105,
    1.4924356937408447,
    1.364073395729065,
    1.2820632457733154,
    1.308030128479004,
    1.1677871942520142,
    1.2464219331741333,
    1.2727967500686646
  ],
  "best_epoch": 3,
  "status": "overfit",
  "grad_norm": [
    1.6083906534662014,
    0.8589827849218266,
    0.6980206914183442,
    0.5380652814415349,
    0.49419715894718497,
    0.6403814786955563,
    0.6719528178883777,
    0.8180532029517017,
    0.829252505080681,
    0.7107705424107669,
    0.9278345587573779,
    0.7889974420841362,
    0.8248833020134432,
    0.9260030798492931
  ],
  "beta_std": [
    0.19074147939682007,
    0.20963269472122192,
    0.2866130769252777,
    0.4778454601764679,
    0.6783744096755981,
    0.9172791838645935,
    1.1373218297958374,
    1.2043975591659546,
    1.29807710647583,
    1.1796597242355347,
    1.019043207168579,
    0.9843039512634277,
    0.8669799566268921,
    0.8362923860549927
  ],
  "beta_mean": [
    -0.2868039011955261,
    -0.10814052075147629,
    -0.02310364693403244,
    -0.054107919335365295,
    -0.008955513127148151,
    0.1436106115579605,
    0.19599804282188416,
    0.33316996693611145,
    0.3932492136955261,
    0.29822057485580444,
    0.2404503971338272,
    0.249122753739357,
    0.21021968126296997,
    0.2336825281381607
  ]
}