{
  "train_loss": [
    2.087830544975069,
    1.4245567022429573,
    1.3536576301521726,
    1.2247659370634292,
    1.2294002493222556,
    1.2168860673904418,
    1.18630909230974,
    1.1093224901623195,
    1.1578212345971002,
    1.11084054046207,
    1.1055197780662114,
    1.03196569164594,
    1.0594962962468466,
    1.0316181506050957,
    1.0596035522884792
  ],
  "val_loss": [
    1.5040189027786255,
    1.3790026903152466,
    1.3142786026000977,
    1.2595864534378052,
    1.2421504259109497,
    1.297656536102295,
    1.3248554468154907,
    1.313204288482666,
    1.2904266119003296,
    1.3370131254196167,
    1.3406001329421997,
    1.3262743949890137,
    1.3490246534347534,
    1.4756228923797607,
    1.4044296741485596
  ],
  "best_epoch": 4,
  "status": "ok"
}