{
  "train_loss": [
    1.9961359532674154,
    1.4358184745576648,
    1.3215875138176811,
    1.31479264193111,
    1.2673153262668186,
    1.296611688401964,
    1.2331211712625292,
    1.1702052439583672,
    1.1742100805706448,
    1.1709669460190668,
    1.1705237664116754,
    1.1587320635053846,
    1.1527076636420357,
    1.2039290940761567,
    1.1240501976013184,
    1.0970484929614597,
    1.0802264216211106,
    1.0686033752229478,
    1.0426862460374833,
    1.0024532608191172,
    0.9688137123319838,
    1.00016179561615,
    0.995702494515313,
    1.0058567486868963,
    0.9479563935597738,
    0.9797046497133043,
    0.9196306631300184,
    0.956849029329088
  ],
  "val_loss": [
    1.6181085109710693,
    1.624965786933899,
    1.5307190418243408,
    1.5481234788894653,
    1.6039490699768066,
    1.6076966524124146,
    1.5038691759109497,
    1.5272973775863647,
    1.5628143548965454,
    1.4920284748077393,
    1.532763957977295,
    1.6243948936462402,
    1.5572764873504639,
    1.5798105001449585,
    1.5017436742782593,
    1.5388144254684448,
    1.5899438858032227,
    1.4387297630310059,
    1.6393301486968994,
    1.5061759948730469,
    1.5122724771499634,
    1.4980287551879883,
    1.528894305229187,
    1.4952270984649658,
    1.4941275119781494,
    1.5828880071640015,
    1.5700513124465942,
    1.5993530750274658
  ],
  "best_epoch": 17,
  "status": "overfit"
}