{
  "train_loss": [
    2.0699351247151694,
    1.5588287607828777,
    1.4220661624272664,
    1.4539229069815742,
    1.4222319247987536,
    1.3762276514371237,
    1.3552631187438964,
    1.322970249387953,
    1.2740021175808376,
    1.2798259364234077,
    1.2071154075198702,
    1.2418530808554755,
    1.208822189172109,
    1.1742937517166139,
    1.1662586320771111,
    1.1470016378826564,
    1.1048977629343668,
    1.0949806798828974,
    1.0822129609849718,
    1.11633680873447,
    1.096896677547031,
    1.1042896101209851
  ],
  "val_loss": [
    1.3799220323562622,
    1.2996091842651367,
    1.2873775959014893,
    1.2725929021835327,
    1.3102326393127441,
    1.2619707584381104,
    1.252698540687561,
    1.2808609008789062,
    1.257352352142334,
    1.2698860168457031,
    1.320265293121338,
    1.1355935335159302,
    1.1995043754577637,
    1.1874868869781494,
    1.1535313129425049,
    1.2623342275619507,
    1.1836514472961426,
    1.2407269477844238,
    1.2936137914657593,
    1.224320888519287,
    1.2092682123184204,
    1.2315009832382202
  ],
  "best_epoch": 11,
  "status": "ok"
}