{
  "train_loss": [
    2.1374260425567626,
    1.6399791892369588,
    1.499529432190789,
    1.5597939613130358,
    1.424504374133216,
    1.3700297869576348,
    1.3641068687703874,
    1.294910529454549,
    1.3085522609286837,
    1.3008513471815322,
    1.2592968527475994,
    1.1997726567586262,
    1.2013789616690742,
    1.1688147777981228,
    1.2321553325653076,
    1.3412115950054593,
    1.228585925632053,
    1.1441873455047606,
    1.1446480438444349,
    1.1545137861039902,
    1.135221265554428,
    1.1043503562609354,
    1.0166944124963548
  ],
  "val_loss": [
    1.7211560010910034,
    1.4758225679397583,
    1.424294114112854,
    1.4023758172988892,
    1.430680513381958,
    1.365628957748413,
    1.3376977443695068,
    1.2891976833343506,
    1.2881122827529907,
    1.3239763975143433,
    1.27273690700531,
    1.2882119417190552,
    1.2472920417785645,
    1.2688243389129639,
    1.3184373378753662,
    1.3280770778656006,
    1.2934967279434204,
    1.3030498027801514,
    1.4209141731262207,
    1.2652091979980469,
    1.266671895980835,
    1.3250536918640137,
    1.2491897344589233
  ],
  "best_epoch": 12,
  "status": "ok"
}