{
  "train_loss": [
    1.7075351683298747,
    1.4099747631284925,
    1.3155179044935439,
    1.243023295932346,
    1.217002904150221,
    1.1628734911812677,
    1.1473053630193075,
    1.105084162288242,
    1.1115009125073751,
    1.0784078280131022,
    1.0692706478966607,
    1.0503073607550728,
    1.0754265885882908,
    1.0427833739916483,
    0.9946533952818977,
    1.04635040918986
  ],
  "val_loss": [
    1.6260974407196045,
    1.6519601345062256,
    1.5839745998382568,
    1.559494972229004,
    1.5389138460159302,
    1.4978811740875244,
    1.5236262083053589,
    1.5485143661499023,
    1.5320669412612915,
    1.521979570388794,
    1.5008183717727661,
    1.563815951347351,
    1.5243439674377441,
    1.5708177089691162,
    1.502986192703247,
    1.5355807542800903
  ],
  "best_epoch": 5,
  "status": "ok"
}