{
  "train_loss": [
    3.9226669486688106,
    2.5266111962108657,
    2.0022406021213315,
    1.992413872764224,
    1.8578498879798144,
    1.9434474071407535,
    1.9667522839678118,
    1.9040708763529113,
    1.8281535142673657,
    1.8355214114632465,
    1.7674180536854023,
    1.815265659302,
    1.6907427397444674,
    1.7284496641483436,
    1.7196242760638802
  ],
  "val_loss": [
    2.894469976425171,
    2.218536138534546,
    1.9915837049484253,
    1.9222508668899536,
    1.7756990194320679,
    1.9263951778411865,
    2.067897319793701,
    1.9425286054611206,
    1.9516472816467285,
    1.9121719598770142,
    1.867786169052124,
    1.9026061296463013,
    1.9207381010055542,
    2.044515609741211,
    1.8941442966461182
  ],
  "best_epoch": 4,
  "status": "ok",
  "grad_norm": [
    2.8740740577708044,
    3.489079796578045,
    2.9449568665968022,
    2.70222254783155,
    2.5825637015173513,
    3.15005663549307,
    2.9026578159932868,
    2.909630890126412,
    2.6297991426936,
    2.725663066822863,
    2.734900223465459,
    2.951420958272275,
    2.3319284320067877,
    2.687133536201079,
    2.901372490415191
  ],
  "beta_std": [
    0.9484482407569885,
    0.762243926525116,
    0.7187913656234741,
    0.7241184711456299,
    0.6689335703849792,
    0.6698192358016968,
    0.797685980796814,
    0.6196648478507996,
    0.757881760597229,
    0.7903510928153992,
    0.7962278723716736,
    0.631138801574707,
    0.8342231512069702,
    0.58104407787323,
    0.7280013561248779
  ],
  "beta_mean": [
    -0.2990180253982544,
    0.13099956512451172,
    -0.21584366261959076,
    -0.10247102379798889,
    -0.030102889984846115,
    -0.049321625381708145,
    -0.2134023904800415,
    0.003512903116643429,
    -0.15520624816417694,
    -0.003293811110779643,
    -0.1549750119447708,
    0.10633642971515656,
    -0.18522842228412628,
    -0.08422499895095825,
    0.09405744075775146
  ]
}