{
  "train_loss": [
    3.9712860443694793,
    2.555227012591027,
    2.0083891918329426,
    1.9665404782543918,
    1.8765814969328796,
    1.7590348006916694,
    1.77899055821555,
    1.7750478261182097,
    1.742222698097056,
    1.62005485374641,
    1.6539148911326922,
    1.5872917561844633,
    1.6072930046219944,
    1.5685262512457885,
    1.5772261879071086
  ],
  "val_loss": [
    2.945645809173584,
    1.9195191860198975,
    1.9165107011795044,
    1.814638614654541,
    1.7372589111328125,
    1.834593653678894,
    1.784751057624817,
    1.854356050491333,
    1.7888407707214355,
    1.871975064277649,
    1.7910462617874146,
    1.794492244720459,
    1.8604954481124878,
    1.8354064226150513,
    1.9254124164581299
  ],
  "best_epoch": 4,
  "status": "ok",
  "grad_norm": [
    2.7549241871892116,
    2.6837285538310724,
    2.6704116189224405,
    2.982246683455255,
    2.8743378735109175,
    2.6462908184302707,
    2.7035834354651955,
    2.654614007232969,
    2.7174206026871035,
    2.5430936354719447,
    2.538749193138487,
    2.494296237248739,
    2.6018242519851453,
    2.6179939271796537,
    2.4198597605639605
  ],
  "beta_std": [
    1.2920993566513062,
    0.956264853477478,
    0.690461277961731,
    0.7644980549812317,
    0.6981135010719299,
    0.7213158011436462,
    0.8474144339561462,
    0.7362080216407776,
    0.7839840650558472,
    0.7566452026367188,
    0.7632269263267517,
    0.913817822933197,
    0.735404372215271,
    0.8233950734138489,
    0.7515143752098083
  ],
  "beta_mean": [
    -0.32361674308776855,
    -0.37493860721588135,
    -0.15919305384159088,
    -0.28287604451179504,
    -0.31188109517097473,
    -0.2133597582578659,
    -0.32053303718566895,
    -0.15058542788028717,
    -0.2469387799501419,
    -0.0336192287504673,
    -0.1582208126783371,
    -0.22465780377388,
    -0.039817847311496735,
    -0.17689944803714752,
    -0.12388778477907181
  ]
}