{
  "train_loss": [
    3.8428865982021065,
    2.2740526039854467,
    2.167846918106079,
    1.9913661361010977,
    1.983098697500164,
    1.8575687754451553,
    1.795466248951261,
    1.7324482918866908,
    1.7730974694228225,
    1.7114209593558798,
    1.7352807435318998,
    1.7028138059066806,
    1.7710209663222436,
    1.7290574125692146,
    1.6210351393066025,
    1.6485033100154125,
    1.6028858290778265,
    1.6315663879961113,
    1.5906668071573824,
    1.500055683983697,
    1.632146263879443,
    1.5459573012090324,
    1.5611647802685935,
    1.5368549215550324,
    1.4572796429636257,
    1.4816974366332938,
    1.4181546743224267,
    1.487225911514559,
    1.5189855742076086
  ],
  "val_loss": [
    2.858781576156616,
    2.278822183609009,
    2.054647445678711,
    1.9834650754928589,
    2.2614614963531494,
    2.0737104415893555,
    2.0431742668151855,
    2.2155182361602783,
    1.8837454319000244,
    1.817543864250183,
    1.9421430826187134,
    1.9838800430297852,
    1.8978580236434937,
    1.8311340808868408,
    2.036736011505127,
    1.8136881589889526,
    1.821673035621643,
    1.8069100379943848,
    1.7347742319107056,
    1.826072096824646,
    1.9317281246185303,
    1.9280602931976318,
    2.0530097484588623,
    1.9415603876113892,
    1.8643172979354858,
    1.9057995080947876,
    2.0777225494384766,
    2.0633387565612793,
    2.0064644813537598
  ],
  "best_epoch": 18,
  "status": "ok",
  "grad_norm": [
    2.8984995374957405,
    2.7420342125647355,
    3.3691955937865137,
    2.9412839431999136,
    3.0866903302642865,
    2.7916567383381294,
    2.456954932733136,
    2.661361338151169,
    2.639802509350734,
    2.3810376257838906,
    2.5884529385406574,
    2.543148904659181,
    2.592446832491579,
    2.5080120208135623,
    2.389275819894548,
    2.4091847137639633,
    2.5191628256134995,
    2.383284692277416,
    2.416372589764742,
    2.3873313774344003,
    2.6710000202317117,
    2.391731290763506,
    2.568693268228109,
    2.5290467842819466,
    2.393470174232031,
    2.40258573439449,
    2.3307440226702276,
    2.6004341443992525,
    2.729475541937552
  ],
  "beta_std": [
    0.9850145578384399,
    0.7062812447547913,
    0.6822164058685303,
    0.6654434204101562,
    0.7576613426208496,
    0.6344444751739502,
    0.6119470596313477,
    0.727091372013092,
    0.6070817708969116,
    0.6558853983879089,
    0.6658387780189514,
    0.6462202072143555,
    0.7772778272628784,
    0.6360747218132019,
    0.6993345022201538,
    0.7239723205566406,
    0.8666330575942993,
    0.943939208984375,
    0.6448638439178467,
    0.7051460146903992,
    0.83405601978302,
    0.6952306032180786,
    0.7461093068122864,
    0.6611473560333252,
    0.7516460418701172,
    0.7876043319702148,
    0.7869476079940796,
    0.5564141273498535,
    0.7271078824996948
  ],
  "beta_mean": [
    -0.1558544635772705,
    -0.3629668354988098,
    -0.10427746176719666,
    -0.29576367139816284,
    -0.35894066095352173,
    -0.40952837467193604,
    -0.13638770580291748,
    -0.4224441945552826,
    -0.2916373312473297,
    -0.12118041515350342,
    -0.2510004937648773,
    -0.3442338705062866,
    -0.14592133462429047,
    -0.2556565999984741,
    -0.3700743019580841,
    -0.2427634745836258,
    -0.3715710937976837,
    -0.21285121142864227,
    -0.16868744790554047,
    -0.2204592227935791,
    -0.42261266708374023,
    -0.3716246485710144,
    -0.41491827368736267,
    -0.2611970603466034,
    -0.2114449292421341,
    -0.32755109667778015,
    -0.4389379322528839,
    -0.26268696784973145,
    -0.29417505860328674
  ]
}