{
  "train_loss": [
    3.8231440320306893,
    2.621395468982169,
    2.1404968421745734,
    1.893276823350902,
    1.9134189044537186,
    1.8520118860430728,
    1.7937346348146193,
    1.8126018604183414,
    1.7436217423739617,
    1.69624240057809,
    1.673245842224346,
    1.7041073918612906,
    1.6434915449613887,
    1.6872528226467487,
    1.6152405995630623,
    1.5866180604277285,
    1.594445076659153,
    1.5778419133486932,
    1.529395819250959,
    1.5743120432981288,
    1.5458024164446358
  ],
  "val_loss": [
    3.6805431842803955,
    2.7060272693634033,
    2.206752300262451,
    2.042801856994629,
    2.032087802886963,
    2.0213851928710938,
    2.0152108669281006,
    2.1452229022979736,
    2.064899206161499,
    2.134185552597046,
    1.9854187965393066,
    2.0475611686706543,
    2.0541625022888184,
    2.1050148010253906,
    2.1133649349212646,
    2.160649061203003,
    2.08831787109375,
    2.099311590194702,
    2.5233402252197266,
    2.101802110671997,
    2.0699846744537354
  ],
  "best_epoch": 10,
  "status": "ok",
  "grad_norm": [
    2.6714711051693016,
    2.567670624924404,
    2.8164995633943932,
    2.71839837973557,
    2.8599728892717495,
    2.7303554167444304,
    2.5695766585714366,
    2.6741589103186967,
    2.5940900418369517,
    2.421899990890654,
    2.589777062025497,
    2.666004269455969,
    2.5425543912724793,
    2.470510813477172,
    2.4347021152574126,
    2.308749728166531,
    2.3916067061922233,
    2.46286607546858,
    2.488620253186974,
    2.6221197836538734,
    2.5764071866706266
  ],
  "beta_std": [
    1.2180196046829224,
    1.1864070892333984,
    0.8047732710838318,
    0.7615939378738403,
    0.9160975813865662,
    0.7467617392539978,
    0.8524542450904846,
    0.8565482497215271,
    0.8258047699928284,
    0.8365846276283264,
    0.9184767603874207,
    0.746452271938324,
    0.9018884897232056,
    0.8321067094802856,
    0.8269370198249817,
    0.8985505700111389,
    0.8026065230369568,
    0.8994259834289551,
    1.075536847114563,
    0.8671799898147583,
    0.880919873714447
  ],
  "beta_mean": [
    -0.07667812705039978,
    -0.26618853211402893,
    -0.30344220995903015,
    -0.4208581745624542,
    -0.501228928565979,
    -0.25770750641822815,
    -0.23838269710540771,
    -0.4362153112888336,
    -0.42660099267959595,
    -0.3470901846885681,
    -0.4266807436943054,
    -0.2334928959608078,
    -0.44005098938941956,
    -0.5363849997520447,
    -0.31671327352523804,
    -0.43952038884162903,
    -0.12076213210821152,
    -0.42751544713974,
    -0.5536798238754272,
    -0.3275586664676666,
    -0.3472672998905182
  ]
}