{
  "train_loss": [
    4.001038864896952,
    2.564415093992843,
    2.0888077874843227,
    1.9447502105955095,
    1.920879508902967,
    1.8851572772542906,
    1.8461227416992188,
    1.8484676860087041,
    1.7487615414487532,
    1.7384010066791458,
    1.737358150298363,
    1.6617176597621166,
    1.6363930680584204,
    1.5987404933592089,
    1.6175511064442918,
    1.662437591152667,
    1.6512876351674397,
    1.5557894379643897,
    1.5735866726120584,
    1.6425669793369009
  ],
  "val_loss": [
    3.3167853355407715,
    2.1074764728546143,
    1.5779460668563843,
    1.5552424192428589,
    1.6462723016738892,
    1.6013227701187134,
    1.5489341020584106,
    1.6032754182815552,
    1.6924102306365967,
    1.5005980730056763,
    1.5711297988891602,
    1.5358628034591675,
    1.71421217918396,
    1.7056001424789429,
    1.7291172742843628,
    1.6545792818069458,
    1.7206439971923828,
    1.723915457725525,
    1.6659963130950928,
    1.5870146751403809
  ],
  "best_epoch": 9,
  "status": "ok",
  "grad_norm": [
    2.9124260128741457,
    2.5735346735264364,
    2.603810410052646,
    2.5579716254430025,
    2.791911367299672,
    2.669768794344094,
    2.6841847112487507,
    2.6936903982627136,
    2.5130053449894416,
    2.5686158171214273,
    2.6579016246101195,
    2.487076977447841,
    2.4435166871448453,
    2.3241145699946943,
    2.6206204088492764,
    2.7890266532307173,
    2.5643012261070166,
    2.491654819394962,
    2.4412154172281317,
    2.737002576225462
  ],
  "beta_std": [
    1.225693941116333,
    1.0743998289108276,
    0.7652002573013306,
    0.7188552021980286,
    0.9120875000953674,
    0.7218100428581238,
    0.8285123705863953,
    0.7029383778572083,
    0.6727212071418762,
    0.852431058883667,
    0.7544329762458801,
    0.7681186199188232,
    0.7362806797027588,
    0.7968588471412659,
    0.8217992782592773,
    0.8505908250808716,
    0.8978281617164612,
    0.8448502421379089,
    0.7880865335464478,
    0.7817110419273376
  ],
  "beta_mean": [
    0.06892973929643631,
    -0.05252431333065033,
    -0.10633398592472076,
    -0.1464781016111374,
    -0.15746378898620605,
    -0.04243793711066246,
    -0.19258320331573486,
    -0.23547051846981049,
    -0.085386723279953,
    -0.21338723599910736,
    -0.16720987856388092,
    -0.1437983363866806,
    -0.0016549363499507308,
    -0.07601563632488251,
    0.04406726732850075,
    -0.30011120438575745,
    -0.21653743088245392,
    -0.25102663040161133,
    -0.1210658997297287,
    -0.17329972982406616
  ]
}