{
  "train_loss": [
    4.132004486460264,
    2.3693663425186053,
    1.9826136354416135,
    1.8736926422638147,
    1.8201552040182274,
    1.7467958943373492,
    1.7936087084465286,
    1.7584975403722993,
    1.6842237470371653,
    1.6527719838278634,
    1.6644501067072897,
    1.6493981484653188,
    1.659684821591626
  ],
  "val_loss": [
    2.885422706604004,
    1.753374695777893,
    1.708251953125,
    1.7899113893508911,
    1.7336714267730713,
    1.9389418363571167,
    1.7426925897598267,
    1.8505160808563232,
    1.9033403396606445,
    1.7084300518035889,
    1.9694980382919312,
    1.8054239749908447,
    1.8259400129318237
  ],
  "best_epoch": 2,
  "status": "ok",
  "grad_norm": [
    2.864849823741508,
    2.672534483502152,
    2.8284280140729927,
    2.7210412593284348,
    2.812920983158313,
    2.4590841695275723,
    2.7781063020776826,
    2.505327924532223,
    2.5216175526231814,
    2.4270045173343715,
    2.64507274513046,
    2.7141125341889927,
    2.427255514391383
  ],
  "beta_std": [
    0.8516563177108765,
    0.9269644021987915,
    0.683997392654419,
    0.6841316223144531,
    0.7435662746429443,
    0.6311644315719604,
    0.8225939273834229,
    0.7162581086158752,
    0.7400985360145569,
    0.7776820063591003,
    0.7715226411819458,
    0.9252834916114807,
    0.8498310446739197
  ],
  "beta_mean": [
    -0.127506285905838,
    -0.24805423617362976,
    -0.17713887989521027,
    -0.2419564127922058,
    -0.1954801082611084,
    -0.13461720943450928,
    -0.09217732399702072,
    -0.19313296675682068,
    -0.20996634662151337,
    -0.19437992572784424,
    -0.2579561471939087,
    -0.08275461196899414,
    -0.13556796312332153
  ]
}