{
  "train_loss": [
    3.9098644835067713,
    2.6609319478205813,
    2.1384960107522217,
    1.9343693629414045,
    1.885039999641799,
    1.8344572652764872,
    1.7743930478755578,
    1.7039153851619384,
    1.7015576281515108,
    1.7802959726510945,
    1.6644403345190208,
    1.5775262360670128,
    1.650128092625244
  ],
  "val_loss": [
    2.727367401123047,
    2.0063371658325195,
    1.6868155002593994,
    1.8448023796081543,
    1.7017507553100586,
    1.769713282585144,
    1.6991634368896484,
    1.8274693489074707,
    1.741131067276001,
    1.7567837238311768,
    1.7235331535339355,
    1.832499623298645,
    1.7343127727508545
  ],
  "best_epoch": 2,
  "status": "ok",
  "grad_norm": [
    2.6787104345534294,
    2.4397255543984193,
    2.9721755360809516,
    2.612799600214381,
    2.7917266296197023,
    2.6492588466207962,
    2.442256960325252,
    2.342988873828645,
    2.6887700515002377,
    2.8352019948540894,
    2.537678292452838,
    2.3905279474802965,
    2.545845987825985
  ],
  "beta_std": [
    1.2871413230895996,
    0.9275311827659607,
    0.8625795841217041,
    0.7665084004402161,
    0.8711551427841187,
    0.8379887938499451,
    0.8266539573669434,
    0.8692631721496582,
    0.8608313798904419,
    0.8203758001327515,
    0.7143241763114929,
    0.8942346572875977,
    0.8822394609451294
  ],
  "beta_mean": [
    -0.11555950343608856,
    -0.13554106652736664,
    -0.18893583118915558,
    0.03189549967646599,
    -0.1767151653766632,
    0.028628354892134666,
    -0.1808866709470749,
    -0.028050497174263,
    -0.06506901234388351,
    -0.0491272397339344,
    -0.17130742967128754,
    0.037164006382226944,
    -0.18920756876468658
  ]
}