{
  "train_loss": [
    4.0999819459288025,
    2.6799063368989766,
    2.1901791463363196,
    2.0669095754082782,
    1.9588561893320409,
    1.8571624950486787,
    1.9348651516734878,
    1.8500023801851164,
    1.7907661380681321,
    1.7708125909169514,
    1.7041024069667132,
    1.691555581665904,
    1.7712414856670664,
    1.6852824541987206,
    1.6794997380704295,
    1.6150315645870978
  ],
  "val_loss": [
    2.9574248790740967,
    2.2095558643341064,
    2.0871407985687256,
    2.1988139152526855,
    1.9745194911956787,
    1.8708306550979614,
    2.025275707244873,
    1.925347924232483,
    1.8851240873336792,
    2.009976625442505,
    2.0746469497680664,
    1.8917404413223267,
    2.051893949508667,
    1.9465702772140503,
    1.876369833946228,
    1.973554015159607
  ],
  "best_epoch": 5,
  "status": "ok",
  "grad_norm": [
    2.914793451272392,
    3.3438465705661478,
    3.334238318422799,
    3.138589831848161,
    2.9704777081334477,
    2.7054577018443355,
    2.926161371608302,
    2.8528458389435594,
    2.8705291448738603,
    2.66036327826453,
    2.702364971638748,
    2.564995183150446,
    2.725988825289687,
    2.5901925617194794,
    2.7233657732776813,
    2.652036171127683
  ],
  "beta_std": [
    1.0785763263702393,
    0.8810819983482361,
    0.8087670803070068,
    0.7424200773239136,
    0.8810189962387085,
    0.7576927542686462,
    0.8263686895370483,
    0.7040999531745911,
    0.8304150104522705,
    0.827795684337616,
    0.9399042129516602,
    0.897566020488739,
    0.9647279381752014,
    0.8990188837051392,
    0.8099143505096436,
    0.7892780900001526
  ],
  "beta_mean": [
    0.3184202015399933,
    -0.15409477055072784,
    -0.07142893224954605,
    -0.18297544121742249,
    -0.11922743171453476,
    -0.17133685946464539,
    0.051598671823740005,
    -0.21548056602478027,
    0.03780992329120636,
    -0.16060598194599152,
    -0.20250551402568817,
    0.01778164692223072,
    0.13677696883678436,
    -0.025188112631440163,
    -0.045558903366327286,
    -0.05998187139630318
  ]
}