{
  "train_loss": [
    3.5280043397630965,
    2.358266965602261,
    2.049180655252366,
    1.869607905681982,
    1.8015750454666934,
    1.7887122649995109,
    1.7023361675323,
    1.744634853198685,
    1.7572132003009995,
    1.644983497066022,
    1.6811397378406827,
    1.6739118334387435,
    1.5947078736731255,
    1.623990096202513,
    1.5589067124996057,
    1.626824827691595,
    1.5353708372635095,
    1.5426052451944676,
    1.5866033928194283,
    1.5023855946772222,
    1.5255498818529436,
    1.4268596531852844,
    1.4215063935234433,
    1.478674601535408,
    1.544544893057168
  ],
  "val_loss": [
    2.632575750350952,
    2.3321471214294434,
    2.008514404296875,
    2.078366994857788,
    2.0480854511260986,
    2.0629215240478516,
    1.8707997798919678,
    1.9786763191223145,
    1.9473977088928223,
    1.9053630828857422,
    2.1581199169158936,
    1.8678812980651855,
    2.008049249649048,
    1.8917924165725708,
    1.858186960220337,
    2.009570598602295,
    1.9840142726898193,
    1.979097604751587,
    2.0003063678741455,
    1.8664276599884033,
    1.9045995473861694,
    1.9659169912338257,
    1.8787603378295898,
    2.2323553562164307,
    1.925545334815979
  ],
  "best_epoch": 14,
  "status": "ok",
  "grad_norm": [
    2.6787776963232957,
    2.8210024831698584,
    3.065533352147297,
    2.4842185276631463,
    2.5269410495600533,
    2.7135858883860684,
    2.4416877255382974,
    2.771205720069051,
    2.7871242062217654,
    2.3377805003384924,
    2.8906577373481825,
    2.436427260946876,
    2.2687837905742954,
    2.5680796070254397,
    2.4322008617853315,
    2.4273206693805123,
    2.295450201270458,
    2.4816736819071203,
    2.422394154291914,
    2.4428761477583367,
    2.5169252361335164,
    2.179223489183726,
    2.2617123430351564,
    2.5426362544588526,
    2.5579397809460587
  ],
  "beta_std": [
    1.1027826070785522,
    0.8625434041023254,
    0.6554127335548401,
    0.7737892866134644,
    0.7461711764335632,
    0.46043601632118225,
    0.6901021599769592,
    0.6000320911407471,
    0.6677353382110596,
    0.6512918472290039,
    0.5193703174591064,
    0.5599369406700134,
    0.5947019457817078,
    0.7674515843391418,
    0.5656515955924988,
    0.5619739294052124,
    0.6756570935249329,
    0.7472177147865295,
    0.5898898243904114,
    0.6113641262054443,
    0.7159609794616699,
    0.6366870403289795,
    0.73736572265625,
    0.6313057541847229,
    0.6674108505249023
  ],
  "beta_mean": [
    -0.3556129038333893,
    -0.11984983086585999,
    -0.39656955003738403,
    -0.30444082617759705,
    -0.31565555930137634,
    -0.11682681739330292,
    -0.2958414554595947,
    -0.2916317880153656,
    -0.4648182988166809,
    -0.21368612349033356,
    -0.062440406531095505,
    -0.28074634075164795,
    -0.15097472071647644,
    -0.33458077907562256,
    -0.33951786160469055,
    -0.1528133898973465,
    -0.24084000289440155,
    -0.34984320402145386,
    -0.08404181152582169,
    -0.269753634929657,
    -0.3773583471775055,
    -0.3095763921737671,
    -0.39095786213874817,
    -0.0802229717373848,
    -0.35048365592956543
  ]
}