{
  "train_loss": [
    3.7833428372277154,
    2.4943206220202976,
    2.120141298505995,
    1.965371799468994,
    1.9428195057974922,
    1.9106109910541111,
    1.7609520318773058,
    1.7699427191416424,
    1.7405112330118815,
    1.681527509689331,
    1.7086617766486274,
    1.7389593293931749,
    1.7124270863003201,
    1.609425360361735,
    1.6854978752136232,
    1.6367631946669685,
    1.5460070260365804
  ],
  "val_loss": [
    2.623727798461914,
    1.7193981409072876,
    1.912362813949585,
    1.7177923917770386,
    1.5665758848190308,
    1.6658128499984741,
    1.532820463180542,
    1.7736812829971313,
    1.9301466941833496,
    1.5946905612945557,
    1.8693766593933105,
    1.5619516372680664,
    1.5990731716156006,
    1.6900895833969116,
    1.702573299407959,
    1.6898894309997559,
    1.679567813873291
  ],
  "best_epoch": 6,
  "status": "ok",
  "grad_norm": [
    2.7326740270096392,
    2.6803028952651813,
    3.17005778482177,
    2.910607972154011,
    2.7965339585315108,
    2.9344483566447077,
    2.793333570384385,
    2.625513734860273,
    2.7689296661154152,
    2.6252604634149286,
    2.745645862758734,
    2.8163674156145815,
    2.6697992422542147,
    2.669059064468793,
    2.8800489028957608,
    2.6941821092057325,
    2.590421266191242
  ],
  "beta_std": [
    1.3361530303955078,
    0.8878008127212524,
    0.6788643598556519,
    0.8344725370407104,
    0.7652598023414612,
    0.6358945965766907,
    0.691364049911499,
    0.7359506487846375,
    0.7911754250526428,
    0.6433530449867249,
    0.8035203218460083,
    0.6284172534942627,
    0.711023211479187,
    0.7876845002174377,
    0.6822928190231323,
    0.7702174782752991,
    0.7616879343986511
  ],
  "beta_mean": [
    -0.24214477837085724,
    -0.24710729718208313,
    -0.31454962491989136,
    -0.29676875472068787,
    -0.266572505235672,
    -0.22018523514270782,
    -0.2508212625980377,
    -0.22265522181987762,
    -0.2658928334712982,
    -0.4079930782318115,
    -0.14463725686073303,
    -0.23070098459720612,
    -0.32175299525260925,
    -0.3508404493331909,
    -0.1705293506383896,
    -0.4134904742240906,
    -0.33489635586738586
  ]
}