{
  "train_loss": [
    3.761035997602675,
    2.5078926118214926,
    2.086914708879259,
    1.9046329630745782,
    1.861292142868042,
    1.7516932370927598,
    1.6893163039949206,
    1.7545227601793076,
    1.6935553126864964,
    1.7012605868445503,
    1.6829296604792277,
    1.6816274330351089,
    1.6110115422142877,
    1.606247255537245,
    1.57835487180286,
    1.511781291431851,
    1.567972031964196,
    1.5763850593566895,
    1.5381867705451118,
    1.5588353490829467,
    1.4688890449206033,
    1.4489951546986897,
    1.4587126697434318
  ],
  "val_loss": [
    3.506803035736084,
    2.596240282058716,
    2.0727038383483887,
    2.0478856563568115,
    1.9894741773605347,
    1.9922925233840942,
    1.9490910768508911,
    2.015143394470215,
    1.8895066976547241,
    1.8734625577926636,
    1.9850201606750488,
    1.877591609954834,
    1.7903611660003662,
    1.9279311895370483,
    1.854324460029602,
    1.8814294338226318,
    1.8321820497512817,
    1.8961172103881836,
    1.973150372505188,
    2.001293182373047,
    1.9545130729675293,
    1.9389235973358154,
    1.9959626197814941
  ],
  "best_epoch": 12,
  "status": "ok",
  "grad_norm": [
    3.145008743508896,
    2.8784698329060605,
    3.2226811172069034,
    2.815117983530206,
    2.883003927860575,
    2.4685081034240564,
    2.466930860103897,
    2.75963915507836,
    2.5363452164063935,
    2.8217736869087737,
    2.7251518812900755,
    2.552376883096965,
    2.4850106841672917,
    2.418016374545616,
    2.6034819766703095,
    2.4441481633241993,
    2.6241395233793345,
    2.641754490773468,
    2.549865054207794,
    2.723190138784736,
    2.429170541451901,
    2.63123744399163,
    2.553562919277471
  ],
  "beta_std": [
    1.4260423183441162,
    1.0249500274658203,
    0.8045167922973633,
    0.8620284795761108,
    0.7729974389076233,
    0.7938741445541382,
    0.8156473636627197,
    0.6659042239189148,
    0.7071969509124756,
    0.7595242857933044,
    0.8581804633140564,
    0.841484010219574,
    0.8139200210571289,
    0.6696579456329346,
    0.8284868001937866,
    0.7474048137664795,
    0.8312787413597107,
    0.7205219864845276,
    0.8560701012611389,
    0.7630366086959839,
    0.8769406676292419,
    0.7796077728271484,
    0.8459426164627075
  ],
  "beta_mean": [
    -0.21004951000213623,
    -0.19132810831069946,
    -0.20891891419887543,
    -0.29190659523010254,
    -0.2467925250530243,
    -0.11392507702112198,
    -0.23834343254566193,
    -0.2318662852048874,
    -0.2656312882900238,
    -0.39707690477371216,
    0.008310765959322453,
    -0.21244552731513977,
    -0.22833751142024994,
    -0.21101732552051544,
    -0.24219977855682373,
    -0.16971355676651,
    -0.3569171130657196,
    -0.3181678056716919,
    -0.17451360821723938,
    -0.28343498706817627,
    -0.1778736561536789,
    -0.26075810194015503,
    -0.1681821495294571
  ]
}