{
  "train_loss": [
    4.02509627978007,
    2.538844255871243,
    2.151569316122267,
    2.0276895268758137,
    1.897945433722602,
    1.8542344670825535,
    1.820358870294359,
    1.8541737959120008,
    1.792715670267741,
    1.7361413563622368,
    1.8316372601191202,
    1.677866301006741,
    1.7373335467444526,
    1.7353740411334568,
    1.6970040708118015,
    1.6196588685777453,
    1.6569540140363905,
    1.6445409954918755,
    1.633745642238193,
    1.5109578683641223,
    1.534975184334649,
    1.5126892018318177,
    1.5171921035978528,
    1.521072710884942,
    1.5561643081241183,
    1.5089298269483777,
    1.4772800334294638,
    1.4640204752816095
  ],
  "val_loss": [
    2.6844418048858643,
    2.024263381958008,
    1.983569622039795,
    1.7373484373092651,
    1.7468758821487427,
    1.7819769382476807,
    1.764937400817871,
    1.7057298421859741,
    1.7982361316680908,
    1.6767339706420898,
    1.7075932025909424,
    1.8013768196105957,
    1.7371282577514648,
    1.630581021308899,
    1.632081151008606,
    1.7013070583343506,
    1.6687759160995483,
    1.6055735349655151,
    1.6762762069702148,
    1.6857396364212036,
    1.6217721700668335,
    1.7052334547042847,
    1.8311020135879517,
    1.8079931735992432,
    1.7263621091842651,
    1.7853713035583496,
    1.7298239469528198,
    1.7552039623260498
  ],
  "best_epoch": 17,
  "status": "ok",
  "grad_norm": [
    2.857371190708348,
    2.750919088631469,
    3.1435748688253935,
    2.9838640934186937,
    2.7074975069762153,
    2.5128159838036614,
    2.647048759538638,
    2.8784919244954112,
    2.521047127164828,
    2.413501829827112,
    2.698474971081743,
    2.514423175338333,
    2.71881148736022,
    2.5835932092981473,
    2.614689429152279,
    2.4257358576925454,
    2.7397089016842515,
    2.495766356711264,
    2.4515878861136744,
    2.4400891642535587,
    2.3022245806560457,
    2.4494684811114884,
    2.456662085463256,
    2.5572094335098514,
    2.784001943240307,
    2.529013579273305,
    2.628059402801414,
    2.6084787599894543
  ],
  "beta_std": [
    1.1479556560516357,
    0.9369670152664185,
    0.7103149890899658,
    0.7000098824501038,
    0.7238269448280334,
    0.6989789605140686,
    0.7449502348899841,
    0.707001268863678,
    0.7138609290122986,
    0.7522295713424683,
    0.6907250881195068,
    0.7233593463897705,
    0.6903830766677856,
    0.7354523539543152,
    0.7261411547660828,
    0.7718881368637085,
    0.6031802892684937,
    0.6864201426506042,
    0.7905742526054382,
    0.8215664625167847,
    0.7795547842979431,
    0.7618805766105652,
    0.6680114269256592,
    0.8976699113845825,
    0.8461767435073853,
    0.7693266868591309,
    0.7729789018630981,
    0.8250192999839783
  ],
  "beta_mean": [
    -0.08858396857976913,
    0.0649007260799408,
    -0.17585937678813934,
    -0.1886686086654663,
    -0.11959810554981232,
    -0.14279431104660034,
    -0.31372013688087463,
    -0.10135351121425629,
    -0.20304130017757416,
    -0.11082372814416885,
    -0.07394195348024368,
    0.015040064230561256,
    -0.16635337471961975,
    -0.2185487300157547,
    -0.051824260503053665,
    -0.15685954689979553,
    -0.21584701538085938,
    -0.14759062230587006,
    -0.0351734384894371,
    -0.22850792109966278,
    -0.14691226184368134,
    -0.22532273828983307,
    -0.32015204429626465,
    -0.07725338637828827,
    0.0024504661560058594,
    -0.3731326162815094,
    -0.15592071413993835,
    -0.2904897630214691
  ]
}