{
  "train_loss": [
    3.718641267352634,
    2.4043287669287787,
    1.995619116889106,
    1.9776761346393161,
    1.8872318776448567,
    1.8820336956448025,
    1.8213493792215982,
    1.7017378012339275,
    1.7963017876942953,
    1.7322580144140456,
    1.6814312892489962,
    1.6847716289096408,
    1.6277539242638481,
    1.6892340882619221,
    1.5914525572458904,
    1.6129336145189073,
    1.62039365556505,
    1.6630325889587403,
    1.5198699426651001,
    1.5386229027642144,
    1.4792892350090874,
    1.5642444965574476,
    1.4816601954566109,
    1.4599878254201677,
    1.4275262530644734,
    1.3880658128526475,
    1.5021118497848511,
    1.3926811091105142,
    1.3564863840738932,
    1.3238802880711025,
    1.3647689604759217,
    1.3473737133873833,
    1.3574217261208428,
    1.2898178980085584,
    1.3456187714470758,
    1.3101749187045628,
    1.2847708625263639,
    1.28621602429284,
    1.2621690882576837,
    1.241501318613688,
    1.2944829252031114,
    1.3359873946507772
  ],
  "val_loss": [
    2.0854456424713135,
    1.674782395362854,
    1.585678219795227,
    1.529305100440979,
    1.5652568340301514,
    1.5161458253860474,
    1.555817723274231,
    1.674196720123291,
    1.665885329246521,
    1.546748399734497,
    1.5013583898544312,
    1.5763894319534302,
    1.5376629829406738,
    1.6297500133514404,
    1.7018356323242188,
    1.5426666736602783,
    1.4895384311676025,
    1.5422433614730835,
    1.5271079540252686,
    1.451969027519226,
    1.42624831199646,
    1.444427490234375,
    1.4970462322235107,
    1.4470921754837036,
    1.4169381856918335,
    1.4109302759170532,
    1.5194604396820068,
    1.4073758125305176,
    1.4191491603851318,
    1.3740237951278687,
    1.370140790939331,
    1.3539222478866577,
    1.4215089082717896,
    1.4587496519088745,
    1.4312684535980225,
    1.3895317316055298,
    1.447106122970581,
    1.4305340051651,
    1.3796093463897705,
    1.530452013015747,
    1.5607786178588867,
    1.4207059144973755
  ],
  "best_epoch": 31,
  "status": "ok",
  "grad_norm": [
    2.960944474875566,
    3.05708086686181,
    2.7755526665668966,
    2.8142086262268644,
    2.8111505698067787,
    2.9865833980827556,
    2.708975010055758,
    2.5421734517641563,
    3.064076312546826,
    2.5657681024890597,
    2.5140206269360856,
    2.6057828631056106,
    2.7161898989563644,
    2.6881403838027245,
    2.7447987805261054,
    2.735324155532287,
    2.9445897653006274,
    2.7479166934612076,
    2.5176916766692727,
    2.878681869977853,
    2.9826205748962153,
    2.6203816472266315,
    2.63529342915728,
    2.4643636650048,
    2.387929663552554,
    2.5127058707944148,
    2.660322533333144,
    2.338656539760035,
    2.4064079676624184,
    2.5494221138163278,
    2.416446916315651,
    2.6697999703323787,
    2.798190118671868,
    2.5635302717636526,
    2.724714735763958,
    2.5583243901167863,
    2.3268577608161713,
    2.439704229589946,
    2.420257008545939,
    2.532173185706741,
    2.579717287236577,
    2.6671632030376973
  ],
  "beta_std": [
    1.1589363813400269,
    0.8340531587600708,
    0.7603974342346191,
    0.8220117688179016,
    0.7433367967605591,
    0.7214366793632507,
    0.7584267854690552,
    0.8434534072875977,
    0.7162424921989441,
    0.7892316579818726,
    0.7567787170410156,
    0.7758111953735352,
    0.8622748255729675,
    0.8884382843971252,
    0.9058821201324463,
    0.7624549865722656,
    0.8120201230049133,
    0.9908972382545471,
    0.9172197580337524,
    0.9547889232635498,
    0.8065328598022461,
    0.8339899778366089,
    0.7800671458244324,
    0.8240504860877991,
    0.8611662983894348,
    0.8242404460906982,
    0.9126716256141663,
    0.936652660369873,
    0.8473808765411377,
    0.8462206125259399,
    0.9553329348564148,
    0.9223554134368896,
    0.9860218167304993,
    1.0110695362091064,
    0.9313365817070007,
    0.9621534943580627,
    1.0051794052124023,
    0.8538719415664673,
    0.9414466619491577,
    0.9808762073516846,
    0.9232611060142517,
    0.9557011127471924
  ],
  "beta_mean": [
    -0.18307475745677948,
    -0.27666378021240234,
    -0.26172465085983276,
    -0.2936578691005707,
    -0.04940185695886612,
    -0.36874619126319885,
    -0.162788987159729,
    -0.29084986448287964,
    -0.01833156868815422,
    -0.21193227171897888,
    -0.1945510059595108,
    -0.20187780261039734,
    -0.29904574155807495,
    -0.14706501364707947,
    -0.36171868443489075,
    -0.1375143826007843,
    -0.10221797227859497,
    -0.3556741774082184,
    -0.21692700684070587,
    -0.25691789388656616,
    -0.22471114993095398,
    -0.3182543218135834,
    -0.11130190640687943,
    -0.11139354854822159,
    -0.40021198987960815,
    -0.26415181159973145,
    -0.23801079392433167,
    -0.17220544815063477,
    -0.2193751186132431,
    -0.3897216022014618,
    -0.1629047989845276,
    -0.3156336843967438,
    -0.16445405781269073,
    -0.2876720130443573,
    -0.2934524118900299,
    -0.3026892840862274,
    -0.18080125749111176,
    -0.2908867597579956,
    -0.3027541935443878,
    -0.32915690541267395,
    -0.31787216663360596,
    -0.3431945741176605
  ]
}