{
  "train_loss": [
    3.621512378056844,
    2.281063061820136,
    2.086840590371026,
    1.9910811212327746,
    1.82588604927063,
    1.7974295488993326,
    1.6683356232113309,
    1.713060048421224,
    1.719294746186998,
    1.6686002348528968,
    1.5881205442216662,
    1.632077275382148,
    1.5767469713422988,
    1.5299264176686604,
    1.5397538693745931,
    1.5888494284947714,
    1.5091135957505968,
    1.4897557703653972,
    1.3991977416144477,
    1.416010282304552,
    1.4668480637338426
  ],
  "val_loss": [
    2.1476223468780518,
    1.6613070964813232,
    1.6433770656585693,
    1.690313696861267,
    1.7998756170272827,
    1.6469335556030273,
    1.5852768421173096,
    1.5858420133590698,
    1.5228136777877808,
    1.5094501972198486,
    1.4867491722106934,
    1.640407681465149,
    1.5476359128952026,
    1.5517631769180298,
    1.623754858970642,
    1.7661670446395874,
    1.5779175758361816,
    1.5747734308242798,
    1.6745377779006958,
    1.617034912109375,
    1.5473129749298096
  ],
  "best_epoch": 10,
  "status": "ok",
  "grad_norm": [
    2.748466134157819,
    2.7661186094177297,
    3.379905332768583,
    2.8009341240698733,
    2.5266998328739385,
    2.7309803518851994,
    2.3486753785241317,
    2.788849365893277,
    2.5995603384759853,
    2.6777803481133775,
    2.6287929356296837,
    2.699966849080343,
    2.7087744139177468,
    2.555927645475532,
    2.6165527217474205,
    2.45823246952338,
    2.685157804346888,
    2.4140220735796554,
    2.324193265865475,
    2.509777921557946,
    2.5969024307040764
  ],
  "beta_std": [
    1.1342628002166748,
    0.7239881753921509,
    0.8390960693359375,
    0.629426121711731,
    0.8501104116439819,
    0.7069256901741028,
    0.7410938143730164,
    0.7286227941513062,
    0.7430191040039062,
    0.8440495133399963,
    0.7322477698326111,
    0.8772635459899902,
    0.8898949027061462,
    0.815159797668457,
    0.8199593424797058,
    0.859102189540863,
    0.7472550868988037,
    0.8883941769599915,
    0.917951762676239,
    0.9397817850112915,
    0.7768226265907288
  ],
  "beta_mean": [
    -0.07388810813426971,
    -0.0719897523522377,
    -0.09650766104459763,
    0.06804818660020828,
    0.15003743767738342,
    0.0776752158999443,
    -0.04797683283686638,
    -0.09586100280284882,
    0.13481473922729492,
    -0.08737192302942276,
    -0.1219886988401413,
    0.09181539714336395,
    -0.23945285379886627,
    -0.10731390118598938,
    -0.03893854096531868,
    -0.16409051418304443,
    -0.04426415264606476,
    -0.07941964268684387,
    0.07849528640508652,
    -0.1905609369277954,
    0.03930135443806648
  ]
}