{
  "train_loss": [
    3.8620437706841364,
    2.537296739154392,
    2.124255684746636,
    2.0181075620651243,
    1.8576081959406534,
    1.798392317030165,
    1.8450425699022082,
    1.7555314127604167,
    1.75483833471934,
    1.6403761206732856,
    1.6546540101369223,
    1.6158737823698255,
    1.5973764318890042,
    1.557917537689209,
    1.5931259086396958,
    1.5618235694037543,
    1.61379770649804,
    1.6052858930163914,
    1.4729945924546983,
    1.5735054551230536,
    1.491600955327352,
    1.4792933220333524
  ],
  "val_loss": [
    2.8847556114196777,
    2.3361868858337402,
    2.1768553256988525,
    2.1026604175567627,
    2.0888619422912598,
    2.1222803592681885,
    2.026851177215576,
    2.145112991333008,
    2.0571489334106445,
    2.094170331954956,
    2.080291509628296,
    2.0240721702575684,
    2.098154067993164,
    2.142643928527832,
    2.13261079788208,
    2.1567676067352295,
    2.152996063232422,
    2.1977453231811523,
    2.1584722995758057,
    2.035238742828369,
    2.0555713176727295,
    2.126509428024292
  ],
  "best_epoch": 11,
  "status": "ok",
  "grad_norm": [
    2.914266375014526,
    2.593942749910619,
    3.185434079363947,
    2.8896533881982087,
    2.6575461403660796,
    2.5776172242475854,
    2.7085356587562437,
    2.5534865783921386,
    2.41492183716881,
    2.4363334486009003,
    2.505789444830476,
    2.4262824023951053,
    2.5663807522224458,
    2.314153138780942,
    2.557147559679467,
    2.7538131796685725,
    2.308401945839192,
    2.6807885110719543,
    2.4130723607436013,
    2.7591892233407425,
    2.5781773391408978,
    2.5085368110469464
  ],
  "beta_std": [
    1.2589738368988037,
    0.8566586971282959,
    0.5401601791381836,
    0.7162641882896423,
    0.5973204970359802,
    0.529867947101593,
    0.7288731336593628,
    0.6542341113090515,
    0.678392231464386,
    0.5241413116455078,
    0.5566328167915344,
    0.7498533129692078,
    0.5709056258201599,
    0.6889691352844238,
    0.597045361995697,
    0.6280676126480103,
    0.6363855600357056,
    0.5984628796577454,
    0.7746042013168335,
    0.6845393180847168,
    0.633442759513855,
    0.7979950904846191
  ],
  "beta_mean": [
    -0.6031606197357178,
    -0.3880581259727478,
    -0.1815229207277298,
    -0.41469740867614746,
    -0.4251791834831238,
    -0.27823618054389954,
    -0.4387739300727844,
    -0.37207844853401184,
    -0.2878878116607666,
    -0.3166428506374359,
    -0.22121688723564148,
    -0.38258183002471924,
    -0.32827693223953247,
    -0.3199816644191742,
    -0.3711208403110504,
    -0.2895353138446808,
    -0.32078808546066284,
    -0.1188403069972992,
    -0.28211143612861633,
    -0.2478266954421997,
    -0.3567001223564148,
    -0.36704307794570923
  ]
}