{
  "train_loss": [
    0.7578383977162211,
    0.6977727500039932,
    0.6925424743953504,
    0.6836783530210194,
    0.68156674931621,
    0.6774860166387948,
    0.675569319780807,
    0.6777387883509809,
    0.6707128916846381,
    0.6715931463241577,
    0.6646789634018614,
    0.6634255951608133,
    0.6652327370085911,
    0.6638670116837262,
    0.6635532170429564,
    0.6604453298013809,
    0.6626634830619856,
    0.6560237020219278,
    0.6550407280559428,
    0.6588257100428754,
    0.6555779895308422,
    0.6472828548832944
  ],
  "val_loss": [
    0.6441327333450317,
    0.6797789931297302,
    0.6445032954216003,
    0.6529088616371155,
    0.643154501914978,
    0.6521352529525757,
    0.6424056887626648,
    0.6665027737617493,
    0.6527097821235657,
    0.6406669020652771,
    0.6414129137992859,
    0.6352553367614746,
    0.6568692326545715,
    0.6600841879844666,
    0.6534315347671509,
    0.6594615578651428,
    0.6553182005882263,
    0.6472000479698181,
    0.6531419157981873,
    0.6489579677581787,
    0.6535611152648926,
    0.6355152726173401
  ],
  "best_epoch": 11,
  "status": "underfit",
  "grad_norm": [
    0.7602910053359243,
    0.6846567653375206,
    0.6386384602650517,
    0.6404829702827576,
    0.586837556596502,
    0.6066826228798755,
    0.5810811704221983,
    0.5803080740234646,
    0.5911748971088985,
    0.5772102239980058,
    0.5665247998094692,
    0.5575815720199262,
    0.5764868278662458,
    0.5573674424244816,
    0.5755287108098232,
    0.5781213540299069,
    0.5773990728561494,
    0.5636983026329273,
    0.5463306956618206,
    0.5582541950478354,
    0.5626012165880112,
    0.5342453119151318
  ],
  "beta_std": [
    0.19347089529037476,
    0.1791786402463913,
    0.1808166801929474,
    0.19542130827903748,
    0.2669863700866699,
    0.23305267095565796,
    0.26379504799842834,
    0.27233415842056274,
    0.252762109041214,
    0.23965629935264587,
    0.23423145711421967,
    0.2715437114238739,
    0.21478204429149628,
    0.2804127633571625,
    0.21949154138565063,
    0.25681614875793457,
    0.18268507719039917,
    0.2221229374408722,
    0.32053837180137634,
    0.24702629446983337,
    0.2507174015045166,
    0.2678124010562897
  ],
  "beta_mean": [
    -0.06554553657770157,
    -0.05262625217437744,
    -0.08278711885213852,
    -0.13775797188282013,
    -0.04631854593753815,
    -0.11384953558444977,
    -0.20278705656528473,
    -0.10742150247097015,
    -0.07241113483905792,
    -0.07614139467477798,
    -0.042313456535339355,
    -0.09470193833112717,
    -0.03594563528895378,
    -0.07242976874113083,
    -0.13759253919124603,
    -0.03747464343905449,
    -0.11129327863454819,
    0.0409376360476017,
    -0.00817649532109499,
    -0.0153471315279603,
    -0.18432101607322693,
    0.0012752527836710215
  ]
}