{
  "train_loss": [
    0.7544208492591367,
    0.703002238901038,
    0.6893959336392363,
    0.6860536548408152,
    0.6811018513238918,
    0.674025454493294,
    0.6751991118185702,
    0.6689051640382288,
    0.6734147708666952,
    0.6751061695639851,
    0.6645734022932444,
    0.663914279407925,
    0.6655552863656429,
    0.6671332328082525,
    0.658847887223227
  ],
  "val_loss": [
    0.690300703048706,
    0.7004649639129639,
    0.6936280131340027,
    0.6851745247840881,
    0.6782107949256897,
    0.7048892378807068,
    0.6992523670196533,
    0.6826663613319397,
    0.6988233327865601,
    0.6879737377166748,
    0.6931236982345581,
    0.7000011801719666,
    0.6917887330055237,
    0.694076418876648,
    0.6797513365745544
  ],
  "best_epoch": 4,
  "status": "underfit",
  "grad_norm": [
    0.7294022496383146,
    0.6993807326052178,
    0.6818524205946317,
    0.6423925091373628,
    0.6375943530590478,
    0.6041042939032729,
    0.6007691134614874,
    0.5864597149617914,
    0.594938865026672,
    0.602675120487683,
    0.5724246436765047,
    0.5785046982002416,
    0.5710552708954452,
    0.5910702811107157,
    0.5671816315694943
  ],
  "beta_std": [
    0.1578982025384903,
    0.150276318192482,
    0.23853342235088348,
    0.15907330811023712,
    0.21749894320964813,
    0.21053873002529144,
    0.2118498682975769,
    0.1862291544675827,
    0.2536652386188507,
    0.25368422269821167,
    0.22164498269557953,
    0.24537187814712524,
    0.2248605638742447,
    0.25955694913864136,
    0.2263786643743515
  ],
  "beta_mean": [
    -0.08427414298057556,
    -0.09011725336313248,
    -0.1232432872056961,
    -0.07946145534515381,
    -0.09778053313493729,
    0.011370141990482807,
    -0.02520722895860672,
    -0.12356078624725342,
    -0.00029765881481580436,
    -0.16246284544467926,
    -0.050536684691905975,
    -0.043247368186712265,
    -0.1449812650680542,
    -0.1324252337217331,
    -0.09520722925662994
  ]
}