{
  "train_loss": [
    0.7511865382584912,
    0.6983119037834524,
    0.6871963991198623,
    0.6785272933168021,
    0.6727496531692861,
    0.6712459413489403,
    0.6664361720684676,
    0.6660163927357099,
    0.6634915050149661,
    0.668049510417626,
    0.662116215103551,
    0.6613345837314226,
    0.6548198918850101,
    0.6565154889591953,
    0.6612874726942408,
    0.6552171157535753
  ],
  "val_loss": [
    0.7865634560585022,
    0.7706805467605591,
    0.7419795989990234,
    0.7542201280593872,
    0.7717993855476379,
    0.7405216693878174,
    0.7485134601593018,
    0.7694048285484314,
    0.7508390545845032,
    0.7447035908699036,
    0.7494742274284363,
    0.7770820260047913,
    0.7677155137062073,
    0.7468341588973999,
    0.7644885778427124,
    0.7485234141349792
  ],
  "best_epoch": 5,
  "status": "underfit",
  "grad_norm": [
    0.7420699711892366,
    0.6730662921582314,
    0.6888958424483835,
    0.6117823467147125,
    0.6119120987881865,
    0.6002796657413046,
    0.5938455896819218,
    0.5797932955503731,
    0.5669763478304156,
    0.5949537322976897,
    0.5484616056833393,
    0.559361483775947,
    0.5260516832817485,
    0.5318282205801894,
    0.5500466347411562,
    0.5692458433008485
  ],
  "beta_std": [
    0.21251988410949707,
    0.2524068355560303,
    0.28206560015678406,
    0.2751201391220093,
    0.26300522685050964,
    0.18297964334487915,
    0.2766311764717102,
    0.26778149604797363,
    0.2780320644378662,
    0.2629293203353882,
    0.2658393681049347,
    0.23798337578773499,
    0.27181053161621094,
    0.20600607991218567,
    0.2445724904537201,
    0.1756894290447235
  ],
  "beta_mean": [
    -0.009083266369998455,
    0.014412064105272293,
    -0.016177557408809662,
    -0.05921562761068344,
    -0.049297407269477844,
    -0.07061558961868286,
    -0.04473816603422165,
    0.0029869249556213617,
    -0.1336393505334854,
    0.07956632971763611,
    0.025703106075525284,
    0.1060091033577919,
    0.044036731123924255,
    -0.09335353970527649,
    -0.07588248699903488,
    -0.11852946132421494
  ]
}