{
  "train_loss": [
    0.7518827452715378,
    0.7099675449345544,
    0.6970468214799089,
    0.6879038258114754,
    0.6779161633246126,
    0.6777451505716782,
    0.6821437797211765,
    0.6744815189238877,
    0.6780835090464319,
    0.670968026515336,
    0.673221471449088,
    0.6690721823179234,
    0.6701717392324704,
    0.6684931072714733
  ],
  "val_loss": [
    0.7099647521972656,
    0.7183046936988831,
    0.7188490629196167,
    0.6949923038482666,
    0.737059473991394,
    0.7041533589363098,
    0.7166584730148315,
    0.7125852704048157,
    0.7043959498405457,
    0.7185553312301636,
    0.7102187275886536,
    0.7218751907348633,
    0.7176024317741394,
    0.696968674659729
  ],
  "best_epoch": 3,
  "status": "underfit",
  "grad_norm": [
    0.7305489996827933,
    0.6532918850464529,
    0.6031334456617894,
    0.595176053696953,
    0.5516183609294129,
    0.5599043582420778,
    0.5753284628101892,
    0.5279534480463678,
    0.5796490258789192,
    0.5456864634418269,
    0.5605073094298254,
    0.5748457107136216,
    0.54831011019991,
    0.54529203639944
  ],
  "beta_std": [
    0.19029000401496887,
    0.29269376397132874,
    0.1818186342716217,
    0.17125603556632996,
    0.2077602595090866,
    0.2077648937702179,
    0.26862645149230957,
    0.25572389364242554,
    0.18296028673648834,
    0.21655184030532837,
    0.26506349444389343,
    0.20531319081783295,
    0.20863783359527588,
    0.2316369265317917
  ],
  "beta_mean": [
    -0.11402878910303116,
    -0.12429162114858627,
    -0.12806491553783417,
    -0.12143611907958984,
    -0.12552742660045624,
    -0.03108549304306507,
    -0.0727192610502243,
    -0.03741190582513809,
    -0.0386415459215641,
    -0.05348226800560951,
    -0.07937917858362198,
    -0.11552678793668747,
    -0.1080242246389389,
    -0.0675823837518692
  ]
}