{
  "train_loss": [
    0.7295608315969768,
    0.683312261592575,
    0.6774258863437943,
    0.6766925825013055,
    0.6601120485896953,
    0.6557980830488149,
    0.6523881515982556,
    0.6617882451188495,
    0.6499992185587075,
    0.6489722265416419,
    0.6517925497523526,
    0.6432881877575701,
    0.6490024493312277,
    0.6457345720201905,
    0.6440297152842694,
    0.6383409977795785,
    0.6434035883451763,
    0.6375711302032248,
    0.6399697895496212,
    0.6382196271210386,
    0.6370035307170355,
    0.6359713673173335,
    0.635881511370341,
    0.6283421305048535,
    0.6345473363246137,
    0.6295721021242309,
    0.6311652298419796,
    0.6300373266802893,
    0.6297556237449423,
    0.6295499640040928,
    0.6303118558864147,
    0.6286470953065749
  ],
  "val_loss": [
    0.6573338508605957,
    0.6414740681648254,
    0.657066822052002,
    0.6592129468917847,
    0.6303083896636963,
    0.6289563179016113,
    0.6333840489387512,
    0.640673041343689,
    0.6472786068916321,
    0.6256492137908936,
    0.6351659297943115,
    0.6192275881767273,
    0.6178798675537109,
    0.6223312020301819,
    0.6254932880401611,
    0.6340791583061218,
    0.6268904805183411,
    0.630548357963562,
    0.6308846473693848,
    0.6388137340545654,
    0.640536367893219,
    0.6155825257301331,
    0.6344300508499146,
    0.6414608359336853,
    0.6216139197349548,
    0.6283032298088074,
    0.6281424164772034,
    0.6221513748168945,
    0.6339630484580994,
    0.6415765881538391,
    0.6212795376777649,
    0.6281383633613586
  ],
  "best_epoch": 21,
  "status": "underfit",
  "grad_norm": [
    0.7398194884019941,
    0.7092821843165453,
    0.7287210709383026,
    0.6470412647767637,
    0.6255409894718476,
    0.6135692473152412,
    0.5914874056202586,
    0.6139607874690575,
    0.5578532563481516,
    0.5557699720623058,
    0.5686190972149012,
    0.535513835301414,
    0.5751761247913818,
    0.5573150544598013,
    0.5666725240054193,
    0.5437701004292362,
    0.5758648150166712,
    0.5496328856318273,
    0.5341368380246835,
    0.5376648538654162,
    0.572550853659361,
    0.5700809532447122,
    0.5645770598029394,
    0.5586754602373701,
    0.5563395436082813,
    0.561382440744789,
    0.5758091303702162,
    0.5302407802357946,
    0.53603384840398,
    0.5666272418835618,
    0.58512623715467,
    0.565897025029451
  ],
  "beta_std": [
    0.32064059376716614,
    0.19841903448104858,
    0.3180760443210602,
    0.25671637058258057,
    0.22210651636123657,
    0.23446650803089142,
    0.19337721168994904,
    0.26084476709365845,
    0.1830853819847107,
    0.20548255741596222,
    0.26445284485816956,
    0.17083889245986938,
    0.17243583500385284,
    0.20379044115543365,
    0.29607367515563965,
    0.21808941662311554,
    0.2193540334701538,
    0.2107381522655487,
    0.17966245114803314,
    0.22773677110671997,
    0.2800939083099365,
    0.23717094957828522,
    0.2588668465614319,
    0.23854541778564453,
    0.21186931431293488,
    0.2948439419269562,
    0.15677249431610107,
    0.2744285762310028,
    0.21147066354751587,
    0.2713572680950165,
    0.3355441093444824,
    0.22172372043132782
  ],
  "beta_mean": [
    -0.13804671168327332,
    0.0062489742413163185,
    0.05387450382113457,
    -0.11468872427940369,
    0.00021972807007841766,
    -0.12776678800582886,
    -0.0630086213350296,
    -0.011891122907400131,
    -0.024189379066228867,
    -0.07710985839366913,
    0.013649175874888897,
    -0.14408104121685028,
    -0.11488896608352661,
    -0.19258427619934082,
    -0.0982298031449318,
    -0.013464642688632011,
    -0.12455210089683533,
    -0.1262311190366745,
    -0.08691943436861038,
    -0.1341928392648697,
    -0.0018687122501432896,
    -0.01890697330236435,
    0.004068444017320871,
    0.07853193581104279,
    -0.19409632682800293,
    -0.028842981904745102,
    -0.1008118987083435,
    -0.034957438707351685,
    -0.12102913111448288,
    -0.05282935872673988,
    -0.05357551947236061,
    -0.0322934053838253
  ]
}