{
  "train_loss": [
    0.7598824252022637,
    0.7062663168377347,
    0.6810132687886556,
    0.6815281706386143,
    0.6849143127335442,
    0.6786947859658136,
    0.6710600938267178,
    0.668045881960127,
    0.6692435567114088,
    0.6645015657212999,
    0.6638981735441419,
    0.659678808901045,
    0.6629765725665623,
    0.6610434347258674,
    0.661492941432529,
    0.6590594681633843,
    0.6586068983607822,
    0.6566162279182011,
    0.6608895910580953
  ],
  "val_loss": [
    0.6183878183364868,
    0.6359057426452637,
    0.6038670539855957,
    0.5983862280845642,
    0.618303120136261,
    0.6217864155769348,
    0.5984300971031189,
    0.6298964619636536,
    0.591049313545227,
    0.6242898106575012,
    0.5959194302558899,
    0.600497305393219,
    0.5986796617507935,
    0.612259030342102,
    0.5985139012336731,
    0.5956804156303406,
    0.6086961627006531,
    0.6032021045684814,
    0.5979804396629333
  ],
  "best_epoch": 8,
  "status": "underfit",
  "grad_norm": [
    0.7248677748143146,
    0.6550443029107715,
    0.5918765552783571,
    0.5872188721610969,
    0.5679387446340302,
    0.5755243980639722,
    0.5732061271708482,
    0.5563833347661119,
    0.5553135568830332,
    0.5244966619514495,
    0.5500143337757146,
    0.5455222621088289,
    0.52032953406617,
    0.5397150811518698,
    0.5234677002826312,
    0.5283943418389041,
    0.5325815365461471,
    0.5492145945582835,
    0.5199189427959755
  ],
  "beta_std": [
    0.14442449808120728,
    0.21172726154327393,
    0.26892003417015076,
    0.21682707965373993,
    0.20514219999313354,
    0.1811106652021408,
    0.23840534687042236,
    0.15571828186511993,
    0.2157895565032959,
    0.1691817045211792,
    0.19506895542144775,
    0.20113077759742737,
    0.1745714396238327,
    0.23118872940540314,
    0.17866449058055878,
    0.21948528289794922,
    0.3026309013366699,
    0.2366267293691635,
    0.20948825776576996
  ],
  "beta_mean": [
    -0.040874604135751724,
    -0.13012756407260895,
    -0.12856438755989075,
    -0.04885827749967575,
    -0.030585715547204018,
    -0.1680566519498825,
    -0.07550947368144989,
    -0.1244281604886055,
    -0.1162826418876648,
    -0.06131927669048309,
    -0.05231350660324097,
    -0.04332577809691429,
    -0.06005184352397919,
    -0.0696805939078331,
    -0.021474655717611313,
    -0.11766160279512405,
    -0.1480417102575302,
    -0.0703226700425148,
    -0.0695250853896141
  ]
}