{
  "train_loss": [
    0.7431420637236701,
    0.682241043885549,
    0.6764022971255084,
    0.6723145560158623,
    0.6651688806745741,
    0.6660461025767856,
    0.6667451731893751,
    0.6614113784896003,
    0.6583735610644023,
    0.661705641216702,
    0.658002861181895,
    0.6578781077067057,
    0.6593895720375909
  ],
  "val_loss": [
    0.6404273509979248,
    0.635886013507843,
    0.6049107909202576,
    0.6308534741401672,
    0.6426461935043335,
    0.6077500581741333,
    0.6151853203773499,
    0.630179762840271,
    0.6215232610702515,
    0.6636883616447449,
    0.6093847155570984,
    0.612091064453125,
    0.6078473925590515
  ],
  "best_epoch": 2,
  "status": "underfit",
  "grad_norm": [
    0.796590758108815,
    0.6817423417303363,
    0.7000312273534423,
    0.668274917441035,
    0.6445779293033583,
    0.6384445486883116,
    0.6281593817745441,
    0.6482204846677863,
    0.592384042422043,
    0.6164490670270268,
    0.6203854988841122,
    0.5946810539751188,
    0.6082946978984304
  ],
  "beta_std": [
    0.18849024176597595,
    0.17747662961483002,
    0.23820139467716217,
    0.2009957730770111,
    0.210962176322937,
    0.22282841801643372,
    0.19161230325698853,
    0.20979490876197815,
    0.20225776731967926,
    0.18651562929153442,
    0.2381497621536255,
    0.21921423077583313,
    0.1909213811159134
  ],
  "beta_mean": [
    -0.05860423669219017,
    -0.10822799056768417,
    -0.07203356921672821,
    -0.043576791882514954,
    -0.12393566966056824,
    -0.09415943920612335,
    -0.06609206646680832,
    -0.006019056309014559,
    -0.1078118309378624,
    -0.04902699962258339,
    -0.10319951176643372,
    -0.05167834833264351,
    -0.07627760618925095
  ]
}