{
  "train_loss": [
    0.7428612014187707,
    0.6830298256874084,
    0.6783027441766527,
    0.6635147246254814,
    0.6695430661307441,
    0.6584034907552931,
    0.6543626075850593,
    0.6535923316743639,
    0.6557548013263279,
    0.6559108468691508,
    0.6557695712513394,
    0.6521644813219706,
    0.6530545501708984,
    0.654710708088345,
    0.6487989672554864,
    0.6450213354428609,
    0.6465475030475193
  ],
  "val_loss": [
    0.691401481628418,
    0.6776883602142334,
    0.655632495880127,
    0.6784013509750366,
    0.6703895330429077,
    0.6803731322288513,
    0.6490340828895569,
    0.6712373495101929,
    0.6573238372802734,
    0.6690995693206787,
    0.6760899424552917,
    0.6757762432098389,
    0.6617817878723145,
    0.6588974595069885,
    0.6704282164573669,
    0.701305627822876,
    0.6641958951950073
  ],
  "best_epoch": 6,
  "status": "underfit",
  "grad_norm": [
    0.7387258626358234,
    0.672392991234483,
    0.678857076556768,
    0.6362284479876373,
    0.6191308029679439,
    0.6271235556028649,
    0.5960925077736059,
    0.6202023858559443,
    0.6088143415750341,
    0.6104737532905831,
    0.5959525749797951,
    0.5944004954574402,
    0.5833799215671436,
    0.5817195792757996,
    0.5788496259731449,
    0.6168614568249927,
    0.5484831300083275
  ],
  "beta_std": [
    0.1746286004781723,
    0.2373577356338501,
    0.3064482510089874,
    0.15515096485614777,
    0.19917133450508118,
    0.15412817895412445,
    0.1922595202922821,
    0.2020191252231598,
    0.2588549554347992,
    0.2575669586658478,
    0.16395403444766998,
    0.2135605365037918,
    0.22490018606185913,
    0.2444324642419815,
    0.2723502516746521,
    0.196416974067688,
    0.18674132227897644
  ],
  "beta_mean": [
    0.02011595107614994,
    -0.028437230736017227,
    -0.005315209738910198,
    -0.002012292854487896,
    -0.026487883180379868,
    0.043458241969347,
    -0.03884655609726906,
    -0.06388068944215775,
    0.02670436166226864,
    0.012129684910178185,
    -0.06221712380647659,
    -0.023648692294955254,
    0.0092473728582263,
    0.00744332792237401,
    -0.012884072959423065,
    -0.007166458293795586,
    -0.04815944656729698
  ]
}