{
  "train_loss": [
    2.7636951179392852,
    1.9283340111671134,
    1.896985677947775,
    1.8242959632650453,
    1.7996939770101803,
    1.7843017944536712,
    1.7317468556186608,
    1.7447965707555848,
    1.7013274744658442,
    1.6934014832624915,
    1.6728422645936933,
    1.666116961735731,
    1.6575135542495907,
    1.6693318990238926,
    1.6494605782157497,
    1.6403949381175793,
    1.6363004672736452,
    1.6273985416289658,
    1.6225038604290165,
    1.6528763090379057,
    1.6012086315043488,
    1.5969063484459594,
    1.59343944675044,
    1.5964975991723134,
    1.5886963427415368,
    1.598994871217605,
    1.5859271984769587,
    1.5953605587161772,
    1.5552882673587018,
    1.5886501121242145,
    1.5652576324395966,
    1.5722855718233433,
    1.5697249251917789,
    1.5471767616271972
  ],
  "val_loss": [
    1.98538339138031,
    1.799391746520996,
    1.8602005243301392,
    1.8367270231246948,
    1.8215205669403076,
    1.7401288747787476,
    1.7893130779266357,
    1.647143840789795,
    1.6541545391082764,
    1.685399055480957,
    1.6124533414840698,
    1.6540532112121582,
    1.591678500175476,
    1.6845104694366455,
    1.6301482915878296,
    1.595727801322937,
    1.644766926765442,
    1.6193565130233765,
    1.6705306768417358,
    1.6045925617218018,
    1.6285592317581177,
    1.5754387378692627,
    1.5957367420196533,
    1.541063904762268,
    1.5666784048080444,
    1.5853865146636963,
    1.5551682710647583,
    1.6072793006896973,
    1.563005805015564,
    1.633908748626709,
    1.6263879537582397,
    1.5656404495239258,
    1.6061264276504517,
    1.605544090270996
  ],
  "best_epoch": 23,
  "status": "ok",
  "grad_norm": [
    2.78061146850198,
    2.41101747273347,
    2.3983941402468205,
    2.260804818144725,
    2.202388586916885,
    2.218864985302351,
    2.2117369799311413,
    2.330185564683976,
    2.2919217143314388,
    2.275460968489158,
    2.2050172602581197,
    2.268559777314975,
    2.2903762138455335,
    2.296340724761519,
    2.228551409144151,
    2.2068098667517435,
    2.191990899799751,
    2.2251138909352055,
    2.1692879449177496,
    2.382035630426046,
    2.139172883755191,
    2.1402445668697454,
    2.137033151384866,
    2.194812093142148,
    2.2388421550102717,
    2.15415403436229,
    2.2024548892117854,
    2.2538563983624904,
    2.14005919603115,
    2.234238580713125,
    2.1960186726673765,
    2.225709102998295,
    2.311165769352075,
    2.1900253851172247
  ],
  "beta_std": [
    0.6274967789649963,
    0.8589474558830261,
    0.7935536503791809,
    0.8555102944374084,
    0.8961979746818542,
    0.8578832745552063,
    0.7891400456428528,
    0.7231935262680054,
    0.9295639395713806,
    0.8009850382804871,
    0.7781593203544617,
    0.9367650747299194,
    0.7970455288887024,
    0.7732707858085632,
    0.6756914258003235,
    0.7627436518669128,
    0.8695338368415833,
    0.8377139568328857,
    0.6292300820350647,
    0.8836383819580078,
    0.8795686364173889,
    0.8413655757904053,
    0.780247151851654,
    0.8650515079498291,
    0.8394404649734497,
    0.9128749966621399,
    0.8024715185165405,
    0.7929667830467224,
    0.7072083950042725,
    0.8273972868919373,
    0.7380685210227966,
    0.8222076892852783,
    0.7621675133705139,
    0.83025062084198
  ],
  "beta_mean": [
    -0.19098150730133057,
    -0.25418922305107117,
    -0.42044785618782043,
    -0.3460289239883423,
    -0.25708863139152527,
    -0.2459467351436615,
    -0.09270333498716354,
    -0.2945139408111572,
    -0.3718874752521515,
    -0.21192970871925354,
    -0.16064642369747162,
    -0.32518112659454346,
    -0.1773541271686554,
    -0.10721278190612793,
    -0.17681971192359924,
    -0.13775409758090973,
    -0.17012357711791992,
    -0.21436119079589844,
    -0.13974645733833313,
    -0.1636819988489151,
    -0.1460990607738495,
    -0.08889905363321304,
    -0.2183796912431717,
    -0.3012833297252655,
    -0.15941885113716125,
    -0.06686440110206604,
    -0.19489970803260803,
    -0.2443125694990158,
    -0.3385604918003082,
    -0.19206710159778595,
    -0.24068793654441833,
    -0.4124748110771179,
    0.006800448056310415,
    0.022898515686392784
  ]
}