{
  "train_loss": [
    2.5051285987987852,
    1.8678824505610774,
    1.8491271536810356,
    1.7992173492141634,
    1.763774979909261,
    1.7708732969719068,
    1.7221479121704548,
    1.7224643404441968,
    1.7030515008502536,
    1.6905218668709023,
    1.6795609825814677,
    1.6437381712874475,
    1.6220856153477006,
    1.6120742014834755,
    1.609551684954013,
    1.6032292390009115,
    1.5820511037146139,
    1.5622060468461778,
    1.547852288156922,
    1.5507712136932283,
    1.496153941963151,
    1.4975443428441098,
    1.473132526386551,
    1.480843417742099,
    1.4297078952733535,
    1.4636877716075607,
    1.433775830938105,
    1.4261753911581654,
    1.4155842283594677,
    1.4242925959023816,
    1.3938798862869977,
    1.393106110723395
  ],
  "val_loss": [
    1.7055894136428833,
    1.686151385307312,
    1.6743272542953491,
    1.8049806356430054,
    1.6696586608886719,
    1.7143993377685547,
    1.636763334274292,
    1.5788065195083618,
    1.5847383737564087,
    1.6017264127731323,
    1.5399301052093506,
    1.6108837127685547,
    1.4877413511276245,
    1.6013058423995972,
    1.5435593128204346,
    1.495410680770874,
    1.4660136699676514,
    1.4669867753982544,
    1.474441409111023,
    1.4010423421859741,
    1.49580979347229,
    1.3276877403259277,
    1.4050190448760986,
    1.3882988691329956,
    1.3566300868988037,
    1.3553365468978882,
    1.3727784156799316,
    1.3921771049499512,
    1.4291867017745972,
    1.3776081800460815,
    1.4454927444458008,
    1.3495408296585083
  ],
  "best_epoch": 21,
  "status": "ok",
  "grad_norm": [
    2.7530697343863135,
    2.3999905879068093,
    2.2969045910025465,
    2.322743672842718,
    2.238525968822521,
    2.3805318704404526,
    2.206984742741306,
    2.3054437152325455,
    2.186870555598982,
    2.2067743586807937,
    2.2478869872434952,
    2.2376839716764034,
    2.2112161235736854,
    2.169197853971077,
    2.2496128608600476,
    2.2082008299734603,
    2.2409941499267476,
    2.2004301106120336,
    2.2297131106112396,
    2.2908663369312205,
    2.2076777501938847,
    2.312900329799484,
    2.2471359702770846,
    2.294426910258881,
    2.252662457623679,
    2.2877204039178647,
    2.391443564216456,
    2.243830636740133,
    2.327458391437742,
    2.382159767961046,
    2.2644201267739996,
    2.2878880098587233
  ],
  "beta_std": [
    0.6964095234870911,
    0.7634519934654236,
    0.7037161588668823,
    0.603630006313324,
    0.7122629284858704,
    0.8812344670295715,
    0.8165609240531921,
    0.710913896560669,
    0.7471049427986145,
    0.7450976371765137,
    0.6519460678100586,
    0.6605969667434692,
    0.7837746143341064,
    0.6465341448783875,
    0.7859187722206116,
    0.689745306968689,
    0.7205336093902588,
    0.6727837324142456,
    0.7638505697250366,
    0.7531484961509705,
    0.7886583209037781,
    0.7433440089225769,
    0.828503429889679,
    0.8897734880447388,
    0.815015971660614,
    0.6391217112541199,
    0.6698098182678223,
    0.8042894005775452,
    0.7283868789672852,
    0.7141255140304565,
    0.6732081770896912,
    0.8416500687599182
  ],
  "beta_mean": [
    -0.16145671904087067,
    -0.2332461178302765,
    -0.11208070814609528,
    -0.2523292005062103,
    -0.15829242765903473,
    -0.32995110750198364,
    -0.3298996090888977,
    -0.1827741116285324,
    -0.21435107290744781,
    -0.1469624936580658,
    -0.13054630160331726,
    -0.26580819487571716,
    -0.17258408665657043,
    0.008763420395553112,
    -0.3299309015274048,
    -0.0634906068444252,
    -0.1254330277442932,
    -0.13736963272094727,
    0.024297848343849182,
    -0.0482257604598999,
    -0.19245275855064392,
    -0.1096060499548912,
    -0.046863313764333725,
    -0.22726455330848694,
    -0.09717848151922226,
    -0.13199542462825775,
    -0.09638804942369461,
    -0.2386404424905777,
    -0.3277333974838257,
    -0.19416725635528564,
    -0.15159285068511963,
    -0.27135559916496277
  ]
}