{
  "train_loss": [
    2.5672339581048975,
    1.9427026413755808,
    1.888975569518686,
    1.844106155138964,
    1.7898701773749457,
    1.7754190197883293,
    1.7623002343986467,
    1.7281045440484208,
    1.704841047755459,
    1.699041037252772,
    1.6661309460032057,
    1.6887142817737066,
    1.6603654503404048,
    1.6636736088468318,
    1.6478537578750074,
    1.6267954157109845,
    1.6481046529959518,
    1.616704789797465,
    1.6092950680381373,
    1.6242659114536486,
    1.5927537467186912,
    1.6090880187352499,
    1.6149515521456623,
    1.5717973663374694,
    1.59678490976144,
    1.5559867166218004,
    1.5582245437164752,
    1.526829910111009,
    1.5563101191827429,
    1.5415054509514257,
    1.52247900103965,
    1.4937731962036669,
    1.5130576372146607,
    1.4879883501822488,
    1.4696976298895497,
    1.5100556566561871,
    1.4694503532376206,
    1.484139169280292,
    1.491588562190184,
    1.4859225608591449,
    1.4702173465873762,
    1.4372872123662492,
    1.4328092240450676,
    1.4423531633789777,
    1.4383674572225202,
    1.4447462805809332,
    1.4313827242767603,
    1.4271287373771444,
    1.4225644553056238,
    1.4103505496532596,
    1.398731683067411,
    1.4026972252862495,
    1.4190174503493727,
    1.3904500717865793,
    1.3773530762655692,
    1.4049858295150668,
    1.364561792870014,
    1.3947144961775395,
    1.385359497544361,
    1.357392963164034,
    1.371809075255143,
    1.3775247729173181,
    1.3729562193329572,
    1.346211892178184,
    1.396125373171087,
    1.368736641616152
  ],
  "val_loss": [
    1.8362772464752197,
    1.749411702156067,
    1.7051125764846802,
    1.7098026275634766,
    1.6132218837738037,
    1.599558711051941,
    1.6291898488998413,
    1.5262877941131592,
    1.5324796438217163,
    1.6510804891586304,
    1.514554500579834,
    1.556316614151001,
    1.4736390113830566,
    1.470270037651062,
    1.449097752571106,
    1.5010745525360107,
    1.5238300561904907,
    1.503265619277954,
    1.5169943571090698,
    1.4966994524002075,
    1.5234335660934448,
    1.4950920343399048,
    1.5402274131774902,
    1.5369267463684082,
    1.4474005699157715,
    1.516586184501648,
    1.439549446105957,
    1.4676563739776611,
    1.5713140964508057,
    1.5056712627410889,
    1.4092918634414673,
    1.480126976966858,
    1.436711311340332,
    1.3880146741867065,
    1.418092131614685,
    1.408829927444458,
    1.502899408340454,
    1.3929855823516846,
    1.4001622200012207,
    1.4528409242630005,
    1.4142756462097168,
    1.3663933277130127,
    1.351686954498291,
    1.3626887798309326,
    1.3834969997406006,
    1.390501856803894,
    1.3289903402328491,
    1.3607327938079834,
    1.279714584350586,
    1.3207511901855469,
    1.3203498125076294,
    1.3340530395507812,
    1.3191096782684326,
    1.262786626815796,
    1.345167636871338,
    1.260132908821106,
    1.307494044303894,
    1.310109257698059,
    1.2921103239059448,
    1.297330617904663,
    1.2941256761550903,
    1.2733333110809326,
    1.3062024116516113,
    1.2899061441421509,
    1.3468351364135742,
    1.3071774244308472
  ],
  "best_epoch": 55,
  "status": "ok",
  "grad_norm": [
    2.5862996147967254,
    2.4814260561638672,
    2.5797369784189006,
    2.5057336647725337,
    2.368791753451513,
    2.398431178696825,
    2.434235211585598,
    2.449569811410436,
    2.3929661016823545,
    2.3641531554348014,
    2.315996340664852,
    2.439749713563458,
    2.362071807470498,
    2.3256085652890697,
    2.2206295948125847,
    2.355122148306222,
    2.3149004144352596,
    2.275966529971642,
    2.25993667094033,
    2.284669018866761,
    2.232018479547384,
    2.2316612587406284,
    2.3870775700672335,
    2.1718865387179713,
    2.398131401997847,
    2.2677535528355057,
    2.3686094318795274,
    2.2718976684806194,
    2.4105125141016086,
    2.389074219846874,
    2.3183899368916197,
    2.2602714430503608,
    2.3323394542118874,
    2.2824214849275566,
    2.316433621602133,
    2.3222040664186565,
    2.2988765474670765,
    2.3139101537608067,
    2.3015773933283112,
    2.364425129578766,
    2.388974890787446,
    2.2903209669736397,
    2.3575185989365863,
    2.2859803130103216,
    2.3665694743065493,
    2.381402689785334,
    2.4007197122277537,
    2.2446789207604847,
    2.2103240508900477,
    2.28324855765647,
    2.307043766419934,
    2.353152778325684,
    2.3828096644632293,
    2.2854272029898905,
    2.2990379833466656,
    2.3893225784376066,
    2.2616705778299124,
    2.3627775252368175,
    2.3472737973529885,
    2.2623497596069546,
    2.277546152770486,
    2.323420813026071,
    2.314211502523428,
    2.234908393323453,
    2.4897954872706114,
    2.391148932238947
  ],
  "beta_std": [
    0.6670884490013123,
    0.6429055333137512,
    0.7761754989624023,
    0.686647891998291,
    0.8843069672584534,
    0.7121803164482117,
    0.7216204404830933,
    0.8565351366996765,
    0.7532660365104675,
    0.5810162425041199,
    0.8043175339698792,
    0.7549377679824829,
    0.8865499496459961,
    0.7573554515838623,
    0.7509499192237854,
    0.8307162523269653,
    0.6951783895492554,
    0.709889829158783,
    0.7068763375282288,
    0.7761383652687073,
    0.7550283670425415,
    0.6783958673477173,
    0.7335853576660156,
    0.730414092540741,
    0.7908129692077637,
    0.7224035859107971,
    0.7928870320320129,
    0.7599010467529297,
    0.7796344757080078,
    0.979194700717926,
    0.8534340262413025,
    0.6964221596717834,
    0.8654276728630066,
    0.7428010702133179,
    0.7083818316459656,
    0.6776466965675354,
    0.6787499189376831,
    0.8178090453147888,
    0.8710514307022095,
    0.7547739744186401,
    0.6406390070915222,
    0.6986130475997925,
    0.8296445608139038,
    0.8676764369010925,
    0.8109705448150635,
    0.8156558275222778,
    0.7396794557571411,
    0.7245585918426514,
    0.8361127376556396,
    0.6893039345741272,
    0.7627044320106506,
    0.9101646542549133,
    0.7591192126274109,
    0.7900397181510925,
    0.9017624855041504,
    0.8127543330192566,
    0.7346420884132385,
    0.6856617331504822,
    0.8155388236045837,
    0.7373602986335754,
    0.7492009997367859,
    0.7629629373550415,
    0.8782209753990173,
    0.7852604389190674,
    0.7344557046890259,
    0.8295864462852478
  ],