{
  "train_loss": [
    2.5338041205712925,
    1.8969392559821145,
    1.8205426157008835,
    1.8028830774206863,
    1.7636768243745056,
    1.7361394002981354,
    1.6997543818490548,
    1.6676132019779137,
    1.6599867208101595,
    1.616430389922962,
    1.6447533285408689,
    1.6224343036071598,
    1.6070983225978606,
    1.5996509679158528,
    1.5801510325091623,
    1.5812265277327153,
    1.5585507780208923,
    1.5436805729280438,
    1.5253971075035675,
    1.5435143832714238,
    1.540129731886568,
    1.5445325370978193,
    1.5014776681598865,
    1.5065536480340345,
    1.4991932392956917,
    1.5052971151976557,
    1.4944946929864715,
    1.4491658751727545,
    1.4861932443038761,
    1.4750643641209742,
    1.4720985309701218,
    1.4360714172062121,
    1.4502524903224923,
    1.4371446098082248,
    1.4377554138362059,
    1.437440904539231,
    1.4133138974228798,
    1.4392851832596183,
    1.4098032545346266,
    1.4371059029841284,
    1.4127028345085724,
    1.4210537388450222,
    1.430847112421404,
    1.395671925293772,
    1.4064242972268,
    1.3948038791913038,
    1.3931953855146442,
    1.4233805862225983,
    1.3967361773942646,
    1.3760676832087555,
    1.3581410157331946,
    1.3864506873470999,
    1.3968672163444653,
    1.3754968275103652,
    1.4127726953350312,
    1.3701034378587154,
    1.387046163179721,
    1.3814605465548777,
    1.391477608401873,
    1.3734380677708409,
    1.3842623570369699,
    1.3536677054773296
  ],
  "val_loss": [
    1.8753716945648193,
    1.8671584129333496,
    1.883126974105835,
    1.8588316440582275,
    1.824669599533081,
    1.8510102033615112,
    1.7999988794326782,
    1.7249706983566284,
    1.6715025901794434,
    1.674824595451355,
    1.7033264636993408,
    1.6776562929153442,
    1.632401943206787,
    1.6454929113388062,
    1.6328542232513428,
    1.6414581537246704,
    1.6359609365463257,
    1.5683211088180542,
    1.5829557180404663,
    1.6062402725219727,
    1.6133787631988525,
    1.5458005666732788,
    1.5128533840179443,
    1.5462892055511475,
    1.5100512504577637,
    1.5519312620162964,
    1.5176054239273071,
    1.4804353713989258,
    1.485383152961731,
    1.490432858467102,
    1.4720869064331055,
    1.5008320808410645,
    1.5147544145584106,
    1.5516655445098877,
    1.4438128471374512,
    1.4388456344604492,
    1.4277963638305664,
    1.4516655206680298,
    1.4763530492782593,
    1.418732762336731,
    1.432522177696228,
    1.4440317153930664,
    1.3979923725128174,
    1.377564787864685,
    1.4674272537231445,
    1.3747596740722656,
    1.4172554016113281,
    1.4325364828109741,
    1.4316574335098267,
    1.385617733001709,
    1.3578522205352783,
    1.3447023630142212,
    1.4170355796813965,
    1.4183920621871948,
    1.387385368347168,
    1.3992429971694946,
    1.432770848274231,
    1.388145923614502,
    1.4238414764404297,
    1.4474725723266602,
    1.3895225524902344,
    1.3645024299621582
  ],
  "best_epoch": 51,
  "status": "ok",
  "grad_norm": [
    2.677281081851148,
    2.557760063035721,
    2.3811985112721836,
    2.367496393554428,
    2.3601829360236524,
    2.3098824377229614,
    2.2327913465295457,
    2.246875084498346,
    2.2546321739129294,
    2.153523672230635,
    2.4499302212394927,
    2.2463144606726764,
    2.242254144900203,
    2.144806721098069,
    2.1529329635703993,
    2.2357111017063196,
    2.2069242244103373,
    2.2758368029826923,
    2.1604078816426187,
    2.240771448510091,
    2.225753564833316,
    2.364525936624358,
    2.258893129411416,
    2.2568863856638135,
    2.3433843103000265,
    2.2253324514091317,
    2.279854063242716,
    2.2486302507133873,
    2.29127449847912,
    2.3222690442958447,
    2.272572541567355,
    2.1425087200799164,
    2.265228217314841,
    2.227117461144023,
    2.2707775257143976,
    2.163192336354347,
    2.1566679896435934,
    2.2900851553376897,
    2.22118454168918,
    2.3008601231497683,
    2.1804894511120927,
    2.155308121416779,
    2.282818184312319,
    2.207257654249483,
    2.2504102475531775,
    2.1600372624252704,
    2.2287255951958285,
    2.236607180522318,
    2.2309189619854646,
    2.141285143099434,
    2.1899268612249787,
    2.1831165868924507,
    2.2830603380278163,
    2.197079647917626,
    2.2813735588495674,
    2.2312717168585103,
    2.2112584534547555,
    2.1604410782544483,
    2.2393851462186927,
    2.195035356301979,
    2.2401033567425226,
    2.1901707314946526
  ],
  "beta_std": [
    0.8286541104316711,
    0.8111768364906311,
    0.6259671449661255,
    0.5519399046897888,
    0.7952784895896912,
    0.698094367980957,
    0.676516056060791,
    0.801216185092926,
    0.657740592956543,
    0.7313841581344604,
    0.7426208853721619,
    0.8476413488388062,
    0.7671475410461426,
    0.8116815090179443,
    0.7203584313392639,
    0.6616426706314087,
    0.8900829553604126,
    0.7979421019554138,
    0.7297009229660034,
    0.6348729133605957,
    0.7245102524757385,
    0.6730362772941589,
    0.7014508843421936,
    0.7754233479499817,
    0.8086777329444885,
    0.7498685121536255,
    0.6342360973358154,
    0.7634611129760742,
    0.6557307243347168,
    0.8025987148284912,
    0.8024247884750366,
    0.6853499412536621,
    0.6744909882545471,
    0.707546591758728,
    0.7801781296730042,
    0.7681847810745239,
    0.6925787329673767,
    0.8221228122711182,
    0.6824508309364319,
    0.7849452495574951,
    0.7580667734146118,
    0.738789439201355,
    0.7365574240684509,
    0.7353009581565857,
    0.7408623099327087,
    0.6913198232650757,
    0.7961834073066711,
    0.7474643588066101,
    0.7756493091583252,
    0.800117015838623,
    0.7849629521369934,
    0.7855008244514465,
    0.7274359464645386,
    0.8863038420677185,
    0.8032433390617371,
    0.7234765291213989,
    0.8222371935844421,
    0.5850236415863037,
    0.8841108679771423,
    0.7778275609016418,
    0.6864058375358582,
    0.7875651121139526
  ],
  "beta_mean": [
    -0.3297234773635864,
    -0.35893139243125916,
    -0.08593712747097015,
    -0.20481911301612854,
    -0.31074804067611694,
    -0.2982920706272125,
    -0.2702871263027191,
    -0.27356547117233276,
    -0.3241952955722809,
    -0.046410419046878815,
    -0.2461482137441635,
    -0.1367134004831314,
    -0.032256197184324265,
    -0.43242406845092773,
    -0.19088147580623627,
    -0.38313135504722595,
    -0.3111509680747986,
    -0.1588568240404129,
    -0.07595723867416382,
    -0.2750221788883209,
    -0.32693716883659363,
    -0.011004135012626648,
    -0.15902501344680786,
    -0.26147863268852234,
    -0.23301248252391815,
    -0.057434938848018646,
    -0.21478867530822754,
    -0.19390571117401123,
    -0.2102338969707489,
    -0.326587975025177,
    -0.30962443351745605,
    -0.08585510402917862,
    -0.25001123547554016,
    -0.26217859983444214,
    -0.22411514818668365,
    -0.32283827662467957,
    -0.19230511784553528,
    -0.30581504106521606,
    -0.23539301753044128,
    -0.352774441242218,
    -0.22760272026062012,
    -0.26254841685295105,
    -0.21062780916690826,
    -0.19251668453216553,
    -0.2514030933380127,
    -0.16985663771629333,
    -0.20742547512054443,
    -0.25754043459892273,
    -0.19261394441127777,
    -0.16230690479278564,
    -0.3159763813018799,
    -0.2178744077682495,
    -0.2365720123052597,
    -0.1319207102060318,
    -0.10388009995222092,
    -0.09313153475522995,
    -0.22168485820293427,
    -0.2720278203487396,
    -0.2771572172641754,
    -0.06373347342014313,
    -0.1895274966955185,
    -0.288149356842041
  ]
}