{
  "train_loss": [
    2.667338667529368,
    1.9846045351028443,
    1.8529844555101898,
    1.839345369562071,
    1.794149233946326,
    1.7684338048745316,
    1.7360476271869147,
    1.7273775409676178,
    1.7218218849416365,
    1.6948999406580338,
    1.7209793538377995,
    1.669844339047259,
    1.669051350599144,
    1.6721739257009405,
    1.6675860484580547,
    1.6862822702753613,
    1.608919125467713,
    1.6193766368341724,
    1.6007190119592767,
    1.5992997545945018,
    1.5980968449129695,
    1.5933287735152664,
    1.5812675822687428,
    1.5618367849316512,
    1.5263599740413196,
    1.5436077348809494,
    1.525907796056647,
    1.521278489486516,
    1.4926949153587832,
    1.5010599903753628,
    1.4759972159625494,
    1.461859925197579,
    1.4833853032853868,
    1.4754193957367836,
    1.463514320613348,
    1.485254065279375,
    1.4505297710463319,
    1.4481207736612063,
    1.4602074339236433,
    1.4661571794364885,
    1.4417472388730412,
    1.4464280863812096,
    1.3982345497677897,
    1.4277507592641818,
    1.4253164725554617,
    1.4167160284310056,
    1.424837277200487,
    1.4197577197928177,
    1.4239796401743303,
    1.4254120794374343,
    1.4135687408112643,
    1.4025915224510326,
    1.4111968317924186,
    1.4118536918205127,
    1.3890727740561055,
    1.406713341105054,
    1.3922936072823597,
    1.3785856366854663,
    1.3995426548294156,
    1.3782555369326943,
    1.3599101916251823
  ],
  "val_loss": [
    2.07482647895813,
    1.863548755645752,
    1.8434724807739258,
    1.8748908042907715,
    1.802356481552124,
    1.826633095741272,
    1.7143899202346802,
    1.8762073516845703,
    1.707940697669983,
    1.7435599565505981,
    1.7012842893600464,
    1.7206218242645264,
    1.7462210655212402,
    1.683270812034607,
    1.6942979097366333,
    1.658267855644226,
    1.6372995376586914,
    1.6383925676345825,
    1.6776978969573975,
    1.6624776124954224,
    1.8127939701080322,
    1.7015364170074463,
    1.6452974081039429,
    1.6178700923919678,
    1.6093575954437256,
    1.5944819450378418,
    1.6611205339431763,
    1.5572599172592163,
    1.5786176919937134,
    1.5725773572921753,
    1.582763433456421,
    1.5223255157470703,
    1.559277892112732,
    1.5261391401290894,
    1.505753517150879,
    1.5490362644195557,
    1.6777957677841187,
    1.5914536714553833,
    1.5044595003128052,
    1.5082138776779175,
    1.50434148311615,
    1.487783670425415,
    1.5282329320907593,
    1.5630462169647217,
    1.5622738599777222,
    1.5162818431854248,
    1.51919686794281,
    1.5586745738983154,
    1.5128523111343384,
    1.5765044689178467,
    1.4565396308898926,
    1.5144704580307007,
    1.5492146015167236,
    1.5149776935577393,
    1.4985486268997192,
    1.5319467782974243,
    1.506412386894226,
    1.5192806720733643,
    1.5002676248550415,
    1.519951343536377,
    1.5077698230743408
  ],
  "best_epoch": 50,
  "status": "ok",
  "grad_norm": [
    2.739753889397112,
    2.591148325696299,
    2.3054588374494154,
    2.5248196903908937,
    2.4603267014107435,
    2.43118980415162,
    2.4108694936161306,
    2.3473897072838166,
    2.3512832278197062,
    2.2830467278447375,
    2.354659170018802,
    2.313486822163522,
    2.332203115402841,
    2.2912689990086736,
    2.4482474894855817,
    2.3253934252542563,
    2.2236497629355827,
    2.282498953267225,
    2.327690616268273,
    2.3141307748482594,
    2.3439854931852415,
    2.4811192162764675,
    2.3237768400428154,
    2.417143794040153,
    2.3533033469419085,
    2.4643393532815847,
    2.3109882761803267,
    2.339155182925232,
    2.384113273871333,
    2.430325587485674,
    2.313213524057392,
    2.3084566646641216,
    2.2735047990167465,
    2.330955326851212,
    2.379248591954489,
    2.4615900417595213,
    2.311999806773002,
    2.3485031103155367,
    2.412940848762184,
    2.3240732525575094,
    2.345591437081333,
    2.4262966478207315,
    2.3310220586672834,
    2.24553730458087,
    2.5015811373487202,
    2.4440994175823025,
    2.319191309440612,
    2.40729582917408,
    2.4312138657309963,
    2.385749362127317,
    2.332722275368723,
    2.301348071815984,
    2.424398906296604,
    2.289273767722825,
    2.3158805766454265,
    2.4083481736861025,
    2.323983422463081,
    2.285735935125684,
    2.3309080202398764,
    2.2881367582103813,
    2.3253075738208175
  ],
  "beta_std": [
    0.786586582660675,
    0.870751142501831,
    0.7345825433731079,
    0.8006200194358826,
    0.8886110186576843,
    0.7476992607116699,
    0.8483108878135681,
    0.8321341872215271,
    0.753937304019928,
    0.766960859298706,
    0.8744388818740845,
    0.7801166772842407,
    0.8450467586517334,
    0.8449754118919373,
    0.6818970441818237,
    0.8717685341835022,
    0.8881634473800659,
    0.7960890531539917,
    0.8010583519935608,
    0.7574061751365662,
    0.9261516332626343,
    0.763836681842804,
    0.6222909688949585,
    0.8985971212387085,
    0.8487368822097778,
    0.8238152265548706,
    0.6850032210350037,
    0.7622472047805786,
    0.7624134421348572,
    0.7895294427871704,
    0.8113109469413757,
    0.7952162027359009,
    0.682415246963501,
    0.7835142016410828,
    0.785028338432312,
    0.8422489166259766,
    0.6981413960456848,
    0.8951019048690796,
    0.876181423664093,
    0.8025007843971252,
    0.7278633117675781,
    0.7934030294418335,
    0.8461619019508362,
    0.8015707731246948,
    0.7978958487510681,
    0.707329511642456,
    0.8067622780799866,
    0.7670115232467651,
    0.7201118469238281,
    1.0634123086929321,
    0.8365508317947388,
    0.7336299419403076,
    0.8023684024810791,
    0.7495610117912292,
    0.7349749207496643,
    0.9006539583206177,
    0.8895904421806335,
    0.7716132402420044,
    0.9249208569526672,
    0.7951755523681641,
    0.7917912006378174
  ],
  "beta_mean": [
    -0.0373733751475811,
    -0.24008192121982574,
    -0.2587411403656006,
    -0.27207791805267334,
    -0.14968223869800568,
    -0.18521378934383392,
    -0.21199610829353333,
    -0.14994581043720245,
    -0.22128449380397797,
    -0.0052613564766943455,
    -0.225955992937088,
    -0.2348604053258896,
    -0.20147453248500824,
    -0.19982275366783142,
    -0.21195435523986816,
    -0.20300915837287903,
    -0.29780176281929016,
    -0.11918454617261887,
    -0.1390758752822876,
    -0.138269305229187,
    -0.3558957576751709,
    -0.20498426258563995,
    -0.23655392229557037,
    -0.22797399759292603,
    -0.21947504580020905,
    -0.08521733433008194,
    -0.1325090527534485,
    -0.2996233105659485,
    -0.09254168719053268,
    -0.1784222424030304,
    -0.025086693465709686,
    -0.0034905143547803164,
    -0.10427959263324738,
    -0.29472121596336365,
    -0.2012101113796234,
    -0.10353462398052216,
    -0.0011816004989668727,
    -0.3046095371246338,
    -0.12262547761201859,
    -0.16401833295822144,
    -0.24627414345741272,
    -0.20659293234348297,
    -0.35879504680633545,
    -0.3057761490345001,
    -0.24896866083145142,
    -0.183515727519989,
    -0.0012944502523168921,
    -0.18718592822551727,
    -0.1081405058503151,
    -0.24594342708587646,
    -0.12408238649368286,
    -0.21026171743869781,
    -0.25172221660614014,
    -0.08581327646970749,
    -0.22733569145202637,
    -0.05927916243672371,
    -0.17402295768260956,
    -0.2597660720348358,
    -0.27876168489456177,
    -0.2373194694519043,
    -0.31090718507766724
  ]
}