{
  "train_loss": [
    2.598154456545735,
    1.911029748177668,
    1.848244966902928,
    1.7357111844960709,
    1.6751897656569006,
    1.597860229559112,
    1.5787747337385925,
    1.5396033540524934,
    1.5180560638472351,
    1.530287298765796,
    1.537967157559088,
    1.4989441442210771,
    1.4983018410554407,
    1.4861741709012037,
    1.512978190037242,
    1.4757147012119405,
    1.4626057440774483,
    1.4734316886656467,
    1.4507096316242776,
    1.460562315042953,
    1.4679530463860049,
    1.4706412284137214,
    1.4718426420814112,
    1.4504771865041632,
    1.4631075297740468,
    1.4576537054184584,
    1.4333253374713206,
    1.4434338797045032,
    1.421675914072851,
    1.4013025832594486,
    1.4614600584799784,
    1.422107210466039,
    1.4181168240273905,
    1.4189059076532287,
    1.4304452210141902,
    1.414127474639848,
    1.3930536097253274,
    1.4422492976774248,
    1.375037194357978
  ],
  "val_loss": [
    1.7755526304244995,
    1.830396294593811,
    1.7222384214401245,
    1.5909913778305054,
    1.6197898387908936,
    1.5700852870941162,
    1.4876723289489746,
    1.5575565099716187,
    1.5608502626419067,
    1.5271300077438354,
    1.4772335290908813,
    1.459670066833496,
    1.5018779039382935,
    1.4663469791412354,
    1.5248621702194214,
    1.4885300397872925,
    1.4483720064163208,
    1.622286319732666,
    1.4566432237625122,
    1.446776270866394,
    1.4748121500015259,
    1.477698564529419,
    1.498257040977478,
    1.504319667816162,
    1.4981694221496582,
    1.5273655652999878,
    1.4610557556152344,
    1.4409763813018799,
    1.4398858547210693,
    1.4653632640838623,
    1.4562993049621582,
    1.4412001371383667,
    1.468261480331421,
    1.543851613998413,
    1.4591137170791626,
    1.4495246410369873,
    1.518601417541504,
    1.4887022972106934,
    1.4681310653686523
  ],
  "best_epoch": 28,
  "status": "ok",
  "grad_norm": [
    2.5679875473675557,
    2.3512972308921345,
    2.3632040231164924,
    2.4249218505824595,
    2.4927269603728495,
    2.4484445082080932,
    2.634286184863672,
    2.425645043525397,
    2.3594667138025227,
    2.4481326855010757,
    2.4246736545510803,
    2.3784880541859144,
    2.4984913795618153,
    2.403963416969777,
    2.5091875135583943,
    2.3315404658359973,
    2.4346383735688115,
    2.3440129069480973,
    2.3293784250283553,
    2.38170645980985,
    2.3884570606459405,
    2.393906653446048,
    2.5073245282797196,
    2.4821530053915426,
    2.462624603961011,
    2.3638777812188554,
    2.2950929286382746,
    2.4174548905008546,
    2.3044364682549556,
    2.310790806094248,
    2.5033824365240824,
    2.368384490073692,
    2.3118903061106355,
    2.310781013046467,
    2.416583224737579,
    2.354503341092054,
    2.3592613595119882,
    2.3646198643213148,
    2.295603663212422
  ],
  "beta_std": [
    0.7555241584777832,
    0.8943995237350464,
    0.8103827834129333,
    0.8051326274871826,
    0.7730779647827148,
    0.8381118178367615,
    0.7029096484184265,
    0.6689625978469849,
    0.6493809223175049,
    0.5665634274482727,
    0.7318698763847351,
    0.8523605465888977,
    0.7758907675743103,
    0.7490708827972412,
    0.6764017939567566,
    0.8113812208175659,
    0.7477104663848877,
    0.6858921051025391,
    0.7810748219490051,
    0.8033939599990845,
    0.6670231223106384,
    0.8807849287986755,
    0.7262017726898193,
    0.6961258053779602,
    0.5891767144203186,
    0.6272825002670288,
    0.695059061050415,
    0.7171811461448669,
    0.7501145005226135,
    0.667937159538269,
    0.7679942846298218,
    0.8641842603683472,
    0.7978230118751526,
    0.847119152545929,
    0.6767478585243225,
    0.8272197842597961,
    0.7422246932983398,
    0.7278944253921509,
    0.8085534572601318
  ],
  "beta_mean": [
    -0.187693789601326,
    -0.0933331549167633,
    -0.23154772818088531,
    -0.1853615790605545,
    -0.13978540897369385,
    -0.1753677874803543,
    -0.10584696382284164,
    -0.2228260636329651,
    0.050708215683698654,
    -0.17021948099136353,
    -0.15537531673908234,
    -0.2887110412120819,
    -0.1953245997428894,
    -0.0769045501947403,
    -0.17492353916168213,
    -0.08312733471393585,
    -0.26473936438560486,
    0.04984798654913902,
    -0.15225525200366974,
    -0.12649832665920258,
    -0.15939366817474365,
    -0.21329501271247864,
    -0.240873321890831,
    -0.19256244599819183,
    -0.16842436790466309,
    -0.051155418157577515,
    -0.23353052139282227,
    -0.03592393547296524,
    -0.10183986276388168,
    -0.19003139436244965,
    -0.14900541305541992,
    -0.16776242852210999,
    0.01854735240340233,
    -0.2659246623516083,
    -0.3470712900161743,
    -0.1110202819108963,
    -0.06361152976751328,
    -0.09622892737388611,
    -0.1184641569852829
  ]
}