{
  "train_loss": [
    2.6172644941988046,
    1.9305111861647222,
    1.8552667635365536,
    1.801205512041237,
    1.7640026595020852,
    1.717482739164118,
    1.6712536760240968,
    1.6781370506788555,
    1.6677232569421243,
    1.6709696940371865,
    1.641715242988185,
    1.6291390383313273,
    1.6605812421597932,
    1.6338683899104247,
    1.6182214594445032,
    1.6097963521076224,
    1.611069519617404,
    1.596761810012728
  ],
  "val_loss": [
    1.7508164644241333,
    1.9541455507278442,
    1.667307734489441,
    1.6462644338607788,
    1.609862208366394,
    1.6269659996032715,
    1.556736946105957,
    1.497133493423462,
    1.672053575515747,
    1.5629669427871704,
    1.6006141901016235,
    1.543664574623108,
    1.554649829864502,
    1.5644867420196533,
    1.5550167560577393,
    1.5537171363830566,
    1.5362924337387085,
    1.5143074989318848
  ],
  "best_epoch": 7,
  "status": "ok",
  "grad_norm": [
    2.7069990325394393,
    2.528782453468134,
    2.411547338731838,
    2.3214801350415226,
    2.4122609433936515,
    2.3645843179440056,
    2.2404348960641283,
    2.2115354787688464,
    2.3050364964660672,
    2.312273870539415,
    2.2529184720952475,
    2.183414447533916,
    2.335871033537979,
    2.1860389101551863,
    2.1664111059103868,
    2.213851725052273,
    2.2703113655523444,
    2.2458455182987755
  ],
  "beta_std": [
    0.7235181331634521,
    0.9608864188194275,
    0.7636979222297668,
    0.6631025671958923,
    0.7368898391723633,
    0.7190390825271606,
    0.7707543969154358,
    0.7043695449829102,
    0.8710755705833435,
    0.8771109580993652,
    0.8082197308540344,
    0.8342941999435425,
    0.780563473701477,
    0.855652928352356,
    0.7152748107910156,
    0.6619181036949158,
    0.742484450340271,
    0.766690731048584
  ],
  "beta_mean": [
    -0.20537841320037842,
    -0.2175201028585434,
    -0.1335890144109726,
    -0.17304477095603943,
    -0.18343092501163483,
    -0.27411767840385437,
    -0.23168039321899414,
    -0.15834501385688782,
    -0.43866297602653503,
    -0.21349288523197174,
    -0.08380579948425293,
    -0.05083923786878586,
    -0.2307751178741455,
    -0.29148048162460327,
    -0.16330155730247498,
    -0.178941011428833,
    -0.13823015987873077,
    -0.09702932834625244
  ]
}