{
  "train_loss": [
    2.4640236659356725,
    1.8912362883104916,
    1.8389494144707395,
    1.7771152472356606,
    1.7754361551686337,
    1.6943106042571932,
    1.6805211701309473,
    1.6459025531066092,
    1.639906810487223,
    1.6092637600536235,
    1.6239917820657206,
    1.6058661055425454,
    1.5986096874036286,
    1.5652682111834921,
    1.572866023771944,
    1.5740033753155267,
    1.5425606483883327,
    1.555417874654134,
    1.5343244004388998,
    1.5264888075778358,
    1.5440169859211348,
    1.5230299947972883,
    1.4957836069698223,
    1.5014376544394687,
    1.4752297098037095,
    1.4770919765227022,
    1.4510853899849785,
    1.4640910755960566,
    1.4543089593084235,
    1.440670300812749,
    1.4430027801390977,
    1.4247005097629033,
    1.4321676492969893,
    1.430854126445034,
    1.4128594481596473,
    1.4006385589343064,
    1.3868322069324248,
    1.4010890434499372,
    1.3916916934230872,
    1.41344298764279,
    1.4109658994451602
  ],
  "val_loss": [
    1.7067179679870605,
    1.762577772140503,
    1.7333766222000122,
    1.691351294517517,
    1.646630883216858,
    1.5927302837371826,
    1.6372175216674805,
    1.6106866598129272,
    1.5508074760437012,
    1.570518970489502,
    1.5060327053070068,
    1.531378149986267,
    1.512233853340149,
    1.5209619998931885,
    1.577926516532898,
    1.5609707832336426,
    1.508018970489502,
    1.5914615392684937,
    1.5107524394989014,
    1.614014744758606,
    1.4863803386688232,
    1.4144586324691772,
    1.4916105270385742,
    1.503954291343689,
    1.4267655611038208,
    1.3913977146148682,
    1.4402329921722412,
    1.4751344919204712,
    1.3682429790496826,
    1.4332550764083862,
    1.3504862785339355,
    1.3937543630599976,
    1.4144670963287354,
    1.3829503059387207,
    1.3719522953033447,
    1.4192990064620972,
    1.4342988729476929,
    1.3581969738006592,
    1.3564684391021729,
    1.41532301902771,
    1.3958367109298706
  ],
  "best_epoch": 30,
  "status": "ok",
  "grad_norm": [
    2.7081750595683904,
    2.4881519708439623,
    2.4506399538364043,
    2.331046847627993,
    2.4181301393292363,
    2.296026608217267,
    2.401739137025764,
    2.392633346722766,
    2.316731805263532,
    2.225217978232197,
    2.3941112257074817,
    2.335424632185331,
    2.4194231620425963,
    2.319846908364116,
    2.3383023707573947,
    2.390334808326031,
    2.3434832881995633,
    2.37127467954112,
    2.2765819648571233,
    2.4241362806024402,
    2.4605051383206114,
    2.4099928779017477,
    2.371845752937401,
    2.3568507093569195,
    2.310788884040575,
    2.345156854097915,
    2.3957765157786666,
    2.3679988369502216,
    2.3447733665848323,
    2.4184178850010194,
    2.3352313611294693,
    2.3482950145489125,
    2.3257104652986835,
    2.4220004992881177,
    2.2702956510082974,
    2.322734940314241,
    2.2379130073612257,
    2.3581753482306667,
    2.284651157391045,
    2.358207134619878,
    2.4219640841717114
  ],
  "beta_std": [
    0.7801186442375183,
    0.6287188529968262,
    0.6664421558380127,
    0.7018890976905823,
    0.7977316975593567,
    0.9087286591529846,
    0.8357521295547485,
    0.7659294605255127,
    0.6902544498443604,
    0.6492812633514404,
    0.6826860904693604,
    0.592339813709259,
    0.7362886667251587,
    0.7420859336853027,
    0.7619631886482239,
    0.8067901730537415,
    0.7574653029441833,
    0.7075656056404114,
    0.7797762751579285,
    1.007684588432312,
    0.7601139545440674,
    0.6990421414375305,
    0.7763845920562744,
    0.5135003924369812,
    0.8435605764389038,
    0.7565630674362183,
    0.5800989270210266,
    0.5760205984115601,
    0.7576332688331604,
    0.7318328022956848,
    0.7552485466003418,
    0.8330045938491821,
    0.6806133985519409,
    0.7957401871681213,
    0.8339723348617554,
    0.7300068140029907,
    0.867322564125061,
    0.68180251121521,
    0.7554734945297241,
    0.8334416151046753,
    0.6387085318565369
  ],
  "beta_mean": [
    -0.23305833339691162,
    -0.09162376075983047,
    -0.13091343641281128,
    -0.12032215297222137,
    -0.41886794567108154,
    -0.22517748177051544,
    -0.405348539352417,
    -0.04990845546126366,
    -0.3398676812648773,
    -0.09237660467624664,
    -0.2127259075641632,
    -0.17946147918701172,
    -0.15888118743896484,
    -0.14128378033638,
    -0.43735501170158386,
    -0.1382133811712265,
    -0.3093840181827545,
    -0.08476602286100388,
    -0.3211279809474945,
    -0.30191951990127563,
    -0.25557464361190796,
    -0.09847985953092575,
    -0.10726336389780045,
    -0.13976675271987915,
    -0.12013063579797745,
    0.006243699695914984,
    -0.13644054532051086,
    -0.2848985195159912,
    -0.12692272663116455,
    -0.23940953612327576,
    -0.26988691091537476,
    -0.22722633183002472,
    -0.28988969326019287,
    -0.14913581311702728,
    -0.15336380898952484,
    -0.08503659069538116,
    -0.2951543629169464,
    -0.2872067093849182,
    -0.22787241637706757,
    -0.2938973009586334,
    -0.17762136459350586
  ]
}