{
  "train_loss": [
    2.620410049756368,
    1.9750312590738486,
    1.912469903293409,
    1.880037532103689,
    1.827577270318193,
    1.7775047739486247,
    1.7614727356838205,
    1.7354947676853827,
    1.7261251809583074,
    1.7074329560263115,
    1.7177706362908347,
    1.6920364449874699,
    1.6477643928193209,
    1.646678883513512,
    1.6495415582991484,
    1.6283659246511626,
    1.6355699875759102,
    1.602797332256161,
    1.630104025428058,
    1.6225355611209982,
    1.6043494864235148,
    1.5511475369247079,
    1.6000468474103693,
    1.512389063165899,
    1.5241399578183714,
    1.5227106519331013,
    1.518496587903876,
    1.5101372581615782,
    1.4848745898196571,
    1.4980295752084742,
    1.491528298813,
    1.481875158248589,
    1.4483627490830002,
    1.4363465594129954,
    1.450366360318591,
    1.4500113195285462,
    1.4357906590846548,
    1.4570720723358512,
    1.4446323463094164,
    1.4305275941452784,
    1.424588388420685,
    1.4628620391421847,
    1.415322632817497
  ],
  "val_loss": [
    2.0929741859436035,
    2.057729482650757,
    1.9092066287994385,
    1.9864393472671509,
    1.8132704496383667,
    1.797766923904419,
    1.7516757249832153,
    1.7099344730377197,
    1.7141247987747192,
    1.6984056234359741,
    1.7309212684631348,
    1.6074830293655396,
    1.7243739366531372,
    1.62820565700531,
    1.625456690788269,
    1.583724856376648,
    1.5961726903915405,
    1.6736061573028564,
    1.5459003448486328,
    1.6452454328536987,
    1.6260790824890137,
    1.6663360595703125,
    1.704452633857727,
    1.577020287513733,
    1.5998249053955078,
    1.5746347904205322,
    1.542669653892517,
    1.576022744178772,
    1.5712043046951294,
    1.535478949546814,
    1.5059783458709717,
    1.5344502925872803,
    1.3930795192718506,
    1.5180810689926147,
    1.525019645690918,
    1.5211275815963745,
    1.4921602010726929,
    1.4877175092697144,
    1.4391049146652222,
    1.458540678024292,
    1.497987985610962,
    1.5123772621154785,
    1.5335369110107422
  ],
  "best_epoch": 32,
  "status": "ok",
  "grad_norm": [
    2.9936952210567593,
    2.5490747367031026,
    2.5341898695350364,
    2.412505915241703,
    2.444436478514757,
    2.3625624380039683,
    2.439333949544751,
    2.303048919843008,
    2.332513767096476,
    2.441265211913823,
    2.4155713197227517,
    2.3486514846010986,
    2.332562203346776,
    2.3234467787553483,
    2.4118980831912973,
    2.3042496297682256,
    2.3763703307016053,
    2.3676751523879656,
    2.4394685524744686,
    2.4099899899768644,
    2.402369199171379,
    2.327140040458564,
    2.466255255096349,
    2.284993980656727,
    2.418779811527898,
    2.3225462126069605,
    2.3937406245755404,
    2.3927870986555546,
    2.3565678033796247,
    2.4417103932137487,
    2.301402864119982,
    2.3183159174517387,
    2.309333588694345,
    2.288711469781569,
    2.3957483015336236,
    2.3252212957907914,
    2.325826650810022,
    2.280914974265741,
    2.3939123761941308,
    2.382132590788318,
    2.418254479902452,
    2.435498656455442,
    2.305261311931641
  ],
  "beta_std": [
    0.5758117437362671,
    0.808391809463501,
    0.5662268400192261,
    0.6507025957107544,
    0.7383886575698853,
    0.7471834421157837,
    0.6442503333091736,
    0.6810178756713867,
    0.708860456943512,
    0.7302612662315369,
    0.6240354180335999,
    0.8972439169883728,
    0.5503901243209839,
    0.661088764667511,
    0.7521741390228271,
    0.8659797310829163,
    0.7443033456802368,
    0.7128673791885376,
    0.5846468210220337,
    0.6361353397369385,
    0.6853653788566589,
    0.8632040619850159,
    0.725264847278595,
    0.7457533478736877,
    0.8096601963043213,
    0.6751118302345276,
    0.7772706747055054,
    0.5965084433555603,
    0.6195279359817505,
    0.6581567525863647,
    0.74558025598526,
    0.6303547024726868,
    0.6895372867584229,
    0.6686223745346069,
    0.6107643842697144,
    0.6607885360717773,
    0.8086698651313782,
    0.7318193912506104,
    0.717932939529419,
    0.6973055601119995,
    0.7975737452507019,
    0.8455327153205872,
    0.8088589906692505
  ],
  "beta_mean": [
    -0.22475764155387878,
    -0.22431258857250214,
    -0.1281253844499588,
    -0.032227009534835815,
    -0.10816891491413116,
    -0.0052509186789393425,
    -0.2578175365924835,
    -0.0889137014746666,
    -0.13744603097438812,
    -0.12548573315143585,
    -0.06812115013599396,
    -0.1509552299976349,
    -0.28356000781059265,
    -0.24633388221263885,
    -0.15960410237312317,
    -0.23319321870803833,
    -0.1421247124671936,
    -0.23704372346401215,
    -0.2590564787387848,
    -0.06976063549518585,
    -0.13864289224147797,
    -0.00643839780241251,
    -0.26715344190597534,
    -0.3326939046382904,
    -0.3038455545902252,
    -0.14176809787750244,
    -0.3718608617782593,
    -0.04361295327544212,
    -0.23039455711841583,
    -0.10500970482826233,
    -0.22279570996761322,
    -0.22852124273777008,
    -0.27782970666885376,
    -0.0741807147860527,
    -0.1731468290090561,
    -0.09985022246837616,
    -0.13545259833335876,
    -0.06355217099189758,
    -0.3187178075313568,
    -0.20297421514987946,
    -0.1559666395187378,
    -0.1725829392671585,
    -0.011316998861730099
  ]
}