{
  "train_loss": [
    2.544715942193193,
    1.9471512859188325,
    1.8683623163323653,
    1.8194713885881748,
    1.7944123874630844,
    1.7895970496796725,
    1.7582044046803524,
    1.7251127400593451,
    1.6825762084074187,
    1.6470746105037934,
    1.6573769381729484,
    1.6578316613805224,
    1.6158829748700236,
    1.6159020986333925,
    1.5976962426810237,
    1.5717212103403102,
    1.5593879048866137,
    1.5463918468408417,
    1.5435145098424097,
    1.5098886589139526,
    1.4984313876447621,
    1.47081285468319,
    1.4485124625657735,
    1.4843581197972884,
    1.4374760534052262,
    1.4416323237391244,
    1.4626412262832909,
    1.4423006788331862,
    1.425730271534613,
    1.4367835792184573,
    1.4282236634639272,
    1.424005183532224,
    1.4073444430312219,
    1.3798752375652916,
    1.397859941226,
    1.3991757448374877,
    1.3971228789167796,
    1.3728517215851455,
    1.4193857100414253,
    1.4085944233442607
  ],
  "val_loss": [
    1.6586899757385254,
    1.5874357223510742,
    1.549024224281311,
    1.5354993343353271,
    1.5853558778762817,
    1.585456371307373,
    1.515332818031311,
    1.4439555406570435,
    1.4548139572143555,
    1.4520519971847534,
    1.6138540506362915,
    1.4492378234863281,
    1.4268951416015625,
    1.3807955980300903,
    1.4408979415893555,
    1.405102252960205,
    1.320652961730957,
    1.3536866903305054,
    1.3695590496063232,
    1.3992671966552734,
    1.3374249935150146,
    1.29140043258667,
    1.3388317823410034,
    1.3072034120559692,
    1.3137763738632202,
    1.285947561264038,
    1.3981021642684937,
    1.3820334672927856,
    1.3375173807144165,
    1.2428336143493652,
    1.2487205266952515,
    1.3154350519180298,
    1.2865276336669922,
    1.3323532342910767,
    1.261049747467041,
    1.2874493598937988,
    1.2837107181549072,
    1.3147830963134766,
    1.2967922687530518,
    1.28532075881958
  ],
  "best_epoch": 29,
  "status": "ok",
  "grad_norm": [
    2.930428128006907,
    2.4552855925798793,
    2.392071009284286,
    2.386270276993511,
    2.3125828363957153,
    2.410490006027995,
    2.383636951893778,
    2.3613784439015673,
    2.3650889714182872,
    2.2677752482048534,
    2.3492556129924984,
    2.286484763283741,
    2.269893279166332,
    2.25897968551248,
    2.25149441314364,
    2.34622930063214,
    2.2757008629755604,
    2.2749737572688544,
    2.338809927161689,
    2.2867721829586554,
    2.368869648667031,
    2.3017014541277803,
    2.2341483708601175,
    2.366997408839349,
    2.2478777123490143,
    2.3524192990860393,
    2.3815579022372817,
    2.3326863469766956,
    2.2855237074701176,
    2.2941488434330335,
    2.303629885308701,
    2.321913466430111,
    2.280029984537972,
    2.2258497250675657,
    2.2516977078473994,
    2.250686076949332,
    2.2516135339871894,
    2.2952476090656897,
    2.2908625261209754,
    2.344981361420693
  ],
  "beta_std": [
    0.9192405939102173,
    0.769151508808136,
    0.911609411239624,
    0.7498448491096497,
    0.896033525466919,
    0.7060465812683105,
    0.8080844879150391,
    0.8963241577148438,
    0.8731986880302429,
    0.9227112531661987,
    0.9526757001876831,
    0.8989041447639465,
    0.7691597938537598,
    0.914246141910553,
    0.6834797263145447,
    0.837587833404541,
    0.7678388953208923,
    0.8657107353210449,
    0.7190065979957581,
    0.7432160377502441,
    0.7949305772781372,
    0.8239514827728271,
    0.7623586654663086,
    0.7999014854431152,
    0.8307844996452332,
    0.8288965225219727,
    0.808104395866394,
    0.7374230027198792,
    0.7698639631271362,
    0.7946861386299133,
    0.7357396483421326,
    0.8087782859802246,
    0.8680872321128845,
    0.7418533563613892,
    0.8250390291213989,
    0.8736476898193359,
    0.8566041588783264,
    0.7454261779785156,
    0.7784096598625183,
    0.8376821875572205
  ],
  "beta_mean": [
    -0.18145383894443512,
    -0.331207811832428,
    -0.18105141818523407,
    -0.16573409736156464,
    -0.05666985735297203,
    0.08907207101583481,
    -0.30371809005737305,
    -0.15154193341732025,
    -0.270479679107666,
    -0.16775020956993103,
    -0.20529402792453766,
    -0.24054911732673645,
    -0.18829599022865295,
    -0.11761295050382614,
    -0.15164312720298767,
    -0.08363823592662811,
    -0.21954329311847687,
    -0.12528720498085022,
    -0.13389036059379578,
    -0.031525809317827225,
    -0.2035244256258011,
    -0.08825618028640747,
    -0.08413300663232803,
    -0.08700177818536758,
    -0.18830238282680511,
    -0.13297533988952637,
    -0.31883352994918823,
    -0.44495195150375366,
    -0.37114644050598145,
    -0.23544584214687347,
    -0.15603484213352203,
    -0.10477679967880249,
    -0.10034343600273132,
    -0.2884937822818756,
    -0.1021210253238678,
    -0.014903968200087547,
    -0.11208885908126831,
    -0.007833926007151604,
    -0.31941378116607666,
    -0.16542820632457733
  ]
}