{
  "train_loss": [
    2.553994379255507,
    1.9703547108968098,
    1.8722478603786892,
    1.8500129680633546,
    1.8219045916663277,
    1.7506129421657985,
    1.7398359911176893,
    1.7182874121136136,
    1.6819225561353894,
    1.660330832693312,
    1.6452933102713692,
    1.6340624346203274,
    1.6402489454481337,
    1.5987731433444552,
    1.5942768811119927,
    1.583653723027971,
    1.5532397936715021,
    1.5725136997434828,
    1.5396140086915757,
    1.5593636039098104,
    1.51754056930542,
    1.5128267826504178,
    1.4952452784644232,
    1.509229882982042,
    1.5292070707745022,
    1.4778185885747275,
    1.4719741378360325,
    1.4649181214438545,
    1.4662058834499783,
    1.437429664293925,
    1.4626226539611817,
    1.4553733777999878,
    1.4207076579199898,
    1.4117669109768338,
    1.4227709696027968,
    1.4403255228466458,
    1.4055106609132555,
    1.414430466969808,
    1.4137638267940944,
    1.4179588618808323,
    1.4264160143534343,
    1.4257929185231526,
    1.428119214163886,
    1.4069355278015137,
    1.4132558545006646,
    1.4180802062352498,
    1.404104235649109,
    1.4027535953521728,
    1.3892120384640163,
    1.4221424822277493,
    1.387229726155599,
    1.3901083966361152,
    1.3584046332041422,
    1.3906505747901068,
    1.3715460106531778,
    1.3765326136483087,
    1.367211831940545,
    1.3726693855921428,
    1.3947601913876004
  ],
  "val_loss": [
    1.748498797416687,
    1.630368709564209,
    1.592549443244934,
    1.644435167312622,
    1.5276763439178467,
    1.5675042867660522,
    1.547646403312683,
    1.463827133178711,
    1.456066370010376,
    1.4324736595153809,
    1.4910444021224976,
    1.3830965757369995,
    1.4243017435073853,
    1.4307793378829956,
    1.3343719244003296,
    1.404845952987671,
    1.3802155256271362,
    1.3449440002441406,
    1.3951008319854736,
    1.311843991279602,
    1.3706169128417969,
    1.3201464414596558,
    1.464641809463501,
    1.3214114904403687,
    1.2976118326187134,
    1.3573561906814575,
    1.2981823682785034,
    1.3071552515029907,
    1.2923457622528076,
    1.2803117036819458,
    1.3447834253311157,
    1.2932199239730835,
    1.2645626068115234,
    1.3272639513015747,
    1.2891730070114136,
    1.2742267847061157,
    1.252382755279541,
    1.2649067640304565,
    1.2750129699707031,
    1.3273440599441528,
    1.2527846097946167,
    1.2752712965011597,
    1.2460983991622925,
    1.296218991279602,
    1.3256767988204956,
    1.2883358001708984,
    1.2828865051269531,
    1.3292291164398193,
    1.241023063659668,
    1.3265131711959839,
    1.2655014991760254,
    1.2913825511932373,
    1.249287724494934,
    1.3444404602050781,
    1.2612113952636719,
    1.243900179862976,
    1.2543267011642456,
    1.2909433841705322,
    1.3847248554229736
  ],
  "best_epoch": 48,
  "status": "ok",
  "grad_norm": [
    2.7512850931033297,
    2.5698174326231062,
    2.3186211304605484,
    2.325871641584281,
    2.287384892374787,
    2.299229811778855,
    2.333582563270669,
    2.288638086913953,
    2.293950388487911,
    2.2782655275893453,
    2.34137956422458,
    2.2533022507232836,
    2.3870306948777626,
    2.2426585211997354,
    2.3006419340181705,
    2.3503729702833374,
    2.284385001745668,
    2.3537019839441715,
    2.286698964722106,
    2.268905295040677,
    2.2438649524449206,
    2.3081106650210317,
    2.288632245835167,
    2.3707946894729295,
    2.3930568117611224,
    2.296716186815272,
    2.308588442018162,
    2.3127849880559603,
    2.309023907951714,
    2.3106398677155924,
    2.346958756222086,
    2.345412733935844,
    2.2218144356908756,
    2.247942863025954,
    2.236701534013855,
    2.3944955850982743,
    2.199612534586697,
    2.261073303427425,
    2.3180086320990143,
    2.301717931484248,
    2.2611106126816938,
    2.3618019978340103,
    2.317696261856167,
    2.270395279309707,
    2.2647213646176665,
    2.238268376827972,
    2.3348797184639363,
    2.2292873451326045,
    2.2509243684043323,
    2.339736713922266,
    2.3422542714571475,
    2.289027808221369,
    2.2775210476586043,
    2.279643670654209,
    2.291265482297313,
    2.2578592742963597,
    2.221800138808192,
    2.2596034305335286,
    2.402611836183037
  ],
  "beta_std": [
    0.6502233147621155,
    0.8053802847862244,
    0.8140078186988831,
    0.8139469027519226,
    0.8432549834251404,
    0.6461781859397888,
    0.6420770287513733,
    0.7721059322357178,
    0.8637211918830872,
    0.7664585709571838,
    0.7659902572631836,
    1.0291438102722168,
    0.8297513127326965,
    0.8363803029060364,
    0.9749417304992676,
    0.8069629073143005,
    0.8434111475944519,
    0.7910369634628296,
    0.8442122340202332,
    0.8164694309234619,
    0.8000413179397583,
    0.9183552861213684,
    0.7125043869018555,
    0.8018010258674622,
    0.8512007594108582,
    0.7573958039283752,
    0.7525681257247925,
    0.7818857431411743,
    0.7771154642105103,
    0.7996925115585327,
    0.7424595355987549,
    0.8717895150184631,
    0.7169375419616699,
    0.7020508050918579,
    0.7946719527244568,
    0.806178867816925,
    0.7391977310180664,
    0.7834968566894531,
    0.8376860618591309,
    0.7778860926628113,
    0.8137103915214539,
    0.7984350323677063,
    0.9446365833282471,
    0.8019154071807861,
    0.7324170470237732,
    0.7319595813751221,
    0.79981929063797,
    0.8248271942138672,
    0.86239093542099,
    0.7881386280059814,
    0.8857744336128235,
    0.7940080165863037,
    0.8965599536895752,
    0.8583349585533142,
    0.7407675385475159,
    0.9368723630905151,
    0.720252513885498,
    0.8341794013977051,
    0.7770788669586182
  ],
  "beta_mean": [
    -0.20190109312534332,
    -0.19685208797454834,
    0.015183347277343273,
    -0.37352874875068665,
    -0.24646148085594177,
    -0.20789140462875366,
    -0.14626730978488922,
    -0.22358721494674683,
    -0.33969733119010925,
    -0.1065082848072052,
    -0.23886312544345856,
    -0.21442900598049164,
    -0.09181878715753555,
    -0.05632458254694939,
    -0.1057087704539299,
    -0.16676993668079376,
    -0.3389264643192291,
    -0.12874473631381989,
    0.11426790058612823,
    -0.07111801207065582,
    -0.3947262465953827,
    -0.1625904142856598,
    -0.4629775285720825,
    -0.3724081516265869,
    -0.04961603879928589,
    -0.34718558192253113,
    -0.29508545994758606,
    -0.20455215871334076,
    -0.29397961497306824,
    -0.29165905714035034,
    -0.24670803546905518,
    -0.19798006117343903,
    -0.2450968474149704,
    -0.2824071943759918,
    -0.15912465751171112,
    -0.33763042092323303,
    -0.21602517366409302,
    -0.004737078677862883,
    -0.23033952713012695,
    -0.14413510262966156,
    -0.15028409659862518,
    -0.2559364140033722,
    -0.02003425918519497,
    -0.2921605706214905,
    -0.3060806691646576,
    -0.05472785606980324,
    -0.0043323952704668045,
    -0.06396102905273438,
    -0.15381357073783875,
    -0.4769132733345032,
    -0.1359032541513443,
    -0.27793818712234497,
    -0.23731455206871033,
    -0.28707849979400635,
    -0.04983536899089813,
    -0.2774597108364105,
    -0.2588426172733307,
    -0.08398851752281189,
    -0.41404715180397034
  ]
}