{
  "train_loss": [
    2.428160566753811,
    1.9414652854071723,
    1.8822853547202216,
    1.8435581779479981,
    1.8218061623043484,
    1.7927275244394938,
    1.7569088803397284,
    1.6789494047164917,
    1.6316677828894721,
    1.6056559998194377,
    1.6362179200384352,
    1.5833968969980876,
    1.5672303466796875,
    1.5354967043134902,
    1.5043373673756917,
    1.4998397041956584,
    1.500094395107693,
    1.4912873596615261,
    1.485852383825514,
    1.480303489473131,
    1.4786526973512437,
    1.473624946170383,
    1.4886124702029757,
    1.4254082653257583,
    1.4701794114642672,
    1.4424577310350206,
    1.4376149724324545,
    1.4567503544489542,
    1.4221303679148356,
    1.4085165410571627,
    1.4270844744576348,
    1.4237357914182875,
    1.4251705453660752,
    1.430526446448432,
    1.3948545381757949,
    1.4181253407796224,
    1.4152148867713081,
    1.3793499467637804,
    1.394070816569858,
    1.397087981859843,
    1.3694612276289198,
    1.3652242391374376,
    1.3729295863045587,
    1.3236515296300253,
    1.353155044025845,
    1.3794291954040527,
    1.3630508459938897,
    1.364040769788954,
    1.3408261353174846,
    1.332951939370897,
    1.3518458917405871,
    1.356596960067749,
    1.3685772715674507,
    1.3260183277130126,
    1.3262406832906934,
    1.3485870785183376,
    1.344822215822008,
    1.3304032445483738,
    1.3130750035179986,
    1.3428439922332764,
    1.3460979595184326,
    1.3096816779242622,
    1.3161665601730346
  ],
  "val_loss": [
    2.236907482147217,
    1.913934350013733,
    1.8602020740509033,
    1.8302321434020996,
    1.8570977449417114,
    1.7589073181152344,
    1.7563362121582031,
    1.5908417701721191,
    1.5733188390731812,
    1.674291729927063,
    1.4981738328933716,
    1.4722373485565186,
    1.5247001647949219,
    1.4948475360870361,
    1.438447117805481,
    1.5268113613128662,
    1.4034560918807983,
    1.4481823444366455,
    1.4614238739013672,
    1.4478132724761963,
    1.455575942993164,
    1.5151818990707397,
    1.5005865097045898,
    1.454624891281128,
    1.401668906211853,
    1.4533885717391968,
    1.4761178493499756,
    1.566846489906311,
    1.4057748317718506,
    1.4155243635177612,
    1.3932194709777832,
    1.4325854778289795,
    1.4492226839065552,
    1.4564871788024902,
    1.4366858005523682,
    1.4446338415145874,
    1.4140456914901733,
    1.4891306161880493,
    1.3678227663040161,
    1.4098016023635864,
    1.3691781759262085,
    1.4267617464065552,
    1.3459463119506836,
    1.3429311513900757,
    1.3819726705551147,
    1.4802581071853638,
    1.4639604091644287,
    1.3617429733276367,
    1.4572137594223022,
    1.422393798828125,
    1.3667079210281372,
    1.3834420442581177,
    1.341526985168457,
    1.3594387769699097,
    1.3708823919296265,
    1.4426547288894653,
    1.4258711338043213,
    1.392622947692871,
    1.4039394855499268,
    1.3618007898330688,
    1.4060518741607666,
    1.3688915967941284,
    1.3545141220092773
  ],
  "best_epoch": 52,
  "status": "ok",
  "grad_norm": [
    2.7976574355009456,
    2.5208076218561706,
    2.418733976555585,
    2.3083742706641397,
    2.220324097925444,
    2.2848169279164714,
    2.299696104577752,
    2.344800001830403,
    2.373000893198014,
    2.4756356367202454,
    2.4911995783709115,
    2.3999768218884503,
    2.372210497651459,
    2.3861907528799797,
    2.341098030455823,
    2.333961018037324,
    2.333641599195546,
    2.401746425580489,
    2.294996993672459,
    2.3731169197727437,
    2.4210306442763585,
    2.29646224252084,
    2.3953006108618675,
    2.2239985551152275,
    2.3157334537454153,
    2.2408249390358197,
    2.265566603923654,
    2.3119932728744197,
    2.291166396896362,
    2.24523189206282,
    2.283089717379812,
    2.350599153145064,
    2.3399417871485118,
    2.2713817615607717,
    2.2308416594305926,
    2.3335712719971347,
    2.302495563387423,
    2.252521050817865,
    2.283241685066835,
    2.301921296531848,
    2.306782601554723,
    2.239850083508908,
    2.263315648933864,
    2.1674573586551698,
    2.2556898122558886,
    2.303318582214008,
    2.256336158717817,
    2.2821351758649087,
    2.1969732501413297,
    2.241133887842987,
    2.3595688396751564,
    2.259454021865988,
    2.300061918726724,
    2.2367791315265726,
    2.245744398742827,
    2.357163341299289,
    2.183121626778057,
    2.287355730232915,
    2.27636954421752,
    2.312546211094774,
    2.3722961095543016,
    2.184460460905591,
    2.2232853390879646
  ],
  "beta_std": [
    0.8360013365745544,
    0.6743251085281372,
    0.7677530646324158,
    0.8017652630805969,
    0.7120051383972168,
    0.7979381680488586,
    0.6182827353477478,
    0.7855811715126038,
    0.7333158850669861,
    0.6734392046928406,
    0.8016477227210999,
    0.7567417025566101,
    0.8387306928634644,
    0.7965334057807922,
    0.7161845564842224,
    0.7253050804138184,
    0.704401433467865,
    0.729509174823761,
    0.7974094748497009,
    0.6362037062644958,
    0.7140465378761292,
    0.6845318675041199,
    0.7081391215324402,
    0.8427515625953674,
    0.7590388059616089,
    0.813023567199707,
    0.8279754519462585,
    0.6050419211387634,
    0.7806645035743713,
    0.8048830032348633,
    0.7257974743843079,
    0.6544055342674255,
    0.7806030511856079,
    0.7069646120071411,
    0.7170162200927734,
    0.7443102598190308,
    0.8739839196205139,
    0.6591879725456238,
    0.7444919943809509,
    0.7205772995948792,
    0.8186911940574646,
    0.6467146277427673,
    0.7054154276847839,
    0.7783144116401672,
    0.7861098051071167,
    0.7494398951530457,
    0.6199032664299011,
    0.7615475654602051,
    0.8787745833396912,
    0.8950622081756592,
    0.6878436207771301,
    0.8135143518447876,
    0.7460625767707825,
    0.851671576499939,
    0.7121046781539917,
    0.7502933144569397,
    0.8269793391227722,
    0.9829837679862976,
    0.6505051255226135,
    0.7978864312171936,
    0.7740567326545715,
    0.7189987301826477,
    0.6635906100273132
  ],
  "beta_mean": [
    -0.013993312604725361,
    -0.14012134075164795,
    -0.35914456844329834,
    -0.27011948823928833,
    -0.1904204934835434,
    -0.31237366795539856,
    0.017268646508455276,
    -0.22763210535049438,
    -0.2037096917629242,
    -0.19351348280906677,
    -0.21600030362606049,
    0.017393626272678375,
    -0.47529345750808716,
    0.012945062480866909,
    -0.2612183094024658,
    -0.12933947145938873,
    -0.20007556676864624,
    -0.09634378552436829,
    -0.1365397423505783,
    -0.22639641165733337,
    -0.07830815017223358,
    -0.1276054084300995,
    -0.08732626587152481,
    -0.19197072088718414,
    -0.15191595256328583,
    -0.0787506029009819,
    -0.07112236320972443,
    -0.17239288985729218,
    -0.30912238359451294,
    -0.08643949776887894,
    -0.15373171865940094,
    -0.35874974727630615,
    -0.08787575364112854,
    -0.11400085687637329,
    -0.006695692893117666,
    -0.2107931226491928,
    -0.013268795795738697,
    -0.17737171053886414,
    -0.11538833379745483,
    -0.018232082948088646,
    -0.10147641599178314,
    -0.08820675313472748,
    -0.22512386739253998,
    -0.11250907927751541,
    -0.18779978156089783,
    -0.14484988152980804,
    -0.26611462235450745,
    -0.2525797188282013,
    -0.19871194660663605,
    -0.28992682695388794,
    -0.22195221483707428,
    -0.009074704721570015,
    -0.3412986695766449,
    -0.26980316638946533,
    -0.32573407888412476,
    -0.11624989658594131,
    -0.058435481041669846,
    -0.2649790942668915,
    -0.2958289682865143,
    -0.26967307925224304,
    -0.22631394863128662,
    -0.10603763163089752,
    -0.19072586297988892
  ]
}