{
  "train_loss": [
    2.497478640238444,
    1.9270255930158826,
    1.8513247413635254,
    1.809861183590359,
    1.7835542321734958,
    1.7103621685240005,
    1.735558295779758,
    1.686774611790975,
    1.667333274629381,
    1.632402291615804,
    1.64139478386773,
    1.61608289220598,
    1.600605033662584,
    1.6182105995814005,
    1.5745064441892835,
    1.575116019990709,
    1.571252105500963,
    1.5840713312360974,
    1.5523374437756008,
    1.5503507414923774,
    1.529517083697849,
    1.5252720045513577,
    1.5310331075456407,
    1.536641901863946,
    1.5206882219314575,
    1.4946960281795925,
    1.4986580861409504,
    1.4893429387410482,
    1.4818011566797893,
    1.4711202409532336,
    1.4925800499386257,
    1.4442010439766777,
    1.4417242124345568,
    1.4604674056371052,
    1.4266065786149766,
    1.439003709687127,
    1.4299915404849581
  ],
  "val_loss": [
    1.8219965696334839,
    1.7370854616165161,
    1.8127328157424927,
    1.7393572330474854,
    1.6951613426208496,
    1.6109943389892578,
    1.5525938272476196,
    1.5892301797866821,
    1.4735759496688843,
    1.507650375366211,
    1.5308845043182373,
    1.5362820625305176,
    1.609776258468628,
    1.5067965984344482,
    1.5038284063339233,
    1.5203293561935425,
    1.4211453199386597,
    1.4683244228363037,
    1.5240585803985596,
    1.3961116075515747,
    1.4868212938308716,
    1.3822650909423828,
    1.4271507263183594,
    1.3575242757797241,
    1.3999820947647095,
    1.3814704418182373,
    1.348754644393921,
    1.3594306707382202,
    1.392894983291626,
    1.3754326105117798,
    1.4443591833114624,
    1.4106457233428955,
    1.4748626947402954,
    1.3558627367019653,
    1.4393153190612793,
    1.4058706760406494,
    1.4212881326675415
  ],
  "best_epoch": 26,
  "status": "ok",
  "grad_norm": [
    2.688530055160739,
    2.5312695700679546,
    2.4367988642371077,
    2.3474974044449057,
    2.304486607375769,
    2.3230442095710377,
    2.3589861993831214,
    2.3275748676371797,
    2.3742249388507513,
    2.2072732916020534,
    2.3584769833015105,
    2.2104747886126597,
    2.3057564149525853,
    2.3388491851600066,
    2.198391400945425,
    2.3009612743945898,
    2.282594741548817,
    2.2497168952599216,
    2.2541615800606913,
    2.3084995641722728,
    2.264187411386307,
    2.301497565561682,
    2.384962877187596,
    2.439770537654351,
    2.334416279817568,
    2.2645116692297433,
    2.2747680801687307,
    2.3016557920896266,
    2.263738229170628,
    2.264417970992772,
    2.336933227346619,
    2.2367392106621993,
    2.337747622488802,
    2.3460609020276757,
    2.2298583126540126,
    2.2513021451348694,
    2.282896856553872
  ],
  "beta_std": [
    0.768137514591217,
    0.7108068466186523,
    0.7119544148445129,
    0.6141927242279053,
    0.7211485505104065,
    0.7792730927467346,
    0.795619785785675,
    0.68952476978302,
    0.6427676677703857,
    0.7205328345298767,
    0.6022972464561462,
    0.6548238396644592,
    0.9529017210006714,
    0.7487320899963379,
    0.7998356819152832,
    0.6350078582763672,
    0.8396077752113342,
    0.7137160897254944,
    0.815220057964325,
    0.7926587462425232,
    0.6242625713348389,
    0.6745247840881348,
    0.7349576950073242,
    0.7713251709938049,
    0.7000395059585571,
    0.784482479095459,
    0.848044753074646,
    0.7496060729026794,
    0.694700300693512,
    0.7362256050109863,
    0.8911049365997314,
    0.8345974683761597,
    0.840242862701416,
    0.8081926107406616,
    0.7454385161399841,
    0.7331996560096741,
    0.7218433618545532
  ],
  "beta_mean": [
    -0.2940220534801483,
    -0.22346170246601105,
    -0.043047770857810974,
    -0.23844483494758606,
    -0.07572390139102936,
    -0.11229348927736282,
    -0.09720047563314438,
    -0.15780888497829437,
    -0.2537406384944916,
    -0.2531154751777649,
    -0.12604990601539612,
    -0.2753589451313019,
    -0.08364447951316833,
    -0.04604080319404602,
    -0.16676805913448334,
    -0.21360039710998535,
    -0.3063001334667206,
    -0.22850775718688965,
    0.008577335625886917,
    -0.23328560590744019,
    -0.14019137620925903,
    -0.18237027525901794,
    -0.17590129375457764,
    -0.09750582277774811,
    -0.14579373598098755,
    -0.10939494520425797,
    -0.24131286144256592,
    -0.11724109202623367,
    -0.08883245289325714,
    -0.09977951645851135,
    -0.30075570940971375,
    -0.1605231761932373,
    -0.21527650952339172,
    -0.20177993178367615,
    -0.12539705634117126,
    -0.0091168824583292,
    -0.1323818415403366
  ]
}