{
  "train_loss": [
    2.6429240313635933,
    1.940247397634718,
    1.8945840333302815,
    1.857058634546068,
    1.857416302257114,
    1.764889115333557,
    1.716663693639967,
    1.6952208408779568,
    1.6835530831019083,
    1.6513965710533989,
    1.6507933204438952,
    1.624360226949056,
    1.615903491338094,
    1.6168269918229845,
    1.5930553402370877,
    1.6063206566704644,
    1.5671779662238228,
    1.5895698676639134,
    1.5443477492862279,
    1.5569245607588027,
    1.5355752760569255,
    1.5293303052054512,
    1.542800424999661,
    1.5214081041547987,
    1.539191036966112,
    1.4953930502997503,
    1.5250200837453207,
    1.4817162846459282,
    1.4959936043421427,
    1.4727452725304497,
    1.469419673177931,
    1.486976802614,
    1.4915880879296197,
    1.4573399037255181,
    1.4632425237231785,
    1.432651340590583,
    1.454193072213067,
    1.4549578320185343,
    1.4255750506718954,
    1.4395385592778525,
    1.441283931096395,
    1.4262276939815945,
    1.4395054016113282,
    1.4361576629214816,
    1.4254705549875895
  ],
  "val_loss": [
    2.0157392024993896,
    1.9583213329315186,
    1.9177643060684204,
    1.8184020519256592,
    1.9174644947052002,
    1.7262283563613892,
    1.751950979232788,
    1.7161208391189575,
    1.7325928211212158,
    1.7286550998687744,
    1.615979790687561,
    1.7696571350097656,
    1.6361610889434814,
    1.7099013328552246,
    1.7148789167404175,
    1.5871083736419678,
    1.6111494302749634,
    1.5744585990905762,
    1.6871364116668701,
    1.560705542564392,
    1.601988673210144,
    1.6426743268966675,
    1.6057285070419312,
    1.63545560836792,
    1.589701771736145,
    1.589187502861023,
    1.5787888765335083,
    1.6137068271636963,
    1.5550012588500977,
    1.564274787902832,
    1.5563256740570068,
    1.544738531112671,
    1.5416038036346436,
    1.5850536823272705,
    1.5205317735671997,
    1.5367918014526367,
    1.5381367206573486,
    1.5623230934143066,
    1.5419228076934814,
    1.635833978652954,
    1.5559931993484497,
    1.5564731359481812,
    1.5452555418014526,
    1.5256969928741455,
    1.5757794380187988
  ],
  "best_epoch": 34,
  "status": "ok",
  "grad_norm": [
    2.6901765752824938,
    2.514601756113906,
    2.3273123710600943,
    2.2600139277381914,
    2.357898917053371,
    2.295628571943184,
    2.2809599681898423,
    2.2769269946233806,
    2.3189220168355003,
    2.259043130854433,
    2.3282582599011765,
    2.281872618072588,
    2.243708637968892,
    2.319295665855705,
    2.29739016373469,
    2.3665792849934437,
    2.250931759015896,
    2.2434216902625796,
    2.249761713571447,
    2.3162111903168707,
    2.3269769454887146,
    2.356451808967675,
    2.280786498534047,
    2.3107639879713497,
    2.397478752344698,
    2.289525857009474,
    2.3774173294573924,
    2.2870238701400036,
    2.401772778824726,
    2.3221087236109845,
    2.2234024821742158,
    2.417687572580887,
    2.3265714447028647,
    2.3393901021617296,
    2.3019048777779196,
    2.3832664108464727,
    2.2939452954092294,
    2.2747794709096443,
    2.295450285942786,
    2.39982838027888,
    2.3008202308927186,
    2.3517759089850494,
    2.2769401732160826,
    2.3120934268515763,
    2.255622953920121
  ],
  "beta_std": [
    0.6717915534973145,
    0.7480375170707703,
    0.7762673497200012,
    0.7435954809188843,
    0.7603493928909302,
    0.6418716311454773,
    0.7829530239105225,
    0.8554185032844543,
    0.7960299253463745,
    0.7880669832229614,
    0.8123258948326111,
    0.8462550044059753,
    0.7435197830200195,
    0.7788768410682678,
    0.8250121474266052,
    0.7528412938117981,
    0.6964142918586731,
    0.794093668460846,
    0.7192447781562805,
    0.7825564742088318,
    0.807445228099823,
    0.6472703814506531,
    0.6526648998260498,
    0.7328196167945862,
    0.755041241645813,
    0.8662973046302795,
    0.7399727702140808,
    0.799919605255127,
    0.736506998538971,
    0.7425289154052734,
    0.7855674624443054,
    0.7168775200843811,
    0.7862845063209534,
    0.8592336773872375,
    0.7965502738952637,
    0.7475484013557434,
    0.7263815999031067,
    0.8060374855995178,
    0.7414421439170837,
    0.816161036491394,
    0.841629683971405,
    0.7249900102615356,
    0.6866919994354248,
    0.8076476454734802,
    0.731408953666687
  ],
  "beta_mean": [
    -0.1804165095090866,
    -0.41096562147140503,
    -0.10089681297540665,
    -0.05586720257997513,
    -0.32271990180015564,
    -0.19987046718597412,
    -0.2909632623195648,
    -0.31671881675720215,
    -0.20512831211090088,
    -0.11848770827054977,
    -0.26289716362953186,
    -0.41449639201164246,
    -0.2321363240480423,
    -0.051954369992017746,
    -0.17052127420902252,
    -0.13045603036880493,
    -0.3091517388820648,
    -0.21850834786891937,
    -0.20682114362716675,
    -0.24645748734474182,
    -0.20132537186145782,
    -0.3119528889656067,
    -0.17801345884799957,
    -0.2867004871368408,
    -0.18878130614757538,
    -0.09342099726200104,
    -0.21941113471984863,
    -0.22508232295513153,
    -0.36114317178726196,
    -0.11861320585012436,
    -0.20335279405117035,
    -0.17548994719982147,
    -0.20522747933864594,
    -0.21451841294765472,
    -0.32285594940185547,
    -0.22099997103214264,
    -0.22827813029289246,
    -0.29878079891204834,
    -0.25289642810821533,
    -0.3522821366786957,
    -0.35318446159362793,
    -0.06053156405687332,
    -0.12266030162572861,
    -0.2731885612010956,
    -0.19549182057380676
  ]
}