{
  "train_loss": [
    0.9294880109920837,
    0.7664414290099116,
    0.7487872304414448,
    0.7364044485036393,
    0.7293184121170936,
    0.7264510159325182,
    0.7227946689533211,
    0.7155328207127533,
    0.7155136114533185,
    0.7008826101732533,
    0.6968503002813685,
    0.6937648608112893,
    0.702544476149375,
    0.6858223682955692,
    0.6742643267787688,
    0.6742937972531681,
    0.6794389801834062,
    0.6758234862137956,
    0.6649034500819201,
    0.6738303263703285,
    0.6599054603269923,
    0.6528340919394242,
    0.6518665218910976,
    0.6498037715264928,
    0.6558983273394624,
    0.6529505316974127,
    0.6543295450656734,
    0.6459724406471029,
    0.6469348243244907,
    0.6414667096193771,
    0.6426981046882986,
    0.6441590303844876,
    0.635038156774309,
    0.6393581141226473,
    0.6380170017376281,
    0.6309137153486062,
    0.6349981476270664,
    0.640054363061113,
    0.6311172605257982
  ],
  "val_loss": [
    0.788566529750824,
    0.7337086796760559,
    0.7190430164337158,
    0.7358935475349426,
    0.7114092111587524,
    0.6935102343559265,
    0.705374002456665,
    0.6802135705947876,
    0.7023681402206421,
    0.6995312571525574,
    0.6769828200340271,
    0.6953559517860413,
    0.6645084619522095,
    0.666816234588623,
    0.6741745471954346,
    0.6657667756080627,
    0.6535810232162476,
    0.6589715480804443,
    0.6483013033866882,
    0.6523178219795227,
    0.6601752638816833,
    0.6443960666656494,
    0.655341386795044,
    0.6566417217254639,
    0.70627361536026,
    0.6587256789207458,
    0.6439154148101807,
    0.6534343957901001,
    0.6269660592079163,
    0.6465142965316772,
    0.6538405418395996,
    0.6359663605690002,
    0.6292155981063843,
    0.6634184122085571,
    0.6336379647254944,
    0.6566990613937378,
    0.6466755867004395,
    0.6551242470741272,
    0.6373934745788574
  ],
  "best_epoch": 28,
  "status": "ok",
  "grad_norm": [
    0.9105820461625886,
    0.8360937191279691,
    0.8118424465730671,
    0.7922649080645048,
    0.7652648813410979,
    0.8021075933826923,
    0.751975728282073,
    0.8037330407632435,
    0.7882022119859606,
    0.7891719325301071,
    0.7765358049238587,
    0.792885209760195,
    0.7993180311460185,
    0.7749196920556511,
    0.7752016237034826,
    0.8072131088514471,
    0.8031373157057826,
    0.76839826635219,
    0.7871510224567917,
    0.8097241681075494,
    0.8147750063100684,
    0.8313880389236231,
    0.8012576764475676,
    0.78737423236597,
    0.8219579183282256,
    0.8140905195760494,
    0.8372232733494328,
    0.8295486921681171,
    0.8138966563921429,
    0.7928823664509774,
    0.8442007868798063,
    0.8200732139250767,
    0.8153735062450914,
    0.8419571331703336,
    0.7780051898328175,
    0.8398184751447428,
    0.7963382775194194,
    0.7979503741919433,
    0.8165708045524712
  ],
  "beta_std": [
    0.7088860273361206,
    0.5940947532653809,
    0.6636555194854736,
    0.7386329770088196,
    0.649665117263794,
    0.7687605619430542,
    0.621674656867981,
    0.6981387138366699,
    0.7011020183563232,
    0.5603920221328735,
    0.723857045173645,
    0.6154626607894897,
    0.7836984992027283,
    0.6514787077903748,
    0.6339648962020874,
    0.7262997031211853,
    0.8049496412277222,
    0.8001838326454163,
    0.9134466648101807,
    0.7343096137046814,
    0.6061863899230957,
    0.8366369605064392,
    0.717113733291626,
    0.5346900224685669,
    0.44272688031196594,
    0.7802197337150574,
    0.6550572514533997,
    0.7131055593490601,
    0.7702539563179016,
    0.8244463801383972,
    0.7972655296325684,
    0.6980351209640503,
    0.710078239440918,
    0.6971648335456848,
    0.8332810997962952,
    0.703400194644928,
    0.6864256858825684,
    0.7522735595703125,
    0.7481428980827332
  ],
  "beta_mean": [
    0.09331215173006058,
    -0.16337920725345612,
    -0.24178524315357208,
    0.01602201722562313,
    -0.1735561341047287,
    -0.22758792340755463,
    -0.2133500576019287,
    -0.10785868763923645,
    -0.063172347843647,
    -0.15176363289356232,
    -0.32696807384490967,
    -0.0998888686299324,
    -0.14276723563671112,
    -0.11323915421962738,
    -0.020920520648360252,
    -0.1147330105304718,
    -0.15953542292118073,
    -0.04655167832970619,
    -0.11679498106241226,
    -0.25817936658859253,
    -0.3129832148551941,
    -0.1686716079711914,
    -0.0626877173781395,
    -0.22539974749088287,
    -0.041750457137823105,
    -0.09861093759536743,
    -0.15695293247699738,
    -0.15103958547115326,
    -0.21974696218967438,
    -0.24993793666362762,
    -0.36631062626838684,
    -0.0972064658999443,
    -0.23639041185379028,
    -0.14732463657855988,
    -0.13016197085380554,
    -0.38353458046913147,
    -0.2016458362340927,
    -0.31810975074768066,
    -0.19509944319725037
  ]
}