{
  "train_loss": [
    0.9742017377608003,
    0.8107440276173821,
    0.7695031401149014,
    0.7499826537238227,
    0.7459436165519625,
    0.7399037180030555,
    0.7275080281809757,
    0.7137825438432526,
    0.7110827201012282,
    0.7047729233691566,
    0.7003697724091379,
    0.6969231487157052,
    0.6941028236924556,
    0.6870643029993737,
    0.6825784853048492,
    0.6825675450849255,
    0.6775602658101689,
    0.6828062648522226,
    0.6760798636096262,
    0.6652239661049425,
    0.6612414017337107,
    0.6575570951149478,
    0.6638895718396058,
    0.6616118347017389,
    0.6605367858925758,
    0.649431627131345,
    0.6520198044442294,
    0.65784333528831,
    0.6507491760086594,
    0.647936280345359,
    0.641459626984178,
    0.6540561351441501
  ],
  "val_loss": [
    0.7594188451766968,
    0.7124378085136414,
    0.6980422735214233,
    0.7028478384017944,
    0.6533913612365723,
    0.6488326191902161,
    0.6724669337272644,
    0.6502124667167664,
    0.6342269778251648,
    0.6334261894226074,
    0.6249903440475464,
    0.6195617914199829,
    0.6148524880409241,
    0.6395286321640015,
    0.6163924932479858,
    0.6310144662857056,
    0.6167218685150146,
    0.6583078503608704,
    0.6294429898262024,
    0.6117774844169617,
    0.6235588192939758,
    0.6008545160293579,
    0.6096641421318054,
    0.6208485960960388,
    0.6056697368621826,
    0.6146501898765564,
    0.611796498298645,
    0.6047132611274719,
    0.6070559620857239,
    0.6233571171760559,
    0.6280715465545654,
    0.6085396409034729
  ],
  "best_epoch": 21,
  "status": "ok",
  "grad_norm": [
    0.8945253291596521,
    0.8061631009220366,
    0.838136005558655,
    0.7785584413050627,
    0.7515861941878115,
    0.7987397951265547,
    0.7574690453739058,
    0.757464069819287,
    0.7659609620631967,
    0.7841316083932127,
    0.816464647126576,
    0.7834760426560664,
    0.7977083821126842,
    0.8058997873192125,
    0.8338172060605875,
    0.7818182211306804,
    0.8066276557203627,
    0.8527145567850373,
    0.8104585669661756,
    0.7863147082988973,
    0.807580887098343,
    0.8158198569803554,
    0.81493863756528,
    0.8049206945544916,
    0.8393437233117229,
    0.8541061943537434,
    0.8541136764661494,
    0.8452269911017496,
    0.8393207767266317,
    0.8384511778850723,
    0.8304254901221509,
    0.8508323314703137
  ],
  "beta_std": [
    0.8607233166694641,
    0.5846039056777954,
    0.48747462034225464,
    0.9277363419532776,
    0.7621284127235413,
    0.7105913758277893,
    0.591353178024292,
    0.7051455974578857,
    0.7196652889251709,
    0.6970657110214233,
    0.5648168921470642,
    0.7139370441436768,
    0.7263832688331604,
    0.9675381183624268,
    0.8315757513046265,
    0.8406015634536743,
    0.7117358446121216,
    0.6131649613380432,
    0.8124843239784241,
    0.8916832804679871,
    0.7171230912208557,
    0.7193421125411987,
    0.6534520387649536,
    0.6554234623908997,
    0.6474869251251221,
    0.5990555882453918,
    0.7280209064483643,
    0.7107484340667725,
    0.7403723001480103,
    0.768730640411377,
    0.6024139523506165,
    0.9001970887184143
  ],
  "beta_mean": [
    -0.18335480988025665,
    -0.34135982394218445,
    -0.2379724085330963,
    -0.41034045815467834,
    -0.23919355869293213,
    -0.2813928723335266,
    -0.05567273497581482,
    -0.3599337935447693,
    -0.25304049253463745,
    -0.3049878776073456,
    -0.12641553580760956,
    -0.2650192975997925,
    -0.06816548854112625,
    -0.23497293889522552,
    -0.23963294923305511,
    -0.3219758868217468,
    -0.2584681808948517,
    -0.034380197525024414,
    0.02180497907102108,
    -0.25679025053977966,
    -0.03267381712794304,
    -0.1993013471364975,
    -0.18638557195663452,
    -0.15226678550243378,
    -0.3289521336555481,
    -0.20619437098503113,
    -0.17678645253181458,
    -0.24057422578334808,
    -0.14038540422916412,
    -0.3539182245731354,
    -0.21037612855434418,
    -0.31583714485168457
  ]
}