{
  "train_loss": [
    0.9747448637471562,
    0.7823508216484248,
    0.7687608070680273,
    0.7607374868058322,
    0.7511528137413381,
    0.7352024492185716,
    0.7323866172004164,
    0.7191989710177594,
    0.7120099977303667,
    0.721331268263142,
    0.7079931474568552,
    0.7021857854357937,
    0.6966872259747913,
    0.6907153258686177,
    0.6900739968868724,
    0.6783686139709071,
    0.692824783018458,
    0.6820380652717679,
    0.6755678099777266,
    0.6722218305465074,
    0.6783912235812137,
    0.667256416354263,
    0.6572155374671981,
    0.6582250667733756,
    0.6594069892551466,
    0.6577497402408666,
    0.6603859610724867,
    0.658978150978423,
    0.6561948888204251,
    0.6444136889775595,
    0.6470603020567643,
    0.6472297799099258,
    0.6442011841974761,
    0.6436351025174236,
    0.6398769790387293,
    0.6419400482707553,
    0.6375446204553571,
    0.6311014727681701,
    0.6389425328182198,
    0.642799574366787,
    0.635229716524046,
    0.6343319799049556,
    0.6306840769728722,
    0.6268998871351543,
    0.6320843767422681
  ],
  "val_loss": [
    0.763513445854187,
    0.7194599509239197,
    0.7228090167045593,
    0.7172365188598633,
    0.7021605372428894,
    0.7059122920036316,
    0.6796864867210388,
    0.6844443678855896,
    0.6872806549072266,
    0.6747094988822937,
    0.6864334940910339,
    0.6715078949928284,
    0.6508367657661438,
    0.6677877902984619,
    0.6795499920845032,
    0.6565998792648315,
    0.6730528473854065,
    0.6596916913986206,
    0.6559584736824036,
    0.6661391258239746,
    0.6572545170783997,
    0.6371774673461914,
    0.6352282166481018,
    0.6714344024658203,
    0.6258108019828796,
    0.6291642189025879,
    0.6165261268615723,
    0.6490274667739868,
    0.6479437351226807,
    0.6266336441040039,
    0.6272021532058716,
    0.6228334903717041,
    0.6135040521621704,
    0.6329630613327026,
    0.6105976700782776,
    0.6228190660476685,
    0.6308959126472473,
    0.6327241063117981,
    0.6197506785392761,
    0.6268556118011475,
    0.6142528057098389,
    0.6287003755569458,
    0.6120237708091736,
    0.6338433027267456,
    0.6117253303527832
  ],
  "best_epoch": 34,
  "status": "ok",
  "grad_norm": [
    0.9029135464085546,
    0.8151925098708467,
    0.8086193301827354,
    0.7901748100983764,
    0.8056848417186705,
    0.7573095436894968,
    0.7782843232232709,
    0.7562425576179623,
    0.7294741418536814,
    0.7543354503057861,
    0.7609456039198493,
    0.8025704347623192,
    0.7619681573657354,
    0.7643230261908123,
    0.811765318029771,
    0.7779915994733548,
    0.7852280451993822,
    0.7879536677239368,
    0.7782167981839255,
    0.7484391560028636,
    0.8193734481146765,
    0.7798379210653743,
    0.7905095298481086,
    0.8229149787114514,
    0.8040352131017989,
    0.7811349212373777,
    0.811330563935943,
    0.8256340271231358,
    0.848963122208756,
    0.8226067564734374,
    0.8439822639070175,
    0.8548198683998536,
    0.8205695885196813,
    0.8198184178778105,
    0.8230532261358823,
    0.8207871025191757,
    0.8375284082723666,
    0.8267552142311947,
    0.840520365149994,
    0.8337127735684428,
    0.8465710406468231,
    0.8448826045420965,
    0.8632551790850913,
    0.8432524025566146,
    0.8613367347937473
  ],
  "beta_std": [
    0.5882879495620728,
    0.6747910976409912,
    0.7269049286842346,
    0.7429210543632507,
    0.8464850783348083,
    0.8469551801681519,
    0.834679365158081,
    0.7795886397361755,
    0.8012455701828003,
    0.7587904930114746,
    0.843414306640625,
    0.7400328516960144,
    0.7527140974998474,
    0.7705941200256348,
    0.6762773990631104,
    0.8933867812156677,
    0.7035008668899536,
    0.7546287775039673,
    0.7241615653038025,
    0.6765162944793701,
    0.7980746030807495,
    0.7271602153778076,
    0.6975306868553162,
    0.6850559115409851,
    0.7268794178962708,
    0.7342053651809692,
    0.7301375269889832,
    0.6971197128295898,
    0.7312654852867126,
    0.7527059316635132,
    0.7478783130645752,
    0.6930713057518005,
    0.8610717058181763,
    0.7771303057670593,
    0.942713737487793,
    0.8487836718559265,
    0.80427086353302,
    0.8077573776245117,
    0.7628807425498962,
    0.7901976108551025,
    0.7887978553771973,
    0.8510322570800781,
    0.8526620864868164,
    0.7797116637229919,
    0.7429593801498413
  ],
  "beta_mean": [
    -0.1304756999015808,
    -0.3358844220638275,
    -0.1328509896993637,
    -0.18158501386642456,
    -0.33498239517211914,
    0.07830500602722168,
    -0.3317437767982483,
    -0.21568487584590912,
    -0.16351474821567535,
    -0.19492262601852417,
    -0.3600039780139923,
    -0.01566081866621971,
    -0.0649195984005928,
    -0.08615856617689133,
    -0.13881179690361023,
    -0.3000621795654297,
    -0.20575565099716187,
    -0.268782377243042,
    -0.1118125319480896,
    -0.11214978992938995,
    -0.09545289725065231,
    -0.1400100588798523,
    -0.4936460554599762,
    -0.16467145085334778,
    -0.36522209644317627,
    -0.1837449073791504,
    -0.183613121509552,
    -0.19077754020690918,
    -0.26557108759880066,
    -0.1739809662103653,
    -0.2028137892484665,
    -0.06804893910884857,
    -0.27141454815864563,
    -0.15528875589370728,
    -0.24850507080554962,
    -0.18674802780151367,
    -0.2658281922340393,
    -0.2391100823879242,
    -0.014488283544778824,
    0.00244389777071774,
    -0.137212336063385,
    -0.2964748442173004,
    -0.3618088364601135,
    -0.10882499068975449,
    -0.23787173628807068
  ]
}