{
  "train_loss": [
    0.9192109752537911,
    0.7795247839068808,
    0.758688293883675,
    0.7467622081578127,
    0.7374431047941509,
    0.73041631092105,
    0.7190616436729654,
    0.7153287757070441,
    0.7118494199591073,
    0.7008919183970892,
    0.6996345283971195,
    0.7005537361150597,
    0.7017032164997524,
    0.6968849801320082,
    0.6924949990657338,
    0.6900308000832274,
    0.6856911571820578,
    0.678094787960164,
    0.6746676595726906,
    0.6698869480445371,
    0.6784830951272396,
    0.6781550396813286,
    0.6736729986625806,
    0.6721074868921648,
    0.6621281503794486,
    0.6633143035849632,
    0.6596417337551451,
    0.658710232910357,
    0.6571630295535974,
    0.6510169588892083,
    0.6506997610672176,
    0.6346281741794787,
    0.6392167327208825,
    0.6459495543736463
  ],
  "val_loss": [
    0.7543189525604248,
    0.7410509586334229,
    0.7212678790092468,
    0.7272531390190125,
    0.7212538719177246,
    0.7089183330535889,
    0.7330269813537598,
    0.7190386056900024,
    0.7202109694480896,
    0.7205257415771484,
    0.6981643438339233,
    0.7055832743644714,
    0.7105826735496521,
    0.7070907354354858,
    0.6902413368225098,
    0.707121729850769,
    0.669366717338562,
    0.6923071146011353,
    0.6854857206344604,
    0.6711036562919617,
    0.6963423490524292,
    0.7026845216751099,
    0.6999334692955017,
    0.6608731150627136,
    0.6681460738182068,
    0.6809120774269104,
    0.6922749280929565,
    0.6700281500816345,
    0.6671109199523926,
    0.6648293733596802,
    0.6837892532348633,
    0.669403612613678,
    0.6643061637878418,
    0.6769971251487732
  ],
  "best_epoch": 23,
  "status": "ok",
  "grad_norm": [
    0.8435268504997047,
    0.8321175216120135,
    0.7782951529053609,
    0.769692122709847,
    0.7852102371463797,
    0.775803533799219,
    0.762075453721523,
    0.7359695944951344,
    0.7571282388980141,
    0.7456295620799284,
    0.7571716280419913,
    0.7857227152170783,
    0.7322431215585481,
    0.7476074670620443,
    0.767065606942728,
    0.7580794702001722,
    0.7299919683549656,
    0.7317291461944921,
    0.7379429001259441,
    0.7380822013724512,
    0.7656020592940149,
    0.7903407332834321,
    0.7866585371900452,
    0.7766003958119825,
    0.7694232941728657,
    0.7775998427309052,
    0.7783014710503726,
    0.7649605291929648,
    0.7660898787428708,
    0.7980161410525884,
    0.807091429009786,
    0.7969518478372621,
    0.7953882294958419,
    0.8183649687466696
  ],
  "beta_std": [
    0.9130190014839172,
    0.8559260964393616,
    0.7346442937850952,
    0.6942321062088013,
    0.7623916268348694,
    0.7119964957237244,
    0.9930672645568848,
    0.8725866079330444,
    0.6688109040260315,
    0.7995116710662842,
    0.8141792416572571,
    0.9112532734870911,
    0.8796082735061646,
    0.8099080324172974,
    0.8220167756080627,
    0.9559227228164673,
    0.7963364124298096,
    0.6969672441482544,
    0.742752194404602,
    0.8706512451171875,
    0.6810468435287476,
    0.7800546884536743,
    0.8182846903800964,
    0.7381574511528015,
    0.7149581909179688,
    0.8945333361625671,
    0.9342713356018066,
    0.8603894710540771,
    0.8086076378822327,
    0.7754541039466858,
    0.8713406324386597,
    0.7756869196891785,
    0.8721678256988525,
    0.8646262288093567
  ],
  "beta_mean": [
    -0.20602022111415863,
    -0.2548965513706207,
    -0.11095286905765533,
    -0.27393367886543274,
    -0.2249353975057602,
    -0.254573792219162,
    -0.2121264934539795,
    -0.3066176474094391,
    -0.36574313044548035,
    -0.18582291901111603,
    -0.11937280744314194,
    -0.09750949591398239,
    -0.3700306713581085,
    -0.263342022895813,
    -0.21305672824382782,
    -0.2797761857509613,
    -0.39432764053344727,
    -0.13335053622722626,
    -0.24403174221515656,
    -0.2890121042728424,
    -0.5417461395263672,
    -0.2773444652557373,
    -0.10948050767183304,
    -0.37490537762641907,
    -0.44943758845329285,
    -0.03995586186647415,
    -0.3002769351005554,
    -0.13135387003421783,
    -0.15056131780147552,
    -0.17388123273849487,
    -0.19794794917106628,
    -0.2929857671260834,
    -0.2672012448310852,
    -0.1686406433582306
  ]
}