{
  "train_loss": [
    0.9025088763515852,
    0.7866384405141685,
    0.7553679540701079,
    0.7476306101313809,
    0.7345159809491788,
    0.7237221184111478,
    0.7171484059060527,
    0.7162241956783317,
    0.7101705019934136,
    0.6990347256716232,
    0.6924216289827001,
    0.6991988743815506,
    0.6889695702798185,
    0.6928667945331998,
    0.689327512324205,
    0.6885573868863066,
    0.6836811392627962,
    0.6828127706817716,
    0.6806351494510271,
    0.6762072336604024,
    0.6736806783480951,
    0.6710407448512071,
    0.6661660366309317,
    0.6623614890951859,
    0.6673830985465244
  ],
  "val_loss": [
    0.8010308146476746,
    0.7712386250495911,
    0.7801247835159302,
    0.7618571519851685,
    0.7570022940635681,
    0.7398655414581299,
    0.7266779541969299,
    0.7600650191307068,
    0.7469608783721924,
    0.7466409206390381,
    0.7671858072280884,
    0.7221652865409851,
    0.7491832375526428,
    0.7312635779380798,
    0.7064663767814636,
    0.7176858186721802,
    0.7486488819122314,
    0.7302166223526001,
    0.7219641804695129,
    0.7315264940261841,
    0.767021894454956,
    0.7120351195335388,
    0.7076893448829651,
    0.7305034399032593,
    0.707784116268158
  ],
  "best_epoch": 14,
  "status": "ok",
  "grad_norm": [
    0.927956116856579,
    0.8134866068429245,
    0.7516976978422591,
    0.777873340478875,
    0.7780333777198726,
    0.791114035554076,
    0.7976935694670514,
    0.7823213249255037,
    0.7718276631861093,
    0.7544126290321618,
    0.7588342778296489,
    0.7719691760892456,
    0.7965252039771165,
    0.781814028942068,
    0.7589455383123572,
    0.76091940363662,
    0.780539487194325,
    0.7676813727312857,
    0.7775648603124247,
    0.7906005119472934,
    0.752621727239805,
    0.7806833473558111,
    0.8020367754644285,
    0.8153346910317418,
    0.8054432923261253
  ],
  "beta_std": [
    0.7154371738433838,
    0.6387674808502197,
    0.7580391764640808,
    0.5834065079689026,
    0.6997812390327454,
    0.7893137335777283,
    0.6129143238067627,
    0.875093400478363,
    0.714187741279602,
    0.7689406275749207,
    0.6544696688652039,
    0.7831761837005615,
    0.7266753315925598,
    0.635250449180603,
    0.6396799683570862,
    0.6982881426811218,
    0.8005383014678955,
    0.7021746039390564,
    0.7980351448059082,
    0.6982535123825073,
    0.6559689044952393,
    0.7815274596214294,
    0.8345988988876343,
    0.7355506420135498,
    0.8233438730239868
  ],
  "beta_mean": [
    -0.2747689485549927,
    -0.1040862649679184,
    -0.2526758015155792,
    -0.12555012106895447,
    -0.30226388573646545,
    -0.2633003890514374,
    -0.33428314328193665,
    -0.36067473888397217,
    -0.24068886041641235,
    -0.21956029534339905,
    -0.1558515727519989,
    -0.06200084835290909,
    -0.09531412273645401,
    -0.09871280193328857,
    -0.15530040860176086,
    -0.058414965867996216,
    -0.26423054933547974,
    -0.3034539520740509,
    -0.2824629843235016,
    -0.19595031440258026,
    -0.21456947922706604,
    -0.3141731321811676,
    -0.35131487250328064,
    -0.35048213601112366,
    -0.23413848876953125
  ]
}