{
  "train_loss": [
    0.917811886575487,
    0.7826670225991144,
    0.7576348761982388,
    0.7410859014193217,
    0.7353242075178358,
    0.7292132955127292,
    0.7308074013392131,
    0.7206195640034145,
    0.7122659350236257,
    0.7131948989232381,
    0.7110893263816833,
    0.7072156570222643,
    0.7065576651891072,
    0.6994546947479248,
    0.6963569012747871,
    0.6964751186900668,
    0.7001513050927056,
    0.688627093580034,
    0.6851490080091689,
    0.6880589112705655,
    0.6804885780016581,
    0.6862143254280091,
    0.6799480504459805,
    0.6703207499716017
  ],
  "val_loss": [
    0.7867512106895447,
    0.742631196975708,
    0.7597031593322754,
    0.7210347652435303,
    0.7045445442199707,
    0.7417746186256409,
    0.6933842897415161,
    0.6932708621025085,
    0.7043523788452148,
    0.7052373290061951,
    0.7078164219856262,
    0.7088472843170166,
    0.7155512571334839,
    0.6567733287811279,
    0.6726884245872498,
    0.6816977262496948,
    0.6728999614715576,
    0.6764875650405884,
    0.7137365341186523,
    0.6816685199737549,
    0.6660547852516174,
    0.6705097556114197,
    0.6637787818908691,
    0.6949659585952759
  ],
  "best_epoch": 13,
  "status": "ok",
  "grad_norm": [
    0.8889994516212363,
    0.7960825529556077,
    0.79671642557381,
    0.8141013435506471,
    0.8095608583990773,
    0.8068433955028633,
    0.7793914858511337,
    0.7692367111542643,
    0.7848798319209784,
    0.7577175865610624,
    0.7780437649812835,
    0.7747438532131367,
    0.790133570963375,
    0.7340992783289226,
    0.7390467159473337,
    0.7696344506297929,
    0.7413797551298617,
    0.7719273197778235,
    0.7842674319336007,
    0.7725648207983367,
    0.7718565453097618,
    0.8107624378268691,
    0.7873005968599658,
    0.7889212342579615
  ],
  "beta_std": [
    0.6248202323913574,
    0.6281431913375854,
    0.6973944902420044,
    0.5767970085144043,
    0.714053750038147,
    0.6134713292121887,
    0.7462058067321777,
    0.6933275461196899,
    0.7162948846817017,
    0.7840791344642639,
    0.7936657071113586,
    0.658378005027771,
    0.5647081732749939,
    0.7673130035400391,
    0.6929216980934143,
    0.8398488163948059,
    0.6541764140129089,
    0.7526781558990479,
    0.6861613988876343,
    0.6786402463912964,
    0.7098119258880615,
    0.7643349170684814,
    0.7778562903404236,
    0.8776336908340454
  ],
  "beta_mean": [
    -0.13726867735385895,
    -0.18544985353946686,
    -0.37514421343803406,
    0.09651438891887665,
    -0.36387741565704346,
    -0.2059985101222992,
    -0.1922512799501419,
    -0.08379510790109634,
    -0.0844772607088089,
    -0.23615463078022003,
    -0.20436377823352814,
    -0.04143162816762924,
    -0.07309655845165253,
    -0.10347624123096466,
    -0.11533224582672119,
    -0.43414196372032166,
    -0.23190367221832275,
    -0.1613112986087799,
    -0.162196546792984,
    0.013859708793461323,
    -0.12148932367563248,
    -0.10134309530258179,
    -0.2603716552257538,
    -0.14160683751106262
  ]
}