{
  "train_loss": [
    0.9077192207972209,
    0.7747730694876777,
    0.7514956567552354,
    0.7304557222790188,
    0.7248940349155002,
    0.71833735815684,
    0.7095056003464593,
    0.7070037608146668,
    0.7052388659583197,
    0.6997408024470011,
    0.6899901950624254,
    0.6820944872962104,
    0.6829981223212348,
    0.6821480405065748,
    0.6814751960966322,
    0.6799860484864977,
    0.6712836368348863,
    0.6775047251913282,
    0.6680972276263767,
    0.6646805795033773,
    0.6671623449325561,
    0.6585196943283081,
    0.6572115117973751,
    0.6644579592810737,
    0.6506533746719361,
    0.6529234210120307,
    0.6446710344420539,
    0.6440647853745355,
    0.649994587527381,
    0.6446858954429626,
    0.6442449960708618,
    0.6515995559692382,
    0.6486014561123318,
    0.6338529003991021,
    0.6465875331030951,
    0.6398521594471401,
    0.6345811033248902,
    0.6382887632052103,
    0.6340831236839295,
    0.6311095770729913,
    0.6402365912331475,
    0.6404378644095526,
    0.6370774548318651
  ],
  "val_loss": [
    0.7782725691795349,
    0.7592024207115173,
    0.727141797542572,
    0.7279228568077087,
    0.7232659459114075,
    0.7026617527008057,
    0.7021248936653137,
    0.6969355344772339,
    0.6973966360092163,
    0.6998251080513,
    0.6825445294380188,
    0.6775413751602173,
    0.6845688223838806,
    0.682603657245636,
    0.6703699231147766,
    0.6762496829032898,
    0.6656652092933655,
    0.6658124923706055,
    0.680040717124939,
    0.6744809746742249,
    0.6440537571907043,
    0.6598896384239197,
    0.6596586108207703,
    0.6715331673622131,
    0.6409028768539429,
    0.665038526058197,
    0.6536554098129272,
    0.6677455902099609,
    0.6722268462181091,
    0.6689315438270569,
    0.6406303644180298,
    0.6419246792793274,
    0.6339924335479736,
    0.6560367345809937,
    0.6540843844413757,
    0.6495867371559143,
    0.6445014476776123,
    0.6702301502227783,
    0.6767281293869019,
    0.6427273154258728,
    0.6716592311859131,
    0.6472954154014587,
    0.6477834582328796
  ],
  "best_epoch": 32,
  "status": "ok",
  "grad_norm": [
    0.900115475950119,
    0.8303904626907712,
    0.8082839394600502,
    0.7750977630691142,
    0.8031579950870826,
    0.8072670394102752,
    0.7915740144642603,
    0.7657912011631893,
    0.7806565356848091,
    0.7804806336322574,
    0.780017917192002,
    0.7696220153864443,
    0.7848227867804548,
    0.8175750948054284,
    0.7748261618534722,
    0.7772077843102392,
    0.7702757621207463,
    0.785037904648409,
    0.8026343440689263,
    0.7858737657255345,
    0.786112437750348,
    0.7919823368870003,
    0.7667436137806101,
    0.8142251817171825,
    0.7941152853645769,
    0.8052854216377682,
    0.772349777363715,
    0.7988774551468334,
    0.8208503473891283,
    0.8317880199757645,
    0.8188806217628536,
    0.8410899538644429,
    0.8136970040047925,
    0.8088695377010107,
    0.8191301160059155,
    0.8094808377906909,
    0.7826922792559556,
    0.8023468396763953,
    0.7946577044516254,
    0.8034534569664454,
    0.8056391604125641,
    0.8341356661943644,
    0.8160416340207419
  ],
  "beta_std": [
    0.7052285075187683,
    0.6979318857192993,
    0.7085734605789185,
    0.870311439037323,
    0.8758371472358704,
    0.7908458709716797,
    0.8063234090805054,
    0.8150235414505005,
    0.617785632610321,
    0.6984346508979797,
    0.6882848739624023,
    0.7147350907325745,
    0.9030952453613281,
    0.5722053050994873,
    0.8547655344009399,
    0.7974730134010315,
    0.7733700275421143,
    0.6249751448631287,
    0.6212546825408936,
    0.7701733708381653,
    0.698070228099823,
    0.6330664753913879,
    0.8008010387420654,
    0.6137602925300598,
    0.7333078980445862,
    0.5431951284408569,
    0.8279880285263062,
    0.702176570892334,
    0.6092337369918823,
    0.7135591506958008,
    0.7256903648376465,
    0.79447340965271,
    0.8207648992538452,
    0.6617335677146912,
    0.6805282235145569,
    0.8266555070877075,
    0.7379045486450195,
    0.7373450994491577,
    0.7438691258430481,
    0.8390690088272095,
    0.7113984823226929,
    0.6667097210884094,
    0.6796600818634033
  ],
  "beta_mean": [
    -0.24502746760845184,
    -0.036836136132478714,
    -0.19724279642105103,
    -0.10801558941602707,
    0.10193696618080139,
    -0.2753199636936188,
    -0.3742661476135254,
    -0.1774459034204483,
    -0.1001049056649208,
    -0.4556726813316345,
    -0.20103245973587036,
    -0.2739715576171875,
    -0.2222081869840622,
    -0.04729870706796646,
    -0.15940716862678528,
    -0.4595527946949005,
    -0.18150830268859863,
    -0.5257124900817871,
    -0.14757892489433289,
    -0.23818670213222504,
    -0.18418194353580475,
    -0.1774941235780716,
    -0.02344835363328457,
    0.029805533587932587,
    -0.29382407665252686,
    -0.3543916642665863,
    -0.10771283507347107,
    -0.010672460310161114,
    0.04348405450582504,
    -0.06782974302768707,
    -0.0864909365773201,
    -0.07600992172956467,
    -0.1609659045934677,
    -0.13650736212730408,
    -0.31054016947746277,
    0.029071597382426262,
    -0.05518718808889389,
    -0.17648349702358246,
    -0.04448240250349045,
    -0.035596687346696854,
    0.00425563333556056,
    -0.21618147194385529,
    -0.3659314811229706
  ]
}