{
  "train_loss": [
    4.427479973731682,
    3.428610071940729,
    2.878400642830029,
    2.298845960940534,
    2.0481561471147147,
    1.8187800594240602,
    1.924267464074475,
    1.8291054968248335,
    1.7722305555789792,
    1.6477866429334496,
    1.6772429759042304,
    1.6485739282697265,
    1.5942142811435007,
    1.5963257148251897,
    1.4688047570791858,
    1.4831592941841885,
    1.4622810789716174
  ],
  "val_loss": [
    3.272517681121826,
    3.3430492877960205,
    2.3272058963775635,
    2.187206745147705,
    2.0386364459991455,
    2.2135798931121826,
    1.9825190305709839,
    2.046297311782837,
    2.1135568618774414,
    2.334934711456299,
    2.287950038909912,
    2.2586450576782227,
    2.3932459354400635,
    2.238929510116577,
    2.460017681121826,
    2.304237127304077,
    2.3730897903442383
  ],
  "best_epoch": 6,
  "status": "ok",
  "grad_norm": [
    3.1914249829933867,
    2.821299736988042,
    2.913179912734844,
    2.7449567679676505,
    3.0859153036569893,
    3.023701869924124,
    3.2114239064377474,
    2.84804986618147,
    2.987783468430242,
    2.635560210506646,
    2.785843496779319,
    2.7971249785587236,
    2.8611091826800346,
    2.8599216974303596,
    2.4946394344886906,
    2.6863800937037303,
    2.6389078806626887
  ],
  "beta_std": [
    0.7642916440963745,
    1.1544456481933594,
    0.9311054944992065,
    0.8028279542922974,
    0.8071951270103455,
    0.8177266120910645,
    0.8200723528862,
    0.670560359954834,
    0.7660928964614868,
    0.74240642786026,
    0.8322454690933228,
    0.7464351058006287,
    0.7652769088745117,
    0.7235312461853027,
    0.8463238477706909,
    0.8262161612510681,
    0.8185487985610962
  ],
  "beta_mean": [
    -0.24902355670928955,
    -0.03685848414897919,
    -0.38440632820129395,
    -0.0618775300681591,
    -0.27413254976272583,
    -0.07745013386011124,
    -0.07664388418197632,
    -0.24716824293136597,
    -0.14332705736160278,
    -0.17897985875606537,
    -0.1495324820280075,
    -0.16146741807460785,
    -0.24108204245567322,
    -0.2271415740251541,
    -0.21936646103858948,
    -0.3031557500362396,
    -0.22437570989131927
  ]
}