{
  "train_loss": [
    4.550653790591056,
    3.270817573168124,
    2.65259001268978,
    2.2026952079862183,
    1.9587173507924664,
    1.7720879637009916,
    1.8067570634752685,
    1.8525053210425795,
    1.718621169614513,
    1.6501025075800935,
    1.630804151122333,
    1.6288429976903904,
    1.6756007918140345,
    1.5528433028717488,
    1.4412894092805204,
    1.4752237003449111,
    1.433098776298657,
    1.4364384263579608,
    1.440456215261716,
    1.4150228664888973,
    1.4012414346661484,
    1.3750135377136588,
    1.2388909503730416,
    1.2502338217015851,
    1.2658321678987023
  ],
  "val_loss": [
    4.582412242889404,
    3.826237440109253,
    3.2683658599853516,
    2.995945930480957,
    2.45833158493042,
    2.474318742752075,
    2.475895881652832,
    2.4425289630889893,
    2.531238555908203,
    2.6653542518615723,
    2.5107638835906982,
    2.4442148208618164,
    2.5393388271331787,
    2.557771921157837,
    2.37035870552063,
    2.687026262283325,
    2.4344780445098877,
    2.6913883686065674,
    2.7066280841827393,
    2.5502490997314453,
    2.413814067840576,
    2.5407638549804688,
    2.6115894317626953,
    2.5768232345581055,
    2.7036383152008057
  ],
  "best_epoch": 14,
  "status": "ok",
  "grad_norm": [
    3.1563509211340066,
    2.3462659303074758,
    2.6886827531278885,
    2.709153972285231,
    3.19603382073601,
    2.9094409385480744,
    2.8540660906653015,
    2.8694360250614226,
    2.738097532367921,
    2.587030148998395,
    2.6810851759659764,
    2.8297501669520613,
    3.0976817549108637,
    2.6904675022751015,
    2.4359861851809645,
    2.6903479150269667,
    2.4352226714321286,
    2.8180099089725723,
    2.6701067082316428,
    2.6884899211487316,
    2.525753821179408,
    2.4688487630188254,
    2.393156962417988,
    2.491970974350496,
    2.5107869538030214
  ],
  "beta_std": [
    0.7943675518035889,
    1.3453412055969238,
    1.4202200174331665,
    1.191421389579773,
    0.8822489380836487,
    0.866412878036499,
    0.8926476240158081,
    0.8674618005752563,
    0.8623766899108887,
    0.9190168976783752,
    0.9063367247581482,
    0.8833000063896179,
    0.8830377459526062,
    0.9122939705848694,
    0.9169129133224487,
    0.8935443162918091,
    0.9516556859016418,
    0.9025039076805115,
    1.0209094285964966,
    0.9029420614242554,
    0.9011325240135193,
    0.8863492012023926,
    1.005021095275879,
    0.8694053888320923,
    0.953525960445404
  ],
  "beta_mean": [
    -0.19866405427455902,
    -0.07149182260036469,
    -0.3128631114959717,
    -0.1858324408531189,
    -0.20206056535243988,
    -0.2672894299030304,
    -0.2418789565563202,
    -0.3118561804294586,
    -0.237128347158432,
    -0.06510014086961746,
    -0.25998321175575256,
    -0.3214939534664154,
    -0.21477538347244263,
    -0.13575084507465363,
    -0.18811947107315063,
    -0.2939969599246979,
    -0.24904198944568634,
    -0.06927556544542313,
    -0.29151397943496704,
    -0.19236357510089874,
    -0.2836191952228546,
    -0.19682613015174866,
    -0.190571129322052,
    -0.22110521793365479,
    -0.11616797000169754
  ]
}