{
  "train_loss": [
    4.273115208832144,
    3.0024349087163023,
    2.4739108085632324,
    2.0772199527562014,
    1.9213386605357565,
    1.936570834276969,
    1.7484831259264584,
    1.6985746111786157,
    1.741947230958102,
    1.7054001495852107,
    1.6697216008838853,
    1.5266205320581359,
    1.5486140188417936,
    1.5171841042780736,
    1.5095703875112254
  ],
  "val_loss": [
    4.28986120223999,
    3.1670985221862793,
    2.689056396484375,
    2.156991958618164,
    1.9040980339050293,
    2.1081435680389404,
    1.9215527772903442,
    2.0130434036254883,
    1.9402284622192383,
    1.9688400030136108,
    2.041431188583374,
    1.9862709045410156,
    2.0488641262054443,
    2.0113918781280518,
    2.141170024871826
  ],
  "best_epoch": 4,
  "status": "ok",
  "grad_norm": [
    2.8038198955604297,
    2.7284548888761764,
    2.8107887243971006,
    2.603814519325901,
    3.1661266924656717,
    2.7387820460030596,
    2.4556095924489907,
    2.767278115626366,
    2.814512995894611,
    2.848410757828376,
    2.8898902391061263,
    2.360542284590932,
    2.3977321638169724,
    2.7997138558338475,
    2.9096009505331386
  ],
  "beta_std": [
    0.7141038179397583,
    1.2620655298233032,
    1.1310514211654663,
    0.9355745911598206,
    0.8606075048446655,
    0.7171425819396973,
    0.7408892512321472,
    0.7918317914009094,
    0.8439872860908508,
    0.8154778480529785,
    0.8345145583152771,
    0.7705261707305908,
    0.6945733428001404,
    0.7351853251457214,
    0.6482976078987122
  ],
  "beta_mean": [
    0.012170600704848766,
    -0.23925937712192535,
    -0.2653156816959381,
    -0.34178897738456726,
    -0.31866127252578735,
    -0.25438517332077026,
    -0.30716899037361145,
    -0.31995055079460144,
    -0.22257019579410553,
    -0.2385929524898529,
    -0.3305560350418091,
    -0.25530505180358887,
    -0.3127138912677765,
    -0.26048699021339417,
    -0.24908162653446198
  ]
}