{
  "train_loss": [
    4.3307704628838435,
    3.460566964149475,
    2.9388110404544405,
    2.3766896883646647,
    2.109833451377021,
    1.8105207339922587,
    1.7991759618123373,
    1.8632415946324665,
    1.7395684380001493,
    1.6784550748931037,
    1.589999385409885,
    1.6190610276328192,
    1.5284534634484186,
    1.5381817075941298,
    1.531203414466646,
    1.4227707203229267,
    1.5016971667607626,
    1.4843442810906304,
    1.4020059892866346,
    1.5914657718605465,
    1.4386333886782328,
    1.3822888798183866,
    1.3537791607115004
  ],
  "val_loss": [
    5.033808708190918,
    4.36477518081665,
    3.6352949142456055,
    2.827441930770874,
    2.605039358139038,
    2.6813602447509766,
    2.448590040206909,
    2.6158154010772705,
    2.484057664871216,
    2.5954718589782715,
    2.6154794692993164,
    2.457632064819336,
    2.3250794410705566,
    2.456282615661621,
    2.6591403484344482,
    2.4396872520446777,
    2.4599640369415283,
    2.5559890270233154,
    2.379037857055664,
    2.5331270694732666,
    2.5209522247314453,
    2.5567514896392822,
    2.654123306274414
  ],
  "best_epoch": 12,
  "status": "ok",
  "grad_norm": [
    2.9366201189114114,
    2.347901471261179,
    2.5878615360544535,
    2.9951576542601517,
    3.06723292273163,
    3.063167357052945,
    3.441511432575454,
    3.5498492205490404,
    2.9334288386248653,
    2.803895986243049,
    2.881336040698264,
    3.077499186992528,
    2.868262065719884,
    2.7519357437667042,
    2.6392621051714404,
    2.8071587171830794,
    2.4933311069489084,
    2.92728651022347,
    3.2833378604856684,
    3.1415753994228215,
    2.459727726910794,
    2.9766947494144134,
    2.8567886208564497
  ],
  "beta_std": [
    0.6189534068107605,
    1.1562029123306274,
    1.0043449401855469,
    0.9688214063644409,
    0.9226741194725037,
    0.8586560487747192,
    0.6816892623901367,
    0.8362743854522705,
    0.8073164224624634,
    0.573768138885498,
    0.7074745893478394,
    0.7537147998809814,
    0.6450029611587524,
    0.7315728664398193,
    0.7651093602180481,
    0.7852550745010376,
    0.56987464427948,
    0.6711460947990417,
    0.7948986887931824,
    0.798339307308197,
    0.7904632687568665,
    0.8281453251838684,
    0.7769057750701904
  ],
  "beta_mean": [
    -0.41873809695243835,
    -0.17933158576488495,
    -0.2995809316635132,
    -0.053553514182567596,
    0.019574306905269623,
    -0.20389217138290405,
    -0.2513609230518341,
    -0.12316373735666275,
    -0.12776635587215424,
    -0.16176025569438934,
    -0.13251258432865143,
    -0.3667312562465668,
    -0.21273843944072723,
    -0.1746990829706192,
    -0.04766498878598213,
    -0.0631592869758606,
    -0.19879639148712158,
    -0.12814565002918243,
    -0.15007102489471436,
    -0.18250936269760132,
    -0.17485249042510986,
    -0.18315336108207703,
    -0.2055019736289978
  ]
}