{
  "train_loss": [
    4.490569371117486,
    3.1312408283021713,
    2.4687157588534885,
    2.13352843814426,
    2.096019544071621,
    2.0057283131281536,
    1.9352993943956163,
    1.7900964132944743,
    1.8059782489140828,
    1.7442622423171996,
    1.7889232455359565,
    1.6643662736150953,
    1.6701691797044542,
    1.6640773497687447,
    1.6618577263090346,
    1.6141967079374526,
    1.6502496401468914,
    1.7088455583817428,
    1.568861804538303,
    1.4698884460661146,
    1.4470524220996432,
    1.4363131173451742,
    1.4234736338588927,
    1.3300354586707221,
    1.3939899974399144,
    1.4958286107911003,
    1.5257144477632312,
    1.365725614229838,
    1.3669169659084743
  ],
  "val_loss": [
    3.6146368980407715,
    3.006967782974243,
    2.3608617782592773,
    2.076491355895996,
    2.260115623474121,
    2.2149977684020996,
    2.0971038341522217,
    2.046914577484131,
    2.0824201107025146,
    2.1148242950439453,
    2.1122498512268066,
    2.1843066215515137,
    1.9842320680618286,
    2.110870838165283,
    2.020005226135254,
    2.073296308517456,
    2.073873519897461,
    2.4365639686584473,
    1.934801459312439,
    2.0473217964172363,
    2.038525104522705,
    2.1660470962524414,
    2.1928305625915527,
    2.134103298187256,
    2.077002763748169,
    2.114192485809326,
    2.022434949874878,
    2.315256118774414,
    2.056865930557251
  ],
  "best_epoch": 18,
  "status": "ok",
  "grad_norm": [
    3.2347019980682754,
    2.827207999034713,
    3.3841300964741494,
    3.217670275639436,
    4.093457896764267,
    3.2581791663664856,
    3.252194396374686,
    2.9980752514759548,
    3.414215036032194,
    2.8043306192692783,
    3.103571500297875,
    2.7377778022585613,
    3.093708527440786,
    3.0113160019282272,
    2.876449678139205,
    3.294522661530624,
    4.184079186123636,
    2.5690422386513014,
    3.2896333862737714,
    2.4133422853384485,
    2.717349578380582,
    2.726019628142996,
    2.3921262266969254,
    2.463857095651206,
    3.073522784267021,
    2.7836670357576176,
    3.2650854637987465,
    2.468630216234102,
    2.8417227085907206
  ],
  "beta_std": [
    0.6441373229026794,
    1.1107559204101562,
    0.8948143720626831,
    0.6989834308624268,
    0.6947566270828247,
    0.50372314453125,
    0.522544801235199,
    0.5502749681472778,
    0.5773468613624573,
    0.5783310532569885,
    0.5227205157279968,
    0.566280722618103,
    0.5987253785133362,
    0.6116814613342285,
    0.7982738018035889,
    0.5049156546592712,
    0.5888603329658508,
    0.6812475323677063,
    0.6966500878334045,
    0.6666263341903687,
    0.6403985619544983,
    0.6185129880905151,
    0.6523133516311646,
    0.6279919147491455,
    0.6990005373954773,
    0.694081723690033,
    0.6142416000366211,
    0.6841467022895813,
    0.6768836975097656
  ],
  "beta_mean": [
    -0.07916566729545593,
    -0.11661813408136368,
    -0.00665685161948204,
    -0.174642413854599,
    -0.3201148211956024,
    -0.2006741166114807,
    -0.035569749772548676,
    -0.1933632642030716,
    -0.3117832839488983,
    -0.03704619035124779,
    -0.06143728643655777,
    -0.2588762044906616,
    -0.17107543349266052,
    -0.10725460946559906,
    -0.15915782749652863,
    -0.15818186104297638,
    -0.08017894625663757,
    -0.19718164205551147,
    -0.19435451924800873,
    -0.02055661752820015,
    -0.1512688398361206,
    -0.06375396996736526,
    -0.2143867313861847,
    -0.12706048786640167,
    -0.1939980387687683,
    -0.09978530555963516,
    -0.1594972461462021,
    -0.21953120827674866,
    -0.16625382006168365
  ]
}