model,method,target,rmse_alpha,rmse_beta,corr_alpha,corr_beta,r2_alpha,r2_beta,mu_true,bias_mean,variance,mse,bias_ratio,rmse_mu,empirical_se,se_mean,se_ratio,ci_width,coverage,n_sims,overfit_rate,mean_best_epoch,final_grad_norm,final_beta_std,correction_ratio,min_hessian_eig,hessian_condition,final_train_loss,final_val_loss,train_val_gap,oracle_loss,excess_loss_ratio,smoothness_ratio,violation_rate,bias_shift,bias_reduction
negbin,influence,beta,0.4434057646411563,0.28636278128710313,0.5559660920120091,0.5460487573595151,0.30909829546710577,0.2981692454138706,-0.05045428243757239,4.74860234670126,42.60323034960938,65.1524545967061,0.3460993816223269,7.525520821687197,6.527115009681489,4.774985130155949,0.7315613595092696,18.71794171021132,1.0,5,0.53,4.81,1.1524389736505702,0.3556497691571713,0.6874056932866306,0.42874209740224034,2.00087455340866,0.6543327885977706,0.7155511033535004,0.06121831475572981,1.0,-0.28444889664649964,1.2744210128730262,,,
