model,method,target,rmse_alpha,rmse_beta,corr_alpha,corr_beta,r2_alpha,r2_beta,mu_true,bias_mean,variance,mse,bias_ratio,rmse_mu,empirical_se,se_mean,se_ratio,ci_width,coverage,n_sims,overfit_rate,mean_best_epoch,final_grad_norm,final_beta_std,correction_ratio,min_hessian_eig,hessian_condition,final_train_loss,final_val_loss,train_val_gap,oracle_loss,excess_loss_ratio,smoothness_ratio,violation_rate,bias_shift,bias_reduction
poisson,influence,beta,0.28535702578475525,0.1988489446573164,0.8514938913166138,0.681818460602692,0.7250418469495093,0.4648764132186247,-0.05045428243757239,-0.010412182899903415,0.0003052400568509561,0.00041365360959199715,0.26208777157287144,0.020011970690175667,0.01747112065240682,0.021010885965377746,1.2026066549133063,0.08236267298428077,0.9333333333333333,30,0.0,9.126666666666667,0.5534757592945856,0.23621038948496184,0.6461443429698177,0.391188956151406,4.074328861294284,0.6652847145915882,0.6531785342097282,-0.012106180381860046,1.0,-0.34682146579027173,0.9416570923506629,0.9333333333333333,0.008488664347857174,-4.413092007262893
poisson,naive,beta,0.2799133862362556,0.19338302562973683,0.8663398450922853,0.7028565693689119,0.7505447271945249,0.4940073571050361,-0.05045428243757239,-0.001923518552046244,0.0015014571358099814,0.0015051570594300475,0.002458164479836487,0.037945221148888576,0.03874864043821385,0.002307947228352229,0.05956201823473876,0.009047153135140738,0.0,30,0.0,9.433333333333334,0.5520226939211982,0.2143803482254346,,,,0.6637801252214859,0.6544868131478627,-0.009293312073623146,1.0,-0.3455131868521372,0.9101723750664125,0.9333333333333333,0.008488664347857174,-4.413092007262893
