model,method,target,rmse_alpha,rmse_beta,corr_alpha,corr_beta,r2_alpha,r2_beta,mu_true,bias_mean,variance,mse,bias_ratio,rmse_mu,empirical_se,se_mean,se_ratio,ci_width,coverage,n_sims,overfit_rate,mean_best_epoch,final_grad_norm,final_beta_std,correction_ratio,min_hessian_eig,hessian_condition,final_train_loss,final_val_loss,train_val_gap,oracle_loss,excess_loss_ratio,smoothness_ratio,violation_rate,bias_shift,bias_reduction
linear,influence,beta,1.034869434508361,0.738620565953245,0.8071258069468662,0.6592630680294898,0.65145206823963,0.4346277928676556,-0.16818094145857462,-0.04646724189339548,0.004924330391110333,0.007083534960289661,0.3048202036530972,0.08061346971473062,0.07017357331011677,0.07661037995213868,1.0917269327810322,0.3003126894123836,1.0,10,0.044000000000000004,9.209999999999999,2.5987526542634796,0.9357277810573578,0.3070518232363716,0.48449255937337876,2.0946853209037113,1.5107630262742506,2.1642090542316437,0.6534460279573928,1.0,1.1642090542316437,1.0893856815468623,0.5,0.006377703389851386,-0.15908647562225098
linear,naive,beta,0.9044058556121793,0.7270587755823701,0.8625739055538851,0.6787582580206564,0.7440337425424828,0.4607127728312359,-0.16818094145857462,-0.04008953850354411,0.00982614406056422,0.011433315157991366,0.1405691241095376,0.10178028761854636,0.0991269088621461,0.02950758576819994,0.29767483024448566,0.11566973621134377,0.5,10,0.0,12.4,3.104447348339137,0.9749478280544281,,,,1.5794031127823724,2.2990536451339723,0.7196505323515998,1.0,1.2990536451339723,1.0976200255127173,0.5,0.006377703389851386,-0.15908647562225098
