sim_id,model,method,target,mu_hat,se,mu_true,bias,covered,rmse_alpha,rmse_beta,corr_alpha,corr_beta,overfit_rate,mean_best_epoch,final_grad_norm,final_beta_std,final_train_loss,final_val_loss,train_val_gap,correction_ratio,correction_mean,correction_std,min_hessian_eig,hessian_condition,oracle_loss,excess_loss_ratio,smoothness_ratio
0,negbin,influence,beta,-0.3278250097603537,0.4255454180611446,-0.05045428243757239,-0.27737072732278134,True,0.44777631037169086,0.30323978537821294,0.5504213775524716,0.5861908953346269,0.5,4.3,1.1408501375797864,0.377689054608345,0.6596161470735049,0.7171450808644295,0.05752893379092461,0.5031654917993271,0.2141197695616861,30.168781952253724,0.42257224330461735,2.029104954602261,1.0,-0.2828549191355705,1.4084538969549627
1,negbin,influence,beta,10.885225088836625,8.299692379517769,-0.05068071818069646,10.935905807017322,True,0.43843071510500575,0.2751464407807907,0.5663063748729614,0.5685978650270499,0.45,5.3,1.0917165278875494,0.34776214361190794,0.6320751722444568,0.6962997198104859,0.06422454756602913,1.3192695245575952,-10.949531219500702,587.916481628222,0.44962035156108093,1.9105257574488772,1.0,-0.3037002801895141,1.2630605049934556
2,negbin,influence,beta,0.21165172285875306,0.6082912169005311,-0.04998879569123731,0.2616405185499904,True,0.4404353811163752,0.2842670425211771,0.5877918251418076,0.49949200694207124,0.5,5.45,1.0758673535403682,0.3540224149823189,0.6535118572068261,0.6935502544045449,0.040038397197718734,0.4337085651361665,-0.263821110866862,43.08819601020886,0.4401088324585814,1.9425190319544647,1.0,-0.3064497455954551,1.1990086181272919
3,negbin,influence,beta,-0.01024233701452613,0.39775810232184033,-0.049246073676635624,0.039003736662109496,True,0.4520326434197406,0.2850751899732916,0.517775480986991,0.564783355494134,0.55,3.65,1.2093911425451889,0.3728625521063805,0.6864131005593443,0.7446630388498306,0.0582499382904863,0.2734486980164787,-0.10876643520541256,28.216054412251285,0.4177180900236076,2.0446196242862085,1.0,-0.25533696115016935,1.2849301155638109
4,negbin,influence,beta,12.734005530532636,14.14363853397846,-0.049826868067018575,12.783832398599655,True,0.4383537731929688,0.28408544778204337,0.557535401505814,0.5111796639996934,0.65,5.35,1.2443697066999584,0.3259126804769039,0.6400476659047208,0.7260974228382111,0.08604975693349026,0.9074361869235854,-12.834449420498904,1001.9067279407262,0.41369096966331453,2.077603398751488,1.0,-0.2739025771617889,1.2166519287256106
