{
  "train_loss": [
    2.621735398002535,
    1.979050490814343,
    1.8939933578312746,
    1.8701119443547656,
    1.8218845890558253,
    1.7923108767068874,
    1.7619865946184126,
    1.7548415269907456,
    1.730015065795497,
    1.7675511034469158,
    1.7069687259685227,
    1.711301988272639,
    1.711505570662649,
    1.6754068029972544,
    1.6839069020957278,
    1.6472893428244786,
    1.6259179509034631,
    1.6441350421292042,
    1.6234431999050385,
    1.6046827687157525,
    1.612189680316992,
    1.5963416225031803,
    1.6116580556010642,
    1.5861687982291506,
    1.6121584841800711,
    1.55784881870649,
    1.5569719387355603,
    1.572261496370996,
    1.5630633073940612,
    1.5589030123872367,
    1.5658428608186064,
    1.5604363891255786,
    1.5749535971914816,
    1.5379914540296409,
    1.5120563379644651,
    1.5102635892092833,
    1.51201552491439,
    1.4859998149760285,
    1.4965134048740767,
    1.4847701014412773,
    1.497604285346137,
    1.4926796132639835,
    1.480664726223862,
    1.4714804909522072,
    1.4814258992044549,
    1.4562673630351908,
    1.460332914625692,
    1.450810011395237,
    1.4741096294135378,
    1.4647438405968292,
    1.4719910138671162
  ],
  "val_loss": [
    1.6996774673461914,
    1.7672587633132935,
    1.7168140411376953,
    1.7586572170257568,
    1.613671064376831,
    1.5881153345108032,
    1.5364720821380615,
    1.5136345624923706,
    1.4886467456817627,
    1.5758821964263916,
    1.5516078472137451,
    1.6070382595062256,
    1.5279498100280762,
    1.4934556484222412,
    1.5716578960418701,
    1.480635404586792,
    1.5352973937988281,
    1.5225075483322144,
    1.4385029077529907,
    1.415184497833252,
    1.4503287076950073,
    1.488167405128479,
    1.6128605604171753,
    1.4276907444000244,
    1.4340298175811768,
    1.4966261386871338,
    1.4603846073150635,
    1.519241452217102,
    1.4572923183441162,
    1.4133037328720093,
    1.4425084590911865,
    1.551814317703247,
    1.4706707000732422,
    1.396257996559143,
    1.4652762413024902,
    1.441776990890503,
    1.3849881887435913,
    1.3884865045547485,
    1.4716318845748901,
    1.4150649309158325,
    1.3311463594436646,
    1.4103221893310547,
    1.4072597026824951,
    1.4807758331298828,
    1.374241590499878,
    1.3417919874191284,
    1.4067661762237549,
    1.3749219179153442,
    1.4119888544082642,
    1.4044842720031738,
    1.3880566358566284
  ],
  "best_epoch": 40,
  "status": "ok",
  "grad_norm": [
    2.8211313660118873,
    2.5599976737789727,
    2.4189953488066416,
    2.4082639914202213,
    2.45731956154763,
    2.3954359912980183,
    2.395483928666105,
    2.375508301189891,
    2.340583614636511,
    2.473274880379903,
    2.3984709470344563,
    2.4195639899323615,
    2.3431027148574706,
    2.287460975394015,
    2.4030580819832563,
    2.308549507585808,
    2.3672246911320336,
    2.359519033467748,
    2.3063706986901034,
    2.276125307231298,
    2.2954179861743764,
    2.269136257992153,
    2.2779794702732588,
    2.283704112729947,
    2.414085480741416,
    2.176391921919598,
    2.215512132523279,
    2.2923574680484835,
    2.3736463540015755,
    2.299459687291045,
    2.272522035527643,
    2.3132397946338186,
    2.2755858187397893,
    2.312909812611674,
    2.323536743632895,
    2.247791715607271,
    2.3401887875511838,
    2.2882175965066955,
    2.3452972774465084,
    2.3257150147084356,
    2.423026078308577,
    2.2991429935036285,
    2.3711815995849594,
    2.2848390192312715,
    2.3364559428925484,
    2.268006947168371,
    2.254424846044567,
    2.330225119437916,
    2.3846927765153105,
    2.4166604850647664,
    2.381845769838937
  ],
  "beta_std": [
    0.662684440612793,
    0.6068356037139893,
    0.7286763191223145,
    0.6714073419570923,
    0.7183780074119568,
    0.6708053350448608,
    0.772864043712616,
    0.6724327802658081,
    0.641930878162384,
    0.7339489459991455,
    0.9235148429870605,
    0.7590374946594238,
    0.6438397169113159,
    0.7311317920684814,
    0.9765371680259705,
    0.8332390189170837,
    0.6154631972312927,
    0.6587655544281006,
    0.7421693801879883,
    0.7119903564453125,
    0.7529101371765137,
    0.8458757996559143,
    0.889022707939148,
    0.7792692184448242,
    0.7497969269752502,
    0.8423413038253784,
    0.6875561475753784,
    0.8767903447151184,
    0.8484109044075012,
    0.7798727750778198,
    0.8336443305015564,
    0.8591102957725525,
    0.7118163108825684,
    0.8292137384414673,
    0.7334033250808716,
    0.7482326626777649,
    0.721183717250824,
    0.7153010964393616,
    0.7982434034347534,
    0.7449234127998352,
    0.684648334980011,
    0.8034414052963257,
    0.8134974241256714,
    0.6802061796188354,
    0.7161092162132263,
    0.6607805490493774,
    0.6361939311027527,
    0.6880910396575928,
    0.7237994074821472,
    0.6948879361152649,
    0.7658737301826477
  ],
  "beta_mean": [
    -0.09610690176486969,
    -0.2870529592037201,
    -0.14077845215797424,
    -0.03218339756131172,
    -0.09386178851127625,
    -0.1606263816356659,
    -0.195428729057312,
    -0.1821984350681305,
    -0.15591110289096832,
    -0.2217918336391449,
    -0.10262036323547363,
    -0.292190819978714,
    -0.1866670399904251,
    -0.2439010739326477,
    -0.375103235244751,
    -0.23406493663787842,
    -0.25465911626815796,
    -0.2851296067237854,
    -0.2796015739440918,
    -0.1330438107252121,
    -0.18369722366333008,
    -0.2744111716747284,
    -0.23042790591716766,
    -0.2861492931842804,
    -0.32039278745651245,
    -0.29028183221817017,
    -0.20395922660827637,
    -0.32984092831611633,
    -0.21935461461544037,
    -0.22361335158348083,
    -0.06712137907743454,
    -0.2619607746601105,
    -0.24691297113895416,
    -0.1510981023311615,
    -0.2657187879085541,
    -0.08783018589019775,
    -0.17409898340702057,
    -0.19071349501609802,
    -0.4882582128047943,
    -0.2634458541870117,
    -0.11228127777576447,
    -0.3206692934036255,
    -0.1663365662097931,
    -0.002249462530016899,
    -0.23844324052333832,
    -0.07099151611328125,
    -0.30169248580932617,
    -0.07970159500837326,
    -0.19719618558883667,
    -0.2804674506187439,
    -0.15532000362873077
  ]
}