{
  "train_loss": [
    2.651649325298287,
    1.9597716177834406,
    1.9191799516566315,
    1.8560185203496475,
    1.8397664448531748,
    1.8105231391616732,
    1.7679486411356786,
    1.7339951163844058,
    1.7205820475126568,
    1.702306394409715,
    1.7121185259512293,
    1.7056027613188092,
    1.6617197939108688,
    1.6571381267887808,
    1.6645085443251315,
    1.6502480804711057,
    1.644199305696097,
    1.6571896041345875,
    1.6495633456581518
  ],
  "val_loss": [
    1.9128297567367554,
    1.9252057075500488,
    1.862776517868042,
    1.8216114044189453,
    1.8674583435058594,
    1.772727131843567,
    1.746099829673767,
    1.6712337732315063,
    1.5888969898223877,
    1.6379179954528809,
    1.732789397239685,
    1.6234599351882935,
    1.62495756149292,
    1.6078234910964966,
    1.6992398500442505,
    1.6836092472076416,
    1.7306382656097412,
    1.7952492237091064,
    1.6180962324142456
  ],
  "best_epoch": 8,
  "status": "ok",
  "grad_norm": [
    2.8546650763791686,
    2.547906459316431,
    2.3952370908559826,
    2.272302953194782,
    2.3531773173357937,
    2.356937589355783,
    2.356529632523228,
    2.3950651849269606,
    2.317999042631277,
    2.4069054976080326,
    2.396566658790479,
    2.325525453375208,
    2.275559656058221,
    2.279996314123031,
    2.268098276672054,
    2.2509615995881296,
    2.187311737127498,
    2.291130881517917,
    2.3566133797990148
  ],
  "beta_std": [
    0.8093429207801819,
    0.7544647455215454,
    0.7543321251869202,
    0.8117932677268982,
    0.8407576680183411,
    0.7763413190841675,
    0.6672623753547668,
    0.7757303714752197,
    0.8452281951904297,
    0.7461060881614685,
    0.5980396866798401,
    0.8292669057846069,
    0.9290304183959961,
    0.8533039689064026,
    0.7262129783630371,
    0.7394893169403076,
    0.8098427057266235,
    0.8708974123001099,
    0.7460786700248718
  ],
  "beta_mean": [
    -0.16128374636173248,
    -0.19514966011047363,
    -0.3498903214931488,
    -0.3409348130226135,
    -0.27048295736312866,
    -0.17874084413051605,
    -0.07474478334188461,
    -0.14908665418624878,
    -0.22979815304279327,
    -0.1848738193511963,
    -0.25881075859069824,
    -0.27838456630706787,
    -0.03882782161235809,
    -0.14864513278007507,
    -0.2456849366426468,
    -0.22784945368766785,
    -0.31485891342163086,
    -0.1466148942708969,
    -0.1223914697766304
  ]
}