{
  "train_loss": [
    2.8209763456924617,
    2.036645723002696,
    1.947046644422743,
    1.89686752068369,
    1.8527480423241331,
    1.816089823399371,
    1.8173207908206517,
    1.7808568463688008,
    1.7556859190979897,
    1.7250172576569673,
    1.732353638041089,
    1.7069470890781335,
    1.7208537378366928,
    1.680990127903676,
    1.644298257716218,
    1.6617182439112523,
    1.6714411782660679,
    1.647285284521984,
    1.6280204343516924,
    1.6444780960138778,
    1.6373616592786466,
    1.6180293055166277,
    1.5971317167449415,
    1.586888060290911,
    1.5704992067604735,
    1.5655746841709517,
    1.5561096696686327,
    1.5602122977184274,
    1.5566564068877906,
    1.5638105753848428,
    1.5126729658193756,
    1.5454646453243948,
    1.5325673278451664,
    1.5229487581699215,
    1.5194176673052604,
    1.4831618756299827,
    1.4952269490281043,
    1.4797392104522527,
    1.460223259619105,
    1.4768233858911615,
    1.4711649748595834,
    1.4931778621673584,
    1.431720627260487,
    1.4333479751899227,
    1.4508766584507904,
    1.4372311921426428,
    1.4469850766031365,
    1.41038127846188,
    1.433116411688732,
    1.405838526452494,
    1.429548981649834,
    1.4451155405156098,
    1.3974294384460002,
    1.4377835880803782,
    1.4189100078114292,
    1.42236208726091,
    1.4195951367261117,
    1.404426771492986,
    1.3911782399952761,
    1.400256147440414,
    1.3861617624829388,
    1.396662509817826,
    1.3808591162252146,
    1.403526918037593,
    1.4036535412386844,
    1.384180739915859,
    1.3692697823953908
  ],
  "val_loss": [
    1.9940439462661743,
    1.7950963973999023,
    1.725897192955017,
    1.7169934511184692,
    1.6291289329528809,
    1.674596905708313,
    1.5637930631637573,
    1.6759320497512817,
    1.617571473121643,
    1.5745116472244263,
    1.5785259008407593,
    1.5574815273284912,
    1.5600868463516235,
    1.5316182374954224,
    1.5943412780761719,
    1.5605393648147583,
    1.5758318901062012,
    1.5552027225494385,
    1.506373643875122,
    1.5039340257644653,
    1.4700927734375,
    1.5872552394866943,
    1.4475183486938477,
    1.4911186695098877,
    1.5184683799743652,
    1.5145196914672852,
    1.4343212842941284,
    1.5019155740737915,
    1.508590817451477,
    1.4576507806777954,
    1.4411215782165527,
    1.4245784282684326,
    1.4418535232543945,
    1.4895603656768799,
    1.433415174484253,
    1.4849556684494019,
    1.3844382762908936,
    1.465887427330017,
    1.4974431991577148,
    1.4512583017349243,
    1.4622883796691895,
    1.4129260778427124,
    1.4007326364517212,
    1.3816620111465454,
    1.481572151184082,
    1.4398099184036255,
    1.375216007232666,
    1.4180811643600464,
    1.4324655532836914,
    1.397109866142273,
    1.4627774953842163,
    1.4263417720794678,
    1.4131203889846802,
    1.387296438217163,
    1.4449433088302612,
    1.3519885540008545,
    1.349703311920166,
    1.4203214645385742,
    1.3749656677246094,
    1.4481170177459717,
    1.406505823135376,
    1.4736377000808716,
    1.423913598060608,
    1.427043080329895,
    1.4496164321899414,
    1.4151488542556763,
    1.376208782196045
  ],
  "best_epoch": 56,
  "status": "ok",
  "grad_norm": [
    2.8145239181206616,
    2.657939601326233,
    2.5125397329636354,
    2.4571831528620307,
    2.484143637382552,
    2.378244446195268,
    2.5025550464426805,
    2.525173870241094,
    2.4428180125856187,
    2.3462241680923013,
    2.4164980193699064,
    2.359454760701242,
    2.4061552317474777,
    2.216509302186747,
    2.304340597910066,
    2.3446329712560114,
    2.341471182667729,
    2.363351156457462,
    2.2819776642426484,
    2.3961355942500013,
    2.3792442743654902,
    2.365876454659705,
    2.3497458783451077,
    2.3059454396399297,
    2.462534673716918,
    2.368948041214265,
    2.318386587789053,
    2.363142227199727,
    2.360511437479637,
    2.4223768716037366,
    2.400873563213709,
    2.319475007879597,
    2.4522556143480707,
    2.3586123228812146,
    2.395306120863992,
    2.297976806713348,
    2.326053132044525,
    2.32042766216903,
    2.3124995109885105,
    2.354718311853325,
    2.392487582128589,
    2.3000833946013333,
    2.232351576258015,
    2.299990203541554,
    2.2898017913386903,
    2.309490422993555,
    2.4000510156525063,
    2.2778059473932926,
    2.2980388589090452,
    2.238929725097476,
    2.3215729888554995,
    2.407447916312509,
    2.319226961770837,
    2.3004460492647425,
    2.3271210726415146,
    2.2826555070240606,
    2.2820115267132115,
    2.2681327868532994,
    2.2486829246461593,
    2.2791455260008053,
    2.2741966542576106,
    2.3010365587318775,
    2.2103646854070877,
    2.280233809440777,
    2.3246624737855,
    2.203909174646878,
    2.321333489416593
  ],
  "beta_std": [
    0.9053663611412048,
    0.7806467413902283,
    0.8242494463920593,
    0.7090358138084412,
    0.786857545375824,
    0.6810041666030884,
    0.728425145149231,
    0.9862360954284668,
    0.8239007592201233,
    0.865122377872467,
    0.8387758731842041,
    0.6297540068626404,
    0.7808375954627991,
    0.8618676066398621,
    0.7702208757400513,
    0.8307433724403381,
    0.8449153900146484,
    0.7713106870651245,
    0.873798668384552,
    0.7674909234046936,
    0.8190872669219971,
    0.802304744720459,
    0.7465468049049377,
    0.8012001514434814,
    0.7466854453086853,
    0.6993522047996521,
    0.7920213937759399,
    0.8293538689613342,
    0.7926408052444458,
    0.8306705355644226,
    0.7938358187675476,
    0.772689938545227,
    0.842708945274353,
    0.8818671107292175,
    0.8262240886688232,
    0.733719527721405,
    0.7108702659606934,
    0.8421076536178589,
    0.8538718819618225,
    0.7736413478851318,
    0.7475777864456177,
    0.8018503785133362,
    0.7195422053337097,
    0.7346829175949097,
    0.89459627866745,
    0.845503568649292,
    0.8137069344520569,
    0.7639608979225159,
    0.7213054895401001,
    0.9394722580909729,
    0.714779794216156,
    0.7823211550712585,
    0.7913144826889038,
    0.861703097820282,
    0.8389543890953064,
    0.716930627822876,
    0.826291561126709,
    0.7548895478248596,
    0.8507135510444641,
    0.7711078524589539,
    0.8456894755363464,
    0.7751296162605286,
    0.7880504727363586,
    0.7021915912628174,
    0.7997399568557739,
    0.8374320864677429,
    0.6779057383537292
  ],