{
  "train_loss": [
    2.5657788491946216,
    1.935209858989158,
    1.8515571685701784,
    1.8396094836407935,
    1.7816805749748186,
    1.7470319520660311,
    1.7186924243391606,
    1.6881513363854928,
    1.6857885786246138,
    1.6620377135137367,
    1.6256891286024573,
    1.6023119270313553,
    1.5954482839260882,
    1.5738198993359394,
    1.5497237869731166,
    1.5340225286093372,
    1.5179625449264258,
    1.538467523563675,
    1.5026776255780494,
    1.4865101617679262,
    1.4819101521564506,
    1.463344895602667,
    1.4711111233806053,
    1.468464636217084,
    1.4779270327718634,
    1.460241040569997,
    1.476689799347816,
    1.4528193049960667,
    1.4239776086807252,
    1.4384871735768012,
    1.4055394760767619,
    1.4342116197786834,
    1.4269824433745,
    1.4279221850389625,
    1.4170576035906697,
    1.4359150169467367,
    1.401216656757377,
    1.4266276138149507,
    1.4146187751892714,
    1.3963724322625768,
    1.4053782889996356,
    1.3749252188833136,
    1.3816882170292368,
    1.3866020371621115,
    1.403081314326727
  ],
  "val_loss": [
    1.5823858976364136,
    1.547778606414795,
    1.459998607635498,
    1.4648411273956299,
    1.4528894424438477,
    1.41461980342865,
    1.4175382852554321,
    1.3980207443237305,
    1.3403736352920532,
    1.4021016359329224,
    1.3091565370559692,
    1.3295726776123047,
    1.3258335590362549,
    1.2857240438461304,
    1.2574710845947266,
    1.3557326793670654,
    1.27939772605896,
    1.3282381296157837,
    1.2428730726242065,
    1.27042818069458,
    1.2525439262390137,
    1.2475306987762451,
    1.237342357635498,
    1.2403664588928223,
    1.2642372846603394,
    1.3030987977981567,
    1.4236544370651245,
    1.2456963062286377,
    1.2374587059020996,
    1.293344259262085,
    1.2259817123413086,
    1.19044828414917,
    1.2479407787322998,
    1.2825449705123901,
    1.1697880029678345,
    1.181158185005188,
    1.433816909790039,
    1.202349066734314,
    1.2081975936889648,
    1.1783164739608765,
    1.2019270658493042,
    1.1767911911010742,
    1.2184529304504395,
    1.2958928346633911,
    1.2472867965698242
  ],
  "best_epoch": 34,
  "status": "ok",
  "grad_norm": [
    2.8439497429402825,
    2.542678404661572,
    2.300696809230058,
    2.4079942118495117,
    2.3561021753048084,
    2.3778375797140483,
    2.3404822776213514,
    2.3218734018841465,
    2.2315336020668832,
    2.2621579393694593,
    2.302862133718165,
    2.2965220171810055,
    2.4079852114208666,
    2.336347836073794,
    2.2618532454018787,
    2.406154930511277,
    2.2658471136649285,
    2.4430830302671587,
    2.379812449039739,
    2.296699670550207,
    2.270673982608531,
    2.305325022652368,
    2.2394053448766464,
    2.3708794351631606,
    2.3655464594114304,
    2.2817644071704355,
    2.370161433713692,
    2.3015837135259103,
    2.272582362310799,
    2.402462265058303,
    2.2088407825779806,
    2.2821814208070963,
    2.3713202568782172,
    2.226483211441986,
    2.313858277948283,
    2.354091130244649,
    2.3467516204428223,
    2.287747733407726,
    2.2908090141411352,
    2.2459569246071185,
    2.4018401333184434,
    2.3090219750710252,
    2.2999837576397746,
    2.318185153416526,
    2.35306438191211
  ],
  "beta_std": [
    0.8146430850028992,
    0.7803463339805603,
    0.7317259907722473,
    0.6657116413116455,
    0.776197612285614,
    0.8653537631034851,
    0.6498726010322571,
    0.6700026988983154,
    0.7521480321884155,
    0.8563587665557861,
    0.7766273617744446,
    0.8418869376182556,
    0.7033122181892395,
    0.6528292894363403,
    0.6858490109443665,
    0.6653092503547668,
    0.7699034810066223,
    0.7109631896018982,
    0.7742926478385925,
    0.7324886918067932,
    0.8726193308830261,
    0.7409829497337341,
    0.7549237012863159,
    0.7939047813415527,
    0.7679920792579651,
    0.7482879757881165,
    0.6273531317710876,
    0.7838891744613647,
    0.7526665329933167,
    0.83930903673172,
    0.8079104423522949,
    0.7948942184448242,
    0.8112868666648865,
    0.6969856023788452,
    0.7862728834152222,
    0.7974882125854492,
    0.7462064027786255,
    0.7451047897338867,
    0.7203383445739746,
    0.7896151542663574,
    0.662054717540741,
    0.826267421245575,
    0.8777244687080383,
    0.7833637595176697,
    0.6878848075866699
  ],
  "beta_mean": [
    -0.2775394022464752,
    -0.03004017472267151,
    -0.33182844519615173,
    -0.11846345663070679,
    -0.21430331468582153,
    -0.03784111887216568,
    -0.4011482894420624,
    -0.35715869069099426,
    -0.04116949811577797,
    -0.3585715591907501,
    -0.17115344107151031,
    -0.06271553784608841,
    -0.019554458558559418,
    -0.153638556599617,
    -0.20732355117797852,
    -0.11170143634080887,
    -0.1011526808142662,
    -0.20716115832328796,
    -0.3352631628513336,
    -0.10460598766803741,
    -0.20091935992240906,
    -0.2637193202972412,
    -0.2120552808046341,
    -0.3830372095108032,
    0.09670843183994293,
    -0.34598034620285034,
    -0.3803313970565796,
    -0.16410452127456665,
    -0.25685110688209534,
    -0.2799683213233948,
    -0.0848541259765625,
    -0.21258936822414398,
    -0.3250105381011963,
    -0.24479959905147552,
    -0.1414642333984375,
    -0.20783545076847076,
    -0.43579837679862976,
    -0.18569815158843994,
    -0.17438820004463196,
    -0.16173416376113892,
    -0.18242938816547394,
    -0.04206404834985733,
    -0.2235487550497055,
    -0.25665992498397827,
    -0.25503233075141907
  ]
}