{
  "train_loss": [
    2.473398447315595,
    1.91037423513089,
    1.8945451405452707,
    1.8357746761723568,
    1.7917189686758477,
    1.755204681597258,
    1.7662095207080506,
    1.7165253343359073,
    1.7106981046018546,
    1.6769047279804075,
    1.6443010867269416,
    1.6566377849188465,
    1.627743310036018,
    1.6505750678436102,
    1.6406640725107917,
    1.5908855498185632,
    1.623097249945702,
    1.6128668538868776,
    1.5439512406455147,
    1.5569620224467495,
    1.5345908433512638,
    1.5148948100296378,
    1.483132238694799,
    1.4986978975931804,
    1.5177381410933377,
    1.504256746253075,
    1.4753494337427686,
    1.4793419067204348,
    1.4728737403914245,
    1.4512293867479291,
    1.4658945189581978,
    1.4635555556782505,
    1.4385114154759904,
    1.459327571043494,
    1.4428217520072446,
    1.4503575779541193,
    1.454913191126104,
    1.4379233036543193,
    1.4157341873715497,
    1.4103370310270298,
    1.410008622749507,
    1.4012126533050984,
    1.3909528231481363,
    1.4002435443275854,
    1.3883890985745435,
    1.4221921081431428,
    1.4126451145696362,
    1.385540245792322,
    1.3917732126949824,
    1.3694578583477532,
    1.371868174759268,
    1.3924320736266018,
    1.3966601070604827
  ],
  "val_loss": [
    1.8855010271072388,
    1.8329448699951172,
    1.8300747871398926,
    1.6474162340164185,
    1.6148463487625122,
    1.5555509328842163,
    1.5400846004486084,
    1.534058690071106,
    1.8222832679748535,
    1.5147753953933716,
    1.4850358963012695,
    1.4833649396896362,
    1.477627158164978,
    1.4809430837631226,
    1.439577579498291,
    1.4105209112167358,
    1.4396127462387085,
    1.5230978727340698,
    1.4454843997955322,
    1.4118319749832153,
    1.4348514080047607,
    1.4124164581298828,
    1.3859788179397583,
    1.423054814338684,
    1.4127075672149658,
    1.4158008098602295,
    1.3742845058441162,
    1.414176106452942,
    1.389648675918579,
    1.4102579355239868,
    1.3833972215652466,
    1.4140993356704712,
    1.3611133098602295,
    1.3487310409545898,
    1.3643237352371216,
    1.385919213294983,
    1.3624826669692993,
    1.4675856828689575,
    1.3411797285079956,
    1.4380016326904297,
    1.4105024337768555,
    1.4043244123458862,
    1.3329139947891235,
    1.3946022987365723,
    1.3422333002090454,
    1.3636881113052368,
    1.3848927021026611,
    1.3519059419631958,
    1.3655481338500977,
    1.4261972904205322,
    1.345584511756897,
    1.406502366065979,
    1.3404191732406616
  ],
  "best_epoch": 42,
  "status": "ok",
  "grad_norm": [
    2.862889610123844,
    2.513252656716838,
    2.517948022026688,
    2.3146030264591637,
    2.289518455411018,
    2.388394641429798,
    2.5590293290765276,
    2.4031280833842668,
    2.3909765777917924,
    2.3573890090536045,
    2.33677351174636,
    2.3458620946038633,
    2.3177132183832776,
    2.498551636660749,
    2.4381841430820566,
    2.355865860417615,
    2.5086780890799636,
    2.5513403233161593,
    2.384157072389707,
    2.478202636896336,
    2.386841497314061,
    2.4226030290760874,
    2.367868930987368,
    2.4073455017712164,
    2.394921913998073,
    2.500590224902744,
    2.45533711028179,
    2.49953301257592,
    2.4316911908496217,
    2.405657782292039,
    2.4140834354289997,
    2.4532611987579966,
    2.470152325515859,
    2.4171864565338566,
    2.3617289523230056,
    2.3870455370532,
    2.334678178819379,
    2.4297134607125437,
    2.310421408813277,
    2.3057309742248586,
    2.36217399315097,
    2.3177355172190865,
    2.2876571440139024,
    2.393826908753843,
    2.3112041253216558,
    2.387411178771224,
    2.441584427914367,
    2.3460006596008918,
    2.3592153884541034,
    2.2239932494704724,
    2.3350614822229536,
    2.400156995038574,
    2.4970595931883026
  ],
  "beta_std": [
    0.7609681487083435,
    0.9960497617721558,
    0.8195656538009644,
    0.7805225253105164,
    0.8507347702980042,
    0.6893303394317627,
    0.7084688544273376,
    0.8174120187759399,
    1.0025173425674438,
    0.7948311567306519,
    0.8407184481620789,
    0.8476065397262573,
    0.7306510210037231,
    0.8528730273246765,
    0.8095449209213257,
    0.7884872555732727,
    0.7417399287223816,
    0.6986151337623596,
    0.7492128610610962,
    0.7610716819763184,
    0.8277560472488403,
    0.7596745491027832,
    0.9302668571472168,
    0.8144451379776001,
    0.7461939454078674,
    0.8128543496131897,
    0.7512433528900146,
    0.8289826512336731,
    0.6554500460624695,
    0.8636617660522461,
    0.8146352767944336,
    0.8197532892227173,
    0.8233346343040466,
    0.7284562587738037,
    0.7593145966529846,
    0.9528000354766846,
    0.8330338597297668,
    0.7035791277885437,
    0.9103592038154602,
    0.8201606273651123,
    0.7691195607185364,
    0.8704224228858948,
    0.7395464181900024,
    0.771143913269043,
    0.8285555243492126,
    0.8452231884002686,
    0.7146800756454468,
    0.7859999537467957,
    0.7087736129760742,
    0.9571768045425415,
    0.8639897704124451,
    0.8764582276344299,
    0.8592265844345093
  ],
  "beta_mean": [
    -0.41197580099105835,
    -0.1691882610321045,
    -0.11217481642961502,
    -0.016977962106466293,
    -0.10191614925861359,
    -0.10529298335313797,
    -0.15500453114509583,
    -0.053296856582164764,
    -0.2481055110692978,
    -0.17792204022407532,
    -0.13817358016967773,
    -0.07962415367364883,
    -0.1632724106311798,
    -0.18227997422218323,
    -0.24949876964092255,
    -0.17947830259799957,
    -0.15576425194740295,
    -0.33396291732788086,
    -0.10031182318925858,
    -0.14339062571525574,
    -0.20542879402637482,
    -0.2853580415248871,
    -0.13076527416706085,
    -0.14501899480819702,
    -0.03725016862154007,
    -0.20296135544776917,
    -0.33049628138542175,
    -0.1779514104127884,
    -0.11366758495569229,
    -0.13214202225208282,
    -0.14313480257987976,
    -0.1265183389186859,
    0.010584414005279541,
    -0.19106242060661316,
    0.028515705838799477,
    -0.1063082292675972,
    -0.09091255813837051,
    -0.406779944896698,
    -0.014092279598116875,
    -0.03356055170297623,
    -0.21508952975273132,
    -0.020496705546975136,
    0.015395598486065865,
    -0.26268014311790466,
    -0.056876908987760544,
    0.008673048578202724,
    -0.14967679977416992,
    -0.06762491166591644,
    -0.11325070261955261,
    -0.12174239009618759,
    -0.15832079946994781,
    -0.11007063090801239,
    -0.13141483068466187
  ]
}