{
  "train_loss": [
    2.622530877576237,
    1.9399927845335843,
    1.9238173649046155,
    1.8656133344996044,
    1.8530756633323535,
    1.8126869733570612,
    1.738555526008383,
    1.7468934502517968,
    1.708951511940761,
    1.6678142241985476,
    1.683792882718538,
    1.661137904005441,
    1.6544976969769127,
    1.6525090628339534,
    1.6176360918346204,
    1.6025951147079467,
    1.626090533552114,
    1.6238760681598507,
    1.6237747542063394,
    1.5788190918916847,
    1.592684296976056,
    1.551077403938561,
    1.528985978399801,
    1.5486616747281705,
    1.5342403295862745,
    1.5342960681134497,
    1.520336374148988,
    1.4891999475300661,
    1.5002627756999947,
    1.48242373505531,
    1.4901012204265036,
    1.4679408685784592,
    1.460077220794053,
    1.4777508853332342,
    1.493104888960632,
    1.4558128985745167,
    1.4803205005467286,
    1.4430293761638173,
    1.4497301180599727,
    1.4174983471597147,
    1.4328564673975894,
    1.4024363903971444,
    1.4062572514104563,
    1.4172849369327924,
    1.4246848791245132,
    1.4215279033727812,
    1.4202833840163827,
    1.429391080705743,
    1.4099404361791779,
    1.402339793813159,
    1.39948572487859,
    1.3821311949010482,
    1.390715983234651,
    1.3811863569348877,
    1.3823345721953098,
    1.3833827994999133,
    1.3869895418903284,
    1.401346336359169,
    1.3936734405316804,
    1.3898582359503584,
    1.368690922525194,
    1.395513559893558
  ],
  "val_loss": [
    1.7770193815231323,
    1.8269528150558472,
    1.798032283782959,
    1.7218055725097656,
    1.6291776895523071,
    1.5725902318954468,
    1.5897624492645264,
    1.6411913633346558,
    1.4784303903579712,
    1.5182859897613525,
    1.4923967123031616,
    1.4519933462142944,
    1.5244868993759155,
    1.4778047800064087,
    1.4289015531539917,
    1.4142835140228271,
    1.405221700668335,
    1.4047361612319946,
    1.4476616382598877,
    1.4199711084365845,
    1.3772505521774292,
    1.3315497636795044,
    1.297689437866211,
    1.3127092123031616,
    1.3158081769943237,
    1.2998653650283813,
    1.447409749031067,
    1.3004508018493652,
    1.281023383140564,
    1.3420274257659912,
    1.2825894355773926,
    1.3623625040054321,
    1.3271095752716064,
    1.3330274820327759,
    1.2828705310821533,
    1.2537370920181274,
    1.2807984352111816,
    1.238491177558899,
    1.259255290031433,
    1.2491447925567627,
    1.253698706626892,
    1.2288867235183716,
    1.3165478706359863,
    1.336946725845337,
    1.3491986989974976,
    1.234761118888855,
    1.2290091514587402,
    1.2865384817123413,
    1.2196893692016602,
    1.2493478059768677,
    1.2427809238433838,
    1.2158249616622925,
    1.2537484169006348,
    1.2547794580459595,
    1.3261595964431763,
    1.2369848489761353,
    1.3285447359085083,
    1.2553322315216064,
    1.2407780885696411,
    1.2352466583251953,
    1.24680757522583,
    1.240347146987915
  ],
  "best_epoch": 51,
  "status": "ok",
  "grad_norm": [
    2.6821002396449503,
    2.5304057666224247,
    2.4559265108370445,
    2.3333690555759374,
    2.3174672739849638,
    2.3687763292741173,
    2.2269504756670795,
    2.267266250864908,
    2.263464277362325,
    2.2519499611067935,
    2.3117512241074545,
    2.2736733533525406,
    2.3263281952682906,
    2.2798710439197314,
    2.289585394335202,
    2.2811990253027896,
    2.254016425685791,
    2.2380299417824845,
    2.3253565257769555,
    2.209449685968075,
    2.3412327874019265,
    2.32104348656032,
    2.2120296355932605,
    2.2638421968112334,
    2.287571814643554,
    2.2947856010559264,
    2.3518799811980293,
    2.226949849138321,
    2.2916954920650667,
    2.291967265035519,
    2.208199820416823,
    2.2888493669059544,
    2.248254740988041,
    2.2983608209657835,
    2.330341754423287,
    2.306527775643582,
    2.3127339811771934,
    2.249520683668525,
    2.378159375686114,
    2.20196338833147,
    2.2712381796282104,
    2.250734778352214,
    2.264621862751437,
    2.2608551708831346,
    2.2980618751288895,
    2.3116444744507896,
    2.3057057229138254,
    2.277108994461263,
    2.322341300239248,
    2.243314282382258,
    2.281262662233631,
    2.2655765664437078,
    2.2502271183909186,
    2.3077061154054896,
    2.2252984194176437,
    2.249328815005681,
    2.232500217994042,
    2.3434850928473945,
    2.3393370999384264,
    2.247414774205873,
    2.2546078205385487,
    2.29002406470612
  ],
  "beta_std": [
    0.7646238803863525,
    0.8372145891189575,
    0.7313458323478699,
    0.6168338060379028,
    0.859637439250946,
    0.6639161109924316,
    0.7611114978790283,
    0.7707618474960327,
    0.8794186115264893,
    0.7902439832687378,
    0.7966028451919556,
    0.7540478706359863,
    0.7182570695877075,
    0.7546618580818176,
    0.7316173315048218,
    0.6948113441467285,
    0.7367771863937378,
    0.8068512678146362,
    0.6561922430992126,
    0.9252952337265015,
    0.6617113351821899,
    0.7778178453445435,
    0.7404333353042603,
    0.8922713994979858,
    0.7878513932228088,
    0.8091223835945129,
    0.9951603412628174,
    0.8325965404510498,
    0.7798304557800293,
    0.7093444466590881,
    0.7224431037902832,
    0.7398452758789062,
    0.7437532544136047,
    0.6794759631156921,
    0.7573380470275879,
    0.7258480191230774,
    0.702254056930542,
    0.7191593647003174,
    0.6459884643554688,
    0.721057653427124,
    0.731995165348053,
    0.7178881764411926,
    0.6704000234603882,
    0.7324130535125732,
    0.7879703044891357,
    0.8239399194717407,
    0.7724121809005737,
    0.8763582706451416,
    0.7426313757896423,
    0.8656327128410339,
    0.8524857759475708,
    0.700385570526123,
    0.8410264253616333,
    0.9033457040786743,
    0.8512939214706421,
    0.7843348383903503,
    0.7284518480300903,
    0.7756077647209167,
    0.80206298828125,
    0.7884383201599121,
    0.7829068303108215,
    0.7523684501647949
  ],
  "beta_mean": [
    -0.11049161851406097,
    -0.15431806445121765,
    -0.3611637055873871,
    -0.1508304625749588,
    -0.2283996045589447,
    -0.01782945916056633,
    -0.18617409467697144,
    -0.2763778269290924,
    -0.38548970222473145,
    -0.2963806092739105,
    -0.11513486504554749,
    -0.03030288964509964,
    -0.1952822357416153,
    -0.23662102222442627,
    -0.09909020364284515,
    -0.21439778804779053,
    -0.06167145445942879,
    -0.2433246523141861,
    -0.21782636642456055,
    -0.24875608086585999,
    -0.033525992184877396,
    -0.16543065011501312,
    -0.18635915219783783,
    -0.15920212864875793,
    -0.13074202835559845,
    -0.23206469416618347,
    -0.4011107385158539,
    -0.31787070631980896,
    -0.343136727809906,
    -0.3749205768108368,
    -0.10912887006998062,
    -0.35102128982543945,
    -0.2245514690876007,
    -0.30179697275161743,
    -0.2921559512615204,
    0.0011970469495281577,
    -0.35393619537353516,
    0.05613204836845398,
    -0.20064231753349304,
    -0.017617881298065186,
    -0.04279963672161102,
    -0.20200297236442566,
    -0.25714850425720215,
    -0.10193410515785217,
    -0.06784632056951523,
    -0.12766136229038239,
    -0.2326611578464508,
    -0.3542657196521759,
    -0.06243628263473511,
    -0.19052651524543762,
    -0.15188314020633698,
    -0.27432534098625183,
    -0.1308584362268448,
    -0.07652591168880463,
    -0.3833436071872711,
    -0.17194148898124695,
    -0.34176909923553467,
    -0.23999351263046265,
    -0.30959248542785645,
    -0.10818231850862503,
    -0.16407808661460876,
    -0.18671976029872894
  ]
}