{
  "train_loss": [
    2.594734213756539,
    1.9647348523558232,
    1.8756955157385933,
    1.870457697583918,
    1.8204874339298895,
    1.7785545138308876,
    1.7479455334680123,
    1.7340297303841128,
    1.6944771404154817,
    1.6880288944467468,
    1.6572042701397722,
    1.6511650225711845,
    1.629572635951795,
    1.6294985052298383,
    1.6337844023230481,
    1.5943740860899986,
    1.6279958017806562,
    1.6035217450515569,
    1.6144283823939094,
    1.60086328737917,
    1.6265753078181842,
    1.6028278091497588,
    1.5965659845084474,
    1.5688118320598936,
    1.5784544635795013,
    1.6055629029469183,
    1.5784626552793715,
    1.5828806709267242,
    1.5761754367226049,
    1.5371980713682565,
    1.5112862982666284,
    1.5326358364897166,
    1.4848839303066856,
    1.482157422199584,
    1.4611102976715356,
    1.4522047159128022,
    1.4365203268486157,
    1.4391764695463125,
    1.419978852829738,
    1.408633340032477,
    1.3936591354727048,
    1.4016360294330887,
    1.391174752921389,
    1.377662347938582,
    1.3811755731649566,
    1.369182659561871,
    1.3980049757929573,
    1.3875096633420354,
    1.3961711597442628,
    1.3851485383719728,
    1.4154872078923455,
    1.3690605361280386,
    1.3860651751568442,
    1.362826651048939,
    1.4049565595771834,
    1.3722424577411851
  ],
  "val_loss": [
    1.6811882257461548,
    1.5929555892944336,
    1.5864819288253784,
    1.6398247480392456,
    1.577569603919983,
    1.5506709814071655,
    1.5833925008773804,
    1.4999345541000366,
    1.5684876441955566,
    1.4764364957809448,
    1.5245763063430786,
    1.436531662940979,
    1.518328070640564,
    1.5042442083358765,
    1.4878857135772705,
    1.4434654712677002,
    1.4653074741363525,
    1.479647159576416,
    1.501912236213684,
    1.4763437509536743,
    1.4271600246429443,
    1.5085080862045288,
    1.4235098361968994,
    1.4065401554107666,
    1.4115206003189087,
    1.4360482692718506,
    1.44398033618927,
    1.501928687095642,
    1.5509129762649536,
    1.4156293869018555,
    1.38051438331604,
    1.3541815280914307,
    1.3569401502609253,
    1.3370814323425293,
    1.2855597734451294,
    1.303887128829956,
    1.270533800125122,
    1.2811710834503174,
    1.3101530075073242,
    1.2556843757629395,
    1.2368613481521606,
    1.290579080581665,
    1.2333170175552368,
    1.2854620218276978,
    1.2708706855773926,
    1.199568748474121,
    1.2739146947860718,
    1.2511701583862305,
    1.3325836658477783,
    1.2631051540374756,
    1.333146333694458,
    1.2071236371994019,
    1.2275726795196533,
    1.2592262029647827,
    1.335229516029358,
    1.2690556049346924
  ],
  "best_epoch": 45,
  "status": "ok",
  "grad_norm": [
    2.793978929540017,
    2.5461546019023724,
    2.424532761793458,
    2.5405960880069123,
    2.3612174909172063,
    2.390748105010816,
    2.349098637740153,
    2.484101213228539,
    2.4930135249606713,
    2.2990235719139624,
    2.2318197489603775,
    2.2623556358132424,
    2.2220928108437787,
    2.340351339958559,
    2.2609996053763792,
    2.2353914622920237,
    2.2984193881931883,
    2.2225175270025894,
    2.291210457074365,
    2.257950001350882,
    2.258992013742399,
    2.239209699982998,
    2.250060025381537,
    2.2233048602411127,
    2.2262120407752546,
    2.3125462617215837,
    2.233399225810605,
    2.2211018612669875,
    2.296030600353162,
    2.268456454854696,
    2.2237841648376766,
    2.250215099779487,
    2.2113604355097602,
    2.3402137823527758,
    2.3901962333465008,
    2.2618573456328246,
    2.3626695624587337,
    2.3357634314128495,
    2.37239185777423,
    2.370264463815275,
    2.4217428851910596,
    2.370532965666363,
    2.274155078407819,
    2.294442375244183,
    2.3344644100608183,
    2.228703360606362,
    2.4291616180175053,
    2.196341110403639,
    2.3390658799788877,
    2.2273509787955996,
    2.354859864435461,
    2.3182465551029483,
    2.353861201118759,
    2.332300549641273,
    2.4555761439456427,
    2.3196798918353267
  ],
  "beta_std": [
    0.7166213393211365,
    0.8122381567955017,
    0.6774065494537354,
    0.6689738631248474,
    0.6431337594985962,
    0.6493769884109497,
    0.6889311671257019,
    0.7418109774589539,
    0.7732952833175659,
    0.8523300290107727,
    0.6895586848258972,
    0.7255060076713562,
    0.7073519229888916,
    0.7773595452308655,
    0.8998562097549438,
    0.8379635214805603,
    0.6282405853271484,
    0.9758554100990295,
    0.702488124370575,
    0.6781832575798035,
    0.6924811601638794,
    0.864759624004364,
    0.7471272945404053,
    0.7545797824859619,
    0.9029837846755981,
    0.7147186994552612,
    0.6262021064758301,
    0.7476840019226074,
    0.8482359647750854,
    0.6986537575721741,
    0.7506595849990845,
    0.7436773180961609,
    0.6217641830444336,
    0.7687584757804871,
    0.7362906336784363,
    0.7826472520828247,
    0.741670548915863,
    0.7756909728050232,
    0.6870936751365662,
    0.7058306932449341,
    0.767185389995575,
    0.7987887859344482,
    0.8556957244873047,
    0.7612497806549072,
    0.8363527059555054,
    0.8453810214996338,
    0.6948343515396118,
    0.7611995339393616,
    0.7468526363372803,
    0.7633694410324097,
    0.871155858039856,
    0.855765700340271,
    0.7492753267288208,
    0.8257328867912292,
    0.8101384043693542,
    0.7390499711036682
  ],
  "beta_mean": [
    -0.11641103774309158,
    -0.23483800888061523,
    -0.06568080931901932,
    -0.14379137754440308,
    -0.27281686663627625,
    -0.27117109298706055,
    -0.33917924761772156,
    -0.17643670737743378,
    -0.23365776240825653,
    -0.11084821820259094,
    -0.18067622184753418,
    -0.10446948558092117,
    0.031122075393795967,
    -0.19968295097351074,
    -0.3257153630256653,
    -0.013833891600370407,
    -0.10521432012319565,
    -0.23342853784561157,
    -0.27995461225509644,
    -0.12586118280887604,
    -0.0963716059923172,
    -0.053196266293525696,
    -0.06661031395196915,
    -0.2933458387851715,
    -0.042746566236019135,
    -0.22180703282356262,
    -0.20104138553142548,
    -0.24173423647880554,
    -0.2237403839826584,
    -0.19644132256507874,
    -0.1147524043917656,
    -0.034584712237119675,
    -0.03265651687979698,
    -0.2125331461429596,
    -0.2573952078819275,
    0.04902365803718567,
    -0.12297067791223526,
    -0.28707802295684814,
    -0.3014841377735138,
    -0.21886280179023743,
    -0.1670713573694229,
    -0.09790562838315964,
    -0.2777414619922638,
    -0.176537424325943,
    -0.3108975291252136,
    -0.1545882225036621,
    -0.1867092400789261,
    -0.21405921876430511,
    -0.1435837298631668,
    -0.04731554165482521,
    -0.32576510310173035,
    -0.06285670399665833,
    -0.1700499802827835,
    -0.10667526721954346,
    -0.25542739033699036,
    -0.28752973675727844
  ]
}