{
  "train_loss": [
    2.5628867817761605,
    1.9115470001153778,
    1.8621368774057132,
    1.8537126223803961,
    1.8141821831708762,
    1.7899219617509006,
    1.724460920534636,
    1.7288699330223931,
    1.6738499801758437,
    1.6681164238745707,
    1.6960994188966807,
    1.6513710969791078,
    1.6251079425755997,
    1.5776494832345618,
    1.5657129078022918,
    1.5225528864274944,
    1.4992884629790546,
    1.5096378548103466,
    1.4937829208652875,
    1.4698434410318297,
    1.4689691488366379,
    1.4751112963860495,
    1.4640033898437232,
    1.4591934228919403,
    1.4674500889527171,
    1.4315067134544863,
    1.449972765278398,
    1.4349510088301543,
    1.4315706283725493,
    1.433733811908298,
    1.4272470335374798,
    1.419189319136547,
    1.4080474608125741
  ],
  "val_loss": [
    2.048651695251465,
    1.9021875858306885,
    1.8876523971557617,
    1.850210428237915,
    1.8957997560501099,
    1.8976162672042847,
    1.7779006958007812,
    1.7550036907196045,
    1.744907021522522,
    1.6734423637390137,
    1.7490187883377075,
    1.703165054321289,
    1.6412103176116943,
    1.6353117227554321,
    1.6345443725585938,
    1.5405853986740112,
    1.5915889739990234,
    1.5846068859100342,
    1.464443325996399,
    1.5379900932312012,
    1.535372018814087,
    1.612606406211853,
    1.4598368406295776,
    1.549737811088562,
    1.4813461303710938,
    1.5196741819381714,
    1.468850016593933,
    1.5798730850219727,
    1.5026142597198486,
    1.5200858116149902,
    1.5470261573791504,
    1.5319809913635254,
    1.524454116821289
  ],
  "best_epoch": 22,
  "status": "ok",
  "grad_norm": [
    2.7443935403780015,
    2.4116699598491627,
    2.354750301691123,
    2.38630523793968,
    2.23772323125853,
    2.2212386343193846,
    2.3200146743119983,
    2.3925302080300073,
    2.225389095802433,
    2.240951193627694,
    2.40873102908749,
    2.35786017566026,
    2.2990000764457523,
    2.2626874160652672,
    2.33817898783433,
    2.4219413536269876,
    2.3099681932567084,
    2.3005093428580268,
    2.3554101782504144,
    2.311558925476023,
    2.344909100761712,
    2.432441657983894,
    2.280931876893388,
    2.38335670333192,
    2.4198682573547114,
    2.312136706184773,
    2.317987327633609,
    2.3257478401885443,
    2.3565580302897384,
    2.308114612492632,
    2.3837624627355005,
    2.3019890095505526,
    2.2309530069550982
  ],
  "beta_std": [
    0.8969771265983582,
    0.8207514882087708,
    0.9895485043525696,
    0.8603136539459229,
    0.7511798143386841,
    0.7665311694145203,
    0.8131985068321228,
    0.9138314127922058,
    0.8016464710235596,
    0.8490614891052246,
    0.7871943712234497,
    0.8108934164047241,
    0.7162113785743713,
    0.9727029204368591,
    0.8546105027198792,
    0.8547697067260742,
    0.7955626845359802,
    0.8945056796073914,
    0.7943979501724243,
    0.8055770397186279,
    0.9112304449081421,
    0.850737452507019,
    0.8468522429466248,
    0.9143224358558655,
    0.875665009021759,
    0.8439517021179199,
    0.8161088824272156,
    0.8584483861923218,
    0.7427074909210205,
    0.8781328201293945,
    0.8371793627738953,
    0.8431755900382996,
    0.9288098812103271
  ],
  "beta_mean": [
    -0.11910810321569443,
    -0.4065541625022888,
    -0.2210433930158615,
    -0.4003826379776001,
    -0.2746492028236389,
    -0.2610892057418823,
    -0.3567882478237152,
    -0.3549937903881073,
    -0.01216193288564682,
    -0.28488487005233765,
    -0.17826637625694275,
    -0.23974569141864777,
    -0.2820868194103241,
    -0.279062956571579,
    -0.1807398945093155,
    -0.244195818901062,
    -0.1271716058254242,
    -0.2828539311885834,
    -0.4571239948272705,
    -0.22231023013591766,
    -0.12412603199481964,
    -0.3376785218715668,
    -0.15200839936733246,
    -0.12384088337421417,
    -0.21577273309230804,
    -0.3685283958911896,
    -0.17931172251701355,
    -0.22375254333019257,
    -0.22437743842601776,
    -0.05040745809674263,
    -0.10765117406845093,
    -0.0745273232460022,
    -0.1264653205871582
  ]
}