{
  "train_loss": [
    2.5604611999667877,
    1.957725208711903,
    1.9056161009080228,
    1.898433209246362,
    1.8253851364927682,
    1.7828248772147106,
    1.7716625790846976,
    1.7389424369209692,
    1.7235380492294043,
    1.6936576234248646,
    1.7097146729419106,
    1.689962380838673,
    1.6612516639386004,
    1.6203355048274437,
    1.6346136607900699,
    1.6048476211369387,
    1.6110637848558482,
    1.5978450855177049,
    1.5873803942384777,
    1.5444382501345628,
    1.5457189995503564,
    1.5304574050122535,
    1.5528074300498294,
    1.517646947381092,
    1.5061898222304226,
    1.501379974432159,
    1.4598730693504824,
    1.484162368384021,
    1.4489300829904121,
    1.4486489124186555,
    1.477570951194094,
    1.4267163398530749,
    1.3995842358382822,
    1.4342076264487373,
    1.4390499443756906,
    1.3996222668084486,
    1.4091882632629216,
    1.4465550551498145,
    1.387013596010487,
    1.3855210126213162,
    1.3959061026712607,
    1.411302334857963,
    1.3989790591022424,
    1.3513946317929273,
    1.3850239709106802,
    1.3866538933982626,
    1.3999133117296543,
    1.3720745625691106,
    1.3781526889299092,
    1.3525631662558393,
    1.3597152031513682,
    1.3550873340919003,
    1.3539312015778837
  ],
  "val_loss": [
    1.7970079183578491,
    1.943994164466858,
    1.8433058261871338,
    1.8097102642059326,
    1.8789373636245728,
    1.78727126121521,
    1.6920615434646606,
    1.6534332036972046,
    1.6435561180114746,
    1.616277813911438,
    1.609159231185913,
    1.5873972177505493,
    1.608199954032898,
    1.6215622425079346,
    1.5951085090637207,
    1.6025123596191406,
    1.511050820350647,
    1.5732920169830322,
    1.4560186862945557,
    1.4326802492141724,
    1.499072551727295,
    1.4570095539093018,
    1.4681329727172852,
    1.4953842163085938,
    1.4547615051269531,
    1.4223666191101074,
    1.431273102760315,
    1.412636160850525,
    1.4237287044525146,
    1.4292213916778564,
    1.3943384885787964,
    1.4012656211853027,
    1.3510545492172241,
    1.403547763824463,
    1.3308254480361938,
    1.3720515966415405,
    1.3792446851730347,
    1.3535687923431396,
    1.347936749458313,
    1.4341832399368286,
    1.374289631843567,
    1.3747518062591553,
    1.3063058853149414,
    1.3502599000930786,
    1.3106591701507568,
    1.3532932996749878,
    1.3913646936416626,
    1.3406684398651123,
    1.3476099967956543,
    1.335886001586914,
    1.3862768411636353,
    1.375775933265686,
    1.3635108470916748
  ],
  "best_epoch": 42,
  "status": "ok",
  "grad_norm": [
    2.7543034297351023,
    2.550370452092649,
    2.37821525167866,
    2.3922332534630364,
    2.250980807895354,
    2.3923298144464105,
    2.3788990366611995,
    2.3797940515214493,
    2.3081185559785733,
    2.3048505481520474,
    2.364094383791482,
    2.339070489410125,
    2.260772664413769,
    2.210400513443806,
    2.3730423111877244,
    2.182807598723983,
    2.259793631956671,
    2.2730808474133526,
    2.2533580983255295,
    2.3010732111687346,
    2.289516832759342,
    2.2945786088490268,
    2.356384219967671,
    2.260487574998929,
    2.2949750891025524,
    2.255296605298838,
    2.2246334607048466,
    2.2772069922034657,
    2.2961916536167792,
    2.322363890076021,
    2.399756792155906,
    2.259886040449199,
    2.2353805366740036,
    2.273051941773254,
    2.307350433864089,
    2.1991217117310855,
    2.236102155106613,
    2.3056546381762786,
    2.2071859073114224,
    2.2821740426475543,
    2.327642044729475,
    2.317453209366514,
    2.320650644308061,
    2.2054303040735532,
    2.264229332041949,
    2.272138070264484,
    2.3362121059432326,
    2.2041006002759613,
    2.188171869127977,
    2.211349319652537,
    2.297845574494498,
    2.219762197130195,
    2.282044194779303
  ],
  "beta_std": [
    0.7522625923156738,
    0.76029372215271,
    0.563194215297699,
    0.8165719509124756,
    0.6560993790626526,
    0.5610053539276123,
    0.5751385688781738,
    0.7522065043449402,
    0.6828665137290955,
    0.6627781987190247,
    0.7203313708305359,
    0.7978217005729675,
    0.6683115363121033,
    0.8027779459953308,
    0.9733251333236694,
    0.6796861290931702,
    0.836976945400238,
    0.6226810216903687,
    0.811340868473053,
    0.8258519172668457,
    0.7518762350082397,
    0.7550636529922485,
    0.8716250061988831,
    0.8300012350082397,
    0.814064621925354,
    0.7965569496154785,
    0.6774424910545349,
    0.7144148945808411,
    0.8388867378234863,
    0.8278315663337708,
    0.8405467867851257,
    0.8935032486915588,
    0.680862307548523,
    0.923771858215332,
    0.8326736092567444,
    0.8620564341545105,
    0.7198216319084167,
    0.7657539248466492,
    0.8959351778030396,
    0.7738455533981323,
    0.763290286064148,
    0.8620333671569824,
    0.8454799652099609,
    0.7181023359298706,
    0.6598770022392273,
    0.7158273458480835,
    0.8407502174377441,
    0.677541196346283,
    0.7859639525413513,
    0.8276731371879578,
    0.7961666584014893,
    0.9356502294540405,
    0.7423442006111145
  ],
  "beta_mean": [
    -0.07317148894071579,
    -0.12977609038352966,
    -0.055285193026065826,
    -0.221417635679245,
    -0.08668558299541473,
    -0.09560713917016983,
    -0.11710834503173828,
    -0.28780269622802734,
    -0.16122967004776,
    -0.24092017114162445,
    -0.05563851073384285,
    -0.14796145260334015,
    -0.21374954283237457,
    -0.1885743886232376,
    -0.21300430595874786,
    -0.127258762717247,
    -0.1262703537940979,
    -0.03054320067167282,
    -0.2917218804359436,
    -0.21067896485328674,
    -0.07396196573972702,
    -0.16082914173603058,
    -0.16983060538768768,
    -0.32437556982040405,
    -0.02066633477807045,
    -0.3527492880821228,
    -0.1412602961063385,
    -0.12308625876903534,
    -0.038602400571107864,
    -0.3280346691608429,
    -0.08416461199522018,
    -0.054637305438518524,
    -0.1942509263753891,
    -0.10698216408491135,
    -0.14757049083709717,
    -0.11580091714859009,
    -0.1334037035703659,
    -0.08252981305122375,
    -0.17388632893562317,
    -0.10031115263700485,
    -0.24015483260154724,
    -0.2108025848865509,
    -0.24361911416053772,
    -0.06385060399770737,
    -0.175467848777771,
    -0.15618543326854706,
    -0.23201169073581696,
    -0.2554856836795807,
    -0.2658207416534424,
    -0.09991732984781265,
    -0.21838194131851196,
    -0.33769235014915466,
    -0.2855808734893799
  ]
}