{
  "train_loss": [
    2.563912919613353,
    1.941340761407774,
    1.8647353487405163,
    1.7699148915664495,
    1.7663637102417082,
    1.7138454604009439,
    1.7257606975376956,
    1.6796315234725239,
    1.678530516010976,
    1.6986422213336878,
    1.666372271448548,
    1.6400511488161589,
    1.6290103842082777,
    1.6208825038887604,
    1.6260639610346297,
    1.6193708568149143,
    1.6054547063370197,
    1.5734136868917454,
    1.552986294623704,
    1.5591799319696704,
    1.5009462118148804,
    1.5387318914815,
    1.4966175493998835,
    1.4811507151419656,
    1.526957992559288,
    1.4982528016441747,
    1.5017086412474425,
    1.4969009606880055,
    1.5005273003606072,
    1.4906385212613826,
    1.4452302557404277,
    1.468598020202235,
    1.484160945764062,
    1.4477508800908139,
    1.4477087353823477,
    1.4373056805761237,
    1.4457666387892607,
    1.4511057806015015,
    1.45548208844592,
    1.4243209581207812,
    1.4337620840574565,
    1.4553376701421905,
    1.4524248912878204,
    1.4491287300600644,
    1.4384183858012596,
    1.4452956775475663,
    1.4234688562538191,
    1.4218936160015083,
    1.4074167438417848,
    1.4147384851857236,
    1.3927231119947825
  ],
  "val_loss": [
    1.9207184314727783,
    1.8551104068756104,
    1.8612998723983765,
    1.690423846244812,
    1.8673884868621826,
    1.699255347251892,
    1.6797635555267334,
    1.7220567464828491,
    1.7865679264068604,
    1.6468592882156372,
    1.6533175706863403,
    1.6880027055740356,
    1.6072019338607788,
    1.6633305549621582,
    1.6036659479141235,
    1.5480057001113892,
    1.6019669771194458,
    1.592748761177063,
    1.5827207565307617,
    1.5409855842590332,
    1.4749796390533447,
    1.5410313606262207,
    1.4653693437576294,
    1.5139715671539307,
    1.4840116500854492,
    1.522079348564148,
    1.4710050821304321,
    1.5641499757766724,
    1.500368595123291,
    1.4919791221618652,
    1.4603402614593506,
    1.555869698524475,
    1.4775488376617432,
    1.5709729194641113,
    1.4929258823394775,
    1.490201473236084,
    1.4906680583953857,
    1.4319945573806763,
    1.4097552299499512,
    1.464461326599121,
    1.367037296295166,
    1.4763468503952026,
    1.4305717945098877,
    1.4926682710647583,
    1.3856195211410522,
    1.399094581604004,
    1.3936817646026611,
    1.4534907341003418,
    1.4329549074172974,
    1.402474284172058,
    1.4055849313735962
  ],
  "best_epoch": 40,
  "status": "ok",
  "grad_norm": [
    2.702844213324465,
    2.502637157563284,
    2.30643923869115,
    2.4012721485769943,
    2.470138157157424,
    2.332437070978488,
    2.373767471572176,
    2.315786550417684,
    2.331971368786072,
    2.3549155211383104,
    2.248075743993671,
    2.240554368989049,
    2.208651550844961,
    2.265253934520257,
    2.2530371517929515,
    2.28606129812091,
    2.299517106756003,
    2.2867430624887826,
    2.239677361390984,
    2.289790243139316,
    2.189401932592815,
    2.248987250449956,
    2.3018192714419885,
    2.2146212764615703,
    2.4061253115193955,
    2.3982606632442054,
    2.239640625318643,
    2.302589460989182,
    2.2545371452310454,
    2.233268538033036,
    2.2724687136468704,
    2.28724236057931,
    2.3442234766563774,
    2.2638973638544013,
    2.289712930975548,
    2.3643455874610737,
    2.2779386657710567,
    2.30472368377299,
    2.3001794256004184,
    2.3274679284821906,
    2.282755630132292,
    2.2995004490386797,
    2.2974759487446996,
    2.2867959934252085,
    2.355404601478243,
    2.3595157768720525,
    2.27840416333215,
    2.2288401517600698,
    2.31885751880833,
    2.2931281135471,
    2.304176710171603
  ],
  "beta_std": [
    0.6156891584396362,
    0.6538165211677551,
    0.6379625201225281,
    0.825249433517456,
    0.6640973687171936,
    0.6381877660751343,
    0.8649172782897949,
    0.7390624284744263,
    0.6520272493362427,
    0.763861358165741,
    0.6826136708259583,
    0.7190765738487244,
    0.7357478141784668,
    0.7615593671798706,
    0.7839410305023193,
    0.7630707621574402,
    0.7123650312423706,
    0.7191005349159241,
    0.6868516206741333,
    0.6932489275932312,
    0.7597652673721313,
    0.8023508191108704,
    0.8805049061775208,
    0.7237269878387451,
    0.7778646349906921,
    0.627062201499939,
    0.7840697765350342,
    0.6745965480804443,
    0.6863164305686951,
    0.6748437881469727,
    0.7220981121063232,
    0.711807370185852,
    0.7661412358283997,
    0.7167850732803345,
    0.7597827911376953,
    0.7331722974777222,
    0.669619619846344,
    0.7643846869468689,
    0.6917885541915894,
    0.7133834958076477,
    0.7492195963859558,
    0.8107247948646545,
    0.7744530439376831,
    0.7500104904174805,
    0.8644424080848694,
    0.6502097249031067,
    0.9430200457572937,
    0.6365755200386047,
    0.7541144490242004,
    0.6736035943031311,
    0.8037341833114624
  ],
  "beta_mean": [
    -0.3114117980003357,
    -0.08186272531747818,
    -0.3512813448905945,
    -0.16205324232578278,
    0.008074508979916573,
    -0.1412583589553833,
    -0.1592978984117508,
    -0.07284311205148697,
    -0.18771593272686005,
    -0.08696970343589783,
    -0.3305075466632843,
    -0.08886121958494186,
    -0.1922110915184021,
    -0.15691696107387543,
    -0.13078105449676514,
    -0.13841663300991058,
    -0.04447344318032265,
    -0.05962405726313591,
    0.034569598734378815,
    -0.16360606253147125,
    -0.1607886701822281,
    -0.1590033769607544,
    -0.1287863850593567,
    -0.031828705221414566,
    -0.1443937122821808,
    -0.15415175259113312,
    -0.1685699075460434,
    -0.2554692327976227,
    -0.13232393562793732,
    -0.09913969039916992,
    -0.11350582540035248,
    0.04321644455194473,
    -0.22031500935554504,
    -0.5074480175971985,
    -0.1646142452955246,
    -0.11407200992107391,
    -0.1767311543226242,
    -0.0644359141588211,
    -0.1328790932893753,
    -0.2632218897342682,
    -0.32662975788116455,
    -0.11719600111246109,
    -0.09912477433681488,
    -0.2070159614086151,
    -0.245226189494133,
    -0.12212806940078735,
    -0.23484599590301514,
    -0.07574477046728134,
    -0.08808761835098267,
    -0.09401898831129074,
    -0.20332682132720947
  ]
}