{
  "train_loss": [
    0.9271297564311903,
    0.7677014991809992,
    0.7479619481666289,
    0.7372214680085647,
    0.7159222320634492,
    0.7142732498597125,
    0.7037616360484878,
    0.6951480885752205,
    0.7007766679571329,
    0.6864421573625941,
    0.6888287905122147,
    0.6865754208326881,
    0.6788918627903304,
    0.6682362972203296,
    0.6654838695277433,
    0.6746388102334643,
    0.6549810313854088,
    0.6723902204409749,
    0.664747795226082,
    0.6591901999482221,
    0.6559986284800938,
    0.6385891738121742,
    0.6492373678149009,
    0.6507039463979587,
    0.648237602916164,
    0.6442122155576606,
    0.6470680937475087
  ],
  "val_loss": [
    0.7216606140136719,
    0.7350000739097595,
    0.699985682964325,
    0.6927549839019775,
    0.6854244470596313,
    0.6646789312362671,
    0.6633038520812988,
    0.6612045168876648,
    0.6594818830490112,
    0.6373093128204346,
    0.6483268737792969,
    0.6441355347633362,
    0.649432897567749,
    0.6768354773521423,
    0.6496860980987549,
    0.6369828581809998,
    0.6179717183113098,
    0.6397296786308289,
    0.6195130348205566,
    0.6641809344291687,
    0.6524267792701721,
    0.6261008977890015,
    0.6369579434394836,
    0.6379329562187195,
    0.6181500554084778,
    0.6205381155014038,
    0.6181057095527649
  ],
  "best_epoch": 16,
  "status": "ok",
  "grad_norm": [
    0.939993512662306,
    0.8367047454611433,
    0.7834275538368823,
    0.8000807323322532,
    0.7544210470684062,
    0.8015102218572859,
    0.8015982775594659,
    0.7828619732342911,
    0.8230523514738287,
    0.7957743269077104,
    0.7656914508506709,
    0.7977882257292074,
    0.7976393652784484,
    0.7976098371990231,
    0.7863801808267934,
    0.7947701772166157,
    0.8109306273459193,
    0.8098501521828105,
    0.7948067032135533,
    0.8179558729762999,
    0.7737946926321548,
    0.7832465331440666,
    0.8069432359403891,
    0.7889010120895612,
    0.798714649423233,
    0.8083487510272049,
    0.8185759655752989
  ],
  "beta_std": [
    0.6389646530151367,
    0.599862813949585,
    0.6342342495918274,
    0.6121168732643127,
    0.6900994181632996,
    0.7918360233306885,
    0.8169035911560059,
    0.7650822997093201,
    0.8179826736450195,
    0.838755190372467,
    0.8743762373924255,
    0.6858327388763428,
    0.6779459714889526,
    0.717785120010376,
    0.7756068706512451,
    0.7419405579566956,
    0.8487452268600464,
    0.7937209010124207,
    0.84764164686203,
    0.6810822486877441,
    0.7409495115280151,
    0.7398280501365662,
    0.6468458771705627,
    0.8077234029769897,
    0.8396099805831909,
    0.7422513961791992,
    0.7529063820838928
  ],
  "beta_mean": [
    -0.29741206765174866,
    -0.2999238967895508,
    -0.3625410497188568,
    -0.16735705733299255,
    -0.2712985873222351,
    -0.22856974601745605,
    -0.45941677689552307,
    -0.33755284547805786,
    -0.22920791804790497,
    -0.2312742918729782,
    -0.23446571826934814,
    -0.48052170872688293,
    -0.16256660223007202,
    -0.2557602524757385,
    -0.3514183461666107,
    -0.1452489048242569,
    -0.3165048360824585,
    -0.35367661714553833,
    -0.38373735547065735,
    -0.1605985015630722,
    -0.16611400246620178,
    -0.20478646457195282,
    -0.3038364052772522,
    -0.311853289604187,
    -0.33218955993652344,
    -0.1775984764099121,
    -0.3594842851161957
  ]
}