{
  "train_loss": [
    0.9151026447084215,
    0.7631579869588216,
    0.7422909836769104,
    0.7357060343954298,
    0.7269017015563117,
    0.7194636407428318,
    0.7133473579618665,
    0.6956282611952888,
    0.7072318500412835,
    0.6961328022215102,
    0.6888759419123331,
    0.6814721496370104,
    0.6904629011683994,
    0.6883845615916782,
    0.6819286313586765,
    0.6795539041625129,
    0.66657762198978,
    0.6749459172884623,
    0.6700034906599257,
    0.6649455651177301,
    0.665580674595303,
    0.6748010852601793,
    0.6654552196926541,
    0.660804748694102,
    0.6645251949098375
  ],
  "val_loss": [
    0.7187682390213013,
    0.7087828516960144,
    0.6708813309669495,
    0.7043184638023376,
    0.7324228286743164,
    0.7059444785118103,
    0.6937640905380249,
    0.6861716508865356,
    0.6696661114692688,
    0.6597355008125305,
    0.6861655116081238,
    0.6680041551589966,
    0.6736837029457092,
    0.68708735704422,
    0.6462823748588562,
    0.6544705033302307,
    0.6869098544120789,
    0.6694519519805908,
    0.6671746969223022,
    0.6581955552101135,
    0.6735617518424988,
    0.6644589900970459,
    0.6508148312568665,
    0.6575661301612854,
    0.6576113700866699
  ],
  "best_epoch": 14,
  "status": "ok",
  "grad_norm": [
    0.864971823400128,
    0.848633215843108,
    0.7734880559363991,
    0.8216342172602176,
    0.8092742429757113,
    0.7779402178477648,
    0.8052160081444344,
    0.7776269245197465,
    0.7762842513573867,
    0.7963599435946954,
    0.768172554833186,
    0.7701874391430173,
    0.7700229629745983,
    0.7590550604065717,
    0.7724194609006692,
    0.7961627128929518,
    0.7685141015178234,
    0.780462442432817,
    0.8054268673662147,
    0.7661945157738842,
    0.7923920565467949,
    0.8105103396845326,
    0.7887994902880522,
    0.7806899578747653,
    0.7760538546648907
  ],
  "beta_std": [
    0.5992962718009949,
    0.6750075817108154,
    0.7495547533035278,
    0.6637444496154785,
    0.6987009048461914,
    0.8420153856277466,
    0.5964916944503784,
    0.6943488717079163,
    0.7463918328285217,
    0.6764291524887085,
    0.8456771969795227,
    0.6673044562339783,
    0.7936580777168274,
    0.597209095954895,
    0.6817876696586609,
    0.6361497640609741,
    0.6436910629272461,
    0.6008660197257996,
    0.5867689251899719,
    0.7376776933670044,
    0.735779881477356,
    0.6114605069160461,
    0.7839736938476562,
    0.6467077136039734,
    0.6978676319122314
  ],
  "beta_mean": [
    -0.137970432639122,
    -0.1314813792705536,
    -0.1094784215092659,
    -0.40495115518569946,
    -0.17549188435077667,
    -0.436189204454422,
    -0.26165440678596497,
    -0.1764075607061386,
    -0.3230883479118347,
    -0.20981210470199585,
    -0.09359324723482132,
    -0.24172213673591614,
    -0.43451735377311707,
    -0.2398771196603775,
    -0.2919265329837799,
    -0.2630941569805145,
    -0.3388383388519287,
    -0.2098010927438736,
    -0.3210880160331726,
    -0.42483994364738464,
    -0.31421446800231934,
    -0.23722991347312927,
    -0.49880102276802063,
    -0.2694067060947418,
    -0.14294087886810303
  ]
}