{
  "train_loss": [
    1.6158381275266234,
    1.5313882698092545,
    1.5194908286814104,
    1.513465157475388,
    1.5127249232230828,
    1.5010497650904961,
    1.49603266141568,
    1.4959135202775922,
    1.4968563295386688,
    1.4917565917132194,
    1.4934455174172832,
    1.488878451090807,
    1.4853405808287057,
    1.4863119862372416,
    1.4862693857449538,
    1.4795231727131626,
    1.4746649599075317,
    1.4781406750874213,
    1.4783838158323053,
    1.4806687660384596,
    1.4750836746873912,
    1.4794260380839743,
    1.472082804992185,
    1.472829807404189,
    1.472095280809012,
    1.4731327286658928,
    1.475218299899185,
    1.4678169225112736,
    1.4692958448923121,
    1.4651504321405064,
    1.4638923850533558,
    1.4650657379418088,
    1.4625138765468932,
    1.4652091490594965,
    1.4611714974899739,
    1.46178342119295,
    1.4649092025924146,
    1.4724601775163795,
    1.468987719580444,
    1.4648021097350539,
    1.4582388171815035,
    1.4627404495428877,
    1.4634153830377679,
    1.4643150513632255,
    1.4634305949239006,
    1.4630507818021272,
    1.4635359301483422,
    1.460991395509731,
    1.4611112973564548,
    1.4610639888083028
  ],
  "val_loss": [
    1.581502079963684,
    1.5127222537994385,
    1.530432105064392,
    1.532599925994873,
    1.5030760765075684,
    1.4967244863510132,
    1.5028836727142334,
    1.4954010248184204,
    1.5043976306915283,
    1.4833215475082397,
    1.4942398071289062,
    1.5000344514846802,
    1.4896552562713623,
    1.4923157691955566,
    1.5157545804977417,
    1.4959641695022583,
    1.4831842184066772,
    1.4798794984817505,
    1.473641276359558,
    1.4783319234848022,
    1.487727165222168,
    1.4664324522018433,
    1.4882516860961914,
    1.475415825843811,
    1.4766002893447876,
    1.476536512374878,
    1.4761667251586914,
    1.475498080253601,
    1.4646514654159546,
    1.4710876941680908,
    1.4833765029907227,
    1.4717624187469482,
    1.46108877658844,
    1.478446364402771,
    1.4672091007232666,
    1.4739694595336914,
    1.4720932245254517,
    1.4602822065353394,
    1.4580326080322266,
    1.4669326543807983,
    1.4547926187515259,
    1.4629559516906738,
    1.4641221761703491,
    1.465716004371643,
    1.4668264389038086,
    1.4619472026824951,
    1.4684667587280273,
    1.470898151397705,
    1.4654064178466797,
    1.4556071758270264
  ],
  "best_epoch": 40,
  "status": "underfit",
  "grad_norm": [
    0.6787522687978134,
    0.566782936676599,
    0.5071164389701354,
    0.5341994426884187,
    0.514939155345473,
    0.480361897322676,
    0.4888436641537231,
    0.4764776932215933,
    0.47549731804175427,
    0.4783264098104666,
    0.5257384227787256,
    0.4836228553496582,
    0.49416509793232083,
    0.4928255066574975,
    0.5112323648278775,
    0.4863665378893303,
    0.4847666063039565,
    0.49577446693040533,
    0.47145020526072035,
    0.5045780943564099,
    0.4931738322753816,
    0.5046624977886738,
    0.48768179219019425,
    0.47534710656586676,
    0.5039489886350217,
    0.47928420782670655,
    0.5083438712861585,
    0.4780405263691536,
    0.46987552486381773,
    0.48101790375287634,
    0.48611990373010233,
    0.4868726488154051,
    0.45121292643522826,
    0.4753876881505935,
    0.4652579432285034,
    0.44970224074537934,
    0.4998125671989777,
    0.49823070937082864,
    0.4860787167598488,
    0.4915704571143173,
    0.471290790916712,
    0.4804749595982644,
    0.48253370426297343,
    0.48432051925392494,
    0.49252296373222015,
    0.48984305906493564,
    0.48395567293568564,
    0.4756341452198378,
    0.4897855278284666,
    0.49401688106772373
  ],
  "beta_std": [
    0.16655410826206207,
    0.16665901243686676,
    0.27246224880218506,
    0.2004019320011139,
    0.23432253301143646,
    0.14962567389011383,
    0.15991951525211334,
    0.23253735899925232,
    0.1932910680770874,
    0.2039112150669098,
    0.23051787912845612,
    0.24268822371959686,
    0.22290222346782684,
    0.2665007710456848,
    0.21640810370445251,
    0.17916035652160645,
    0.2536836266517639,
    0.21861591935157776,
    0.19368864595890045,
    0.24154207110404968,
    0.26780468225479126,
    0.27481645345687866,
    0.17289945483207703,
    0.18719837069511414,
    0.17662692070007324,
    0.2253732979297638,
    0.2164067178964615,
    0.2352159023284912,
    0.2528105676174164,
    0.19392696022987366,
    0.1995149850845337,
    0.21073052287101746,
    0.2683626711368561,
    0.17861564457416534,
    0.1961597204208374,
    0.20324118435382843,
    0.20537813007831573,
    0.2841683626174927,
    0.21723899245262146,
    0.20844916999340057,
    0.2215127795934677,
    0.26339301466941833,
    0.2359834909439087,
    0.20612017810344696,
    0.21369758248329163,
    0.20045515894889832,
    0.23975470662117004,
    0.17550869286060333,
    0.21332797408103943,
    0.24196825921535492
  ],
  "beta_mean": [
    -0.02703407220542431,
    0.007438418921083212,
    -0.070130355656147,
    -0.16327498853206635,
    -0.018371203914284706,
    -0.08852024376392365,
    0.025355139747262,
    -0.12277352064847946,
    0.009079149924218655,
    -0.07402179390192032,
    0.006845371797680855,
    -0.08608550578355789,
    0.01898493804037571,
    -0.11464260518550873,
    -0.08173790574073792,
    -0.0719522088766098,
    -0.016656938940286636,
    -0.07263628393411636,
    -0.10743342339992523,
    -0.09903889149427414,
    -0.06184950843453407,
    -0.05714583024382591,
    -0.0922139510512352,
    -0.09643865376710892,
    -0.1145828440785408,
    -0.04687248170375824,
    -0.10224707424640656,
    -0.2372235655784607,
    -0.018896326422691345,
    -0.05100090056657791,
    -0.035006534308195114,
    -0.04520091041922569,
    -0.06538829952478409,
    -0.13127997517585754,
    -0.04852527007460594,
    -0.14192532002925873,
    -0.02006314881145954,
    -0.10899321734905243,
    -0.04952240735292435,
    -0.04856572300195694,
    -0.02564934268593788,
    -0.045854661613702774,
    0.0004323844041209668,
    -0.04934772849082947,
    -0.04790452495217323,
    0.02733607217669487,
    0.017653251066803932,
    -0.004867739509791136,
    -0.10808737576007843,
    -0.004659563768655062
  ]
}