{
  "train_loss": [
    1.6089199273906953,
    1.5233862079374971,
    1.5172460850498133,
    1.5079908652054637,
    1.5079484641203407,
    1.5051822887666044,
    1.4932076721302947,
    1.4936612554182087,
    1.490444046963028,
    1.4871993257846052,
    1.4923484215820044,
    1.486164933366385,
    1.4832384770655493,
    1.4835149458835,
    1.4838517785490606,
    1.483811947086401,
    1.4799559790349146,
    1.4793821696510092,
    1.4769477075442934,
    1.4783835162893373,
    1.472313220961052,
    1.4837421206981816
  ],
  "val_loss": [
    1.5388625860214233,
    1.4903148412704468,
    1.5279620885849,
    1.5071263313293457,
    1.494130253791809,
    1.4998762607574463,
    1.4959287643432617,
    1.4863438606262207,
    1.5018023252487183,
    1.4917106628417969,
    1.4995776414871216,
    1.4795918464660645,
    1.494917869567871,
    1.4818662405014038,
    1.4847729206085205,
    1.4797269105911255,
    1.484555721282959,
    1.4909794330596924,
    1.4852796792984009,
    1.511159896850586,
    1.4856528043746948,
    1.4969362020492554
  ],
  "best_epoch": 11,
  "status": "underfit",
  "grad_norm": [
    0.6629717134844896,
    0.5749165709896111,
    0.5610920343205905,
    0.5360127392611136,
    0.5515634261344095,
    0.5216351307274182,
    0.47795489574219935,
    0.47888011419939347,
    0.4727442245346941,
    0.45255210051870864,
    0.48501374548590626,
    0.47131118135428124,
    0.4752213169161029,
    0.4910935321894646,
    0.4667021289646454,
    0.4844625855272889,
    0.46810615787646065,
    0.4660006385437122,
    0.4809176377353815,
    0.4771421721868644,
    0.4576065589190088,
    0.4963894685839287
  ],
  "beta_std": [
    0.2267523854970932,
    0.17301924526691437,
    0.20437420904636383,
    0.32144758105278015,
    0.24568842351436615,
    0.3271896541118622,
    0.1845218688249588,
    0.1654539257287979,
    0.136532723903656,
    0.19964534044265747,
    0.2364584505558014,
    0.19654807448387146,
    0.2076929807662964,
    0.24170155823230743,
    0.2091984897851944,
    0.24563473463058472,
    0.20941588282585144,
    0.15318061411380768,
    0.2794743478298187,
    0.297573059797287,
    0.17334526777267456,
    0.1789904087781906
  ],
  "beta_mean": [
    -0.003928945399820805,
    -0.09870553761720657,
    -0.09398981928825378,
    -0.031471703201532364,
    -0.07394614070653915,
    -0.0918881744146347,
    -0.11279547959566116,
    -0.01735631935298443,
    -0.03185267373919487,
    -0.03247833997011185,
    -0.0863182544708252,
    -0.011357788927853107,
    -0.011749723926186562,
    0.014290476217865944,
    -0.048202529549598694,
    -0.05128701403737068,
    0.023910386487841606,
    -0.11765793710947037,
    -0.06285622715950012,
    -0.05423010513186455,
    -0.07431943714618683,
    -0.08204489201307297
  ]
}