{
  "train_loss": [
    1.616407739990636,
    1.5324062755651642,
    1.5181730651297765,
    1.5074032566840188,
    1.513996629213032,
    1.5058655991470604,
    1.4997479864588954,
    1.4955985845320405,
    1.497576367143999,
    1.4891242889772383,
    1.494771612624676,
    1.488155831454093,
    1.4879826835163852,
    1.4913004905856841,
    1.4916064255697685,
    1.486807290545681,
    1.4771421591440836,
    1.4788030329642938,
    1.4789518088904041,
    1.4819447988097432,
    1.4786124583294518,
    1.4748027389927914,
    1.4808537457560935,
    1.4725237150359571,
    1.4749575143669085,
    1.471271676654704,
    1.469090880678411,
    1.4801859210109154,
    1.4726709691544024,
    1.470558856941803,
    1.4675275501451994,
    1.4732584403690538,
    1.46539352068427,
    1.4616648376475998
  ],
  "val_loss": [
    1.4817551374435425,
    1.4782600402832031,
    1.4674248695373535,
    1.4601043462753296,
    1.4511011838912964,
    1.4624723196029663,
    1.4579367637634277,
    1.4536283016204834,
    1.458536148071289,
    1.4657561779022217,
    1.4503087997436523,
    1.4473944902420044,
    1.4451408386230469,
    1.450103521347046,
    1.4480199813842773,
    1.4504022598266602,
    1.4560809135437012,
    1.4460678100585938,
    1.444045066833496,
    1.4420684576034546,
    1.4281188249588013,
    1.441328763961792,
    1.4306968450546265,
    1.4247487783432007,
    1.4484856128692627,
    1.4322363138198853,
    1.4370951652526855,
    1.4264596700668335,
    1.4471642971038818,
    1.4400123357772827,
    1.4278191328048706,
    1.4258204698562622,
    1.4308862686157227,
    1.4341503381729126
  ],
  "best_epoch": 23,
  "status": "underfit",
  "grad_norm": [
    0.6826159447933954,
    0.5721880041432941,
    0.5165058803554017,
    0.5132904297621144,
    0.5549365025103047,
    0.5432239042144561,
    0.5035698470920399,
    0.4779640435466207,
    0.49200844575454145,
    0.49346717922993427,
    0.5001667546436461,
    0.48241047748844834,
    0.5018050813465855,
    0.492234274164592,
    0.5130225613371368,
    0.48869101290479416,
    0.4484862246598282,
    0.4831432345381553,
    0.46194288030700825,
    0.4865341997082119,
    0.4907658830488835,
    0.4855793932529284,
    0.515770057696829,
    0.46961377698338785,
    0.5035279420661295,
    0.4774767854690246,
    0.4783053150339914,
    0.5232449960469331,
    0.48812814972865237,
    0.4981793168370497,
    0.4795969798010152,
    0.5107434225873181,
    0.4820350340859873,
    0.488571962090416
  ],
  "beta_std": [
    0.27251195907592773,
    0.1594998985528946,
    0.22822356224060059,
    0.16310670971870422,
    0.21578267216682434,
    0.21822889149188995,
    0.31287840008735657,
    0.27134668827056885,
    0.16427750885486603,
    0.24906226992607117,
    0.2178998738527298,
    0.23025469481945038,
    0.1951717585325241,
    0.2827659249305725,
    0.14301642775535583,
    0.27679985761642456,
    0.264885276556015,
    0.20393477380275726,
    0.23371972143650055,
    0.2973509132862091,
    0.19644895195960999,
    0.24093416333198547,
    0.24453170597553253,
    0.23342923820018768,
    0.2324320673942566,
    0.18222849071025848,
    0.1572972536087036,
    0.1762412041425705,
    0.22624211013317108,
    0.1937868446111679,
    0.1937723159790039,
    0.2199825495481491,
    0.2623737156391144,
    0.24269774556159973
  ],
  "beta_mean": [
    -0.0154153723269701,
    -0.06883952766656876,
    -0.0857594832777977,
    -0.11206287145614624,
    -0.009687311947345734,
    -0.06558488309383392,
    -0.06806503236293793,
    -0.0593826062977314,
    -0.05124708637595177,
    0.03540048748254776,
    -0.09091144055128098,
    -0.1400575041770935,
    -0.10381166636943817,
    -0.01732470467686653,
    -0.05339072644710541,
    -0.032192908227443695,
    0.018473919481039047,
    -0.03683246299624443,
    -0.051607392728328705,
    -0.03258534520864487,
    -0.002914485754445195,
    -0.051493942737579346,
    -0.05464150756597519,
    -0.04501109570264816,
    -0.02825736626982689,
    -0.11962344497442245,
    0.03859337419271469,
    -0.036505378782749176,
    0.0186149999499321,
    -0.11430805921554565,
    -0.05306410789489746,
    -0.06562445312738419,
    -0.10274901241064072,
    -0.17342762649059296
  ]
}