{
  "train_loss": [
    1.6251523342746044,
    1.5436610966398006,
    1.535305103809513,
    1.5310625603045636,
    1.523694527302569,
    1.526777930845294,
    1.5149677421893293,
    1.5125126171669765,
    1.5092546499542325,
    1.5114193329894752,
    1.5036859556108888,
    1.5097310679976703,
    1.4997660266307362,
    1.4985573397463525,
    1.5081196547391122,
    1.5026846347496523,
    1.5000414136696978,
    1.4975689409490218,
    1.495494002710309,
    1.4922327899654009,
    1.4971589564998247,
    1.4933417372954518,
    1.4972982413587514,
    1.4884976159201728,
    1.4873638688751132,
    1.486653652163277
  ],
  "val_loss": [
    1.4759917259216309,
    1.4678276777267456,
    1.4778923988342285,
    1.4824676513671875,
    1.4702223539352417,
    1.4630262851715088,
    1.4750396013259888,
    1.4604299068450928,
    1.449708342552185,
    1.4551384449005127,
    1.4616252183914185,
    1.45950448513031,
    1.4479730129241943,
    1.462540626525879,
    1.4487119913101196,
    1.4406211376190186,
    1.4553489685058594,
    1.462330937385559,
    1.4540005922317505,
    1.4535024166107178,
    1.4511998891830444,
    1.4572402238845825,
    1.454659342765808,
    1.4517707824707031,
    1.446183681488037,
    1.4636735916137695
  ],
  "best_epoch": 15,
  "status": "underfit",
  "grad_norm": [
    0.6658114099555954,
    0.5958364481198466,
    0.5778601827816044,
    0.5838625320737629,
    0.5400459594253212,
    0.5486228361924715,
    0.5130388750701514,
    0.5182705546046295,
    0.482858214266281,
    0.5278362124780462,
    0.5061673425736318,
    0.4986232758489741,
    0.4610981428876987,
    0.5221331079326167,
    0.5083803619486815,
    0.5199225307916415,
    0.5117643487886822,
    0.5176824568724997,
    0.4904618655080046,
    0.4900165592068735,
    0.5022064100339814,
    0.5036904641450549,
    0.517431777967022,
    0.49769021672951724,
    0.46946635633785766,
    0.49654364746629676
  ],
  "beta_std": [
    0.27672433853149414,
    0.17294040322303772,
    0.19424603879451752,
    0.19637978076934814,
    0.27847522497177124,
    0.2154749184846878,
    0.3344391882419586,
    0.2278355062007904,
    0.20825855433940887,
    0.2647814452648163,
    0.2058999091386795,
    0.2615264654159546,
    0.26429611444473267,
    0.2515764832496643,
    0.20688655972480774,
    0.22144678235054016,
    0.25016966462135315,
    0.24664679169654846,
    0.22079651057720184,
    0.2751038074493408,
    0.2369716316461563,
    0.22411876916885376,
    0.1505023092031479,
    0.2587881088256836,
    0.21690751612186432,
    0.19241146743297577
  ],
  "beta_mean": [
    -0.12616899609565735,
    -0.01405203528702259,
    0.05128819867968559,
    -0.007253814954310656,
    -0.12930510938167572,
    -0.046332672238349915,
    -0.06666959822177887,
    -0.0031398788560181856,
    -0.03337164968252182,
    0.02478325366973877,
    -0.08602027595043182,
    -0.06897009164094925,
    -0.07855747640132904,
    -0.06881053745746613,
    -0.1368773728609085,
    -0.0478099063038826,
    -0.05416807532310486,
    -0.08226024359464645,
    -0.04514741525053978,
    -0.039572689682245255,
    -0.04240066185593605,
    -0.03330570086836815,
    -0.11193735152482986,
    -0.0519644170999527,
    -0.08062727749347687,
    -0.11759085208177567
  ]
}