{
  "train_loss": [
    1.6329483801021911,
    1.5508712361709416,
    1.5367300784518148,
    1.5301609053249248,
    1.5218926145598206,
    1.5164354758792453,
    1.515001466929564,
    1.5122817727417974,
    1.5076684668468454,
    1.5116420438833404,
    1.5052426548729165,
    1.5044064613810757,
    1.5044881575009976,
    1.5036970905950893,
    1.5038174882409168,
    1.504606118007013,
    1.501978814253333,
    1.5085152619623998,
    1.4986131262360958,
    1.4972351286982932,
    1.5049943079585917,
    1.4960788134524696,
    1.4960615885885138,
    1.4953035634302954,
    1.491760153129087,
    1.489917899014657,
    1.4860316586076168,
    1.4964621646223013,
    1.4897488626959727,
    1.4903754534358866,
    1.4855933728134423,
    1.4860823269894248,
    1.4882608793214052,
    1.4868183129293877,
    1.4806205766521698,
    1.4829527103970623,
    1.4836241621162458,
    1.4887046820936147,
    1.4859277153851693,
    1.4871985523045412,
    1.4760710666611878,
    1.4838700775514568,
    1.4814502017539843,
    1.4800455222771183,
    1.4849004544709858,
    1.4806453683920073,
    1.483198686928777,
    1.4762205623883253,
    1.47630962349518,
    1.4767431868447198
  ],
  "val_loss": [
    1.5782450437545776,
    1.5661946535110474,
    1.549249291419983,
    1.540372610092163,
    1.5545973777770996,
    1.5427783727645874,
    1.5342495441436768,
    1.5238724946975708,
    1.5379770994186401,
    1.5431125164031982,
    1.551782488822937,
    1.5210556983947754,
    1.5288057327270508,
    1.5257915258407593,
    1.547833800315857,
    1.5336929559707642,
    1.5227299928665161,
    1.535245418548584,
    1.5153888463974,
    1.5398751497268677,
    1.525579810142517,
    1.5352566242218018,
    1.5206819772720337,
    1.522112488746643,
    1.5254215002059937,
    1.512792706489563,
    1.5296101570129395,
    1.5265226364135742,
    1.509826421737671,
    1.5135573148727417,
    1.5127177238464355,
    1.517619013786316,
    1.5154284238815308,
    1.5000838041305542,
    1.503973364830017,
    1.4929543733596802,
    1.499193549156189,
    1.5088913440704346,
    1.5069057941436768,
    1.5083550214767456,
    1.4913221597671509,
    1.5034382343292236,
    1.509603500366211,
    1.5279600620269775,
    1.5142208337783813,
    1.5206009149551392,
    1.5098345279693604,
    1.500806450843811,
    1.4981722831726074,
    1.5138236284255981
  ],
  "best_epoch": 40,
  "status": "underfit",
  "grad_norm": [
    0.6719920559680236,
    0.5872689307704618,
    0.5492224971547314,
    0.5496431517834082,
    0.49837000409646354,
    0.4940140647556811,
    0.49045731991121744,
    0.5156552542556608,
    0.4992495438623234,
    0.4929704634992944,
    0.4785097539528978,
    0.4993245930262809,
    0.48544540304609474,
    0.48226045750084184,
    0.49601341447438924,
    0.4891428088333511,
    0.473770541314772,
    0.4866480924571003,
    0.47781311445252,
    0.45657410095594064,
    0.5072412729467781,
    0.45736257786107265,
    0.4727573342179884,
    0.45171985469213977,
    0.47506715877504924,
    0.4566443162170292,
    0.47044348335312697,
    0.5218653207998697,
    0.48539756529678263,
    0.47845623435239665,
    0.477734019190683,
    0.4766186713914419,
    0.4867063883509349,
    0.4854150730745192,
    0.46031186170886706,
    0.4699529524596833,
    0.4692291864949179,
    0.47986097968459507,
    0.5042449500519468,
    0.4863939030419717,
    0.4533690963020401,
    0.4792427788801528,
    0.4832081546795363,
    0.4838906469940597,
    0.49808780034765754,
    0.48114240149158766,
    0.48934339678592376,
    0.4654516553625943,
    0.466175412029965,
    0.4806578033572641
  ],
  "beta_std": [
    0.32626625895500183,
    0.18227840960025787,
    0.16949746012687683,
    0.13764409720897675,
    0.1769169718027115,
    0.20443536341190338,
    0.26884710788726807,
    0.19046223163604736,
    0.20491094887256622,
    0.2150704711675644,
    0.14017508924007416,
    0.1812899261713028,
    0.1913936287164688,
    0.1433347910642624,
    0.14723248779773712,
    0.19816620647907257,
    0.21832361817359924,
    0.23083817958831787,
    0.24691413342952728,
    0.18906427919864655,
    0.18771114945411682,
    0.20657110214233398,
    0.1525527834892273,
    0.1775961071252823,
    0.2406872808933258,
    0.17458389699459076,
    0.17943765223026276,
    0.26171228289604187,
    0.13418236374855042,
    0.19184429943561554,
    0.18728838860988617,
    0.12475787848234177,
    0.16572442650794983,
    0.18691357970237732,
    0.17873317003250122,
    0.1679113507270813,
    0.15281414985656738,
    0.257453590631485,
    0.2042633295059204,
    0.16718091070652008,
    0.21436546742916107,
    0.2857750356197357,
    0.22600112855434418,
    0.20546559989452362,
    0.14577028155326843,
    0.20807863771915436,
    0.1947973221540451,
    0.18726789951324463,
    0.18354104459285736,
    0.18568091094493866
  ],
  "beta_mean": [
    -0.1797337830066681,
    -0.08566702157258987,
    -0.085513174533844,
    -0.07202314585447311,
    -0.06502951681613922,
    -0.03378322720527649,
    -0.12056607753038406,
    -0.03458532318472862,
    -0.06757525354623795,
    -0.10313165187835693,
    -0.10496418178081512,
    -0.09625643491744995,
    -0.06555372476577759,
    -0.11162327975034714,
    -0.1176292821764946,
    -0.17927999794483185,
    -0.09577769786119461,
    0.031693778932094574,
    -0.06283155828714371,
    -0.09463410824537277,
    -0.17866654694080353,
    -0.2448970228433609,
    -0.06299693882465363,
    -0.08123257756233215,
    -0.1880703717470169,
    -0.1325535625219345,
    -0.10762795060873032,
    -0.23305387794971466,
    -0.16278330981731415,
    -0.15857858955860138,
    -0.13444003462791443,
    -0.06961514055728912,
    -0.009788461960852146,
    -0.033743277192115784,
    -0.16972164809703827,
    -0.03656476363539696,
    -0.05774843692779541,
    -0.10376498103141785,
    -0.018377870321273804,
    -0.06889106333255768,
    -0.07808006554841995,
    -0.05774354934692383,
    -0.04616528004407883,
    0.022441601380705833,
    -0.0858452245593071,
    -0.022730600088834763,
    -0.11177949607372284,
    -0.1580883115530014,
    -0.038762882351875305,
    -0.1839875727891922
  ]
}