{
  "train_loss": [
    1.6270374222805626,
    1.5631906335116827,
    1.5425787343476949,
    1.5512007996352792,
    1.5355899272606386,
    1.5293608363469442,
    1.5308915992926435,
    1.5264050927357367,
    1.5258250294791327,
    1.5276871351052446,
    1.5152872509147688,
    1.5165840209436696,
    1.5202806537193165,
    1.5156670689722251,
    1.5175108330709892,
    1.5189060071197866,
    1.5061317147706685,
    1.5143090640731722,
    1.5112011451051945,
    1.5174484462905349
  ],
  "val_loss": [
    1.4896689653396606,
    1.4763513803482056,
    1.4817975759506226,
    1.4747816324234009,
    1.4783364534378052,
    1.4733543395996094,
    1.4674116373062134,
    1.4585257768630981,
    1.4640415906906128,
    1.452587366104126,
    1.468112826347351,
    1.4597792625427246,
    1.4571926593780518,
    1.4515925645828247,
    1.4680038690567017,
    1.4699294567108154,
    1.4620143175125122,
    1.4520435333251953,
    1.4621455669403076,
    1.4682387113571167
  ],
  "best_epoch": 9,
  "status": "underfit",
  "grad_norm": [
    0.6518241323771162,
    0.5904000221513263,
    0.5480588537361128,
    0.5747653649260815,
    0.5215221801264491,
    0.5147183087655404,
    0.5120846679277666,
    0.5191289582589309,
    0.5196392973685738,
    0.505309881362494,
    0.4722720013733967,
    0.4873609201205596,
    0.5101812393992153,
    0.4848540867521962,
    0.49615180601009795,
    0.48086578206177455,
    0.46253587847574384,
    0.48836783380229276,
    0.47665278808938844,
    0.4868087615348359
  ],
  "beta_std": [
    0.22357596457004547,
    0.2532241940498352,
    0.1714155673980713,
    0.1986285150051117,
    0.1917812079191208,
    0.11421290040016174,
    0.19637252390384674,
    0.18950843811035156,
    0.1987072229385376,
    0.30691269040107727,
    0.2064964920282364,
    0.25907036662101746,
    0.21139369904994965,
    0.21652477979660034,
    0.24193096160888672,
    0.28363966941833496,
    0.29546451568603516,
    0.3128231167793274,
    0.17206971347332,
    0.21827542781829834
  ],
  "beta_mean": [
    0.01380983367562294,
    -0.028191713616251945,
    -0.06511606276035309,
    -0.07541374862194061,
    -0.038738299161195755,
    -0.11910302937030792,
    -0.07445277273654938,
    0.0011930965119972825,
    -0.12612076103687286,
    0.027901994064450264,
    -0.002179920906201005,
    -0.02457575313746929,
    -0.030716849491000175,
    0.035452041774988174,
    -0.0009256204939447343,
    -0.030451884493231773,
    0.08447916805744171,
    -0.024280628189444542,
    0.018909385427832603,
    -0.113041453063488
  ]
}