{
  "train_loss": [
    1.5995277166366577,
    1.5217091863420273,
    1.5061613640255398,
    1.498243562274509,
    1.4996165645387438,
    1.4887587481604683,
    1.488425326983134,
    1.4905847869449191,
    1.4843616063859728,
    1.4752522735595703,
    1.478149422645569,
    1.4807794876098632,
    1.474979755613539,
    1.4814957613415187,
    1.4706785412894354,
    1.4714624457889134,
    1.4753935363557604,
    1.4687725976308186,
    1.4712155711915758,
    1.4692585643132527,
    1.4744761616388957,
    1.4630120861265394,
    1.4714014246198865,
    1.467341805352105,
    1.461444107161628,
    1.4639449610180324
  ],
  "val_loss": [
    1.5013575553894043,
    1.4915473461151123,
    1.5008454322814941,
    1.49983811378479,
    1.47841215133667,
    1.4859169721603394,
    1.5068070888519287,
    1.5024269819259644,
    1.4758398532867432,
    1.4838676452636719,
    1.4710376262664795,
    1.4837223291397095,
    1.4719135761260986,
    1.4702692031860352,
    1.4718053340911865,
    1.4671828746795654,
    1.4896131753921509,
    1.497384786605835,
    1.4764832258224487,
    1.475635051727295,
    1.4849096536636353,
    1.4720817804336548,
    1.4834269285202026,
    1.4696201086044312,
    1.4748761653900146,
    1.469146966934204
  ],
  "best_epoch": 15,
  "status": "underfit",
  "grad_norm": [
    0.6633121481766703,
    0.5581845950951363,
    0.5127068477564616,
    0.505842490507024,
    0.5236882614339352,
    0.4965189818504012,
    0.5070735709451827,
    0.5054983056324087,
    0.4828332014056513,
    0.439129275352943,
    0.4565603427204929,
    0.46823259225511277,
    0.46659566951241627,
    0.4859143010317377,
    0.4675041079062322,
    0.4594002336061237,
    0.45837239800238216,
    0.439760361845151,
    0.4713215757826683,
    0.47518148114102554,
    0.4619145986516259,
    0.44656179719828354,
    0.4609815079526432,
    0.45806438316527537,
    0.45508601083785166,
    0.4406865216343092
  ],
  "beta_std": [
    0.17852115631103516,
    0.1952708214521408,
    0.1922476887702942,
    0.21459533274173737,
    0.15275375545024872,
    0.12404923141002655,
    0.2539665699005127,
    0.14784090220928192,
    0.14546820521354675,
    0.13783881068229675,
    0.25706946849823,
    0.27820631861686707,
    0.1712407022714615,
    0.2179502546787262,
    0.2069827914237976,
    0.18465867638587952,
    0.15972332656383514,
    0.20028531551361084,
    0.16898494958877563,
    0.21782629191875458,
    0.18278808891773224,
    0.1512686312198639,
    0.20535461604595184,
    0.2553313672542572,
    0.17614296078681946,
    0.17269949615001678
  ],
  "beta_mean": [
    -0.03689219430088997,
    -0.05001760646700859,
    -0.15191178023815155,
    -0.0580819770693779,
    -0.046407658606767654,
    -0.06757406145334244,
    -0.10719532519578934,
    -0.09109217673540115,
    -0.1081257164478302,
    -0.018681181594729424,
    0.010030071251094341,
    0.026936236768960953,
    -0.1908276081085205,
    -0.00744208786636591,
    -0.08230174332857132,
    -0.011111197993159294,
    -0.13443906605243683,
    -0.1506742238998413,
    -0.0004211452032905072,
    -0.14030136168003082,
    -0.11686955392360687,
    -0.05746499076485634,
    -0.15740112960338593,
    -0.001765983528457582,
    -0.02232261933386326,
    -0.03431035950779915
  ]
}