{
  "train_loss": [
    1.6104196107652453,
    1.5235727263556587,
    1.5042753075493707,
    1.502665964550442,
    1.4951997941335042,
    1.5006693481869169,
    1.4971100580427381,
    1.4853910862604778,
    1.4866368448469374,
    1.4913350862926906,
    1.4860276381174724,
    1.4720930327309503,
    1.478210415204366,
    1.4729026091893513,
    1.4718471834394666,
    1.4721571791966757,
    1.469980072869195,
    1.4646146121554904,
    1.4680208144717746,
    1.4649639761182998,
    1.470703571955363,
    1.4696271455552843,
    1.463933718893263,
    1.4624486997392443,
    1.461197997940911,
    1.4617251710891723,
    1.4641942378150092,
    1.4625152383380466,
    1.4541789376470777,
    1.4559912135865953,
    1.459399408870273,
    1.4583886991077,
    1.460141661643982,
    1.45416009955936,
    1.452595704820421,
    1.4609091380437216,
    1.456520000245836,
    1.4569637915293376,
    1.4534091455671523,
    1.4536297794977824,
    1.4621527793672349,
    1.4555271470811633,
    1.4588407553566827,
    1.4587691979938082,
    1.4549456395043268,
    1.4591651380327013,
    1.457428474744161
  ],
  "val_loss": [
    1.5711196660995483,
    1.535467267036438,
    1.5833476781845093,
    1.5334985256195068,
    1.549081563949585,
    1.547792673110962,
    1.5228023529052734,
    1.5598111152648926,
    1.5331716537475586,
    1.53703773021698,
    1.5199570655822754,
    1.5188754796981812,
    1.516438364982605,
    1.5370069742202759,
    1.5208079814910889,
    1.5157408714294434,
    1.5139118432998657,
    1.5239205360412598,
    1.5195449590682983,
    1.5066596269607544,
    1.510699987411499,
    1.5112221240997314,
    1.5101542472839355,
    1.496444821357727,
    1.5341678857803345,
    1.5142849683761597,
    1.495406150817871,
    1.499210238456726,
    1.502740502357483,
    1.5038222074508667,
    1.512911081314087,
    1.516060709953308,
    1.5070209503173828,
    1.5060054063796997,
    1.513559341430664,
    1.5124428272247314,
    1.4924484491348267,
    1.5101706981658936,
    1.5101284980773926,
    1.5096598863601685,
    1.511670708656311,
    1.524574637413025,
    1.499947428703308,
    1.5137250423431396,
    1.5194799900054932,
    1.494638442993164,
    1.52763831615448
  ],
  "best_epoch": 36,
  "status": "underfit",
  "grad_norm": [
    0.7215099305241346,
    0.5767474638369362,
    0.5368733810346651,
    0.5233169687192708,
    0.5118162497400748,
    0.5357060182518395,
    0.5494506435153872,
    0.49229274598570016,
    0.5002471591470401,
    0.5202150129865446,
    0.5072974529779253,
    0.45355651819665005,
    0.49000618216179803,
    0.4889808611332003,
    0.48246268821274413,
    0.49257349195204286,
    0.49718870671911286,
    0.47690938701298546,
    0.4595109433706965,
    0.49029902096395367,
    0.5228059652904585,
    0.5179479511192231,
    0.5007583972190921,
    0.4748502438678975,
    0.49298208439937735,
    0.48929931396157433,
    0.48828099198000036,
    0.4946697110415583,
    0.4737708382366022,
    0.4713958839935671,
    0.4788668639978449,
    0.480888983081431,
    0.4850972070537565,
    0.47113208780938304,
    0.4674509979342808,
    0.46558878221113215,
    0.4648623308179938,
    0.479755641626013,
    0.47265991354237924,
    0.4801800909356464,
    0.49580201853587114,
    0.46950487572444566,
    0.49462892016487164,
    0.4951696499110779,
    0.47412607815603836,
    0.48220075873655305,
    0.4664792901443906
  ],
  "beta_std": [
    0.23595957458019257,
    0.2430478036403656,
    0.1407320648431778,
    0.17105573415756226,
    0.14037123322486877,
    0.1879938542842865,
    0.23481714725494385,
    0.09349486976861954,
    0.18224862217903137,
    0.27362945675849915,
    0.20042654871940613,
    0.21255989372730255,
    0.32740822434425354,
    0.18206563591957092,
    0.19787463545799255,
    0.22939534485340118,
    0.24006913602352142,
    0.2269546389579773,
    0.23278941214084625,
    0.2465420514345169,
    0.24254687130451202,
    0.2401799112558365,
    0.24210110306739807,
    0.16049976646900177,
    0.16451583802700043,
    0.2500731647014618,
    0.20396947860717773,
    0.23745934665203094,
    0.22298191487789154,
    0.18966858088970184,
    0.17961257696151733,
    0.22715328633785248,
    0.21836745738983154,
    0.24440263211727142,
    0.23520676791667938,
    0.24377554655075073,
    0.24801339209079742,
    0.1694674789905548,
    0.1566971242427826,
    0.31398510932922363,
    0.24834713339805603,
    0.19067221879959106,
    0.1991644948720932,
    0.20526501536369324,
    0.1934211403131485,
    0.2935200035572052,
    0.18318131566047668
  ],
  "beta_mean": [
    -0.04742772504687309,
    -0.12708427011966705,
    -0.04299581050872803,
    -0.13393770158290863,
    -0.16078652441501617,
    -0.10906016826629639,
    -0.07820569723844528,
    -0.059793293476104736,
    -0.09312541782855988,
    0.0651562437415123,
    -0.002184683922678232,
    -0.1035444363951683,
    -0.15164819359779358,
    -0.10435659438371658,
    -0.22043053805828094,
    -0.16795237362384796,
    -0.009723740629851818,
    -0.05902469530701637,
    0.006467549130320549,
    0.024976326152682304,
    -0.06128736212849617,
    0.006792939733713865,
    -0.1286192387342453,
    -0.023334678262472153,
    -0.04340735077857971,
    -0.03659433871507645,
    -0.10574248433113098,
    -0.03799653798341751,
    -0.0640983134508133,
    -0.17478176951408386,
    -0.0668184906244278,
    -0.06260792911052704,
    -0.041488103568553925,
    -0.09533695876598358,
    -0.02448948659002781,
    -0.14095479249954224,
    -0.10129434615373611,
    -0.07796268910169601,
    -0.061780743300914764,
    0.04192330315709114,
    -0.18107803165912628,
    -0.15016992390155792,
    -0.0004447565006557852,
    -0.1498287469148636,
    -0.04880138859152794,
    0.003509074216708541,
    -0.12523765861988068
  ]
}