{
  "train_loss": [
    0.6381821352464181,
    0.6256607746783598,
    0.6206694952646892,
    0.6198313422261933,
    0.615704036789176,
    0.6141522625640586,
    0.6163189717575356,
    0.6106244337411575,
    0.6117863790488537,
    0.6109701571052457,
    0.6086885238282475,
    0.6078379831196349,
    0.6077914954703532,
    0.6084304063114119,
    0.6083221719000075,
    0.6042531787907636,
    0.60573029079555,
    0.6006918277269528,
    0.60345534639594
  ],
  "val_loss": [
    0.6170835494995117,
    0.6163228154182434,
    0.6156246066093445,
    0.6142628192901611,
    0.6181191802024841,
    0.6171807050704956,
    0.615475058555603,
    0.6116260886192322,
    0.6054956316947937,
    0.6182722449302673,
    0.6148456931114197,
    0.6104273796081543,
    0.6181796789169312,
    0.6120378375053406,
    0.616093099117279,
    0.6101169586181641,
    0.6082850694656372,
    0.6061153411865234,
    0.6121179461479187
  ],
  "best_epoch": 8,
  "status": "underfit",
  "grad_norm": [
    0.24083623678246105,
    0.23354786191784946,
    0.2354433898216057,
    0.22158318496541696,
    0.22163567972892442,
    0.23990204165918996,
    0.2213084789989751,
    0.21989976438536182,
    0.23354208324099512,
    0.21932705178182607,
    0.2291909922121263,
    0.22686446152425876,
    0.23497184131888033,
    0.2353079489246706,
    0.23583950434613332,
    0.22294767694563772,
    0.2279604034329269,
    0.2241499258054102,
    0.23617219732072278
  ],
  "beta_std": [
    0.33322763442993164,
    0.3087955117225647,
    0.22355534136295319,
    0.18170034885406494,
    0.5702621936798096,
    0.17648285627365112,
    0.23846738040447235,
    0.24348711967468262,
    0.3131715953350067,
    0.3146548271179199,
    0.2578718662261963,
    0.27167654037475586,
    0.5021345019340515,
    0.42163482308387756,
    0.2582828104496002,
    0.3951239287853241,
    0.3866399824619293,
    0.3497210443019867,
    0.47163358330726624
  ],
  "beta_mean": [
    -0.006060745567083359,
    -0.12764441967010498,
    0.0446050725877285,
    -0.07771836966276169,
    -0.2520381808280945,
    -0.01632237806916237,
    -0.13130296766757965,
    -0.000199384186998941,
    0.02155042253434658,
    -0.15291815996170044,
    0.08199550956487656,
    -0.12705187499523163,
    0.08046295493841171,
    0.07764754444360733,
    -0.1053011491894722,
    0.01389950793236494,
    -0.028620868921279907,
    0.03857880458235741,
    -0.15779054164886475
  ]
}