{
  "train_loss": [
    0.6458946945932177,
    0.6205772891162354,
    0.6194282835206868,
    0.6144512346055773,
    0.6130849919495759,
    0.6075295269930804,
    0.6120918644504783,
    0.6099905408458945,
    0.6073449090675072,
    0.6086764060715099,
    0.6058790769989107,
    0.6051444842785965,
    0.603671178140758,
    0.603368632234173,
    0.6068184393129231
  ],
  "val_loss": [
    0.6324580907821655,
    0.6484960913658142,
    0.6534492373466492,
    0.6415111422538757,
    0.6311649084091187,
    0.6505625247955322,
    0.6525319218635559,
    0.6574203372001648,
    0.6565345525741577,
    0.6478203535079956,
    0.6447878479957581,
    0.6425707936286926,
    0.6574762463569641,
    0.640233039855957,
    0.6461541652679443
  ],
  "best_epoch": 4,
  "status": "underfit",
  "grad_norm": [
    0.23853653368891564,
    0.24036024400330894,
    0.2413701012877666,
    0.2292408638868756,
    0.2369789554756005,
    0.23085689444462348,
    0.2390364500640561,
    0.2363573475875549,
    0.2377914836208505,
    0.2347254132620964,
    0.23931957148038932,
    0.23757050580466268,
    0.23890779796763287,
    0.23169218168555542,
    0.2438901222720949
  ],
  "beta_std": [
    0.3455263376235962,
    0.4753383696079254,
    0.4938860833644867,
    0.44692155718803406,
    0.4074558913707733,
    0.49907106161117554,
    0.40659040212631226,
    0.49457207322120667,
    0.49661698937416077,
    0.6050641536712646,
    0.3832356035709381,
    0.29545384645462036,
    0.35739704966545105,
    0.3638390898704529,
    0.39096784591674805
  ],
  "beta_mean": [
    -0.07456456869840622,
    -0.2824934124946594,
    0.01871086098253727,
    0.13854742050170898,
    0.027705634012818336,
    -0.16809847950935364,
    0.04936441034078598,
    -0.35791710019111633,
    -0.13857871294021606,
    -0.12074114382266998,
    -0.10086008906364441,
    -0.09939182549715042,
    0.09435854107141495,
    -0.03082709200680256,
    -0.05382855609059334
  ]
}