{
  "train_loss": [
    0.6447071071907327,
    0.6194374019422649,
    0.612214384873708,
    0.6132122979635074,
    0.6085336121217704,
    0.6107295583795618,
    0.6059548367688685,
    0.6064113751752876,
    0.6037790574556515,
    0.6003192944879885,
    0.6046402288954935,
    0.6008350073849713,
    0.6014068509325569,
    0.598997497499725,
    0.5963272168901231,
    0.5961399020677731,
    0.5972930255053955,
    0.5980956541756053,
    0.5979537020494908
  ],
  "val_loss": [
    0.6136507987976074,
    0.6072325706481934,
    0.6037163734436035,
    0.6022117733955383,
    0.603759765625,
    0.5958842039108276,
    0.5953105092048645,
    0.6029265522956848,
    0.5927619338035583,
    0.6003013849258423,
    0.602025032043457,
    0.6184782981872559,
    0.5978590846061707,
    0.6049395203590393,
    0.6003557443618774,
    0.6095066070556641,
    0.6049458980560303,
    0.5971190929412842,
    0.5979733467102051
  ],
  "best_epoch": 8,
  "status": "underfit",
  "grad_norm": [
    0.25210235770343103,
    0.23524457660358247,
    0.23933628194125567,
    0.24998109046521325,
    0.24411537982992007,
    0.23548550790215705,
    0.24306261822749295,
    0.2264030357911246,
    0.24248139539497357,
    0.23547839936322487,
    0.24446050471630817,
    0.24538724867016182,
    0.24647436053980087,
    0.2399973746003853,
    0.23739576464345188,
    0.24499995792347598,
    0.24282318213090523,
    0.24338415989049939,
    0.2539358234847486
  ],
  "beta_std": [
    0.5255714058876038,
    0.38850754499435425,
    0.48451703786849976,
    0.32109054923057556,
    0.4618160128593445,
    0.4451817572116852,
    0.5179268717765808,
    0.42688724398612976,
    0.39549219608306885,
    0.5180801749229431,
    0.47070398926734924,
    0.34112057089805603,
    0.42121294140815735,
    0.3240435719490051,
    0.4499012529850006,
    0.3985016942024231,
    0.40702369809150696,
    0.5014820694923401,
    0.5513055920600891
  ],
  "beta_mean": [
    -0.17596973478794098,
    -0.10442840307950974,
    0.1258731186389923,
    -0.06277285516262054,
    -0.22604864835739136,
    -0.1049250066280365,
    -0.17711101472377777,
    -0.054520655423402786,
    -0.021891999989748,
    -0.09781281650066376,
    -0.22430655360221863,
    -0.0424017496407032,
    -0.2882121801376343,
    0.033217430114746094,
    -0.010240559466183186,
    -0.26775047183036804,
    -0.169155091047287,
    -0.07737234979867935,
    -0.26830267906188965
  ]
}