{
  "train_loss": [
    0.6434036284611548,
    0.6240027977507792,
    0.6192124151300501,
    0.6181172345302723,
    0.6157754437717391,
    0.6131600733450902,
    0.6116135360576488,
    0.6100621520737071,
    0.611722207746388,
    0.6126302292023176,
    0.6074722786891608,
    0.6053058270171836,
    0.6072499629891949,
    0.6047362104168644,
    0.6036786984219963,
    0.6030593104127012,
    0.6041705230430321,
    0.6054858577398606,
    0.6025916503682549,
    0.5993758677553247,
    0.6034761896545504,
    0.6048059608318188,
    0.601581807460314,
    0.601472449508714,
    0.5971114907441316,
    0.5998363395973488,
    0.5969194810478775,
    0.5976105861899293
  ],
  "val_loss": [
    0.6334540247917175,
    0.6238040924072266,
    0.6250556111335754,
    0.6299272775650024,
    0.617621123790741,
    0.6182318329811096,
    0.6201587319374084,
    0.6160673499107361,
    0.619685173034668,
    0.6238093972206116,
    0.6240278482437134,
    0.6212801337242126,
    0.6246318221092224,
    0.6194928884506226,
    0.6229114532470703,
    0.6245088577270508,
    0.6190959811210632,
    0.6143912076950073,
    0.6195564270019531,
    0.6273755431175232,
    0.6279529333114624,
    0.6255164742469788,
    0.6228150129318237,
    0.6248782873153687,
    0.6272252202033997,
    0.6179922223091125,
    0.6218826770782471,
    0.618958592414856
  ],
  "best_epoch": 17,
  "status": "underfit",
  "grad_norm": [
    0.22860709453183445,
    0.2336475769204114,
    0.2273545883210234,
    0.24203410780085363,
    0.20924644696268924,
    0.2284926639796082,
    0.2243761709246492,
    0.21761791248760226,
    0.23656655476175087,
    0.2254683569339317,
    0.2177223940236098,
    0.2274309581809932,
    0.22705315258148434,
    0.23322683883794626,
    0.225153075434807,
    0.24020613985744446,
    0.22695636242958517,
    0.2355170064581101,
    0.23606208546726506,
    0.2387873220239425,
    0.2407496107556993,
    0.2425148734716724,
    0.23824393407201383,
    0.2420180387170631,
    0.24053766989878325,
    0.24191934904707255,
    0.24044720069835587,
    0.24216536962310906
  ],
  "beta_std": [
    0.2572341561317444,
    0.46180376410484314,
    0.5548725724220276,
    0.275778591632843,
    0.27619314193725586,
    0.37739601731300354,
    0.3272435665130615,
    0.4634324908256531,
    0.3253899812698364,
    0.37365850806236267,
    0.5367882251739502,
    0.3827328085899353,
    0.2883742153644562,
    0.44337257742881775,
    0.45053064823150635,
    0.4572634696960449,
    0.506471574306488,
    0.37089428305625916,
    0.361798495054245,
    0.5088719129562378,
    0.4822114408016205,
    0.3803883194923401,
    0.4321947693824768,
    0.3875710368156433,
    0.3298523426055908,
    0.5392502546310425,
    0.5425884127616882,
    0.4217144846916199
  ],
  "beta_mean": [
    0.02041400969028473,
    -0.019245225936174393,
    0.08842144161462784,
    -0.12581752240657806,
    -0.1312861144542694,
    0.06451454013586044,
    -0.0031647812575101852,
    0.016912784427404404,
    -0.06523263454437256,
    -0.09962282329797745,
    0.007882202044129372,
    -0.18652181327342987,
    0.009437655098736286,
    -0.13160796463489532,
    0.0005700227920897305,
    0.08980417251586914,
    0.03983724117279053,
    -0.1973242163658142,
    0.03718751668930054,
    -0.025196228176355362,
    0.004849725402891636,
    0.03864062577486038,
    0.025944728404283524,
    -0.034058649092912674,
    -0.06949970871210098,
    -0.13403409719467163,
    0.046387676149606705,
    -0.038700323551893234
  ]
}