{
  "train_loss": [
    0.6384289259675109,
    0.6234248366620806,
    0.6180270689210774,
    0.6169600799642964,
    0.615123434037338,
    0.612348166041904,
    0.6120659679836697,
    0.6113058544971325,
    0.6096772007883331,
    0.6088938428443155,
    0.6062476972003042,
    0.6081724061789336
  ],
  "val_loss": [
    0.6103480458259583,
    0.5915434956550598,
    0.5998984575271606,
    0.6104671359062195,
    0.6184856295585632,
    0.601422131061554,
    0.6001448035240173,
    0.607698917388916,
    0.6082198023796082,
    0.6072100400924683,
    0.592797040939331,
    0.6091334223747253
  ],
  "best_epoch": 1,
  "status": "underfit",
  "grad_norm": [
    0.25750062196061396,
    0.24337928692963784,
    0.2515797370939172,
    0.24058352292788743,
    0.23505330511896047,
    0.2259081399279741,
    0.24730965404336575,
    0.2387647365119003,
    0.23374018817873618,
    0.24433992921484082,
    0.2319474086333006,
    0.2455817768500143
  ],
  "beta_std": [
    0.3999946117401123,
    0.2812734842300415,
    0.37310105562210083,
    0.5753059983253479,
    0.2886638343334198,
    0.34741073846817017,
    0.43323880434036255,
    0.34452196955680847,
    0.3453034460544586,
    0.3097558617591858,
    0.4633905291557312,
    0.41335180401802063
  ],
  "beta_mean": [
    0.016667885705828667,
    -0.3130161464214325,
    -0.21672217547893524,
    -0.30491334199905396,
    -0.10249553620815277,
    -0.055108629167079926,
    -0.18356241285800934,
    0.039682261645793915,
    -0.09262032061815262,
    -0.01606346294283867,
    -0.21202921867370605,
    0.0530814602971077
  ]
}