{
  "train_loss": [
    0.638827036274804,
    0.6243725218772889,
    0.6170160176489088,
    0.6146811637348599,
    0.6149132601420084,
    0.6103032629224989,
    0.6113574392000835,
    0.6136343685785929,
    0.6116177074644301,
    0.6099835137791104,
    0.6094537416034275,
    0.6078386480013529,
    0.6034948862923516,
    0.6057967776192559,
    0.6047834371990628,
    0.6054489738676283,
    0.6042512725194296,
    0.6049988567564223,
    0.6039063033527798,
    0.6066054524845547,
    0.602762852244907,
    0.6012423072391087,
    0.6058201398319668,
    0.6012947492599487,
    0.6008784467909071,
    0.5988995754453871,
    0.6003016705513,
    0.6042467263009813,
    0.6013239990870158
  ],
  "val_loss": [
    0.6181341409683228,
    0.616978645324707,
    0.6156947612762451,
    0.6137732863426208,
    0.6160865426063538,
    0.6154414415359497,
    0.6244105100631714,
    0.6183849573135376,
    0.6205167174339294,
    0.6163566708564758,
    0.6182564496994019,
    0.6136613488197327,
    0.6094484925270081,
    0.624388575553894,
    0.6197608113288879,
    0.6133100390434265,
    0.6168306469917297,
    0.6154792308807373,
    0.604691743850708,
    0.6122809052467346,
    0.614955723285675,
    0.6186457276344299,
    0.610585629940033,
    0.6152292490005493,
    0.6123297214508057,
    0.6060308218002319,
    0.6129981279373169,
    0.610487699508667,
    0.6124172806739807
  ],
  "best_epoch": 18,
  "status": "underfit",
  "grad_norm": [
    0.2435711271964346,
    0.23585554241028406,
    0.22343770738112956,
    0.22550935834947186,
    0.2290060989548643,
    0.22920184697680873,
    0.2356403755963746,
    0.23815152886107654,
    0.23022646365399566,
    0.22783899259606702,
    0.2329421224883427,
    0.2353581584088925,
    0.22838587099499577,
    0.23814169801792118,
    0.2248390145699235,
    0.23299905938375737,
    0.22392206779165424,
    0.2308925881391747,
    0.23239395173802962,
    0.23928303717276017,
    0.23842723106944846,
    0.2307444980672094,
    0.23736030795888766,
    0.23470728464765803,
    0.23934862666542872,
    0.2380972886068416,
    0.2390472860763429,
    0.25688430397977413,
    0.23412144868743776
  ],
  "beta_std": [
    0.4081428050994873,
    0.3176482021808624,
    0.30966994166374207,
    0.4050977826118469,
    0.3471340835094452,
    0.28841549158096313,
    0.35173866152763367,
    0.289092481136322,
    0.4192541837692261,
    0.3963410258293152,
    0.4295201897621155,
    0.3749673664569855,
    0.4687362611293793,
    0.3766404092311859,
    0.28151071071624756,
    0.33338263630867004,
    0.3770790696144104,
    0.52923583984375,
    0.3441949486732483,
    0.33378148078918457,
    0.29493072628974915,
    0.5582703948020935,
    0.4842689335346222,
    0.42498400807380676,
    0.3817134499549866,
    0.5774291753768921,
    0.5007003545761108,
    0.355211079120636,
    0.3874874711036682
  ],
  "beta_mean": [
    -0.29210346937179565,
    -0.06693943589925766,
    -0.14053529500961304,
    0.0065305838361382484,
    -0.2335207164287567,
    -0.21239565312862396,
    -0.017094086855649948,
    -0.021615173667669296,
    -0.26320111751556396,
    -0.14357757568359375,
    -0.2461283802986145,
    -0.09536206722259521,
    0.08601614087820053,
    0.20923934876918793,
    -0.2569919526576996,
    -0.1639365702867508,
    -0.05698185786604881,
    -0.18785645067691803,
    -0.11540283262729645,
    -0.17666693031787872,
    -0.19180171191692352,
    -0.08168885111808777,
    -0.06159379333257675,
    -0.007800504565238953,
    0.14122235774993896,
    -0.0327683687210083,
    -0.07251495122909546,
    -0.12873296439647675,
    -0.11014582961797714
  ]
}