{
  "train_loss": [
    0.6433445969687568,
    0.6282764021025764,
    0.6238879469765557,
    0.6173532321718004,
    0.6206748905711704,
    0.6179929444524976,
    0.6158542865117391,
    0.615938063621521,
    0.615783351580302,
    0.613885703616672,
    0.6147241149478488,
    0.6137941007614136,
    0.6136882972187466,
    0.6113864740795559,
    0.6109282261530559,
    0.6104990078608195
  ],
  "val_loss": [
    0.6365697383880615,
    0.6335108280181885,
    0.6390615701675415,
    0.6401907801628113,
    0.6318288445472717,
    0.624218225479126,
    0.6283295750617981,
    0.6330305337905884,
    0.6300591826438904,
    0.6383126378059387,
    0.6239449381828308,
    0.6268039345741272,
    0.6255207061767578,
    0.6325985193252563,
    0.637808084487915,
    0.6235172152519226
  ],
  "best_epoch": 5,
  "status": "underfit",
  "grad_norm": [
    0.23383632177855293,
    0.22957316944422698,
    0.21593925879521642,
    0.21800133755488568,
    0.2257275045281126,
    0.217493604829395,
    0.2147752031796497,
    0.2207961209151698,
    0.2129409105068209,
    0.2143169830938581,
    0.21289685817674062,
    0.2111812688402637,
    0.21960914307991813,
    0.20646761387904375,
    0.21910503532740389,
    0.21826072534329624
  ],
  "beta_std": [
    0.31812435388565063,
    0.22905530035495758,
    0.3682909905910492,
    0.401679128408432,
    0.31445032358169556,
    0.21166405081748962,
    0.2977161407470703,
    0.3272973299026489,
    0.25620749592781067,
    0.3495035767555237,
    0.20528727769851685,
    0.23681215941905975,
    0.22183337807655334,
    0.3028726279735565,
    0.33532989025115967,
    0.2512105405330658
  ],
  "beta_mean": [
    -0.07694390416145325,
    -0.12143011391162872,
    0.1608515828847885,
    0.04768054187297821,
    -0.11677738279104233,
    -0.013392763212323189,
    -0.26045703887939453,
    -0.09789054095745087,
    -0.15344011783599854,
    -0.11425506323575974,
    -0.08173909783363342,
    -0.07996205240488052,
    -0.15599942207336426,
    -0.11548516899347305,
    -0.09272782504558563,
    -0.15913334488868713
  ]
}