{
  "train_loss": [
    0.9383725599366791,
    0.7964334686326873,
    0.7665671602938992,
    0.751153353444573,
    0.7445819932587293,
    0.7428597047485732,
    0.7197112491611991,
    0.7265992777417847,
    0.7182091723764294,
    0.7110406266859058,
    0.7004945176258649,
    0.7046832578252502,
    0.7061271204159103,
    0.6972569817047811,
    0.6951577310118816,
    0.6893793564534783,
    0.6925002557350124,
    0.6943427832488841,
    0.6907187740278352,
    0.6865020249165645,
    0.6792464231147247,
    0.6812527473551345,
    0.6768096516191824,
    0.6793819946226349,
    0.6754914904938263,
    0.6743505749843017,
    0.6709655178647463,
    0.6800877462438986,
    0.6751877217336036,
    0.6740982256508739,
    0.6641455847930475,
    0.6718008912609819,
    0.6661603647024453
  ],
  "val_loss": [
    0.7335742115974426,
    0.7144928574562073,
    0.6989765763282776,
    0.6957424879074097,
    0.6890763640403748,
    0.6728552579879761,
    0.6861929297447205,
    0.6688428521156311,
    0.6401839256286621,
    0.6677936315536499,
    0.7018768787384033,
    0.6602911353111267,
    0.6733956336975098,
    0.6344953775405884,
    0.6847312450408936,
    0.6626973152160645,
    0.6504042744636536,
    0.6465299725532532,
    0.6510221362113953,
    0.65231853723526,
    0.6491419076919556,
    0.6666692495346069,
    0.6175664067268372,
    0.6167206168174744,
    0.6269599199295044,
    0.6359509229660034,
    0.6398468613624573,
    0.6542066931724548,
    0.6523693799972534,
    0.6367995738983154,
    0.6401240825653076,
    0.6362860202789307,
    0.6423661708831787
  ],
  "best_epoch": 22,
  "status": "ok",
  "grad_norm": [
    0.8899744669885467,
    0.8199581908619923,
    0.7893909446450578,
    0.7786600865972712,
    0.7551942382837821,
    0.7814835794783924,
    0.7785070371695637,
    0.7450420253947797,
    0.7548574090450088,
    0.7608381754161501,
    0.7352336148609518,
    0.7440572016187971,
    0.7614798103152312,
    0.740636559014046,
    0.7491354139813314,
    0.7372909938614813,
    0.7686380163340775,
    0.7945800949433061,
    0.7905969601497088,
    0.7814605523404021,
    0.7811670073463327,
    0.796126999631845,
    0.7681223668707039,
    0.7560473484921462,
    0.7615540265790166,
    0.7798367635402311,
    0.7798771835361059,
    0.774334209932917,
    0.7852364538624388,
    0.772931772265739,
    0.7685253268830334,
    0.7948458880430818,
    0.7948466907247668
  ],
  "beta_std": [
    0.5571616291999817,
    0.6910178661346436,
    0.7440001964569092,
    0.6983733773231506,
    0.7859020233154297,
    0.7409274578094482,
    0.680968701839447,
    0.731039822101593,
    0.7899088859558105,
    0.754857063293457,
    0.5926688313484192,
    0.665909469127655,
    0.724469006061554,
    0.8332871198654175,
    0.6003133654594421,
    0.6575379371643066,
    0.6797941327095032,
    0.7626360058784485,
    0.7436555624008179,
    1.0056954622268677,
    0.8041092753410339,
    0.8035005927085876,
    0.7416203022003174,
    0.8516051769256592,
    0.7259526252746582,
    0.7282040119171143,
    0.7061144113540649,
    0.6848389506340027,
    0.7126722931861877,
    0.7738098502159119,
    0.7590610384941101,
    0.7231194376945496,
    0.8069316148757935
  ],
  "beta_mean": [
    -0.1363535374403,
    -0.17934924364089966,
    -0.07573246210813522,
    -0.08834207057952881,
    -0.2225252389907837,
    -0.1441158950328827,
    -0.08798807859420776,
    -0.2962227463722229,
    -0.17727680504322052,
    -0.4056797921657562,
    -0.2453629970550537,
    -0.422425240278244,
    -0.3386140763759613,
    -0.3136381506919861,
    -0.4319957196712494,
    -0.24209995567798615,
    -0.1348179429769516,
    -0.2484443634748459,
    -0.07236810773611069,
    -0.437502920627594,
    -0.12862978875637054,
    -0.04446781799197197,
    -0.1913272589445114,
    -0.1806497722864151,
    -0.17549456655979156,
    -0.25986447930336,
    -0.24272681772708893,
    -0.1487995833158493,
    -0.3661114573478699,
    -0.29499292373657227,
    -0.31294316053390503,
    -0.46037960052490234,
    -0.3603343665599823
  ]
}