{
  "train_loss": [
    0.9190014321787827,
    0.7590370076583897,
    0.7443261749349754,
    0.7343654078420868,
    0.729616039193947,
    0.7099892565182278,
    0.70996319358311,
    0.6961933949637035,
    0.7062929575405423,
    0.6944722702714051,
    0.6901523762008771,
    0.683554608346113,
    0.6809459291618157,
    0.6761480127602748,
    0.6703573351274001,
    0.672538764082115,
    0.6668825333080595,
    0.6671834711585185,
    0.6622608932237777,
    0.6653747003905627,
    0.6575500745892254,
    0.6510658040744107,
    0.644363861965214,
    0.6467077523672662,
    0.6383554128562512,
    0.6395959806280072,
    0.6519622717314567,
    0.6432887043271746,
    0.6383018555824989,
    0.6353426939235522,
    0.6387814559363454,
    0.6355940017570444,
    0.6443794246974175,
    0.638878245580764,
    0.6333583240606346,
    0.6281035663589599,
    0.6408046991376379,
    0.630018550684663,
    0.6295712223128667,
    0.6332953639311585,
    0.6233861572753274
  ],
  "val_loss": [
    0.764269232749939,
    0.7383685111999512,
    0.735378086566925,
    0.7374847531318665,
    0.7299923300743103,
    0.6988056898117065,
    0.711824893951416,
    0.7116706967353821,
    0.7543152570724487,
    0.6941900253295898,
    0.691268801689148,
    0.6915483474731445,
    0.6947958469390869,
    0.6775445342063904,
    0.7004466652870178,
    0.6714006662368774,
    0.6745092868804932,
    0.6904098987579346,
    0.6823828220367432,
    0.6718314290046692,
    0.6612757444381714,
    0.6713738441467285,
    0.6523826718330383,
    0.678090512752533,
    0.6679837703704834,
    0.6946197152137756,
    0.7035902142524719,
    0.683417797088623,
    0.6692320704460144,
    0.6625296473503113,
    0.6491314768791199,
    0.6793373227119446,
    0.6680936813354492,
    0.6571817398071289,
    0.6807805895805359,
    0.6729006171226501,
    0.6745315194129944,
    0.6587516069412231,
    0.6530608534812927,
    0.6736522912979126,
    0.6685657501220703
  ],
  "best_epoch": 30,
  "status": "ok",
  "grad_norm": [
    0.9006706574002072,
    0.797894371904671,
    0.7890567842078442,
    0.7743791816340794,
    0.7497194262465613,
    0.7736737393347642,
    0.7570120864691772,
    0.7469146497740414,
    0.8074474702789808,
    0.7768754010991951,
    0.7738108440858432,
    0.7978714749451746,
    0.7584821786208734,
    0.7651439785160788,
    0.8066294190115418,
    0.7774467997326316,
    0.7888610529149213,
    0.8002555913215202,
    0.7903433597430993,
    0.8012643470645404,
    0.8113693161645742,
    0.757287657552322,
    0.7995670307174622,
    0.7771507234964536,
    0.7856410958097111,
    0.8101399023884356,
    0.7917186049148711,
    0.7834869083379586,
    0.7797927293483418,
    0.7989264311399591,
    0.8197858524804368,
    0.7995906821484181,
    0.8120581152245931,
    0.7956705520592748,
    0.8073016255878891,
    0.8139409153389031,
    0.8591750816995927,
    0.8166295919662365,
    0.8056294086303907,
    0.8222419227958976,
    0.8008064475629897
  ],
  "beta_std": [
    0.9263992309570312,
    0.6209217309951782,
    0.7201402187347412,
    0.8064262866973877,
    0.7032507658004761,
    0.7207720875740051,
    0.6002376675605774,
    0.7467721700668335,
    0.5252292156219482,
    0.7747775912284851,
    0.7159730792045593,
    0.6474786996841431,
    0.4755457639694214,
    0.6860454082489014,
    0.673919141292572,
    0.882628321647644,
    0.7274284362792969,
    0.7156318426132202,
    0.718195378780365,
    0.7910144329071045,
    0.7081283926963806,
    0.727611243724823,
    0.8949131369590759,
    0.6579229831695557,
    0.7758051753044128,
    0.6230379343032837,
    0.5857881307601929,
    0.7009845972061157,
    0.8083891272544861,
    0.858475387096405,
    0.7394183278083801,
    0.9171943664550781,
    0.7345399856567383,
    0.7295228838920593,
    0.7036669850349426,
    0.7519450783729553,
    0.6704304218292236,
    0.7273074984550476,
    0.7219076156616211,
    0.7460912466049194,
    0.7073796391487122
  ],
  "beta_mean": [
    -0.3259814381599426,
    -0.363648384809494,
    -0.0568721778690815,
    -0.1941857486963272,
    -0.2055569887161255,
    -0.16371272504329681,
    -0.16637124121189117,
    -0.19649894535541534,
    0.10976173728704453,
    -0.3136964440345764,
    -0.2550620138645172,
    -0.10402040183544159,
    -0.07565920799970627,
    -0.1438658982515335,
    -0.22600555419921875,
    -0.44958463311195374,
    -0.1973811388015747,
    -0.19747625291347504,
    -0.018703017383813858,
    -0.08504186570644379,
    -0.18166407942771912,
    -0.17618611454963684,
    -0.21647541224956512,
    -0.15402662754058838,
    -0.27649587392807007,
    -0.07573533803224564,
    -0.18491077423095703,
    -0.07101760804653168,
    -0.2277527153491974,
    -0.398546427488327,
    -0.09701965004205704,
    -0.23942483961582184,
    -0.244871124625206,
    -0.22601009905338287,
    -0.1709616482257843,
    0.09522703289985657,
    -0.016514763236045837,
    -0.16869157552719116,
    -0.13628709316253662,
    -0.053315721452236176,
    -0.10098329931497574
  ]
}