{
  "train_loss": [
    0.9611186558967815,
    0.7851583679246794,
    0.7592185939790981,
    0.7523584689412798,
    0.7303771798032211,
    0.726001210493836,
    0.7163617859621978,
    0.7082727213024823,
    0.7011644225271921,
    0.6934506674742753,
    0.6922798748729991,
    0.682520567722061,
    0.679870328097657,
    0.6689326429853634,
    0.6753383592683442,
    0.6769860263314107,
    0.6583598419652233,
    0.6577482922817844,
    0.6641698663467183,
    0.6579718213773369,
    0.6621278298955385,
    0.655529483754078,
    0.6529342671911192,
    0.6507632595611538,
    0.6559177109984313,
    0.6400232683774295,
    0.6495087422481199,
    0.6501918432123266,
    0.6487853786842623,
    0.6448168272334162,
    0.6356045187195413,
    0.6438391338670605
  ],
  "val_loss": [
    0.8037974834442139,
    0.7095032930374146,
    0.7014895081520081,
    0.7121077179908752,
    0.6866967082023621,
    0.6744179129600525,
    0.6795190572738647,
    0.688184916973114,
    0.6444577574729919,
    0.6892269253730774,
    0.6817161440849304,
    0.6792981028556824,
    0.687815248966217,
    0.7001866102218628,
    0.6271029114723206,
    0.6401324272155762,
    0.6589304208755493,
    0.6614125370979309,
    0.6189151406288147,
    0.6362516283988953,
    0.6271533966064453,
    0.6169645190238953,
    0.6425214409828186,
    0.6223337054252625,
    0.6186500191688538,
    0.6227737069129944,
    0.6414845585823059,
    0.6204704642295837,
    0.6304252743721008,
    0.6189455389976501,
    0.6278391480445862,
    0.6239312887191772
  ],
  "best_epoch": 21,
  "status": "ok",
  "grad_norm": [
    0.8774987128586167,
    0.8038903086367318,
    0.7604356596692188,
    0.7713866012381211,
    0.7823925252465748,
    0.8050076115008302,
    0.7888389190241999,
    0.786327709101033,
    0.7618868598625106,
    0.8081225745322085,
    0.7952969586131673,
    0.7998186583781594,
    0.8215930215543912,
    0.7885160750995481,
    0.7867574744388593,
    0.8154792063018226,
    0.8233335401603948,
    0.8453650598124528,
    0.8105285619387677,
    0.8125796237710796,
    0.8205479339608064,
    0.8045129700243897,
    0.8398720362572459,
    0.8160762626198216,
    0.8451665105078198,
    0.8190450858390911,
    0.8234401625258039,
    0.8198352478245102,
    0.8550963173415373,
    0.8679063639497728,
    0.8321205292802094,
    0.8515563568836352
  ],
  "beta_std": [
    1.008741855621338,
    0.6327875852584839,
    0.6797165870666504,
    0.7456071972846985,
    0.676385760307312,
    0.7832545042037964,
    0.7958268523216248,
    0.7595458626747131,
    0.8978115916252136,
    0.7507576942443848,
    0.699852466583252,
    0.7621670961380005,
    0.5882235169410706,
    0.8796883821487427,
    0.8212656378746033,
    0.6154207587242126,
    0.7547151446342468,
    0.9134225249290466,
    0.8751652240753174,
    0.8639673590660095,
    0.9262146949768066,
    0.8881290555000305,
    0.7307485938072205,
    0.858291745185852,
    0.7993082404136658,
    0.7418524026870728,
    0.7622750401496887,
    0.8016890287399292,
    0.7181881070137024,
    0.7896159887313843,
    0.772750973701477,
    0.7361915707588196
  ],
  "beta_mean": [
    -0.4478698968887329,
    -0.19394390285015106,
    -0.17460256814956665,
    -0.20147694647312164,
    -0.033456336706876755,
    -0.2220885157585144,
    -0.08246935158967972,
    -0.2347574234008789,
    -0.371282160282135,
    -0.5945584177970886,
    -0.5023862719535828,
    -0.27886247634887695,
    -0.10701548308134079,
    -0.17361390590667725,
    -0.22704261541366577,
    -0.18358881771564484,
    -0.23152229189872742,
    -0.37431707978248596,
    -0.2532292902469635,
    -0.39668139815330505,
    -0.3767416775226593,
    -0.3820342421531677,
    -0.18769128620624542,
    -0.2151985466480255,
    -0.30171093344688416,
    -0.3376098573207855,
    -0.4837411344051361,
    -0.26744505763053894,
    -0.06674682348966599,
    -0.16539207100868225,
    -0.05036642774939537,
    -0.09592220187187195
  ]
}