{
  "train_loss": [
    0.9622271649421208,
    0.7820172907543831,
    0.7481918827206099,
    0.7288819945047772,
    0.720074879501412,
    0.7167046031173394,
    0.7053567772819882,
    0.7037503185185716,
    0.7031684370808591,
    0.6912697118966757,
    0.6985859280811145,
    0.705046243624352,
    0.6899145367194195,
    0.677919644401187,
    0.6752725316553699,
    0.6867280533524598,
    0.6651573689886772,
    0.6751968426228651,
    0.6676582758929454,
    0.6749714905983196,
    0.6673314125359464,
    0.6639459230461899,
    0.6606272231694522,
    0.6598169585204179,
    0.6629400351420551,
    0.6464696037796349,
    0.6532015655046147,
    0.6574530393628577,
    0.6519993117336783,
    0.6518564981127543,
    0.6472588955409944,
    0.6411398042897248,
    0.6484640961060989,
    0.6428751174014171,
    0.6444343253868777,
    0.6332875529925028,
    0.6380826103173687,
    0.6387450920886734,
    0.6277147394188948,
    0.6389831952497261,
    0.6273302130688345,
    0.6335956272354472,
    0.6331971997576776,
    0.6388396387738166,
    0.6320642365349664,
    0.6296505473368292,
    0.6309648911698875,
    0.6364280646350108
  ],
  "val_loss": [
    0.7445307374000549,
    0.7070532441139221,
    0.7266650199890137,
    0.6911601424217224,
    0.7305164337158203,
    0.6987708806991577,
    0.6710886359214783,
    0.6826711297035217,
    0.6795741319656372,
    0.6901177763938904,
    0.6934452652931213,
    0.6689506769180298,
    0.6736690402030945,
    0.6929139494895935,
    0.6507834196090698,
    0.6851403117179871,
    0.6536294221878052,
    0.659937858581543,
    0.6514158844947815,
    0.6399420499801636,
    0.6558530926704407,
    0.6455727219581604,
    0.6515336036682129,
    0.6501482129096985,
    0.652073860168457,
    0.6554775834083557,
    0.635320246219635,
    0.640376091003418,
    0.6407625079154968,
    0.6515156626701355,
    0.6336211562156677,
    0.6746045351028442,
    0.6260910630226135,
    0.6406916975975037,
    0.6389617919921875,
    0.6378690600395203,
    0.6700222492218018,
    0.6155858635902405,
    0.6446558237075806,
    0.6312080025672913,
    0.6357126235961914,
    0.6357908844947815,
    0.6163944602012634,
    0.6536531448364258,
    0.6317944526672363,
    0.6346115469932556,
    0.6172335743904114,
    0.6436731219291687
  ],
  "best_epoch": 37,
  "status": "ok",
  "grad_norm": [
    0.8809709073037472,
    0.8574424279916539,
    0.7939261290479086,
    0.7870325909761171,
    0.7828578982767798,
    0.799365268670152,
    0.773490926379711,
    0.7685600000219869,
    0.7442742656580189,
    0.7523519259681195,
    0.7873279396466203,
    0.7560046906180252,
    0.76577129786378,
    0.754626598833276,
    0.7204727909396426,
    0.7639969815134114,
    0.7257005390387428,
    0.7315526068616094,
    0.7716409812693127,
    0.7517738630882868,
    0.7743402528292718,
    0.774816533887351,
    0.7568830294871141,
    0.768176202691034,
    0.7760384144918555,
    0.7794545745206237,
    0.7579710670800336,
    0.7914840114442586,
    0.774603452140077,
    0.7839015068234181,
    0.7575184301666521,
    0.7673531172351997,
    0.7896855749395891,
    0.799706332039351,
    0.7797290209879826,
    0.7787314029369746,
    0.7713894966024547,
    0.7747543894299329,
    0.7907796201978049,
    0.7875224135329756,
    0.7951771617814252,
    0.7902204500678515,
    0.7847471935228908,
    0.8192483928534721,
    0.8015857905555834,
    0.7782594550774344,
    0.8177384928133502,
    0.7929467102820966
  ],
  "beta_std": [
    0.8623378276824951,
    0.6941068768501282,
    0.573824405670166,
    0.5906484723091125,
    0.7235120534896851,
    0.5779294967651367,
    0.6641374826431274,
    0.6762117743492126,
    0.6115060448646545,
    0.7046348452568054,
    0.6488785743713379,
    0.5489505529403687,
    0.5888433456420898,
    0.6526075601577759,
    0.8663457036018372,
    0.6325100064277649,
    0.6508365273475647,
    0.7225441932678223,
    0.6891834139823914,
    0.7999292016029358,
    0.7419313788414001,
    0.7029420137405396,
    0.7918862700462341,
    0.7157543301582336,
    0.6553969979286194,
    0.7831963896751404,
    0.636427104473114,
    0.6107080578804016,
    0.7626020908355713,
    0.8053081035614014,
    0.7470636367797852,
    0.7474200129508972,
    0.7736366391181946,
    0.7108855843544006,
    0.7625350952148438,
    0.7743051052093506,
    0.6816694140434265,
    0.8968495726585388,
    0.7155184745788574,
    0.6210551857948303,
    0.7555157542228699,
    0.6424394845962524,
    0.794748842716217,
    0.7322362065315247,
    0.6608814597129822,
    0.7325728535652161,
    0.8140398263931274,
    0.6484377980232239
  ],
  "beta_mean": [
    -0.3132079243659973,
    -0.18060943484306335,
    -0.24473951756954193,
    -0.30147019028663635,
    -0.17485666275024414,
    -0.15972088277339935,
    -0.17164891958236694,
    -0.3491501212120056,
    -0.06984279304742813,
    -0.1471657156944275,
    -0.2762749493122101,
    -0.34519055485725403,
    -0.26173800230026245,
    -0.12838897109031677,
    -0.23896686732769012,
    -0.14762043952941895,
    -0.08567320555448532,
    -0.27622392773628235,
    -0.28410476446151733,
    -0.2652610242366791,
    -0.17206339538097382,
    -0.10348011553287506,
    -0.3330068588256836,
    -0.35000142455101013,
    -0.1281062662601471,
    -0.3291049599647522,
    -0.32100117206573486,
    -0.21331141889095306,
    -0.14663167297840118,
    -0.32729294896125793,
    -0.2674712538719177,
    -0.1856507956981659,
    -0.20948776602745056,
    -0.32308316230773926,
    -0.19650287926197052,
    -0.21851402521133423,
    -0.2137552797794342,
    -0.33735114336013794,
    -0.1524723619222641,
    -0.1570703536272049,
    -0.2641744315624237,
    -0.24293607473373413,
    -0.29436883330345154,
    -0.05834689736366272,
    -0.21272937953472137,
    -0.1354837566614151,
    -0.29146769642829895,
    -0.1979374885559082
  ]
}