{
  "train_loss": [
    0.9372836715510102,
    0.7929170333068657,
    0.759058433216986,
    0.7440182428241047,
    0.7392288178002753,
    0.7291958318816291,
    0.7131883034630427,
    0.7143042102151987,
    0.7037230196723592,
    0.694655751127775,
    0.7050394584802814,
    0.7006275759802925,
    0.7113361398379008,
    0.6828732867089529,
    0.6822777540775654,
    0.6856141790511117,
    0.6725919743243799,
    0.6705947102062286,
    0.6745149004756729,
    0.6692238323542536,
    0.6626139298858557,
    0.6705804317716568,
    0.6627393464923176,
    0.6613805305930762,
    0.6665472181475892,
    0.6630465254221374,
    0.6524172515555574,
    0.6536956743047891,
    0.6503483635227696,
    0.6660012047847652,
    0.6518149920601963,
    0.6446932863216011,
    0.6385350023267491,
    0.6513200250612635
  ],
  "val_loss": [
    0.792710542678833,
    0.7864607572555542,
    0.7380217909812927,
    0.7212953567504883,
    0.7188273668289185,
    0.7020177245140076,
    0.7149416208267212,
    0.6951594352722168,
    0.7009810209274292,
    0.742148756980896,
    0.7222679853439331,
    0.6910163760185242,
    0.699853777885437,
    0.6766602993011475,
    0.6856215000152588,
    0.6880479454994202,
    0.6907444000244141,
    0.6920109987258911,
    0.6952543258666992,
    0.7023177146911621,
    0.7176995277404785,
    0.7305123209953308,
    0.6798442006111145,
    0.6516363024711609,
    0.6893596649169922,
    0.7060875296592712,
    0.70211261510849,
    0.6694339513778687,
    0.701096773147583,
    0.6669750809669495,
    0.6506801247596741,
    0.6565632820129395,
    0.66469806432724,
    0.6561899781227112
  ],
  "best_epoch": 23,
  "status": "ok",
  "grad_norm": [
    0.8615530577866438,
    0.8339499471860906,
    0.7999657842101257,
    0.7974304346613992,
    0.805007733893491,
    0.7761345416883412,
    0.7708198705754472,
    0.7640250105571675,
    0.7684335825873075,
    0.7705409063121827,
    0.8148711917448481,
    0.7973233214012825,
    0.8170358325642217,
    0.7609275341496586,
    0.7950125672193725,
    0.7818625984041945,
    0.7935421729151789,
    0.7892103226882035,
    0.7972291313104274,
    0.8248368933529997,
    0.8010200101697171,
    0.7792179038520832,
    0.7968613226648726,
    0.7932488438989126,
    0.8136272544149651,
    0.7823758562624493,
    0.7856870934428896,
    0.8102983099226709,
    0.7975254100404118,
    0.8426868177843767,
    0.804081150372723,
    0.7932445016658027,
    0.8223024692650726,
    0.8042261151184201
  ],
  "beta_std": [
    0.5978738069534302,
    0.8735001087188721,
    0.8062229752540588,
    0.7420200109481812,
    0.8609265089035034,
    0.7394130825996399,
    0.7261635661125183,
    0.8098785281181335,
    0.8562507629394531,
    0.8005306720733643,
    0.7320677638053894,
    0.8178468346595764,
    0.9153830409049988,
    0.752958357334137,
    0.8401409983634949,
    0.626613199710846,
    0.7442695498466492,
    0.6948979496955872,
    0.7087149024009705,
    0.7444994449615479,
    0.8513645529747009,
    0.6499248147010803,
    0.8029505610466003,
    0.7501909732818604,
    0.8018849492073059,
    0.6421266794204712,
    0.8276829123497009,
    0.7591288685798645,
    0.6575185656547546,
    0.6194782257080078,
    0.7130962014198303,
    0.6839618682861328,
    0.745719313621521,
    0.8181003928184509
  ],
  "beta_mean": [
    -0.1363624930381775,
    -0.4441302418708801,
    -0.14469566941261292,
    -0.3002821207046509,
    -0.22119754552841187,
    -0.20250989496707916,
    -0.2735239565372467,
    -0.31485962867736816,
    -0.29960834980010986,
    -0.21148601174354553,
    -0.5392935872077942,
    -0.16289517283439636,
    -0.07619500905275345,
    -0.17348794639110565,
    -0.18766635656356812,
    -0.1320643275976181,
    -0.37160274386405945,
    -0.28433936834335327,
    -0.22214189171791077,
    -0.22179587185382843,
    -0.12310890853404999,
    -0.04244599863886833,
    -0.1539999544620514,
    -0.30327749252319336,
    -0.2626205384731293,
    -0.1279580146074295,
    -0.2680782377719879,
    -0.21637672185897827,
    -0.3410702347755432,
    -0.20235702395439148,
    -0.3652900159358978,
    -0.20781943202018738,
    -0.19149549305438995,
    -0.286490797996521
  ]
}