{
  "train_loss": [
    0.9228347086582054,
    0.7875376399952808,
    0.7662688426149675,
    0.743140157334118,
    0.7521227707938543,
    0.7372009084067918,
    0.7363328795314106,
    0.7180672470674493,
    0.7093269769026309,
    0.7121284251851019,
    0.6952546389735474,
    0.6873205165473782,
    0.6704892063357122,
    0.6754182520907482,
    0.6728995928148023,
    0.6646605847103525,
    0.6747162891083023,
    0.6696023336343484,
    0.6645367995141045,
    0.6528952279058443,
    0.6549164097865963,
    0.6555199702851086,
    0.6448781162703119,
    0.6468130301996694,
    0.6461068089316492,
    0.6437668371633067,
    0.6490097788456075,
    0.6465161008088767,
    0.6470057706984262,
    0.6457317482857478,
    0.6383214911365725,
    0.6354250120738196,
    0.6398085670946947,
    0.6397232305706223,
    0.6408040524340001,
    0.640109529354675,
    0.6366724325145453,
    0.6339980458726688,
    0.6388224986134743,
    0.6464989392395193,
    0.6336220335527882,
    0.6306126512097123,
    0.6280853859151031,
    0.6220751918903014,
    0.6398621267877739,
    0.6379309285795337
  ],
  "val_loss": [
    0.762058675289154,
    0.6859696507453918,
    0.7134510278701782,
    0.7235811352729797,
    0.6881307363510132,
    0.6788404583930969,
    0.6815154552459717,
    0.70953768491745,
    0.6683549284934998,
    0.6425473690032959,
    0.6561387777328491,
    0.6393625736236572,
    0.615917444229126,
    0.6335322856903076,
    0.619949460029602,
    0.6123801469802856,
    0.6309863328933716,
    0.6196339130401611,
    0.6135848164558411,
    0.6131054759025574,
    0.6087591052055359,
    0.636337399482727,
    0.6111856698989868,
    0.6127183437347412,
    0.6050140857696533,
    0.6199835538864136,
    0.6046077609062195,
    0.6070306301116943,
    0.6033894419670105,
    0.614269495010376,
    0.618999719619751,
    0.6291572451591492,
    0.6120499968528748,
    0.6086435914039612,
    0.6182824373245239,
    0.5991755723953247,
    0.6421397924423218,
    0.6226663589477539,
    0.6198134422302246,
    0.6192982196807861,
    0.6380494236946106,
    0.6146477460861206,
    0.6180687546730042,
    0.6062580943107605,
    0.6061537265777588,
    0.6180031299591064
  ],
  "best_epoch": 35,
  "status": "ok",
  "grad_norm": [
    0.9328366828061043,
    0.7803839849387627,
    0.778062347409486,
    0.7221488129523943,
    0.7376373433412248,
    0.7470187235700257,
    0.7386716011300494,
    0.7341387204029225,
    0.7451321239336686,
    0.7728081706546007,
    0.8047962101332541,
    0.7728185475077468,
    0.814110174688057,
    0.8012600458161934,
    0.8174690616598713,
    0.8005744553320949,
    0.8363545603594837,
    0.8511545817074,
    0.820954466096094,
    0.8017018492167595,
    0.8395545030704522,
    0.8322222384340123,
    0.819238951866236,
    0.8086499461471668,
    0.8293915627771271,
    0.8610827526216627,
    0.8361955589973245,
    0.8345987711650984,
    0.876280743008049,
    0.8328427642220922,
    0.8443154535792419,
    0.8303631868477471,
    0.8338728266365827,
    0.8343466337919624,
    0.8593879344419074,
    0.8451138331687116,
    0.8690016318649805,
    0.824724950767791,
    0.8554116723743271,
    0.8705305912864785,
    0.8304310992033562,
    0.8147481248994154,
    0.8436944483362732,
    0.8414870982209601,
    0.897038860197112,
    0.8424844054440835
  ],
  "beta_std": [
    0.6062905192375183,
    0.7316302061080933,
    0.6048996448516846,
    0.5389828085899353,
    0.6957318782806396,
    0.6223565340042114,
    0.7449807524681091,
    0.5663649439811707,
    0.667184591293335,
    0.6843456625938416,
    0.8263642191886902,
    0.6648871302604675,
    0.7518941164016724,
    0.7120617032051086,
    0.6899582147598267,
    0.8349793553352356,
    0.8667647242546082,
    0.8353070020675659,
    0.921146810054779,
    0.7089951038360596,
    0.786007821559906,
    0.7350739240646362,
    0.6311583518981934,
    0.6545248031616211,
    0.6693149209022522,
    0.8587337136268616,
    0.6421509981155396,
    0.8344751596450806,
    0.7538787126541138,
    0.7118292450904846,
    0.5669827461242676,
    0.6386732459068298,
    0.8106933236122131,
    0.7971386909484863,
    0.7091927528381348,
    0.7985103130340576,
    0.6776211261749268,
    0.5943154096603394,
    0.8596083521842957,
    0.7069942355155945,
    0.7017396688461304,
    0.6721116900444031,
    0.6892418265342712,
    0.8574982285499573,
    0.7274571061134338,
    0.7194719314575195
  ],
  "beta_mean": [
    -0.022139884531497955,
    -0.22868570685386658,
    -0.28310829401016235,
    -0.21972404420375824,
    -0.05995534732937813,
    -0.22065003216266632,
    -0.2920839190483093,
    -0.23655788600444794,
    -0.2023373693227768,
    -0.4692157208919525,
    -0.22865384817123413,
    0.021266130730509758,
    -0.3072914779186249,
    -0.1655987799167633,
    -0.12265811115503311,
    -0.25420963764190674,
    -0.01890893653035164,
    -0.144245445728302,
    -0.1491190642118454,
    -0.4610772728919983,
    -0.11658147722482681,
    -0.015712302178144455,
    -0.09380868822336197,
    0.013651288114488125,
    -0.18536920845508575,
    -0.2265506088733673,
    -0.08240653574466705,
    -0.19778724014759064,
    0.005792217794805765,
    -0.038173139095306396,
    -0.026842016726732254,
    -0.1399679183959961,
    -0.2926865220069885,
    -0.14401875436306,
    -0.3123728930950165,
    -0.49452078342437744,
    -0.04194130375981331,
    -0.04445262625813484,
    0.004028775729238987,
    -0.19381238520145416,
    0.036745280027389526,
    -0.24820931255817413,
    -0.08940085768699646,
    -0.35044628381729126,
    -0.05555751547217369,
    -0.2268800586462021
  ]
}