{
  "train_loss": [
    0.9508476080364651,
    0.7815568415853712,
    0.7559018605020311,
    0.7428459830813938,
    0.7414257443216112,
    0.729587422158983,
    0.7188243602646722,
    0.711354469511244,
    0.7024207297431098,
    0.6974159451590644,
    0.6980930058161418,
    0.68744411500295,
    0.6935302288267348,
    0.677932800187005,
    0.6753203585412767,
    0.6695523794492085,
    0.6693404429753621,
    0.662064176718394,
    0.6667253561019898,
    0.666669618288676,
    0.6621992011600071,
    0.6490687674416437,
    0.656088855849372,
    0.6564330932829116,
    0.6450946870379978,
    0.6454131797154744,
    0.6388984528117709,
    0.6384918642044067,
    0.6384038684633043,
    0.6355368921491835,
    0.6328601098590427,
    0.6325977220535278,
    0.6302818762726254,
    0.6348112631903754,
    0.6260409299002754,
    0.6301945117314657,
    0.6338748260074192,
    0.6225708505842421
  ],
  "val_loss": [
    0.788029134273529,
    0.7572903037071228,
    0.7477519512176514,
    0.7851285338401794,
    0.7167826294898987,
    0.716113269329071,
    0.7209182381629944,
    0.6912664771080017,
    0.700654149055481,
    0.6726542711257935,
    0.7103440761566162,
    0.687263548374176,
    0.6756846904754639,
    0.683894693851471,
    0.6670135259628296,
    0.6424400210380554,
    0.6888962388038635,
    0.6531095504760742,
    0.6711902022361755,
    0.6741523146629333,
    0.6698393225669861,
    0.631733238697052,
    0.6770626902580261,
    0.6379147171974182,
    0.6419343948364258,
    0.6490952372550964,
    0.6400492191314697,
    0.6248746514320374,
    0.659696638584137,
    0.658315896987915,
    0.6459352374076843,
    0.699032723903656,
    0.6398612856864929,
    0.6599550247192383,
    0.656429648399353,
    0.6274741291999817,
    0.6299769282341003,
    0.640544056892395
  ],
  "best_epoch": 27,
  "status": "ok",
  "grad_norm": [
    0.8937846270443762,
    0.8200152606505946,
    0.7896743435084869,
    0.8474938252396514,
    0.776762368943453,
    0.8157832107184585,
    0.7813062278276476,
    0.7770058661474418,
    0.7839838856692396,
    0.7658625061187893,
    0.798672556563567,
    0.771292878376255,
    0.8043182784300805,
    0.7686671318262055,
    0.8026481970509327,
    0.7992106296315655,
    0.8303226031334656,
    0.788722264000623,
    0.8019068536148988,
    0.820324831479996,
    0.8230477860136277,
    0.8127018688002872,
    0.8151422087088308,
    0.8563066735228824,
    0.8144015767682158,
    0.8460625366433511,
    0.8716913647186287,
    0.8225172296415233,
    0.831401023197818,
    0.8446943243760414,
    0.8515970149129439,
    0.8616832830915467,
    0.8501422081570655,
    0.8527751170383326,
    0.8405746622425625,
    0.8460914863971704,
    0.8415594761778568,
    0.8216622582779269
  ],
  "beta_std": [
    0.6282098889350891,
    0.7010012865066528,
    0.8525132536888123,
    0.806129515171051,
    0.7928277850151062,
    0.6796823143959045,
    0.8707125186920166,
    0.8745742440223694,
    0.7163717746734619,
    0.9523522853851318,
    0.771770179271698,
    0.6690564155578613,
    0.8539720773696899,
    0.7673470377922058,
    0.6752512454986572,
    0.8232013583183289,
    0.8589451313018799,
    0.7101877331733704,
    0.7464795112609863,
    0.7940413355827332,
    0.6542907953262329,
    0.8800897598266602,
    0.7478704452514648,
    0.7781574130058289,
    0.747277557849884,
    0.8417690396308899,
    0.8349602818489075,
    0.8102694749832153,
    0.7096795439720154,
    0.8432206511497498,
    0.7120919227600098,
    0.7715924382209778,
    0.8878812789916992,
    0.8527937531471252,
    0.8536247611045837,
    0.9603940844535828,
    0.8045991063117981,
    0.8356651663780212
  ],
  "beta_mean": [
    -0.08908823877573013,
    -0.40626898407936096,
    -0.093437060713768,
    -0.3814103305339813,
    -0.40302032232284546,
    -0.3391324281692505,
    -0.4858097732067108,
    -0.4912027418613434,
    -0.20755156874656677,
    -0.33048033714294434,
    -0.1269795298576355,
    -0.051179565489292145,
    -0.42485907673835754,
    -0.2514759600162506,
    -0.1183377206325531,
    -0.08152798563241959,
    -0.0012955379206687212,
    -0.27417272329330444,
    -0.1665714830160141,
    -0.06877679377794266,
    -0.22310864925384521,
    -0.27793383598327637,
    -0.17403090000152588,
    -0.30577898025512695,
    -0.25187182426452637,
    -0.2533290684223175,
    -0.3741070628166199,
    -0.14737282693386078,
    -0.2537725567817688,
    -0.11832397431135178,
    -0.40415671467781067,
    -0.2465764880180359,
    -0.19596676528453827,
    -0.33725082874298096,
    -0.41540563106536865,
    -0.33809414505958557,
    -0.21948303282260895,
    -0.20922885835170746
  ]
}