{
  "train_loss": [
    2.464938587828829,
    1.9890765754544004,
    1.9442212492970923,
    1.8778816463725636,
    1.7947725311698828,
    1.7327650994670634,
    1.666711524770914,
    1.6440843495111617,
    1.6193228455087225,
    1.5906311455767712,
    1.5524898751252363,
    1.5607794359968363,
    1.5698452774899887,
    1.5169399250661975,
    1.5241387275341147,
    1.5198857032252548,
    1.5106883174437784,
    1.5235808296809121,
    1.5077100565644348,
    1.4743717367146292,
    1.4714258721626265,
    1.4835746788383881,
    1.4806128445666393,
    1.501717596205454,
    1.4761054899146497,
    1.4680135114392996,
    1.4651083799176206,
    1.4459263677229417,
    1.4318644627962522,
    1.433488119702761,
    1.4391024913917594,
    1.3810393212333558
  ],
  "val_loss": [
    1.954838752746582,
    1.8390189409255981,
    1.871430516242981,
    1.6517102718353271,
    1.6582568883895874,
    1.6152979135513306,
    1.546752691268921,
    1.5092600584030151,
    1.5868638753890991,
    1.5725206136703491,
    1.470218300819397,
    1.502140760421753,
    1.5442928075790405,
    1.460079312324524,
    1.4724692106246948,
    1.4807207584381104,
    1.4640182256698608,
    1.5263001918792725,
    1.5202240943908691,
    1.48483145236969,
    1.4422993659973145,
    1.3924354314804077,
    1.5535961389541626,
    1.4637724161148071,
    1.581810474395752,
    1.3937824964523315,
    1.5405170917510986,
    1.5428495407104492,
    1.4955809116363525,
    1.4123599529266357,
    1.4813458919525146,
    1.4526481628417969
  ],
  "best_epoch": 21,
  "status": "ok",
  "grad_norm": [
    3.3394080894760356,
    2.9989193545323967,
    3.0625587369520013,
    2.9006397331713556,
    3.11764116060793,
    3.0302944361186652,
    2.8701397101078934,
    2.981126797275158,
    2.7943979472994753,
    2.7820274110801826,
    2.7506810998819553,
    2.8801710584058617,
    2.824023577985245,
    2.73535440154265,
    2.7707652738068025,
    2.812984931713115,
    2.6870499174520366,
    2.929583005831766,
    2.709104020249986,
    2.5591653463446375,
    2.7622784922368813,
    2.7886859275359708,
    2.72120882398589,
    2.760675209238549,
    2.7375289693550844,
    2.705115150755272,
    2.7774749956412754,
    2.777655464816132,
    2.6881473453289413,
    2.654304788242094,
    2.7237829583255784,
    2.631438120912263
  ],
  "beta_std": [
    0.825468122959137,
    0.7305184602737427,
    0.8298178911209106,
    0.7122777104377747,
    0.6245843768119812,
    0.6985024809837341,
    0.5857990384101868,
    0.6079740524291992,
    0.7091707587242126,
    0.7560213208198547,
    0.8219262957572937,
    0.7755834460258484,
    0.8407803177833557,
    0.6909650564193726,
    0.7936215400695801,
    0.6599776744842529,
    0.8310450911521912,
    0.6764903664588928,
    0.8502039909362793,
    0.7582966685295105,
    0.7374832034111023,
    0.8965989351272583,
    0.5770776271820068,
    0.6174229979515076,
    0.834274172782898,
    0.625926673412323,
    0.650205135345459,
    0.683411717414856,
    0.6128408908843994,
    0.7681528925895691,
    0.7189927697181702,
    0.6275982856750488
  ],
  "beta_mean": [
    -0.209475576877594,
    -0.17387044429779053,
    -0.19107124209403992,
    -0.11389753222465515,
    -0.10201583802700043,
    -0.019063172861933708,
    -0.07456722110509872,
    -0.12613844871520996,
    -0.28208795189857483,
    -0.09536872059106827,
    0.021136118099093437,
    0.04058591276407242,
    -0.08286122977733612,
    -0.187909334897995,
    -0.004138887394219637,
    -0.22630801796913147,
    -0.027556447312235832,
    -0.01582091860473156,
    0.2011861354112625,
    -0.11960572749376297,
    -0.3355395793914795,
    -0.11735392361879349,
    -0.07023333013057709,
    -0.1550566405057907,
    0.0992421954870224,
    -0.08778861910104752,
    -0.13153688609600067,
    -0.1419592946767807,
    -0.15518860518932343,
    -0.14737020432949066,
    -0.21608968079090118,
    -0.14587467908859253
  ]
}