{
  "train_loss": [
    2.3918256484137643,
    1.9120930412080552,
    1.8804770573510063,
    1.840729519950019,
    1.810047786500719,
    1.7569535013834636,
    1.7345655926598442,
    1.718813275443183,
    1.7126063942379421,
    1.685286487367418,
    1.6793296563890245,
    1.638979662153456,
    1.6099675533506606,
    1.6118219271765815,
    1.6089376882976956,
    1.5854955721961128,
    1.5657992338604396,
    1.5672822178734673,
    1.532559325536092,
    1.5236376659605237,
    1.525608446545071,
    1.5102019739151,
    1.5115076689190334,
    1.517015840848287,
    1.5098776033189563,
    1.4640748937394883,
    1.5037186739179824,
    1.4719699704911973,
    1.4740517156389024,
    1.4632359811994764,
    1.44720456038581,
    1.457297383096483,
    1.4127383900748358,
    1.4246773868136935,
    1.4539008667204114,
    1.3941208130518596,
    1.44170021226671,
    1.4481965521706475,
    1.3964048523373074,
    1.4191159070862664,
    1.425549125459459,
    1.3982437213261922,
    1.3905092923906115,
    1.3825797850290935,
    1.3841639165878297,
    1.4087704440222846,
    1.394687415017022,
    1.3622933405770197,
    1.3756226817237007,
    1.3682695166269938
  ],
  "val_loss": [
    2.0092291831970215,
    1.8157203197479248,
    1.7759147882461548,
    1.6659772396087646,
    1.6612224578857422,
    1.668473720550537,
    1.5505266189575195,
    1.6093206405639648,
    1.5995674133300781,
    1.6102718114852905,
    1.6888178586959839,
    1.5747957229614258,
    1.5819214582443237,
    1.5304644107818604,
    1.5673452615737915,
    1.5439231395721436,
    1.6214004755020142,
    1.5461437702178955,
    1.5097748041152954,
    1.6828746795654297,
    1.5556691884994507,
    1.5866782665252686,
    1.5467060804367065,
    1.4455790519714355,
    1.4464830160140991,
    1.441391110420227,
    1.481573462486267,
    1.441930890083313,
    1.5074366331100464,
    1.6855438947677612,
    1.477745532989502,
    1.465652346611023,
    1.453768253326416,
    1.4471815824508667,
    1.4347608089447021,
    1.4508177042007446,
    1.5315241813659668,
    1.4878242015838623,
    1.4848765134811401,
    1.3887797594070435,
    1.6350948810577393,
    1.5058130025863647,
    1.4933876991271973,
    1.4002984762191772,
    1.4196442365646362,
    1.5026493072509766,
    1.4605461359024048,
    1.4536279439926147,
    1.4208368062973022,
    1.4370590448379517
  ],
  "best_epoch": 39,
  "status": "ok",
  "grad_norm": [
    3.3525348440851497,
    2.8455716324778675,
    2.7229607104498816,
    2.693030571262284,
    2.6745910853726578,
    2.6219390277403054,
    2.529399642878535,
    2.660693755839932,
    2.6461390035768577,
    2.6066285568911427,
    2.655777858832744,
    2.72853015441448,
    2.667178391687649,
    2.575481592479775,
    2.627480151489405,
    2.7399767451634376,
    2.671417346053432,
    2.7573333892134073,
    2.646045538019954,
    2.6501469959109487,
    2.6751607580940178,
    2.6545827449871924,
    2.6753717017073053,
    2.7233223050176902,
    2.725886051768137,
    2.72492046468623,
    2.8122835104822683,
    2.5900546102366806,
    2.701889994872782,
    2.6036677625470017,
    2.710250793042845,
    2.7764837661358306,
    2.6186061294030454,
    2.7668075617089163,
    2.695880853532149,
    2.6571285663989785,
    2.71298886212893,
    2.821495848224216,
    2.5220633515301603,
    2.666245228256995,
    2.7794713681437644,
    2.6190497059574414,
    2.8374101146094506,
    2.645159520972679,
    2.7518585097027275,
    2.7255686065069282,
    2.758918410962996,
    2.572586753434496,
    2.666181510766741,
    2.6565977928910725
  ],
  "beta_std": [
    0.6804847717285156,
    0.5431183576583862,
    0.7142825126647949,
    0.6088609099388123,
    0.7493823766708374,
    0.6312275528907776,
    0.7475000619888306,
    0.8091315627098083,
    0.720349133014679,
    0.6483905911445618,
    0.6164761185646057,
    0.6946398019790649,
    0.8301960825920105,
    0.7689107060432434,
    0.6711015701293945,
    0.4975931942462921,
    0.5928978323936462,
    0.7547966837882996,
    0.7350033521652222,
    0.6759791374206543,
    0.6742125153541565,
    0.5616912245750427,
    0.6458050012588501,
    0.5554332733154297,
    0.7666688561439514,
    0.746351957321167,
    0.6819058060646057,
    0.7531801462173462,
    0.7598361968994141,
    0.6622365117073059,
    0.6653131246566772,
    0.6853440999984741,
    0.7410407662391663,
    0.5637336373329163,
    0.7271905541419983,
    0.6838228106498718,
    0.7507889866828918,
    0.6877753734588623,
    0.7816935777664185,
    0.7395534515380859,
    0.5880597233772278,
    0.791463315486908,
    0.8072004914283752,
    0.6472649574279785,
    0.722969114780426,
    0.6819669008255005,
    0.6995766162872314,
    0.893248975276947,
    0.7070882320404053,
    0.7044947147369385
  ],
  "beta_mean": [
    -0.04655535891652107,
    -0.24959655106067657,
    -0.3795660138130188,
    -0.20840096473693848,
    -0.24784836173057556,
    -0.26464635133743286,
    -0.18709467351436615,
    -0.08677282184362411,
    -0.2689986228942871,
    -0.14833112061023712,
    -0.08459567278623581,
    -0.2124340832233429,
    -0.16283956170082092,
    -0.20500756800174713,
    -0.1872694492340088,
    -0.32930663228034973,
    -0.2206428200006485,
    -0.17799074947834015,
    -0.31278541684150696,
    -0.15761840343475342,
    -0.27789053320884705,
    -0.44990044832229614,
    -0.06813810765743256,
    -0.11756760627031326,
    -0.2714124619960785,
    -0.28560060262680054,
    -0.3009845018386841,
    -0.19577783346176147,
    -0.18844589591026306,
    -0.39319512248039246,
    -0.4942244291305542,
    -0.19473902881145477,
    -0.16395370662212372,
    -0.30856993794441223,
    -0.17218716442584991,
    -0.20079214870929718,
    -0.21484048664569855,
    -0.2707424759864807,
    -0.2847941219806671,
    -0.2311529815196991,
    -0.385954350233078,
    -0.40834808349609375,
    0.06459805369377136,
    -0.3118043839931488,
    -0.21087051928043365,
    -0.3804517090320587,
    -0.2827266752719879,
    -0.06823764741420746,
    -0.2022102028131485,
    -0.25440457463264465
  ]
}