{
  "train_loss": [
    2.5061626777648924,
    2.0225444139904445,
    2.012372043185764,
    1.9326279813978406,
    1.8409843379126656,
    1.8238409197065566,
    1.78398470348782,
    1.7301371048821343,
    1.6890581630071004,
    1.6749507591459487,
    1.678934921052721,
    1.6497228781382243,
    1.6138586978912353,
    1.5743055131700303,
    1.575060525894165,
    1.5675708456039428,
    1.5641481965382893,
    1.5347917873594497,
    1.537711162355211,
    1.5136829560597738,
    1.502256876203749,
    1.490829467455546,
    1.4999860547383626,
    1.4784715033637152,
    1.483844140264723,
    1.500597742822435,
    1.4706729945076837,
    1.45693146387736,
    1.465125608444214,
    1.447744715478685,
    1.4405113680097792,
    1.4243017705281575,
    1.4368805111779106,
    1.4656189323001438,
    1.4268029398388333,
    1.4085862828360665,
    1.4591159144507515,
    1.4137208819919163
  ],
  "val_loss": [
    2.08705472946167,
    1.824051022529602,
    1.867066740989685,
    1.7190663814544678,
    1.710961937904358,
    1.7041435241699219,
    1.6841295957565308,
    1.781622052192688,
    1.601572036743164,
    1.60009765625,
    1.6825263500213623,
    1.5066828727722168,
    1.5657243728637695,
    1.4888001680374146,
    1.4987695217132568,
    1.4850223064422607,
    1.4975861310958862,
    1.494758129119873,
    1.5464141368865967,
    1.471581220626831,
    1.534476637840271,
    1.5178881883621216,
    1.4644932746887207,
    1.494504690170288,
    1.5278717279434204,
    1.485447883605957,
    1.5335614681243896,
    1.4109567403793335,
    1.5378196239471436,
    1.4561166763305664,
    1.507299780845642,
    1.4506118297576904,
    1.5532305240631104,
    1.547232747077942,
    1.435395359992981,
    1.6021193265914917,
    1.5496201515197754,
    1.5770119428634644
  ],
  "best_epoch": 27,
  "status": "ok",
  "grad_norm": [
    3.5107398041589613,
    3.0743070914578636,
    3.4086214343557875,
    3.2245350956934677,
    2.898707546272763,
    3.0541841039362576,
    3.131434625812124,
    2.750617174355927,
    2.952500791903698,
    2.9146919682167014,
    3.011198632113763,
    2.9200360081482577,
    2.8618736017364412,
    2.7242069247779894,
    2.7641521717221385,
    2.8108730381327525,
    2.9347563485112205,
    2.7628216472719407,
    2.863153799008398,
    2.8179130587542556,
    2.7821272166007898,
    2.7447394618220553,
    2.7005669991209578,
    2.7392375683015953,
    2.8968723610317286,
    2.7596771022536624,
    2.834875975902362,
    2.697106860717447,
    2.862804295856578,
    2.75394195714498,
    2.7222670046557758,
    2.7441031770224527,
    2.7648530192857175,
    2.8360431644056185,
    2.791019501228034,
    2.7462194988650483,
    2.878733222049531,
    2.702959566175701
  ],
  "beta_std": [
    0.5608564019203186,
    0.7266967296600342,
    0.6825876235961914,
    0.6405617594718933,
    0.8166490793228149,
    0.7541963458061218,
    0.6450695991516113,
    1.0155781507492065,
    0.79513019323349,
    0.6606809496879578,
    0.8044389486312866,
    0.8969168066978455,
    0.6993196606636047,
    0.8447584509849548,
    0.7460387349128723,
    0.73868328332901,
    0.7147471308708191,
    0.6768567562103271,
    0.7187595367431641,
    0.8986009955406189,
    0.6998319029808044,
    0.8047060966491699,
    0.7456618547439575,
    0.7578520178794861,
    0.7344676852226257,
    0.8711534738540649,
    0.8426660299301147,
    0.8265487551689148,
    0.8077743053436279,
    0.8105278611183167,
    0.8661352396011353,
    0.8299199938774109,
    0.7196248173713684,
    0.6808470487594604,
    0.761162519454956,
    1.0534521341323853,
    0.8443915843963623,
    0.851762056350708
  ],
  "beta_mean": [
    -0.1477123349905014,
    -0.3600020110607147,
    -0.31162360310554504,
    -0.16869573295116425,
    -0.21795912086963654,
    -0.13103970885276794,
    -0.2881625294685364,
    -0.2212863713502884,
    -0.24529238045215607,
    -0.0758625790476799,
    -0.44831621646881104,
    -0.17499002814292908,
    -0.31840455532073975,
    -0.1302758902311325,
    -0.17500025033950806,
    -0.3548828661441803,
    -0.11103278398513794,
    -0.16462628543376923,
    -0.15096384286880493,
    -0.2534957826137543,
    -0.4247240126132965,
    -0.025242244824767113,
    -0.268332839012146,
    -0.2586617171764374,
    -0.3361407518386841,
    -0.2524488866329193,
    -0.07111970335245132,
    -0.17881745100021362,
    -0.22257651388645172,
    -0.19355446100234985,
    -0.03645320236682892,
    -0.18296952545642853,
    -0.07900453358888626,
    -0.36502721905708313,
    -0.2383076548576355,
    -0.24544434249401093,
    -0.3366546332836151,
    -0.32012805342674255
  ]
}