{
  "train_loss": [
    1.6581237813046104,
    1.5424794898116798,
    1.5241034433019092,
    1.5175547790806196,
    1.5182971487826074,
    1.5086881991157755,
    1.5157483187892982,
    1.5050402723278915,
    1.4900522591496073,
    1.4996903961583188,
    1.4961541398366291,
    1.4939558043396264
  ],
  "val_loss": [
    1.5742541551589966,
    1.51679527759552,
    1.5182321071624756,
    1.547811508178711,
    1.5269485712051392,
    1.556301474571228,
    1.5227267742156982,
    1.5319703817367554,
    1.5248196125030518,
    1.5418092012405396,
    1.525357961654663,
    1.5241411924362183
  ],
  "best_epoch": 1,
  "status": "underfit",
  "grad_norm": [
    0.782367178992527,
    0.6368857710701039,
    0.5969659686542627,
    0.5983929396700831,
    0.6128681890617256,
    0.5958522099022383,
    0.6153170271463592,
    0.5753646755270414,
    0.5504125656721055,
    0.5592575683031287,
    0.5551659088186285,
    0.5885893756171819
  ],
  "beta_std": [
    0.3012560307979584,
    0.17829813063144684,
    0.30960506200790405,
    0.29833102226257324,
    0.1661680042743683,
    0.135248601436615,
    0.22932446002960205,
    0.20571322739124298,
    0.2769984006881714,
    0.23851250112056732,
    0.2465471774339676,
    0.2775895297527313
  ],
  "beta_mean": [
    -0.12880700826644897,
    -0.038397546857595444,
    -0.005767287686467171,
    -0.05667829513549805,
    0.053445473313331604,
    -0.009122880175709724,
    -0.11004841327667236,
    -0.18529841303825378,
    -0.03833390399813652,
    -0.1280955672264099,
    -0.17457495629787445,
    -0.2508678436279297
  ]
}