{
  "train_loss": [
    1.6713210469240334,
    1.5389873474522642,
    1.526549298693562,
    1.5149768956223426,
    1.5122967893198918,
    1.5026917510841324,
    1.4973009405080338,
    1.5005197260672587,
    1.4960861249834474,
    1.491561289725945,
    1.4916782919286984,
    1.4872901672787135,
    1.4843668540039954,
    1.4875934750294826,
    1.4835446514999657,
    1.490091223214802,
    1.4781318912171482,
    1.4784124379130135,
    1.481264630702504,
    1.4728015984150402
  ],
  "val_loss": [
    1.6217330694198608,
    1.5968029499053955,
    1.5854833126068115,
    1.585972547531128,
    1.6220473051071167,
    1.5843732357025146,
    1.637150526046753,
    1.5953361988067627,
    1.6253478527069092,
    1.577895998954773,
    1.6270201206207275,
    1.5958714485168457,
    1.5953705310821533,
    1.5952562093734741,
    1.6093541383743286,
    1.6115573644638062,
    1.590966820716858,
    1.5877221822738647,
    1.6104806661605835,
    1.6067603826522827
  ],
  "best_epoch": 9,
  "status": "underfit",
  "grad_norm": [
    0.7478955968075608,
    0.6186933102295216,
    0.604191322910817,
    0.5905365780505819,
    0.6037980178452207,
    0.5481045841904892,
    0.5399731160546896,
    0.5464571587975406,
    0.534892824516435,
    0.5002491185301957,
    0.5376837356773223,
    0.5144966928650658,
    0.5184470571279141,
    0.5362087074471115,
    0.5167543480697091,
    0.5395004335171685,
    0.49894822042900805,
    0.4999579173981129,
    0.5358554729161726,
    0.48041780739639706
  ],
  "beta_std": [
    0.2805369198322296,
    0.273106187582016,
    0.20821884274482727,
    0.19185097515583038,
    0.1709406077861786,
    0.18032504618167877,
    0.19715231657028198,
    0.20319291949272156,
    0.2069719135761261,
    0.25641897320747375,
    0.18980473279953003,
    0.13535518944263458,
    0.1767754852771759,
    0.17034108936786652,
    0.2044544219970703,
    0.2165514975786209,
    0.2067158818244934,
    0.22445854544639587,
    0.21346458792686462,
    0.2010469138622284
  ],
  "beta_mean": [
    -0.0529930554330349,
    0.028162600472569466,
    -0.07351356744766235,
    -0.09923089295625687,
    0.0943911224603653,
    0.02885587140917778,
    -0.21622371673583984,
    -0.11978315562009811,
    -0.1344691962003708,
    -0.12277135998010635,
    -0.013389771804213524,
    -0.016431408002972603,
    -0.09424104541540146,
    -0.0057635074481368065,
    -0.09850070625543594,
    -0.0636470690369606,
    -0.06212040036916733,
    -0.14897893369197845,
    -0.18526209890842438,
    -0.01167120411992073
  ]
}