{
  "train_loss": [
    1.6919721413495248,
    1.5796347594400595,
    1.5613626850139328,
    1.5571714346311245,
    1.5486163475360089,
    1.537812754034299,
    1.5364379200182463,
    1.5376636066492537,
    1.526501983508729,
    1.5324786039263185,
    1.5270339647092317,
    1.5236135077337076,
    1.5212573908644114,
    1.512824435010988,
    1.5162167090979235,
    1.525215511266251,
    1.524031421929075,
    1.5060363128450183,
    1.51265742901473
  ],
  "val_loss": [
    1.5730534791946411,
    1.5179842710494995,
    1.5184588432312012,
    1.5148407220840454,
    1.523258924484253,
    1.5173779726028442,
    1.521615982055664,
    1.514021635055542,
    1.5090408325195312,
    1.5083980560302734,
    1.5332789421081543,
    1.528734564781189,
    1.5192633867263794,
    1.5226824283599854,
    1.540015697479248,
    1.535042643547058,
    1.5169219970703125,
    1.5340620279312134,
    1.5223153829574585
  ],
  "best_epoch": 8,
  "status": "underfit",
  "grad_norm": [
    0.7793460096879162,
    0.6729222793299922,
    0.649471662184599,
    0.640990465787456,
    0.608796606167522,
    0.6158686348133126,
    0.5890372659896548,
    0.5876734531985169,
    0.5682887857551366,
    0.5803014438597732,
    0.5703440901994492,
    0.587253867876116,
    0.5881661669015898,
    0.5261262368621689,
    0.5441258471900838,
    0.59173266961891,
    0.573819385660909,
    0.5180580200335482,
    0.5650959935160149
  ],
  "beta_std": [
    0.2868709862232208,
    0.23714953660964966,
    0.31724655628204346,
    0.1440386027097702,
    0.2507840394973755,
    0.20507550239562988,
    0.24443909525871277,
    0.22979974746704102,
    0.23438479006290436,
    0.12457937002182007,
    0.20225323736667633,
    0.26776599884033203,
    0.3120534420013428,
    0.1983141005039215,
    0.28012144565582275,
    0.17756809294223785,
    0.24286076426506042,
    0.20087815821170807,
    0.19445665180683136
  ],
  "beta_mean": [
    -0.06514254957437515,
    -0.08079349249601364,
    -0.16185511648654938,
    -0.09894950687885284,
    -0.13737109303474426,
    -0.11675501614809036,
    -0.16932113468647003,
    0.06346861273050308,
    -0.05173991248011589,
    -0.07559119164943695,
    0.03855730593204498,
    -0.21554888784885406,
    -0.14540527760982513,
    -0.0037869273219257593,
    -0.0019404679769650102,
    -0.10461465269327164,
    -0.09075447171926498,
    -0.042094841599464417,
    -0.1516318917274475
  ]
}