{
  "train_loss": [
    1.6924556085240772,
    1.5703131666518095,
    1.5574143538000988,
    1.541810295707301,
    1.5332140534384209,
    1.5287821064497296,
    1.530630550049899,
    1.5234301885805632,
    1.5173632341518737,
    1.5132402903573554,
    1.5085781002881233,
    1.5085891837404486,
    1.4994008699774044,
    1.5042076888837312,
    1.5108933121419093,
    1.5013114464631554,
    1.4969604770760787,
    1.4993928877791467,
    1.490549778743097,
    1.499597778125116
  ],
  "val_loss": [
    1.516516923904419,
    1.4931039810180664,
    1.46680748462677,
    1.473803162574768,
    1.4676275253295898,
    1.4873614311218262,
    1.4599673748016357,
    1.4580707550048828,
    1.4812171459197998,
    1.454295039176941,
    1.4645147323608398,
    1.4553316831588745,
    1.4703576564788818,
    1.4590486288070679,
    1.4557316303253174,
    1.4686508178710938,
    1.4982877969741821,
    1.482527494430542,
    1.4662208557128906,
    1.4770283699035645
  ],
  "best_epoch": 9,
  "status": "underfit",
  "grad_norm": [
    0.7915767523113876,
    0.6783976931165506,
    0.6387509429473126,
    0.6285933508557349,
    0.6051634314592852,
    0.605616321751848,
    0.586023812485819,
    0.5640676457455005,
    0.5607190686363251,
    0.5557975102673708,
    0.5566980314669844,
    0.5544393847334204,
    0.55125879682915,
    0.5677281084346419,
    0.5722918352357848,
    0.5480417001980182,
    0.54823362183018,
    0.545819230545713,
    0.49879319414381323,
    0.5468271833747328
  ],
  "beta_std": [
    0.3276873528957367,
    0.3238274157047272,
    0.25860998034477234,
    0.21030458807945251,
    0.2655452489852905,
    0.20102819800376892,
    0.31035563349723816,
    0.16869473457336426,
    0.28552502393722534,
    0.22701995074748993,
    0.29649385809898376,
    0.20675820112228394,
    0.22331301867961884,
    0.31734782457351685,
    0.25550031661987305,
    0.20594999194145203,
    0.150447279214859,
    0.31026503443717957,
    0.2168015092611313,
    0.27357402443885803
  ],
  "beta_mean": [
    -0.22036534547805786,
    -0.069898821413517,
    0.012771498411893845,
    -0.036152541637420654,
    0.0548018142580986,
    -0.061725880950689316,
    0.048584528267383575,
    -0.06199062988162041,
    0.09249560534954071,
    -0.12775564193725586,
    0.017556918784976006,
    -0.08209185302257538,
    -0.05061367154121399,
    -0.15525631606578827,
    -0.09673220664262772,
    -0.06751291453838348,
    -0.15814675390720367,
    0.015039356425404549,
    -0.12800739705562592,
    -0.07969170808792114
  ]
}