{
  "train_loss": [
    1.699260530499687,
    1.5758855611120748,
    1.567920778648198,
    1.550738394776283,
    1.544891755511189,
    1.5469948099370587,
    1.5365727743349578,
    1.538541577657064,
    1.5361482471053363,
    1.527856565107379,
    1.5288683374304521,
    1.5245976161399082,
    1.5226252283129775,
    1.5260857072629426,
    1.5171049797883507,
    1.5170419681839078,
    1.5178202640522294,
    1.515753889028092
  ],
  "val_loss": [
    1.5874863862991333,
    1.5682815313339233,
    1.5548282861709595,
    1.5680232048034668,
    1.5692585706710815,
    1.5738381147384644,
    1.5807442665100098,
    1.5494093894958496,
    1.5682250261306763,
    1.5546987056732178,
    1.5569336414337158,
    1.5627045631408691,
    1.5758997201919556,
    1.5556833744049072,
    1.583882212638855,
    1.5971428155899048,
    1.5492722988128662,
    1.5560436248779297
  ],
  "best_epoch": 7,
  "status": "underfit",
  "grad_norm": [
    0.7474663002489002,
    0.618351707536796,
    0.663237590695379,
    0.5784781163049614,
    0.5645147448128448,
    0.5803102200188105,
    0.5705903665743518,
    0.5567566519028259,
    0.5679766926576386,
    0.5169549037235944,
    0.5274083013222505,
    0.5334274904489338,
    0.5478941237005076,
    0.5378669141094491,
    0.5311806655544657,
    0.5318318593776072,
    0.5004714249799143,
    0.5305970164216185
  ],
  "beta_std": [
    0.2641652822494507,
    0.22767280042171478,
    0.18490904569625854,
    0.2171219140291214,
    0.23312579095363617,
    0.27015194296836853,
    0.2204463928937912,
    0.1895727962255478,
    0.21867024898529053,
    0.1735694408416748,
    0.16927501559257507,
    0.1872253268957138,
    0.18745484948158264,
    0.2675936818122864,
    0.2607763111591339,
    0.22118021547794342,
    0.20482271909713745,
    0.19095613062381744
  ],
  "beta_mean": [
    -0.1774524748325348,
    -0.03381149470806122,
    -0.013783467002213001,
    -0.11255083233118057,
    -0.085246242582798,
    -0.14704124629497528,
    -0.16040940582752228,
    0.003874185960739851,
    -0.1300501525402069,
    -0.057841893285512924,
    -0.06559273600578308,
    -0.11481282114982605,
    -0.04988352209329605,
    -0.10589128732681274,
    -0.2544630169868469,
    -0.08804212510585785,
    -0.09707723557949066,
    -0.07582569867372513
  ]
}