{
  "train_loss": [
    1.6330588029002586,
    1.5373467627463981,
    1.5142465671461227,
    1.5176753292306822,
    1.5005109843315436,
    1.5019436541774818,
    1.4926325392025954,
    1.4914068371231792,
    1.4893535941107232,
    1.4874630462914182,
    1.4871610548342877,
    1.479402716787238,
    1.4791742304194044,
    1.4794112951713696,
    1.4730893634773834,
    1.4749883977153846,
    1.473920027582269,
    1.4670518503133316,
    1.4731399160797833,
    1.4645502322737933
  ],
  "val_loss": [
    1.5909115076065063,
    1.5461729764938354,
    1.5579489469528198,
    1.5607988834381104,
    1.5510084629058838,
    1.552802562713623,
    1.567281723022461,
    1.576677918434143,
    1.5930620431900024,
    1.545086145401001,
    1.5471075773239136,
    1.5574599504470825,
    1.5690490007400513,
    1.5947297811508179,
    1.5880088806152344,
    1.548038125038147,
    1.5680396556854248,
    1.5569227933883667,
    1.572801947593689,
    1.5698360204696655
  ],
  "best_epoch": 9,
  "status": "underfit",
  "grad_norm": [
    0.7123087641795434,
    0.640207653367729,
    0.6002817555088213,
    0.6445753372998086,
    0.5686816523956297,
    0.5987537398042343,
    0.5708985844158494,
    0.5452733371223804,
    0.5447931744022061,
    0.5412520909223877,
    0.5605409818595629,
    0.5342446169996068,
    0.5314454031562312,
    0.5390760745488586,
    0.5351330316465804,
    0.5077663040343764,
    0.5270805642228559,
    0.512737449875332,
    0.5219584824534762,
    0.4848068107905208
  ],
  "beta_std": [
    0.27309301495552063,
    0.26773443818092346,
    0.22336819767951965,
    0.12950070202350616,
    0.13257835805416107,
    0.2302975058555603,
    0.22682078182697296,
    0.13854773342609406,
    0.13347524404525757,
    0.2175128012895584,
    0.11653656512498856,
    0.1472046822309494,
    0.27345767617225647,
    0.2224474549293518,
    0.17958146333694458,
    0.28058359026908875,
    0.19212087988853455,
    0.22351406514644623,
    0.2350291609764099,
    0.1916598230600357
  ],
  "beta_mean": [
    -0.08226140588521957,
    -0.09149262309074402,
    -0.16150037944316864,
    -0.01057166513055563,
    -0.07382059097290039,
    -0.034096941351890564,
    -0.13362686336040497,
    -0.11871924251317978,
    0.016082262620329857,
    -0.08884657174348831,
    -0.010779736563563347,
    -0.08067870140075684,
    -0.14260463416576385,
    -0.15871310234069824,
    0.03692715987563133,
    -0.016595864668488503,
    -0.04498172551393509,
    -0.036364488303661346,
    -0.05362074822187424,
    0.014583918265998363
  ]
}