{
  "train_loss": [
    1.6918894601398045,
    1.5833449314965142,
    1.5603152564366658,
    1.5410605691274006,
    1.5452762830522326,
    1.5394491838879056,
    1.5271237417856853,
    1.5275934683481853,
    1.5195426398383247,
    1.5184055978986952,
    1.5199791168636745,
    1.5096327879163953,
    1.510445199754503,
    1.5103602656258477,
    1.5067344057295058,
    1.5091809227201674,
    1.5033655321333144,
    1.4965334294637045,
    1.502369832144843,
    1.4990937067667642,
    1.4973859552807278,
    1.4961891582277087,
    1.496847679456075,
    1.504614547729492
  ],
  "val_loss": [
    1.5334664583206177,
    1.5489648580551147,
    1.526059865951538,
    1.5022687911987305,
    1.5239126682281494,
    1.515462040901184,
    1.5190123319625854,
    1.5089111328125,
    1.514662742614746,
    1.5120872259140015,
    1.511493444442749,
    1.5168627500534058,
    1.540363073348999,
    1.4982612133026123,
    1.510427713394165,
    1.509275197982788,
    1.5140933990478516,
    1.5143170356750488,
    1.5084425210952759,
    1.520870566368103,
    1.5074968338012695,
    1.510718822479248,
    1.5293704271316528,
    1.5170092582702637
  ],
  "best_epoch": 13,
  "status": "underfit",
  "grad_norm": [
    0.7893935042837492,
    0.7013124903742871,
    0.6523150123191827,
    0.5972680228883724,
    0.6383004648801927,
    0.5836765991309693,
    0.5717764294500793,
    0.5773542652580785,
    0.5723901275379905,
    0.5791889856162703,
    0.5707333507104584,
    0.5378429040459345,
    0.5511347539973187,
    0.5523256713128838,
    0.5561090487869071,
    0.5353016731208119,
    0.510166760594082,
    0.4929447613846446,
    0.5369134671884932,
    0.5451951842183462,
    0.5272863903843349,
    0.5337299419005537,
    0.5138338922326942,
    0.569449782163572
  ],
  "beta_std": [
    0.3466445803642273,
    0.20558807253837585,
    0.13178947567939758,
    0.2770155072212219,
    0.18013712763786316,
    0.25192946195602417,
    0.26467111706733704,
    0.27637457847595215,
    0.33422693610191345,
    0.2522783875465393,
    0.28846246004104614,
    0.2041807919740677,
    0.23087048530578613,
    0.24714256823062897,
    0.2902621030807495,
    0.20402513444423676,
    0.21283598244190216,
    0.2812034487724304,
    0.2205338478088379,
    0.24990956485271454,
    0.2816205322742462,
    0.30952945351600647,
    0.2709729075431824,
    0.26218557357788086
  ],
  "beta_mean": [
    -0.24752065539360046,
    -0.15457431972026825,
    0.08235646039247513,
    -0.13951259851455688,
    -0.07789435982704163,
    -0.049980729818344116,
    -0.014943868853151798,
    -0.18903705477714539,
    -0.06512582302093506,
    -0.09973050653934479,
    -0.1376376450061798,
    -0.15236639976501465,
    -0.132172629237175,
    -0.0605679489672184,
    -0.09714878350496292,
    -0.08257785439491272,
    -0.07642930746078491,
    -0.0031434157863259315,
    -0.05094625800848007,
    -0.04161577299237251,
    -0.12142439186573029,
    0.011312372982501984,
    -0.16117945313453674,
    -0.058097898960113525
  ]
}