{
  "train_loss": [
    1.6563528253767226,
    1.5498825286229452,
    1.5351766375435723,
    1.516007638613383,
    1.5214059466256036,
    1.515991125954522,
    1.506983211517334,
    1.5157018422020807,
    1.50523572201199,
    1.5044957689709133,
    1.494788543065389,
    1.498052758746677,
    1.493617536332872,
    1.490854356765747,
    1.488595254474216,
    1.4933839293585884,
    1.4937186057832506,
    1.4910960728327434
  ],
  "val_loss": [
    1.51315438747406,
    1.4787296056747437,
    1.495052695274353,
    1.4883577823638916,
    1.4833335876464844,
    1.4768366813659668,
    1.475561499595642,
    1.4729000329971313,
    1.4863696098327637,
    1.4854463338851929,
    1.4814966917037964,
    1.4852465391159058,
    1.4800080060958862,
    1.4771442413330078,
    1.4833011627197266,
    1.473825454711914,
    1.483275294303894,
    1.4912807941436768
  ],
  "best_epoch": 7,
  "status": "underfit",
  "grad_norm": [
    0.7125646739747612,
    0.6258371346478278,
    0.612532717127592,
    0.5525370880202923,
    0.582244081366664,
    0.5479671561503081,
    0.5139296170937561,
    0.547045254919078,
    0.5388266815210514,
    0.5493024670971371,
    0.5034799288150865,
    0.4910715675060799,
    0.5194405245007312,
    0.5197335394000784,
    0.5163766561947334,
    0.520600483510768,
    0.5068285810869965,
    0.5444129387146529
  ],
  "beta_std": [
    0.2442416548728943,
    0.1221468597650528,
    0.1514173150062561,
    0.2283334881067276,
    0.1705555021762848,
    0.19699859619140625,
    0.20945174992084503,
    0.2080201953649521,
    0.23681586980819702,
    0.16398213803768158,
    0.2690958082675934,
    0.1717817187309265,
    0.2708435654640198,
    0.22121943533420563,
    0.18329069018363953,
    0.2112259417772293,
    0.19508734345436096,
    0.24296188354492188
  ],
  "beta_mean": [
    -0.15791946649551392,
    -0.04072631150484085,
    -0.0022070829290896654,
    -0.014847015030682087,
    -0.08146978914737701,
    -0.01043314952403307,
    -0.1300492286682129,
    -0.04949430376291275,
    -0.08060900121927261,
    -0.004967589396983385,
    -0.04403731971979141,
    -0.11599857360124588,
    -0.1933264136314392,
    0.040275268256664276,
    -0.09044817835092545,
    -0.06449837982654572,
    -0.11707475036382675,
    -0.015933694317936897
  ]
}