{
  "train_loss": [
    1.6305691137313842,
    1.5367183779610527,
    1.5274222956763372,
    1.5105344235102336,
    1.5050939303504096,
    1.508423228369819,
    1.4979178108639186,
    1.4936785499784682,
    1.4895257506900363,
    1.4912615478303697,
    1.4858137166765002,
    1.4850354818767972,
    1.4820267815060086
  ],
  "val_loss": [
    1.5643832683563232,
    1.5683205127716064,
    1.5376994609832764,
    1.5756852626800537,
    1.5842128992080688,
    1.5640747547149658,
    1.545998215675354,
    1.544140100479126,
    1.5639986991882324,
    1.5532829761505127,
    1.5558661222457886,
    1.5429340600967407,
    1.5630958080291748
  ],
  "best_epoch": 2,
  "status": "underfit",
  "grad_norm": [
    0.7207694185693645,
    0.6541893526123275,
    0.6773072517856786,
    0.6286167576610004,
    0.5994737918988027,
    0.6365233139253633,
    0.5962023859203162,
    0.6020013494751426,
    0.5866078333468742,
    0.599543619270534,
    0.5547759132833104,
    0.5427179710486856,
    0.5442227033614171
  ],
  "beta_std": [
    0.2024858593940735,
    0.1896829903125763,
    0.21189932525157928,
    0.23010456562042236,
    0.27644044160842896,
    0.25542810559272766,
    0.17530378699302673,
    0.21613894402980804,
    0.33985602855682373,
    0.18042154610157013,
    0.20347434282302856,
    0.23435434699058533,
    0.2377757579088211
  ],
  "beta_mean": [
    -0.006034661550074816,
    -0.04785774275660515,
    -0.0825614482164383,
    -0.10447044670581818,
    -0.058843668550252914,
    -0.0010570554295554757,
    -0.007039655465632677,
    -0.10946400463581085,
    -0.11601071059703827,
    -0.11411413550376892,
    -0.03878471255302429,
    -0.046252042055130005,
    -0.02376331016421318
  ]
}