{
  "train_loss": [
    1.664944286664327,
    1.555548887570699,
    1.5324738651911418,
    1.5188338904910617,
    1.5146714810265436,
    1.5196561245388456,
    1.510127552456326,
    1.5016267261505127,
    1.496236500316196,
    1.494720071474711,
    1.4947879888746474,
    1.4851449857287937,
    1.4886805392371283,
    1.4895587310791016,
    1.480849978764852,
    1.4853477283053929,
    1.4773040243784588,
    1.4859228676689995,
    1.4819825565550062,
    1.4727316659291585,
    1.469314408408271,
    1.4712572354210747
  ],
  "val_loss": [
    1.511083960533142,
    1.4978786706924438,
    1.4979819059371948,
    1.5293166637420654,
    1.5148839950561523,
    1.5191912651062012,
    1.4985243082046509,
    1.4930052757263184,
    1.4931058883666992,
    1.5012681484222412,
    1.5005981922149658,
    1.4800416231155396,
    1.4925827980041504,
    1.4872705936431885,
    1.4974758625030518,
    1.4963490962982178,
    1.4888532161712646,
    1.514830231666565,
    1.5021462440490723,
    1.493532657623291,
    1.480544924736023,
    1.4922444820404053
  ],
  "best_epoch": 11,
  "status": "underfit",
  "grad_norm": [
    0.7476365757634319,
    0.6216107292053449,
    0.5834901514549837,
    0.551897651237702,
    0.5597895359549745,
    0.571959056172214,
    0.5464083688135856,
    0.51570958949407,
    0.5023493923488359,
    0.5142392301364964,
    0.5200210943406707,
    0.49084613284370154,
    0.4931615655533257,
    0.5179900549056146,
    0.49234636528315845,
    0.49823320763145007,
    0.4874033115236143,
    0.5406162508941038,
    0.5111077112850754,
    0.4818242627485128,
    0.47190102538289147,
    0.5119063577259926
  ],
  "beta_std": [
    0.2112094908952713,
    0.24761497974395752,
    0.19383928179740906,
    0.25533178448677063,
    0.12906920909881592,
    0.35682255029678345,
    0.1711100935935974,
    0.2504517436027527,
    0.1950915902853012,
    0.12458252906799316,
    0.13475683331489563,
    0.2620828449726105,
    0.1681840866804123,
    0.22773240506649017,
    0.20934613049030304,
    0.18865883350372314,
    0.20842856168746948,
    0.1717391163110733,
    0.23632462322711945,
    0.19951091706752777,
    0.200195774435997,
    0.19640643894672394
  ],
  "beta_mean": [
    -0.026473060250282288,
    -0.008330312557518482,
    -0.008861779235303402,
    -0.0029733895789831877,
    -0.010650555603206158,
    -0.08890508115291595,
    -0.11221172660589218,
    -0.1629258692264557,
    -0.14348886907100677,
    -0.04309579357504845,
    -0.06161032244563103,
    -0.03794688731431961,
    -0.08431365340948105,
    -0.011098597198724747,
    -0.12312311679124832,
    -0.11094237864017487,
    -0.029564671218395233,
    -0.0027640024200081825,
    -0.13011570274829865,
    -0.07332193106412888,
    -0.10371699184179306,
    -0.11451388895511627
  ]
}