{
  "train_loss": [
    5.027952429453532,
    3.6893297163645427,
    3.1284441407521566,
    2.8891922590467667,
    2.5805746279822457,
    2.4569982353846234,
    2.1756120750639174,
    2.1654618673854404,
    1.9714304010073345,
    1.868096390399668,
    1.7777358182271321,
    1.811434383392334,
    1.850992419719696,
    1.580235358874003,
    1.6532902426189846,
    1.593626488049825,
    1.4910721545749241,
    1.4435014825397068,
    1.3797490813997058
  ],
  "val_loss": [
    3.8433761596679688,
    3.7174184322357178,
    3.184431791305542,
    2.7507970333099365,
    2.4932336807250977,
    2.618630886077881,
    2.7327513694763184,
    2.4523050785064697,
    2.246910333633423,
    2.404472589492798,
    2.615995407104492,
    2.5187346935272217,
    2.254592180252075,
    2.3306610584259033,
    2.3060731887817383,
    2.3479483127593994,
    2.303771734237671,
    2.5543582439422607,
    2.5520331859588623
  ],
  "best_epoch": 8,
  "status": "ok",
  "grad_norm": [
    3.648788076562408,
    3.0468410132243475,
    2.9893768501892675,
    3.9613954430510696,
    3.1558292831356534,
    4.007817571758189,
    3.2196689940117578,
    3.5378533561686085,
    3.3577522642351894,
    3.241267285262833,
    3.759591576718031,
    4.162603465390871,
    3.0298085119370155,
    3.032782938912292,
    3.074251164229638,
    3.187971543844713,
    3.7836826931867567,
    3.134638388263662,
    3.0374267915319284
  ],
  "beta_std": [
    0.39807450771331787,
    1.138965368270874,
    1.4133909940719604,
    1.2439172267913818,
    1.2071210145950317,
    0.8361876010894775,
    1.0368791818618774,
    0.9467214345932007,
    0.8954622745513916,
    0.928658127784729,
    0.7757585644721985,
    0.7226260900497437,
    0.8445969820022583,
    0.9452265501022339,
    0.9522048234939575,
    0.8943520188331604,
    0.8683722615242004,
    0.8493368029594421,
    0.9075183272361755
  ],
  "beta_mean": [
    -0.3000622093677521,
    -0.15866412222385406,
    -0.25750941038131714,
    -0.4514944553375244,
    -0.2828904986381531,
    -0.4357064962387085,
    -0.20599472522735596,
    -0.20251163840293884,
    -0.3543563485145569,
    -0.2371147722005844,
    -0.11590547859668732,
    -0.39482638239860535,
    -0.2049330472946167,
    -0.2590245008468628,
    -0.23189374804496765,
    -0.12686873972415924,
    -0.13360437750816345,
    -0.1736212521791458,
    -0.23810814321041107
  ]
}