{
  "train_loss": [
    0.6706453349855211,
    0.6350752499368456,
    0.6092864333847423,
    0.5937252667215135,
    0.5842657573429155,
    0.574166977994236,
    0.5668936015647135,
    0.5560422055515242,
    0.5332723094357384,
    0.5313830724468938,
    0.5123087854297073,
    0.48937647843066556,
    0.48687026861273214
  ],
  "val_loss": [
    0.622447669506073,
    0.5976588129997253,
    0.5929105281829834,
    0.6021601557731628,
    0.5992600917816162,
    0.6274558901786804,
    0.6471917629241943,
    0.6452192664146423,
    0.6618362665176392,
    0.6572461724281311,
    0.6270993947982788,
    0.6466801762580872,
    0.6549052596092224
  ],
  "best_epoch": 2,
  "status": "ok",
  "grad_norm": [
    0.24197543528279428,
    0.22323320918029338,
    0.21422016288876905,
    0.26625535568695047,
    0.29098953441986697,
    0.29881606941756345,
    0.3705893501096106,
    0.3479896228387099,
    0.3386242931176481,
    0.39992984224866307,
    0.4057416650023607,
    0.3999662621409486,
    0.4394017010105691
  ],
  "beta_std": [
    0.20240414142608643,
    0.34558573365211487,
    0.45691153407096863,
    0.5271874070167542,
    0.5287279486656189,
    0.7444994449615479,
    0.5572784543037415,
    0.7157880663871765,
    0.8643722534179688,
    0.8759443759918213,
    0.8837099671363831,
    0.9362825751304626,
    0.9043733477592468
  ],
  "beta_mean": [
    -0.0677972137928009,
    0.0052201165817677975,
    0.12309709936380386,
    0.03820087015628815,
    -0.037054333835840225,
    -0.1290246695280075,
    0.1680428832769394,
    -0.13059069216251373,
    0.08550088107585907,
    0.15492254495620728,
    -0.05428735911846161,
    0.05726732686161995,
    -0.07468468695878983
  ]
}