{
  "train_loss": [
    0.6775171596326945,
    0.6401992622716928,
    0.61599655887227,
    0.6024368864518624,
    0.5819196287496591,
    0.5709779707002051,
    0.5620437165837229,
    0.5457888620871084,
    0.5515243374271157,
    0.5316215317926289,
    0.5166996040461976,
    0.5039249995608389,
    0.5001466496491138,
    0.48099481102861,
    0.4648993127875858,
    0.47538587693814877
  ],
  "val_loss": [
    0.660244345664978,
    0.6587545275688171,
    0.6620128750801086,
    0.6506537795066833,
    0.6487833261489868,
    0.634024977684021,
    0.6596201658248901,
    0.6501032114028931,
    0.652853786945343,
    0.6623213887214661,
    0.6574804782867432,
    0.6662287712097168,
    0.670997679233551,
    0.6711075901985168,
    0.7148050665855408,
    0.7104246020317078
  ],
  "best_epoch": 5,
  "status": "ok",
  "grad_norm": [
    0.26775309907856243,
    0.22052270916212657,
    0.25711062091444525,
    0.2650566195145752,
    0.29870746040091284,
    0.3294592408081274,
    0.38423344919705904,
    0.39582325891806636,
    0.38373815311246606,
    0.35863420102042964,
    0.37920795304780225,
    0.3834557048987432,
    0.41465174884558526,
    0.44747378353357764,
    0.42667480533001234,
    0.47355768143977134
  ],
  "beta_std": [
    0.2146773338317871,
    0.36525705456733704,
    0.5561335682868958,
    0.6446369290351868,
    0.7145869731903076,
    0.7660348415374756,
    0.7016451358795166,
    0.7765799164772034,
    0.7920661568641663,
    0.9144726395606995,
    0.9448770880699158,
    0.9887759685516357,
    0.9322021007537842,
    1.025758147239685,
    1.0196025371551514,
    1.1754751205444336
  ],
  "beta_mean": [
    -0.1500762403011322,
    -0.11363569647073746,
    -0.21448186039924622,
    -0.03327382355928421,
    -0.08083637803792953,
    -0.05047823116183281,
    -0.29064497351646423,
    0.042523279786109924,
    -0.22171726822853088,
    -0.08136378228664398,
    -0.2453756481409073,
    -0.019554896280169487,
    -0.30775368213653564,
    -0.09816638380289078,
    -0.19026483595371246,
    -0.1814384013414383
  ]
}