{
  "train_loss": [
    0.6669000185860527,
    0.634943298763699,
    0.619678496254815,
    0.6078183073467679,
    0.5955678934521146,
    0.5867433744006687,
    0.5694425117969513,
    0.5580967905786303,
    0.5440374366442362,
    0.54563796043396,
    0.5404789703422123,
    0.5158439682589637,
    0.5299893384509616
  ],
  "val_loss": [
    0.6605291962623596,
    0.6369283199310303,
    0.6300621628761292,
    0.643516480922699,
    0.655911386013031,
    0.6477952599525452,
    0.6514856815338135,
    0.6371986865997314,
    0.668088972568512,
    0.694958508014679,
    0.7197770476341248,
    0.7608876824378967,
    0.7317665219306946
  ],
  "best_epoch": 2,
  "status": "ok",
  "grad_norm": [
    0.25658696952647797,
    0.24131572166840867,
    0.2856599834069697,
    0.3167460336190285,
    0.3264140118062378,
    0.311581347001856,
    0.33255578521729273,
    0.33798639333390373,
    0.3818385935602044,
    0.4003728541457695,
    0.48105941933974117,
    0.42943984706383415,
    0.4726874144682206
  ],
  "beta_std": [
    0.36777421832084656,
    0.6429573893547058,
    0.7638754844665527,
    0.6712669134140015,
    0.649617075920105,
    0.6315802931785583,
    0.8406141996383667,
    0.8145782947540283,
    0.8137611150741577,
    0.8010159134864807,
    0.9504144191741943,
    1.2050467729568481,
    1.0823456048965454
  ],
  "beta_mean": [
    -0.29226794838905334,
    -0.06005517393350601,
    -0.2546563446521759,
    -0.3656870722770691,
    -0.29255449771881104,
    -0.33439499139785767,
    -0.3200910687446594,
    -0.14530977606773376,
    -0.30315253138542175,
    -0.16848815977573395,
    -0.20061130821704865,
    -0.32723021507263184,
    0.11548812687397003
  ]
}