{
  "train_loss": [
    0.935002594118486,
    0.7809001752849069,
    0.7666578098219268,
    0.7431488841569343,
    0.7361955170999038,
    0.7385665621887259,
    0.7308924287354865,
    0.7199226803790415,
    0.7293223205066862,
    0.7109669595078276,
    0.7102188863721834,
    0.7088054297732658,
    0.7084093539893221,
    0.7009906078412149,
    0.6981293449596483,
    0.6894684572609103,
    0.6930043218898124,
    0.6797346653581476,
    0.684010859735969,
    0.6674347555556265,
    0.6796961540808213,
    0.6659842247865638,
    0.6676192144417709,
    0.6590867335563885,
    0.6647175865108464,
    0.6604075430201836,
    0.6593429584351796,
    0.6438812045283329,
    0.6440759052495026,
    0.6544238049156812,
    0.6471593568925144,
    0.6542932698786124,
    0.6435382526612876,
    0.6475734715559045,
    0.6414116452880998,
    0.6372612102231742,
    0.6388726088465476,
    0.6354544804750386,
    0.6347836759625649,
    0.6266615092619207,
    0.6322362745159608
  ],
  "val_loss": [
    0.7520534992218018,
    0.7460162043571472,
    0.7336887717247009,
    0.7350691556930542,
    0.7250353097915649,
    0.7308348417282104,
    0.7261072397232056,
    0.7107206583023071,
    0.7261903882026672,
    0.7073020339012146,
    0.7337619066238403,
    0.710953414440155,
    0.7353340983390808,
    0.6964789032936096,
    0.6880108714103699,
    0.6932599544525146,
    0.6845574975013733,
    0.6803687214851379,
    0.6933137774467468,
    0.6834993958473206,
    0.6689082980155945,
    0.6640540957450867,
    0.6952273845672607,
    0.6790943741798401,
    0.679340660572052,
    0.6792421340942383,
    0.6695898771286011,
    0.6651677489280701,
    0.6615404486656189,
    0.6453582048416138,
    0.6380058526992798,
    0.6668484807014465,
    0.6537245512008667,
    0.6481355428695679,
    0.6533472537994385,
    0.6504266858100891,
    0.6741428971290588,
    0.652690052986145,
    0.6470534205436707,
    0.6424112319946289,
    0.6393787860870361
  ],
  "best_epoch": 30,
  "status": "ok",
  "grad_norm": [
    0.8996070972703336,
    0.8032472206388731,
    0.8193326533888101,
    0.7510806513679259,
    0.7527486072623831,
    0.757425314142474,
    0.7659400508158561,
    0.7400375494858301,
    0.7705481335869084,
    0.7375850559585565,
    0.7347123421792434,
    0.7454322907725788,
    0.7352518975839224,
    0.7479340192520413,
    0.7588016914085255,
    0.7294079747650491,
    0.7537568397545872,
    0.7499315429818647,
    0.7660545215915799,
    0.7762878074367032,
    0.7662097518183322,
    0.778984622053495,
    0.7951468008336305,
    0.7915064378617214,
    0.7894496861604082,
    0.7867629755829033,
    0.8290843730830628,
    0.7749776316427164,
    0.8194900594586082,
    0.8064968175502979,
    0.802041804356923,
    0.7917365214582514,
    0.8089649203061442,
    0.8262947308648421,
    0.8240835560122758,
    0.8274046571305623,
    0.8060048536064868,
    0.800866324805475,
    0.8255062480917975,
    0.8227124895972867,
    0.8213725356575046
  ],
  "beta_std": [
    0.743483304977417,
    0.8193262815475464,
    0.6774356961250305,
    0.7977941632270813,
    0.7528712153434753,
    0.6850178241729736,
    0.6791893243789673,
    0.8155514001846313,
    0.8492050766944885,
    1.0282061100006104,
    0.762295663356781,
    0.7021616697311401,
    0.810700535774231,
    0.8974782228469849,
    0.7991490364074707,
    0.8473188281059265,
    0.9325241446495056,
    0.7433080077171326,
    0.6971579194068909,
    0.9154878854751587,
    0.8379024267196655,
    0.8385165333747864,
    0.8636869788169861,
    0.8198464512825012,
    0.7828051447868347,
    0.8492535352706909,
    0.744062602519989,
    0.8333773016929626,
    0.8201782703399658,
    0.7137331366539001,
    0.7941963076591492,
    0.7617661952972412,
    0.8321408033370972,
    0.7566224336624146,
    0.8392717242240906,
    0.7868943810462952,
    0.8747799396514893,
    0.9490171074867249,
    0.7995172739028931,
    0.9408398866653442,
    0.8645472526550293
  ],
  "beta_mean": [
    -0.3052528202533722,
    -0.3008544445037842,
    -0.1618042290210724,
    -0.0912792906165123,
    -0.26619791984558105,
    -0.28650861978530884,
    -0.1746959090232849,
    -0.09849103540182114,
    -0.2399623841047287,
    -0.44570592045783997,
    -0.1208176389336586,
    -0.2764480710029602,
    -0.12193338572978973,
    -0.2513980269432068,
    -0.28311267495155334,
    -0.28139379620552063,
    -0.1675368994474411,
    -0.28518494963645935,
    -0.5955182909965515,
    -0.11110273003578186,
    -0.3084975481033325,
    -0.334593266248703,
    -0.3560151159763336,
    -0.3032975196838379,
    -0.3930566906929016,
    -0.36462676525115967,
    -0.1596619337797165,
    -0.20273825526237488,
    -0.15330870449543,
    -0.28711000084877014,
    -0.144231915473938,
    -0.26686331629753113,
    -0.25050321221351624,
    -0.31088659167289734,
    -0.23027350008487701,
    -0.3259216845035553,
    -0.46334806084632874,
    -0.5160500407218933,
    -0.45236167311668396,
    -0.35773494839668274,
    -0.34337902069091797
  ]
}