{
  "train_loss": [
    0.9300225244098239,
    0.7534708145989312,
    0.7382139938142565,
    0.7320254018571641,
    0.7178932055367364,
    0.7069006637997097,
    0.7073171628846062,
    0.7053016260464986,
    0.6949550771713257,
    0.6964456574122111,
    0.6867910121281942,
    0.6871487894588046,
    0.6777962396409777,
    0.6672866457833184,
    0.6726815095477634,
    0.6662165686819288,
    0.6545238790512085,
    0.6564094623989529,
    0.650616373485989,
    0.6541831883324517,
    0.6504349959691366,
    0.6481877661810981,
    0.6437200769318475,
    0.6464238453441196,
    0.6406827753914727,
    0.6276031949520111,
    0.6399199859831068,
    0.6409582953453064,
    0.6358803072770437,
    0.6326174108717176,
    0.6321902747684055,
    0.6254691225157843,
    0.6351398834652371,
    0.6296079023679098,
    0.623928155846066,
    0.6259213567839729,
    0.6181889543003506,
    0.6299431793424818,
    0.6195796586672465,
    0.6389115495681763,
    0.6163733514679802,
    0.6254940898153517
  ],
  "val_loss": [
    0.7458516955375671,
    0.714539647102356,
    0.7232762575149536,
    0.6994503736495972,
    0.698037326335907,
    0.7225333452224731,
    0.6916464567184448,
    0.6751511096954346,
    0.691892147064209,
    0.68979412317276,
    0.6998867392539978,
    0.7096951007843018,
    0.6510266661643982,
    0.6432229280471802,
    0.6576583981513977,
    0.6285313963890076,
    0.6371338963508606,
    0.6470913290977478,
    0.6665501594543457,
    0.65679931640625,
    0.6420257687568665,
    0.637432873249054,
    0.6149966716766357,
    0.6347468495368958,
    0.613821804523468,
    0.6176286935806274,
    0.6089778542518616,
    0.6326307654380798,
    0.617011308670044,
    0.6341744065284729,
    0.6483498215675354,
    0.6078038811683655,
    0.6283546090126038,
    0.6164987683296204,
    0.629917562007904,
    0.626590371131897,
    0.6072187423706055,
    0.6081967353820801,
    0.6769403219223022,
    0.6262960433959961,
    0.6180047392845154,
    0.630757749080658
  ],
  "best_epoch": 31,
  "status": "ok",
  "grad_norm": [
    0.9137947503499296,
    0.859559124142761,
    0.8187285180892527,
    0.802646204868797,
    0.7817949287507492,
    0.8122085849507611,
    0.7746593699772939,
    0.750574996849577,
    0.7623646774210934,
    0.7931840757507103,
    0.7797289355615981,
    0.8180515796692837,
    0.8116574337630225,
    0.7943360548783904,
    0.8060987635666196,
    0.8073004158137347,
    0.7791572906885186,
    0.8402291721485625,
    0.7952214594014339,
    0.8135239640229743,
    0.807887351775219,
    0.8288873799329637,
    0.8001987892805106,
    0.8584193510856705,
    0.8302171625151077,
    0.7879280980472289,
    0.8162104984533503,
    0.8190550437018151,
    0.8120445576602512,
    0.7998795599540546,
    0.8364923236631921,
    0.8166956611572368,
    0.841665579532421,
    0.8359799384003457,
    0.8317796735534626,
    0.8494051386438844,
    0.8019077952101915,
    0.8552493468794211,
    0.8526758213420915,
    0.8353538109737619,
    0.8313182254221727,
    0.8429326214050064
  ],
  "beta_std": [
    0.6216434836387634,
    0.7361153960227966,
    0.5690744519233704,
    0.6907657384872437,
    0.7540551424026489,
    0.8552066087722778,
    0.6699314713478088,
    0.7417271733283997,
    0.6090266108512878,
    0.6973663568496704,
    0.7471319437026978,
    0.7105113863945007,
    0.7438986301422119,
    0.9531790614128113,
    0.8567939400672913,
    0.6877185702323914,
    0.6822363138198853,
    0.8303801417350769,
    0.8200554847717285,
    0.7194128632545471,
    0.805656909942627,
    0.7162013649940491,
    0.8446300029754639,
    0.8126934766769409,
    0.7484899759292603,
    0.9654878377914429,
    0.9281022548675537,
    0.7542020082473755,
    0.6689003705978394,
    0.7269682884216309,
    0.717444896697998,
    0.7002183794975281,
    0.8294723629951477,
    0.7328464984893799,
    0.8015639185905457,
    0.6685178875923157,
    0.7649614214897156,
    0.832883894443512,
    0.9628593325614929,
    0.7892571091651917,
    0.8993362784385681,
    0.7398256659507751
  ],
  "beta_mean": [
    -0.33742114901542664,
    -0.053015243262052536,
    -0.15062355995178223,
    -0.2717268764972687,
    -0.2531093955039978,
    -0.5785375237464905,
    -0.2892519235610962,
    -0.26126179099082947,
    -0.39068058133125305,
    -0.49567538499832153,
    -0.07946152985095978,
    -0.4033249616622925,
    -0.3363341689109802,
    -0.38659846782684326,
    -0.2008986622095108,
    -0.4016351103782654,
    -0.1523502767086029,
    -0.2813369631767273,
    -0.48227831721305847,
    -0.29944589734077454,
    -0.3184513449668884,
    -0.3410112261772156,
    -0.13116344809532166,
    -0.19360823929309845,
    -0.40571343898773193,
    -0.42410528659820557,
    -0.42494890093803406,
    -0.30843669176101685,
    -0.3878052830696106,
    -0.36252903938293457,
    -0.22910380363464355,
    -0.2589997947216034,
    -0.3349262773990631,
    -0.36212417483329773,
    -0.4132857024669647,
    -0.39944133162498474,
    -0.33797985315322876,
    -0.22731167078018188,
    -0.15253859758377075,
    -0.4028683602809906,
    -0.2238365113735199,
    -0.4455420672893524
  ]
}