{
  "train_loss": [
    4.51321208630389,
    3.0312428743518582,
    2.4195348123360794,
    2.1696082387054174,
    2.25023301024186,
    1.9967470567825942,
    1.8924724366929797,
    1.8204827521976672,
    1.7947072726244118,
    1.7427087824247036,
    1.6432228149726378,
    1.6524111417301914
  ],
  "val_loss": [
    2.8141448497772217,
    2.268942356109619,
    2.4707467555999756,
    2.8027305603027344,
    2.6087357997894287,
    2.38836407661438,
    2.4289417266845703,
    2.446807622909546,
    2.5132317543029785,
    2.5525624752044678,
    2.7722790241241455,
    2.4382786750793457
  ],
  "best_epoch": 1,
  "status": "ok",
  "grad_norm": [
    3.179898752211636,
    3.350343192204484,
    3.6566331943137476,
    3.969759056634594,
    4.479723142834003,
    4.161155831979737,
    3.23820231424541,
    3.830764185627172,
    3.07525162607111,
    3.48069587121532,
    3.5351651969820517,
    3.246859398097249
  ],
  "beta_std": [
    0.7328346967697144,
    0.7075068354606628,
    0.682799220085144,
    0.6370232105255127,
    0.3631804287433624,
    0.5755324363708496,
    0.5854839086532593,
    0.6407798528671265,
    0.6193200349807739,
    0.7361916899681091,
    0.6301502585411072,
    0.6602213382720947
  ],
  "beta_mean": [
    -0.7928388118743896,
    -0.1085229367017746,
    -0.09630094468593597,
    -0.022385258227586746,
    0.05583691969513893,
    -0.13764449954032898,
    0.021791594102978706,
    -0.11766116321086884,
    -0.04653977230191231,
    -0.12961910665035248,
    0.1556803286075592,
    -0.1508946418762207
  ]
}