{
  "train_loss": [
    3.8132907114530865,
    2.6166044686969956,
    2.3295458952585855,
    2.239249414588973,
    1.9141888306154842,
    1.78393270007351,
    1.5792781436652468,
    1.6049554696557118,
    1.6380243503559402,
    1.5369791340409664,
    1.4348897662079125,
    1.5493610713914123,
    1.4075386988489251,
    1.5731111187683908,
    1.4074924142737137,
    1.3229336332856563,
    1.2406293549035725,
    1.3358684168921577,
    1.216776466787907,
    1.2890855405762878
  ],
  "val_loss": [
    4.132649898529053,
    2.8923583030700684,
    2.7385199069976807,
    2.6036481857299805,
    2.411350727081299,
    2.4624204635620117,
    2.445889472961426,
    2.556596517562866,
    2.687204599380493,
    2.2743279933929443,
    2.398738145828247,
    2.3621325492858887,
    2.5069663524627686,
    2.389925718307495,
    2.277647018432617,
    2.672410488128662,
    2.4484126567840576,
    2.3241195678710938,
    2.6626927852630615,
    2.5318105220794678
  ],
  "best_epoch": 9,
  "status": "ok",
  "grad_norm": [
    3.4012062860831174,
    3.63113081459538,
    3.837321728440503,
    4.374528172666175,
    3.1693808181894165,
    3.1779746350354814,
    3.3107863208823067,
    3.2463261991568,
    3.394127142744608,
    3.237310263731319,
    3.1612087578579704,
    3.481486955498449,
    2.9981010271617,
    3.5321686391856773,
    3.3973343777164984,
    2.856977299164547,
    2.56272168259072,
    3.2405173467670347,
    3.0603937183383225,
    3.3096366337486063
  ],
  "beta_std": [
    1.1879912614822388,
    0.6900193691253662,
    0.9746994376182556,
    0.6639549732208252,
    0.933103084564209,
    0.8777158260345459,
    0.7509060502052307,
    0.6619164347648621,
    0.8699250221252441,
    0.8796469569206238,
    0.926785945892334,
    0.8372455835342407,
    0.9475672841072083,
    0.9296209216117859,
    0.8921375274658203,
    0.9780462384223938,
    0.8930968642234802,
    0.718629777431488,
    0.8953954577445984,
    0.9399218559265137
  ],
  "beta_mean": [
    -0.7166622877120972,
    0.10691297799348831,
    -0.40405333042144775,
    0.09303532540798187,
    -0.030435850843787193,
    -0.23624302446842194,
    -0.06722838431596756,
    -0.16684475541114807,
    -0.17210987210273743,
    -0.1417359858751297,
    -0.02466694451868534,
    0.06942299008369446,
    -0.21988439559936523,
    -0.15895976126194,
    -0.1587168276309967,
    -0.19442597031593323,
    -0.25361567735671997,
    -0.1987968385219574,
    -0.18503114581108093,
    -0.159042626619339
  ]
}