{
  "train_loss": [
    3.9307912079214353,
    2.7912294454741895,
    2.148616362315172,
    2.129800906934236,
    1.8330591681407906,
    1.80527761707529,
    1.662382463823285,
    1.7632781194664582,
    1.659291915168539,
    1.4133297978786,
    1.434286017585219,
    1.5392681894246598,
    1.3830054670746563,
    1.4408046129851313,
    1.3762550168567234,
    1.2830445486202575,
    1.314198660711099,
    1.3187223699357775,
    1.2055813792156198
  ],
  "val_loss": [
    3.7192389965057373,
    2.5974225997924805,
    2.1316092014312744,
    1.960490345954895,
    1.8410712480545044,
    1.8111355304718018,
    1.9636696577072144,
    1.7876009941101074,
    1.7624317407608032,
    1.9437085390090942,
    2.071322202682495,
    1.8261339664459229,
    2.0389719009399414,
    1.9576160907745361,
    1.9106839895248413,
    1.971193790435791,
    1.8581645488739014,
    1.94981849193573,
    2.036935329437256
  ],
  "best_epoch": 8,
  "status": "ok",
  "grad_norm": [
    3.0717699622994705,
    3.0105451692407255,
    2.722416349729273,
    4.4248221995804204,
    3.3163064324398226,
    3.0430757083974256,
    3.1390615417554306,
    3.4145561346554083,
    3.125321803766344,
    2.8545208573426826,
    2.7403128445425247,
    3.4800727475914823,
    2.9321179409731664,
    3.1221601756884105,
    2.890238366437146,
    2.970646362544001,
    3.1890525013650253,
    3.302505777170926,
    3.4788746490048297
  ],
  "beta_std": [
    1.1286300420761108,
    0.8709891438484192,
    0.6307029724121094,
    0.7533559203147888,
    0.7941803932189941,
    0.7525216341018677,
    0.8543802499771118,
    0.6563060283660889,
    0.9098023772239685,
    0.6844730973243713,
    0.9205648303031921,
    0.7929849624633789,
    0.7468652129173279,
    0.7182773947715759,
    0.5932150483131409,
    0.8497762680053711,
    0.7825315594673157,
    0.95665043592453,
    0.6608908176422119
  ],
  "beta_mean": [
    0.14061513543128967,
    -0.28750181198120117,
    -0.21707259118556976,
    -0.5123967528343201,
    -0.05842031165957451,
    -0.283617228269577,
    -0.2610127925872803,
    -0.24642446637153625,
    -0.3499056100845337,
    -0.042177703231573105,
    -0.583364725112915,
    -0.28851836919784546,
    -0.31677666306495667,
    -0.06741993874311447,
    -0.2001243233680725,
    -0.05860435962677002,
    -0.26595237851142883,
    -0.32542550563812256,
    -0.33097603917121887
  ]
}