{
  "train_loss": [
    4.719058631874664,
    3.1970538001311453,
    2.6619806097264878,
    2.3043894698048195,
    2.013689485070301,
    1.8866556355827733,
    1.8042518476296587,
    1.721717101649234,
    1.6828002161449855,
    1.672185260371158,
    1.64596532980601,
    1.5345958005615146,
    1.4035538164495724,
    1.3347666482479252,
    1.5208880870662935,
    1.4288230080353586,
    1.330657640395806,
    1.1901438658697563
  ],
  "val_loss": [
    3.6442790031433105,
    3.0547401905059814,
    2.3227598667144775,
    2.177884817123413,
    1.950253963470459,
    1.8860079050064087,
    2.1999878883361816,
    1.8682925701141357,
    2.003142833709717,
    2.114070415496826,
    2.0604236125946045,
    2.0456736087799072,
    1.9404948949813843,
    1.9564199447631836,
    2.133227586746216,
    1.9572683572769165,
    1.999295711517334,
    1.9803798198699951
  ],
  "best_epoch": 7,
  "status": "ok",
  "grad_norm": [
    3.0479372793565003,
    3.0223209742557793,
    3.327209192645351,
    2.931496791100892,
    3.298362043000136,
    3.619361742131152,
    3.140228614309207,
    3.1861356979660136,
    3.482530525875895,
    3.4789184322623763,
    3.536449651232799,
    3.347336800305773,
    2.9727164937669714,
    2.8606786391964003,
    4.199054694650058,
    3.5614274786897835,
    3.024810471758244,
    2.822898947412771
  ],
  "beta_std": [
    0.7908912897109985,
    1.6589983701705933,
    1.0144356489181519,
    1.05216646194458,
    1.0477007627487183,
    0.7523516416549683,
    1.1814993619918823,
    1.0722156763076782,
    0.7263618111610413,
    0.9930083751678467,
    0.9306541085243225,
    0.9290696382522583,
    1.1316415071487427,
    1.0698615312576294,
    0.8940660953521729,
    0.862190842628479,
    1.0759814977645874,
    1.059059500694275
  ],
  "beta_mean": [
    -0.5854465961456299,
    -0.504513680934906,
    -0.10740895569324493,
    -0.3367193639278412,
    -0.4029370844364166,
    -0.03110019490122795,
    -0.29074037075042725,
    -0.20367848873138428,
    0.11122903972864151,
    -0.4183003604412079,
    -0.17850176990032196,
    -0.2688073217868805,
    -0.1926836371421814,
    -0.010759062133729458,
    -0.11421415209770203,
    -0.14685313403606415,
    -0.29196324944496155,
    -0.2613717019557953
  ]
}