{
  "train_loss": [
    4.530031618040208,
    3.2624354147771646,
    2.525977208879259,
    2.200294288417749,
    2.0677580549005876,
    1.9199444171280888,
    1.8725744689417165,
    1.7567006426247938,
    1.8307549811246102,
    1.7993535461481551,
    1.613307213086134,
    1.4963302446387665,
    1.5552945652900383,
    1.420055087546856,
    1.4276944598259285,
    1.4159006875857971
  ],
  "val_loss": [
    3.261573553085327,
    2.8609282970428467,
    2.43180251121521,
    2.6579933166503906,
    2.4885988235473633,
    2.244330406188965,
    2.3625755310058594,
    2.565838098526001,
    2.3080718517303467,
    2.4334588050842285,
    2.540630578994751,
    2.5068066120147705,
    2.5902416706085205,
    2.539323091506958,
    2.6820459365844727,
    2.574531316757202
  ],
  "best_epoch": 5,
  "status": "ok",
  "grad_norm": [
    3.8217192125027775,
    3.689657843491851,
    3.1872928986244244,
    3.864768420778286,
    4.180778997661284,
    3.735761757041637,
    3.3743147378699274,
    3.726314767112045,
    3.4117601348604203,
    3.487525965273813,
    3.7276112176553164,
    3.4269325885761455,
    3.607302730402551,
    2.950517685382323,
    3.144050167072375,
    3.252709510856105
  ],
  "beta_std": [
    0.9611454010009766,
    0.5823974013328552,
    0.8529465794563293,
    0.6137112379074097,
    0.8927124738693237,
    0.6912495493888855,
    0.8034512996673584,
    0.6120587587356567,
    0.7410531640052795,
    0.880219042301178,
    0.9784444570541382,
    0.9665422439575195,
    0.8318617939949036,
    0.8217372894287109,
    0.9549760818481445,
    0.7436110377311707
  ],
  "beta_mean": [
    -0.2251235991716385,
    -0.00798624288290739,
    -0.18939976394176483,
    -0.09121186286211014,
    -0.09608881175518036,
    -0.2091849148273468,
    -0.22010889649391174,
    -0.2712554931640625,
    -0.24223612248897552,
    -0.2691022753715515,
    -0.23979786038398743,
    -0.4628232419490814,
    -0.06853368878364563,
    -0.38128387928009033,
    -0.38292738795280457,
    -0.291281521320343
  ]
}