{
  "train_loss": [
    3.871422242058648,
    2.653912600941128,
    2.3960889609654745,
    1.9168464496400621,
    1.8895820901791254,
    1.7996283271577622,
    1.8867933281262717,
    1.7802666642930773,
    1.682983119752672,
    1.7791518486870659,
    1.9362878979576958,
    1.6633883666992189,
    1.5669102266099717,
    1.5356973844104342,
    1.5047767798105876,
    1.7412847179836697,
    1.6466191265318129,
    1.528907027774387
  ],
  "val_loss": [
    2.6889498233795166,
    2.32135009765625,
    2.007434606552124,
    1.9595166444778442,
    1.9331772327423096,
    2.4910192489624023,
    2.0493576526641846,
    1.9180212020874023,
    2.4418888092041016,
    2.297750473022461,
    2.3455512523651123,
    2.4216439723968506,
    2.0166783332824707,
    2.3327274322509766,
    2.1716203689575195,
    2.0669336318969727,
    2.172666549682617,
    2.218106746673584
  ],
  "best_epoch": 7,
  "status": "ok",
  "grad_norm": [
    3.200916570468969,
    3.6658867240443413,
    4.188894226925102,
    3.5599797651111826,
    3.234738108163059,
    3.272805329958158,
    4.461058519924473,
    3.6743749122238643,
    3.5539474748669844,
    4.678472267437418,
    4.175135178304317,
    3.7026469485954343,
    3.020584906187815,
    3.175600955158474,
    3.944693371900788,
    4.661173159438143,
    2.803848543546222,
    4.09095368205499
  ],
  "beta_std": [
    0.9176769852638245,
    1.1303504705429077,
    0.7059811353683472,
    0.7146161794662476,
    0.7152007818222046,
    0.7535104155540466,
    0.762563169002533,
    0.6846218705177307,
    0.5821241140365601,
    0.5686914324760437,
    0.6112419366836548,
    0.6362894177436829,
    0.7044386267662048,
    0.7579968571662903,
    0.6665159463882446,
    0.6802164912223816,
    0.6989710330963135,
    0.6445770263671875
  ],
  "beta_mean": [
    -0.4290306866168976,
    -0.28327250480651855,
    -0.27620235085487366,
    -0.349193274974823,
    -0.3885953426361084,
    -0.5697343945503235,
    -0.547429084777832,
    -0.35089966654777527,
    -0.31258225440979004,
    -0.21762146055698395,
    -0.31081387400627136,
    -0.4765988886356354,
    -0.10022652894258499,
    -0.4176388680934906,
    -0.3558134436607361,
    -0.27891337871551514,
    -0.3540908694267273,
    -0.23081548511981964
  ]
}