{
  "train_loss": [
    2.4942067359344304,
    2.1219104893444576,
    2.1618354819113748,
    2.0599522206100107,
    2.005614302506921,
    1.9929618461229648,
    1.951353550152472,
    1.9515969610214234,
    1.921939652816594,
    1.903964202055457,
    1.9264552067594918,
    1.9237857807170577,
    1.8954401793675115,
    1.8912956923211528,
    1.907421217410885,
    1.8965583129514727,
    1.8830502156207436,
    1.8940565112599155,
    1.85530452666924,
    1.882669295428092,
    1.8526476231513664,
    1.8681286006782487,
    1.861084959883439,
    1.8419890151944076,
    1.8470899793557953,
    1.8420840355666757,
    1.8240827575203968,
    1.8310878365499932,
    1.8400906744059067,
    1.8155082351561875,
    1.8166601100720858,
    1.7929772844091494,
    1.7998394419296444,
    1.8051710901483458,
    1.794073729961239,
    1.799173488951566,
    1.825521130366632,
    1.7794178111650791,
    1.8466247247673615,
    1.8019318396863881,
    1.7755351541195696,
    1.7795212936122515,
    1.787387992624651,
    1.7915625615147819,
    1.7892554225977402,
    1.7697072643982736,
    1.7537872262586627,
    1.7548357010166546,
    1.758775918525562,
    1.7745852320933202
  ],
  "val_loss": [
    2.146803617477417,
    2.336271286010742,
    2.0715434551239014,
    2.0038981437683105,
    2.0392568111419678,
    1.9667117595672607,
    2.0141618251800537,
    2.052622079849243,
    1.960110068321228,
    1.9876792430877686,
    1.9929803609848022,
    1.968937635421753,
    1.905339241027832,
    1.9421290159225464,
    1.9584479331970215,
    1.9239259958267212,
    1.920483946800232,
    1.9295905828475952,
    1.8724862337112427,
    1.8762915134429932,
    1.861459493637085,
    1.9441889524459839,
    1.9166748523712158,
    1.8783888816833496,
    1.923406720161438,
    1.9190958738327026,
    1.8633928298950195,
    1.8527822494506836,
    1.869530200958252,
    1.863670825958252,
    1.8664928674697876,
    1.84453547000885,
    1.8405851125717163,
    1.8384963274002075,
    1.8417526483535767,
    1.8489584922790527,
    1.887499451637268,
    1.8328214883804321,
    1.9315789937973022,
    1.808462142944336,
    1.829339861869812,
    1.8744250535964966,
    1.872428297996521,
    1.848900318145752,
    1.873968243598938,
    1.8521815538406372,
    1.80366051197052,
    1.8218263387680054,
    1.8672962188720703,
    1.8149296045303345
  ],
  "best_epoch": 46,
  "status": "ok",
  "grad_norm": [
    2.2360674870043917,
    1.9964179744990442,
    1.7471374852183856,
    1.6358780995978421,
    1.5633450407090563,
    1.5427064438968405,
    1.4841931947914537,
    1.4810989944346393,
    1.4320636092604253,
    1.4362776253329035,
    1.470840074758655,
    1.4457685236086597,
    1.409968458352941,
    1.366543042815409,
    1.4082567998226925,
    1.4028996011577322,
    1.3851983171709088,
    1.4966707891948274,
    1.32611933889581,
    1.4618444211529107,
    1.3647758736746365,
    1.444302499975454,
    1.4123113229367943,
    1.3212479545737854,
    1.4026253117903869,
    1.408400037879221,
    1.3802313150087906,
    1.3990650216782778,
    1.3964713787257483,
    1.2920941508327615,
    1.334193172909252,
    1.3120932582083114,
    1.323354579047522,
    1.3370460090525,
    1.3407574294205995,
    1.376285491746366,
    1.4095251079881563,
    1.316229814336307,
    1.5053764923595556,
    1.3322341723526543,
    1.3055047530905084,
    1.3381840962117835,
    1.3921032460813665,
    1.4454112325493054,
    1.3491385139178922,
    1.3651929462385297,
    1.276283126128394,
    1.3150444924667926,
    1.3112235958392828,
    1.353485227127764
  ],
  "beta_std": [
    0.5753640532493591,
    0.33000993728637695,
    0.5199934840202332,
    0.5964329838752747,
    0.4512532353401184,
    0.5793328881263733,
    0.5474351048469543,
    0.6448171138763428,
    0.6777103543281555,
    0.6275436878204346,
    0.5919732451438904,
    0.496266633272171,
    0.6812229752540588,
    0.6240110993385315,
    0.5455684065818787,
    0.5810316205024719,
    0.6834151744842529,
    0.6897091269493103,
    0.6223660707473755,
    0.6302773356437683,
    0.5892210602760315,
    0.5051165819168091,
    0.5856107473373413,
    0.6230835318565369,
    0.596164345741272,
    0.5843293070793152,
    0.7263560891151428,
    0.5663033723831177,
    0.4747580289840698,
    0.6440421342849731,
    0.787347674369812,
    0.7765313386917114,
    0.7463830709457397,
    0.7307153940200806,
    0.6548982858657837,
    0.7407505512237549,
    0.419015109539032,
    0.6985870003700256,
    0.48911750316619873,
    0.6504660248756409,
    0.7270671129226685,
    0.5991587042808533,
    0.671705424785614,
    0.6543890237808228,
    0.6231012344360352,
    0.668379008769989,
    0.6431275606155396,
    0.6396754384040833,
    0.7969995737075806,
    0.7142626643180847
  ],
  "beta_mean": [
    -0.28467246890068054,
    -0.2315090298652649,
    -0.09131092578172684,
    -0.08375027775764465,
    0.028578724712133408,
    -0.12373968213796616,
    0.021217117086052895,
    -0.047427479177713394,
    -0.1776103377342224,
    0.01716732233762741,
    -0.15062634646892548,
    0.06766089051961899,
    -0.2581641972064972,
    -0.24911868572235107,
    -0.10468793660402298,
    0.0062871999107301235,
    -0.08300258964300156,
    -0.2278982251882553,
    -0.050910256803035736,
    -0.019880391657352448,
    -0.10682019591331482,
    0.07032395154237747,
    -0.18846042454242706,
    -0.41373053193092346,
    -0.0024533276446163654,
    -0.10522237420082092,
    -0.1421535462141037,
    -0.22226817905902863,
    -0.23033684492111206,
    -0.03208522871136665,
    -0.14768359065055847,
    -0.19077515602111816,
    -0.05790489912033081,
    -0.051087141036987305,
    -0.08925839513540268,
    -0.29534533619880676,
    -0.2032771110534668,
    -0.05806547403335571,
    -0.18550914525985718,
    -0.07783638685941696,
    -0.17930622398853302,
    -0.22515951097011566,
    -0.12944263219833374,
    -0.19559000432491302,
    -0.20150938630104065,
    -0.2810980975627899,
    -0.20892976224422455,
    -0.16418398916721344,
    -0.2505478262901306,
    -0.03068607486784458
  ]
}