{
  "train_loss": [
    2.4559477233329012,
    2.108458059154756,
    2.103085935046101,
    2.0370983991567155,
    2.013643116867333,
    1.9996127461550528,
    1.9547461339604786,
    1.9555712703236363,
    1.9466565249259011,
    1.9148009217133997,
    1.9685998027366505,
    1.9967307804620753,
    1.9276004957455641,
    1.9024627115573103,
    1.8878465875826385,
    1.8890999703658256,
    1.895225062175104,
    1.9170779926456205,
    1.8593494986930088,
    1.8645568589160317,
    1.8460722904874567,
    1.8345262554235626,
    1.8271948728505631,
    1.8477282976128204,
    1.8326936930940863,
    1.8415893187718084,
    1.8137731313426593,
    1.9408831371619688,
    1.894391747413323,
    1.8481488258517973
  ],
  "val_loss": [
    2.0525760650634766,
    1.9992973804473877,
    2.0181338787078857,
    1.9975647926330566,
    1.9963998794555664,
    1.9875556230545044,
    1.9240591526031494,
    1.934506893157959,
    1.9169203042984009,
    1.9394502639770508,
    1.9902006387710571,
    1.8623601198196411,
    1.9105509519577026,
    1.8868051767349243,
    1.8812065124511719,
    1.8638358116149902,
    1.9678670167922974,
    1.8305864334106445,
    1.8427430391311646,
    1.7859210968017578,
    1.849128246307373,
    1.8355920314788818,
    1.8211283683776855,
    1.8308848142623901,
    1.908206582069397,
    1.8602161407470703,
    1.8275560140609741,
    1.9039006233215332,
    1.947985291481018,
    1.8175302743911743
  ],
  "best_epoch": 19,
  "status": "ok",
  "grad_norm": [
    2.2149827606438786,
    1.7219794903192163,
    1.68658768760987,
    1.5405626275354465,
    1.5855642125618097,
    1.564792878970133,
    1.4431335700762904,
    1.4632284148834522,
    1.5307972794157874,
    1.3551803654934098,
    1.5605648917073676,
    1.4764686882076208,
    1.466809657993009,
    1.3450404139573293,
    1.4210297861191066,
    1.4379289551815884,
    1.5068732952054205,
    1.4187575298167685,
    1.3990467414167451,
    1.4515955107794198,
    1.4053730981586892,
    1.3704929854735075,
    1.3232764431643462,
    1.4301079549717266,
    1.3584122812622657,
    1.3844125275361159,
    1.3578618801005888,
    1.5707453616188245,
    1.4440030722688417,
    1.3850415546849364
  ],
  "beta_std": [
    0.4975780248641968,
    0.4961550533771515,
    0.8590832352638245,
    0.4789670407772064,
    0.502856969833374,
    0.43574777245521545,
    0.6303116679191589,
    0.7450385689735413,
    0.5998827815055847,
    0.6184965968132019,
    0.5881554484367371,
    0.6979144811630249,
    0.5227782726287842,
    0.6236480474472046,
    0.6455398201942444,
    0.6368941068649292,
    0.5136057138442993,
    0.7275974750518799,
    0.5714700222015381,
    0.5578715801239014,
    0.6949937343597412,
    0.5965437293052673,
    0.6860182881355286,
    0.6139582395553589,
    0.7246944904327393,
    0.6818605065345764,
    0.53957599401474,
    0.5641759634017944,
    0.7089673280715942,
    0.5118219256401062
  ],
  "beta_mean": [
    -0.07308896631002426,
    -0.06564221531152725,
    -0.32155928015708923,
    -0.12847881019115448,
    -0.11820871382951736,
    -0.259914368391037,
    -0.24073873460292816,
    -0.08800531178712845,
    -0.06758814305067062,
    -0.2377273440361023,
    -0.19334006309509277,
    -0.010285470634698868,
    -0.13671624660491943,
    -0.035571519285440445,
    0.018766017630696297,
    -0.13799364864826202,
    0.11477825045585632,
    0.010088182054460049,
    -0.24466733634471893,
    -0.10263670980930328,
    -0.15038184821605682,
    -0.1877860575914383,
    -0.06742168217897415,
    -0.15252307057380676,
    -0.16334748268127441,
    -0.0648546814918518,
    0.05797557532787323,
    -0.06762634962797165,
    -0.1560201346874237,
    0.0031891551334410906
  ]
}