{
  "train_loss": [
    2.3659222167277196,
    2.125587227023833,
    2.0946286369903744,
    2.0061988242188393,
    1.976983413054929,
    2.0572340676937886,
    1.9795180901309901,
    1.9706327209138033,
    1.940301754823205,
    1.9711751374027184,
    1.9255539367631165,
    1.9056770064816837,
    1.9129232245160823,
    1.889687069452297,
    1.8946770151595622,
    1.9056417780312878,
    1.8832638489572626,
    1.8626336436243782,
    1.8502410110395555,
    1.8645437300274943,
    1.8368561183081733,
    1.9178529698388618,
    1.8778747675432796,
    1.8490456119615433,
    1.8342416863692435,
    1.8356994175492671,
    1.816434593897814,
    1.833115606252213,
    1.821250228491443,
    1.7987860854745608,
    1.7978041703798617,
    1.8031515875476145,
    1.7948123980405037,
    1.8015692058920163,
    1.784050010770385,
    1.7845765877606576,
    1.7865388757582994,
    1.7788827070436979,
    1.7866205257281922,
    1.7635288805710643,
    1.7723775593997442,
    1.7887308060495477,
    1.7759417544470892,
    1.7824793852700127,
    1.7646748371291578
  ],
  "val_loss": [
    2.216094493865967,
    2.2241907119750977,
    2.0363926887512207,
    2.006014347076416,
    1.9363776445388794,
    1.996285080909729,
    2.0640690326690674,
    1.9606846570968628,
    1.897233247756958,
    2.0154783725738525,
    1.89594566822052,
    1.96944260597229,
    1.9328454732894897,
    1.8592562675476074,
    1.901447057723999,
    1.9056601524353027,
    1.8822977542877197,
    1.9363481998443604,
    1.9316624402999878,
    1.8396329879760742,
    1.825372338294983,
    1.8980815410614014,
    1.8176273107528687,
    1.8487465381622314,
    1.8113433122634888,
    1.809389352798462,
    1.802401065826416,
    1.835456371307373,
    1.8268636465072632,
    1.8052140474319458,
    1.8385226726531982,
    1.7957113981246948,
    1.80592942237854,
    1.8150365352630615,
    1.7839833498001099,
    1.8103235960006714,
    1.8159147500991821,
    1.8010109663009644,
    1.8171662092208862,
    1.8095003366470337,
    1.84698486328125,
    1.8201024532318115,
    1.8266804218292236,
    1.8144900798797607,
    1.799673080444336
  ],
  "best_epoch": 34,
  "status": "ok",
  "grad_norm": [
    1.981151912564767,
    1.7861731834364787,
    1.6283723897568123,
    1.5292845682583829,
    1.396618859173038,
    1.610797121460168,
    1.351967712400469,
    1.4016150882846818,
    1.265189531285978,
    1.5716339660536762,
    1.3418629912437792,
    1.3764856285840146,
    1.3740909739413785,
    1.296045782381314,
    1.3559682130182327,
    1.388229295025755,
    1.3593652321567649,
    1.2292903976936969,
    1.2865439955744857,
    1.3651593337130683,
    1.249854430132943,
    1.4149349720384863,
    1.3314050672417335,
    1.2476539472019104,
    1.3084583556736407,
    1.3757802599782187,
    1.3003024990656658,
    1.3414523065775268,
    1.3724114736537545,
    1.2591678035419231,
    1.3245432526128211,
    1.3365516509015876,
    1.3450926723786543,
    1.3148080998670548,
    1.2643573957680465,
    1.3384122598418848,
    1.270362954014144,
    1.2505525589213768,
    1.3473292895440245,
    1.2103990019792095,
    1.2576663621110717,
    1.2877961197522882,
    1.2547898014272152,
    1.2874278683610103,
    1.280812370006511
  ],
  "beta_std": [
    0.3417983055114746,
    0.7596557140350342,
    0.45917239785194397,
    0.5954349637031555,
    0.7578482031822205,
    0.5465138554573059,
    0.4415021240711212,
    0.5130115151405334,
    0.5841852426528931,
    0.4834558963775635,
    0.6446155309677124,
    0.6185793876647949,
    0.6144503951072693,
    0.6869699954986572,
    0.6239089369773865,
    0.5576621294021606,
    0.6247628331184387,
    0.8337089419364929,
    0.841234564781189,
    0.7345697283744812,
    0.6510526537895203,
    0.6744437217712402,
    0.5966147184371948,
    0.7401688098907471,
    0.6110172867774963,
    0.6777662038803101,
    0.6654691696166992,
    0.6837916970252991,
    0.48493605852127075,
    0.5620530247688293,
    0.6644115447998047,
    0.5809282660484314,
    0.6554010510444641,
    0.6232028603553772,
    0.6637963056564331,
    0.7245399951934814,
    0.6246386170387268,
    0.7498548030853271,
    0.601253867149353,
    0.7478067874908447,
    0.7067403197288513,
    0.6258589625358582,
    0.7765839099884033,
    0.5645782351493835,
    0.5559244751930237
  ],
  "beta_mean": [
    -0.40028226375579834,
    -0.10793415457010269,
    -0.06269150227308273,
    -0.28109315037727356,
    -0.3298167586326599,
    -0.2011008858680725,
    -0.03129905089735985,
    -0.26133763790130615,
    -0.2472095638513565,
    -0.24736793339252472,
    -0.23153413832187653,
    -0.23989088833332062,
    -0.09329504519701004,
    -0.1364688277244568,
    -0.22298863530158997,
    -0.09156952798366547,
    -0.2082660049200058,
    0.04553564637899399,
    -0.1333073526620865,
    -0.31993502378463745,
    -0.13587607443332672,
    0.0130301583558321,
    -0.300350546836853,
    0.11227808892726898,
    -0.06880474090576172,
    -0.2936592102050781,
    -0.13011936843395233,
    -0.16348077356815338,
    -0.13164640963077545,
    -0.25898662209510803,
    -0.10784640908241272,
    -0.19114023447036743,
    -0.1299613118171692,
    -0.15495865046977997,
    -0.3006153702735901,
    -0.07116268575191498,
    -0.32733115553855896,
    0.018947403877973557,
    -0.15422871708869934,
    -0.14290985465049744,
    -0.00975645612925291,
    -0.3042125403881073,
    -0.27700114250183105,
    -0.2394734025001526,
    -0.16012759506702423
  ]
}