{
  "train_loss": [
    2.4648876731158698,
    2.0951287647715784,
    2.030678764532881,
    2.0408781565839087,
    1.9888333050688805,
    1.9765111135181628,
    2.0104833285571537,
    2.02140202416314,
    1.9528757276311952,
    1.911463846072816,
    1.9027120686135097,
    1.9048115974560118,
    1.8991252628683346,
    1.9415626954195793,
    1.9055080259613126,
    1.8660166351139893,
    1.8538371177584108,
    1.8748957337831196,
    1.8849333959713317,
    1.8550590952376873,
    1.855668477510151,
    1.8430944282409043,
    1.8309420865599872,
    1.8397200006629988,
    1.8729281230279577,
    1.8420192510482163,
    1.9346712078685648,
    1.845440043845372,
    1.8116666774861296,
    1.8133073911332247,
    1.8133293912842956,
    1.8491384103563098,
    1.821478749883105,
    1.8347952821240787,
    1.7884998890112715,
    1.7943534097615739,
    1.8091097743329947,
    1.8007382737265694,
    1.803532870080736
  ],
  "val_loss": [
    2.060818672180176,
    1.9636121988296509,
    1.9218487739562988,
    1.9383294582366943,
    1.937683343887329,
    1.9857590198516846,
    2.3005337715148926,
    1.910710096359253,
    1.8975692987442017,
    1.871352195739746,
    1.9150230884552002,
    1.8705942630767822,
    1.8692128658294678,
    1.8970783948898315,
    1.8075060844421387,
    1.8357383012771606,
    1.8023799657821655,
    1.80144464969635,
    1.8070576190948486,
    1.8456854820251465,
    1.775131344795227,
    1.8445464372634888,
    1.8121674060821533,
    1.8678125143051147,
    1.791111707687378,
    1.7838250398635864,
    1.8129186630249023,
    1.7947193384170532,
    1.7606509923934937,
    1.7916319370269775,
    1.8982404470443726,
    1.8174951076507568,
    1.8580553531646729,
    1.8023885488510132,
    1.7769386768341064,
    1.835331916809082,
    1.8317633867263794,
    1.815656065940857,
    1.8376072645187378
  ],
  "best_epoch": 28,
  "status": "ok",
  "grad_norm": [
    2.407971420042088,
    1.6793883903937132,
    1.5543806877834891,
    1.6591362908868819,
    1.548257225913036,
    1.4573099956596338,
    1.6617214918550671,
    1.4355563920905985,
    1.4240792001961544,
    1.3397712721585677,
    1.3668284558966464,
    1.3542536658925293,
    1.3665719947640609,
    1.5382851725122693,
    1.3179657153625626,
    1.2774889149733488,
    1.3094449138887514,
    1.3910659245493129,
    1.3823523624194303,
    1.3063524761047223,
    1.3792647734128125,
    1.3916013524481785,
    1.3404008114339803,
    1.478107354892933,
    1.3339789699114075,
    1.3950357293667563,
    1.5686388656707022,
    1.3729308420096078,
    1.306670164007175,
    1.3803546411432221,
    1.3341850561724566,
    1.4104891955915233,
    1.3055711261047518,
    1.368233678004494,
    1.2670910906193065,
    1.336604556405862,
    1.3575923634189901,
    1.3065645201103941,
    1.3293102581483303
  ],
  "beta_std": [
    0.5565049648284912,
    0.5253150463104248,
    0.7315747737884521,
    0.4436323344707489,
    0.6072991490364075,
    0.4415382146835327,
    0.32085517048835754,
    0.5180222988128662,
    0.5636162161827087,
    0.677493155002594,
    0.7351600527763367,
    0.6643058061599731,
    0.7565990686416626,
    0.5847626328468323,
    0.7970072627067566,
    0.6805399656295776,
    0.7825877070426941,
    0.6636074781417847,
    0.4910665452480316,
    0.6791548728942871,
    0.8000301122665405,
    0.6871684789657593,
    0.700111448764801,
    0.6197817325592041,
    0.5578115582466125,
    0.7596637010574341,
    0.579833984375,
    0.6863476037979126,
    0.7502425312995911,
    0.757876992225647,
    0.637119710445404,
    0.5784778594970703,
    0.6776894927024841,
    0.8797368407249451,
    0.6466220021247864,
    0.46253010630607605,
    0.5785564184188843,
    0.6930330395698547,
    0.5158672332763672
  ],
  "beta_mean": [
    -0.44046252965927124,
    -0.21261364221572876,
    -0.4814213812351227,
    -0.17622818052768707,
    -0.19907517731189728,
    -0.21457767486572266,
    -0.34914836287498474,
    -0.2693730890750885,
    -0.36332303285598755,
    -0.12227683514356613,
    -0.2814517915248871,
    -0.20685839653015137,
    -0.2082783430814743,
    -0.2493358701467514,
    -0.15857799351215363,
    -0.29298222064971924,
    -0.2610846161842346,
    -0.14215391874313354,
    0.01261076983064413,
    -0.20705348253250122,
    -0.25675809383392334,
    -0.24319586157798767,
    -0.22565093636512756,
    -0.3331933915615082,
    -0.41436678171157837,
    -0.11318330466747284,
    -0.15124520659446716,
    -0.13128647208213806,
    -0.3228507339954376,
    -0.23913711309432983,
    -0.37221455574035645,
    -0.30337807536125183,
    -0.373159795999527,
    -0.27650880813598633,
    -0.08854074776172638,
    -0.1201699823141098,
    -0.2809889614582062,
    -0.227608785033226,
    -0.06557796150445938
  ]
}