{
  "train_loss": [
    2.489879491928725,
    2.1269291487911293,
    2.3694343675089162,
    2.1468840129473055,
    2.0696381310133907,
    2.011070173665097,
    1.9793889798058404,
    2.053422049555862,
    1.9885585944973236,
    1.9724668152011626,
    1.9411729778044404,
    1.9352061365640651,
    1.9600254880336292,
    1.9023953230618036,
    1.9064224950890791,
    1.8928790298539993,
    1.92347158780572,
    1.9230560966402466,
    1.9490921325572053,
    1.8987774023256805,
    1.9015190221552263,
    1.9210217813581054,
    1.8851355595337718,
    1.8966495030107553,
    1.8985882396028753,
    1.8966701019855967,
    1.8770672239894755,
    1.8861591185742652,
    1.9485827512350695,
    1.8964049511625056,
    1.865365283112777,
    1.8581691987333242,
    1.8411998925013848,
    1.8199793130194235,
    1.8156915228269253,
    1.8507035837117691,
    1.8171576402340717,
    1.8327692757433618,
    1.8332950768275567,
    1.8050647745355528,
    1.8319758263526604,
    1.8085724399800887,
    1.8113228896905107,
    1.8157023825004086,
    1.8049547054893091,
    1.7915014510684544,
    1.8293681888970714,
    1.7984404652299937,
    1.784930842661718,
    1.8163005492282889
  ],
  "val_loss": [
    2.0955231189727783,
    2.067117929458618,
    2.4527785778045654,
    2.0520029067993164,
    2.060638189315796,
    2.0362675189971924,
    1.9885138273239136,
    2.040483236312866,
    2.049710273742676,
    2.012547731399536,
    1.9558768272399902,
    1.9870502948760986,
    1.9675573110580444,
    1.95356285572052,
    1.9639877080917358,
    1.9344418048858643,
    2.0455214977264404,
    2.0264813899993896,
    1.9620425701141357,
    1.9514405727386475,
    1.9612855911254883,
    2.0067713260650635,
    1.9457406997680664,
    1.9806363582611084,
    1.9612386226654053,
    1.910745620727539,
    1.9479954242706299,
    2.0522916316986084,
    1.986930251121521,
    1.947273850440979,
    1.9119219779968262,
    1.8839008808135986,
    1.9171276092529297,
    1.8710461854934692,
    1.9707322120666504,
    1.876311182975769,
    1.9669487476348877,
    1.8762120008468628,
    1.883190631866455,
    1.8764088153839111,
    2.017854690551758,
    1.8437862396240234,
    1.8928834199905396,
    1.8558578491210938,
    1.8355975151062012,
    1.8448303937911987,
    1.832460641860962,
    1.8151158094406128,
    1.8944705724716187,
    1.8235784769058228
  ],
  "best_epoch": 47,
  "status": "ok",
  "grad_norm": [
    2.3752828380862976,
    1.703646706823254,
    2.4831969928439928,
    1.778111882281887,
    1.6887463372161835,
    1.6669372000562337,
    1.5045473536021916,
    1.6387640203716447,
    1.4499865305669801,
    1.5173629709550878,
    1.4132524596811955,
    1.3666870636161623,
    1.5350493767887519,
    1.3702347364299232,
    1.387017055552605,
    1.4150910615046255,
    1.4643519336916508,
    1.495975540943792,
    1.4583563888178352,
    1.3424085863673318,
    1.4253692522141734,
    1.405227638774683,
    1.401007852289257,
    1.4148830849198577,
    1.4303980168581878,
    1.4437256807654362,
    1.3455227009709567,
    1.3856571942231646,
    1.5226982381262801,
    1.3623189004198255,
    1.3978103264524462,
    1.3890660276458144,
    1.3662602454824166,
    1.2513524571745098,
    1.3382674082209711,
    1.419143491530935,
    1.3656158393478621,
    1.3908926956218004,
    1.4285570446441977,
    1.3017512460615925,
    1.485194042645594,
    1.3652680963423904,
    1.3697862309515454,
    1.360894460832115,
    1.3952721507757402,
    1.3094434138258573,
    1.451250615043253,
    1.3712104557887392,
    1.311278589213324,
    1.4268000119720934
  ],
  "beta_std": [
    0.5912148952484131,
    0.5507310032844543,
    0.473346084356308,
    0.5738208293914795,
    0.3961656093597412,
    0.5380464196205139,
    0.7319649457931519,
    0.39318621158599854,
    0.5272709727287292,
    0.5845431089401245,
    0.5963060855865479,
    0.5347679257392883,
    0.6062518954277039,
    0.6647221446037292,
    0.5893742442131042,
    0.5688448548316956,
    0.5937929153442383,
    0.6572994589805603,
    0.557163655757904,
    0.48806506395339966,
    0.689625084400177,
    0.6291658282279968,
    0.5972551107406616,
    0.7229766845703125,
    0.727143406867981,
    0.6102989912033081,
    0.5201930999755859,
    0.654150128364563,
    0.6662985682487488,
    0.6295788884162903,
    0.5152795314788818,
    0.6245230436325073,
    0.642292320728302,
    0.7020448446273804,
    0.7484927773475647,
    0.761665403842926,
    0.5051684379577637,
    0.6622544527053833,
    0.6936007738113403,
    0.5300793647766113,
    0.7552622556686401,
    0.5759550333023071,
    0.520187497138977,
    0.6427007913589478,
    0.6309155225753784,
    0.6579979658126831,
    0.6732468605041504,
    0.6090903282165527,
    0.7202091217041016,
    0.6361839771270752
  ],
  "beta_mean": [
    -0.10938749462366104,
    -0.024093616753816605,
    -0.16428494453430176,
    -0.16370859742164612,
    -0.26017332077026367,
    -0.10953782498836517,
    -0.15009303390979767,
    -0.06975749135017395,
    -0.24017119407653809,
    -0.06442303210496902,
    -0.23894210159778595,
    -0.18090061843395233,
    -0.1096293181180954,
    -0.20259371399879456,
    -0.19352149963378906,
    -0.14951284229755402,
    0.042252931743860245,
    0.01286991685628891,
    -0.17020609974861145,
    -0.21795284748077393,
    -0.190980926156044,
    -0.23705212771892548,
    -0.1493000090122223,
    0.21698984503746033,
    -0.11134638637304306,
    -0.35787874460220337,
    -0.2940303087234497,
    -0.2783512771129608,
    -0.13439132273197174,
    -0.2438967376947403,
    -0.2866058647632599,
    -0.15246301889419556,
    -0.13873888552188873,
    -0.14469894766807556,
    -0.10310694575309753,
    -0.12037796527147293,
    -0.35460665822029114,
    -0.217471182346344,
    -0.1402844339609146,
    -0.007030169013887644,
    0.13714373111724854,
    -0.23267512023448944,
    -0.19343946874141693,
    -0.07760338485240936,
    -0.2832292914390564,
    -0.24878787994384766,
    -0.22761988639831543,
    -0.2298440784215927,
    -0.10406611859798431,
    -0.06771940737962723
  ]
}