{
  "train_loss": [
    2.544331937951651,
    2.1043150156701516,
    2.1227720007980078,
    2.0213010892254566,
    1.9995126856419079,
    1.9915419270699484,
    1.9676515821824994,
    1.9797411545535974,
    1.9578605604729458,
    1.9663080433516475,
    1.9409949336693302,
    1.9171933436812016,
    1.9121295435944496,
    1.962443487100434,
    1.9701854337725724,
    1.8842865842406513,
    1.8900636116942466,
    1.9271581827687938,
    1.8641985128079241,
    1.8862220468298037,
    1.8656856191088582,
    1.8497217635662235,
    1.8578875021070067,
    1.8787687364656325,
    1.87837629995848,
    1.8697523320069787,
    1.841293625943145,
    1.8504695648338363,
    1.8163756706003558,
    1.8308072650362874,
    1.8159808048727917,
    1.826451948093392,
    1.8208146166662027,
    1.8102386201891982,
    1.8296156357882316,
    1.8016068161021896,
    1.7979033360007213,
    1.8195635771054273,
    1.8002251690033584,
    1.8079628434934114,
    1.8039953557789674,
    1.7898243700551708,
    1.8005816452405605
  ],
  "val_loss": [
    1.9739807844161987,
    2.0113348960876465,
    2.0285186767578125,
    1.8813375234603882,
    1.911143183708191,
    1.979792833328247,
    1.9167711734771729,
    1.861459493637085,
    1.8733166456222534,
    1.8323509693145752,
    1.8833224773406982,
    1.8541231155395508,
    1.8793213367462158,
    1.8946785926818848,
    1.8485785722732544,
    1.7943739891052246,
    1.8399760723114014,
    1.8430976867675781,
    1.8067930936813354,
    1.8243286609649658,
    1.7929342985153198,
    1.8768587112426758,
    1.8120466470718384,
    1.8234472274780273,
    1.860075831413269,
    1.795362114906311,
    1.8279173374176025,
    1.818484902381897,
    1.7626299858093262,
    1.7843093872070312,
    1.774591326713562,
    1.7700453996658325,
    1.748612642288208,
    1.7771542072296143,
    1.8248317241668701,
    1.7618634700775146,
    1.7641935348510742,
    1.7625292539596558,
    1.7862584590911865,
    1.771963357925415,
    1.7888422012329102,
    1.7765229940414429,
    1.7713804244995117
  ],
  "best_epoch": 32,
  "status": "ok",
  "grad_norm": [
    1.9784776268075228,
    1.6754463201542644,
    1.6569413222346705,
    1.5219060769017752,
    1.42117133683599,
    1.4508841090429514,
    1.391512736516553,
    1.4153858485995565,
    1.362730761063963,
    1.4330682450591572,
    1.3563047307286091,
    1.3689266409592034,
    1.286594119213179,
    1.4055298234977247,
    1.4635905042498685,
    1.2582935364332248,
    1.2961116476536965,
    1.390904254119944,
    1.2682529567352585,
    1.3454743603287964,
    1.2858234282410832,
    1.3021051166273403,
    1.350227063348498,
    1.3316345536287018,
    1.4672531430824465,
    1.3211917593814786,
    1.2278401055018031,
    1.323027762040277,
    1.2336497660200525,
    1.2527097814257102,
    1.3484209409716332,
    1.2900727293301257,
    1.3053935442591722,
    1.273138909509111,
    1.2714582776113081,
    1.2262019214366484,
    1.2512849661821732,
    1.3048463160263841,
    1.3173546055498284,
    1.29965871208215,
    1.3178628636571095,
    1.2552149559840389,
    1.2569962900048275
  ],
  "beta_std": [
    0.5235157608985901,
    0.40351948142051697,
    0.5380223393440247,
    0.5189231038093567,
    0.5184574723243713,
    0.6024749279022217,
    0.6748642921447754,
    0.6213257312774658,
    0.593967080116272,
    0.49422594904899597,
    0.5977926254272461,
    0.5213894248008728,
    0.44899505376815796,
    0.4974899888038635,
    0.5863547325134277,
    0.6549192667007446,
    0.8032321333885193,
    0.5515083074569702,
    0.6359139084815979,
    0.6395052671432495,
    0.6589632630348206,
    0.7231444716453552,
    0.5252038240432739,
    0.6622482538223267,
    0.779280960559845,
    0.6180037260055542,
    0.5908324718475342,
    0.5815854668617249,
    0.6794791221618652,
    0.617389976978302,
    0.5388437509536743,
    0.5838440656661987,
    0.6476693749427795,
    0.5270048379898071,
    0.4991648495197296,
    0.6090371608734131,
    0.633809506893158,
    0.8284735679626465,
    0.651790976524353,
    0.6614896059036255,
    0.62816321849823,
    0.752714216709137,
    0.5857874751091003
  ],
  "beta_mean": [
    -0.39433205127716064,
    -0.298786461353302,
    0.04966157302260399,
    -0.24672549962997437,
    0.06570699065923691,
    -0.06931654363870621,
    -0.33939188718795776,
    -0.23759731650352478,
    -0.06846518814563751,
    -0.16385765373706818,
    -0.19424216449260712,
    -0.4341614544391632,
    -0.26406416296958923,
    -0.14957454800605774,
    -0.16408967971801758,
    -0.2283324897289276,
    -0.16715990006923676,
    -0.15151984989643097,
    -0.35743871331214905,
    -0.36566150188446045,
    -0.2376931607723236,
    -0.13102871179580688,
    -0.04534542188048363,
    -0.2537681460380554,
    -0.46410056948661804,
    -0.05316097289323807,
    -0.16688963770866394,
    -0.19057810306549072,
    -0.3236619830131531,
    -0.062481850385665894,
    -0.27678462862968445,
    -0.16676107048988342,
    -0.21511073410511017,
    -0.20396795868873596,
    -0.12528149783611298,
    -0.3106517493724823,
    -0.19311510026454926,
    -0.11650824546813965,
    -0.07593446224927902,
    -0.3817010521888733,
    -0.3387603163719177,
    -0.30815327167510986,
    -0.3182106614112854
  ]
}