{
  "train_loss": [
    2.409251091884591,
    2.1698679635120413,
    2.0581954961074027,
    2.025019608380502,
    2.017358094098275,
    1.996931067740011,
    2.0005137042553103,
    2.011857430223833,
    1.9696289195233618,
    1.9534858447348165,
    1.94150064496269,
    1.9482418440935905,
    1.9347462086091962,
    1.924836084271035,
    1.8775397530494378,
    1.8844154637877704,
    1.875078520746956,
    1.852282681744001,
    1.8532516702016195,
    1.9036089810153893,
    1.833270940167165,
    1.8606652497687535,
    1.8527777731767174,
    1.8326530559160557,
    1.8274709590554934,
    1.8299306252407053,
    1.8437449833384731,
    1.8183006991001598,
    1.8161334290141948,
    1.881519281487716,
    1.8328803748415228
  ],
  "val_loss": [
    2.1417949199676514,
    2.056556224822998,
    1.9636119604110718,
    1.9267648458480835,
    1.9755781888961792,
    1.9829323291778564,
    1.8984228372573853,
    1.9810400009155273,
    1.9162075519561768,
    1.9798308610916138,
    1.9211543798446655,
    1.9949673414230347,
    1.9312899112701416,
    1.866353988647461,
    1.904604434967041,
    1.853119134902954,
    1.9289205074310303,
    1.8592864274978638,
    1.9156723022460938,
    1.8749535083770752,
    1.8027784824371338,
    1.8348180055618286,
    1.8597478866577148,
    1.865506649017334,
    1.8353018760681152,
    1.8134962320327759,
    1.8424842357635498,
    1.8031758069992065,
    1.9170151948928833,
    1.8203035593032837,
    1.8698335886001587
  ],
  "best_epoch": 20,
  "status": "ok",
  "grad_norm": [
    2.1755000735946073,
    1.7921352452283568,
    1.502042443288092,
    1.4195651787488615,
    1.4730686018077328,
    1.422828589321682,
    1.4717399451782378,
    1.5668865854650222,
    1.4064313800968644,
    1.4059950815767313,
    1.4491035231771723,
    1.4448004419785994,
    1.4225494120606508,
    1.439298556381509,
    1.360328897453683,
    1.3649756385438019,
    1.3782119145551972,
    1.3526037980424785,
    1.3855428644204462,
    1.4153195215713856,
    1.293401135346623,
    1.4243420133355642,
    1.417137666442024,
    1.3450810401229867,
    1.3243093392268375,
    1.3414235813085624,
    1.4204093736962395,
    1.2976390179313697,
    1.3767424454533144,
    1.4572943529865527,
    1.4133994943464019
  ],
  "beta_std": [
    0.6796289682388306,
    0.5120644569396973,
    0.6032202839851379,
    0.7505167126655579,
    0.7553727030754089,
    0.4896964728832245,
    0.7010390162467957,
    0.6056379079818726,
    0.7010473012924194,
    0.6624875068664551,
    0.662506103515625,
    0.5060022473335266,
    0.51451575756073,
    0.7400345802307129,
    0.6003673076629639,
    0.548803448677063,
    0.590206503868103,
    0.7226948738098145,
    0.6852506995201111,
    0.5318908095359802,
    0.668170690536499,
    0.739291250705719,
    0.5804595351219177,
    0.7692562341690063,
    0.6916034817695618,
    0.6433419585227966,
    0.5450034141540527,
    0.6524638533592224,
    0.510862410068512,
    0.6374344825744629,
    0.6343620419502258
  ],
  "beta_mean": [
    -0.6048769950866699,
    -0.2373269647359848,
    -0.10950636863708496,
    -0.27072402834892273,
    -0.1027478352189064,
    -0.29427051544189453,
    0.04683613032102585,
    -0.12852001190185547,
    -0.06399320811033249,
    -0.059364426881074905,
    0.0073644258081912994,
    -0.4378906190395355,
    0.06227473169565201,
    -0.11705392599105835,
    0.014906415715813637,
    -0.23963984847068787,
    -0.2622930407524109,
    -0.3168796896934509,
    -0.05253163352608681,
    -0.08839092403650284,
    -0.36471107602119446,
    -0.06327981501817703,
    -0.13478872179985046,
    0.07780692726373672,
    -0.16351774334907532,
    -0.2816070020198822,
    -0.27647826075553894,
    -0.047241296619176865,
    -0.0025016211438924074,
    -0.1634601205587387,
    -0.4239320755004883
  ]
}