{
  "train_loss": [
    2.511003880194056,
    2.2410615675630625,
    2.084417219663921,
    2.0814001092576144,
    2.040525974585996,
    2.03590738324394,
    2.0111328453766673,
    2.0384241658762883,
    1.9793632949026008,
    1.9626361026540835,
    1.9578696189289204,
    1.9471407419896265,
    1.9517891480908756,
    1.9438995938830905,
    1.9344280347489473,
    1.9453375467222336,
    1.9335207761240285,
    1.9285449021043832,
    1.935401323775799,
    1.910135151043273,
    1.9194887314344706,
    1.9221894915340936,
    1.891801942635698,
    1.9049553223660118,
    1.896088134754471,
    1.873648070173654,
    1.8542252344276473,
    1.8713530284480044,
    1.9304391802681817,
    1.9004995834618283,
    1.8823864155763772,
    1.9229285944274992,
    1.8542740687989352,
    1.8423089530454044,
    1.8541946555578221,
    1.8330178607974137
  ],
  "val_loss": [
    2.1866297721862793,
    2.0027964115142822,
    2.0021870136260986,
    1.930867314338684,
    2.058845281600952,
    1.9699349403381348,
    1.9579665660858154,
    1.9349253177642822,
    1.912416696548462,
    1.865983247756958,
    1.9155805110931396,
    1.9820754528045654,
    1.8840930461883545,
    1.8987354040145874,
    1.8955743312835693,
    1.9018439054489136,
    1.933096170425415,
    1.8658976554870605,
    1.9118536710739136,
    1.8352165222167969,
    1.8918218612670898,
    1.8199721574783325,
    1.8386286497116089,
    1.8706048727035522,
    1.8632997274398804,
    1.8010543584823608,
    1.8042453527450562,
    1.8997834920883179,
    1.8429962396621704,
    1.922091007232666,
    1.8480314016342163,
    1.8698080778121948,
    1.861799955368042,
    1.8575313091278076,
    1.8079102039337158,
    1.8069703578948975
  ],
  "best_epoch": 25,
  "status": "ok",
  "grad_norm": [
    2.08838264064939,
    2.4021300053536256,
    1.7289660505231421,
    1.799527510395544,
    1.7249015883312109,
    1.6425721981754222,
    1.6485356702521239,
    1.6780723867576006,
    1.546269923725091,
    1.4299601216531952,
    1.4328974912063501,
    1.4785280791437834,
    1.4445176595133464,
    1.4866597909478545,
    1.4040716596660945,
    1.4397827468867823,
    1.433217860045584,
    1.3761915880922377,
    1.4254078258899827,
    1.3586057872112425,
    1.4370558253851422,
    1.3625494519376598,
    1.350450970579665,
    1.3350121143524516,
    1.3956788579025903,
    1.325415500042427,
    1.3320981743941807,
    1.3888264497804503,
    1.5444884364078424,
    1.5068129894137783,
    1.3621780440590816,
    1.4771112602731453,
    1.3274405831456977,
    1.357541760339658,
    1.373142530609657,
    1.2696286583900194
  ],
  "beta_std": [
    0.6503361463546753,
    0.592114269733429,
    0.5613566637039185,
    0.6076006293296814,
    0.6450037956237793,
    0.5119640231132507,
    0.4759211242198944,
    0.710889995098114,
    0.6803780198097229,
    0.7360705733299255,
    0.6774224042892456,
    0.5824311375617981,
    0.7049609422683716,
    0.6530170440673828,
    0.7038586139678955,
    0.7357975244522095,
    0.7521992921829224,
    0.8296234607696533,
    0.5584984421730042,
    0.7381354570388794,
    0.6236790418624878,
    0.6653501391410828,
    0.633135199546814,
    0.6290233731269836,
    0.6592977046966553,
    0.6939375400543213,
    0.7573961019515991,
    0.5702603459358215,
    0.6323574185371399,
    0.6801800727844238,
    0.6034703254699707,
    0.5633795261383057,
    0.6611023545265198,
    0.6861310005187988,
    0.687496542930603,
    0.7294331789016724
  ],
  "beta_mean": [
    0.05054778233170509,
    0.03631571680307388,
    -0.13359269499778748,
    -0.08166782557964325,
    0.10305202007293701,
    -0.1074826791882515,
    -0.2663744390010834,
    -0.1595236361026764,
    -0.2008400559425354,
    -0.29837819933891296,
    -0.05205393582582474,
    -0.07059966772794724,
    -0.09761326760053635,
    -0.25855693221092224,
    0.016696790233254433,
    -0.13628728687763214,
    -0.28894180059432983,
    -0.13377006351947784,
    -0.38692745566368103,
    -0.05633574724197388,
    -0.08872739970684052,
    -0.16052237153053284,
    -0.1303243190050125,
    -0.1801012009382248,
    -0.10133124887943268,
    -0.1705864518880844,
    -0.1032390147447586,
    -0.1942659169435501,
    -0.30041584372520447,
    -0.18892024457454681,
    -0.1777423769235611,
    -0.15798775851726532,
    -0.13830572366714478,
    -0.022164901718497276,
    -0.10761965066194534,
    -0.21653342247009277
  ]
}