{
  "train_loss": [
    2.438981918647275,
    2.3259624480643466,
    2.121087399979084,
    2.082835019596836,
    2.0342528442193193,
    2.0341941227271545,
    1.9891227801361977,
    1.9833512761857774,
    1.9751353432839376,
    2.0213103260073746,
    1.97717640352528,
    1.9513384166516756,
    1.958302381638198,
    1.9604163260208933,
    1.9363089160194173,
    1.9450428925341332,
    1.9135395822748107,
    1.8992100049459446,
    1.899867219060485,
    1.9002150193710774,
    1.904495182093124,
    1.8786239810296665,
    1.8964797669126277,
    1.8800311214324326,
    1.8604189717421058,
    1.8477754472431385,
    1.8748170167800278,
    1.8519329779329357,
    1.8361459450972708,
    1.8441376783973293,
    1.827616752016614,
    1.844702786618506,
    1.8414863708563018,
    1.8317637553689075,
    1.8113823168737846,
    1.807755565197147,
    1.8159294572350575,
    1.8072689422808195,
    1.8277889383327195,
    1.8473672632864344,
    1.8252563964832595
  ],
  "val_loss": [
    2.0008108615875244,
    2.0410287380218506,
    1.950446367263794,
    1.9779623746871948,
    1.9630537033081055,
    1.9378364086151123,
    1.9429386854171753,
    1.9424078464508057,
    1.926758885383606,
    1.9610499143600464,
    1.9191874265670776,
    1.9720263481140137,
    1.927555799484253,
    1.9349462985992432,
    1.9361625909805298,
    1.8832592964172363,
    1.832781195640564,
    1.855663537979126,
    1.8823702335357666,
    1.8333563804626465,
    1.8378870487213135,
    1.8336650133132935,
    1.8279995918273926,
    1.8005295991897583,
    1.8464555740356445,
    1.8680728673934937,
    1.854921579360962,
    1.801469326019287,
    1.8303993940353394,
    1.8490941524505615,
    1.751985788345337,
    1.878099799156189,
    1.9038410186767578,
    1.7857049703598022,
    1.791397213935852,
    1.819793939590454,
    1.8232417106628418,
    1.8155266046524048,
    1.7696298360824585,
    1.8225233554840088,
    1.7826728820800781
  ],
  "best_epoch": 30,
  "status": "ok",
  "grad_norm": [
    2.0245705373193297,
    2.1362196269840594,
    1.7539414816084353,
    1.7234453386838762,
    1.5233809344285472,
    1.7006206733782245,
    1.5095911932015338,
    1.482168159855304,
    1.4909227585741622,
    1.5325489242984607,
    1.487745407802108,
    1.3973143182028895,
    1.4311964558403425,
    1.4184512659426303,
    1.3925113419902486,
    1.4622058158039613,
    1.3921082817195574,
    1.3596789472048654,
    1.3785331502378244,
    1.449087001137097,
    1.4354931425207103,
    1.3577758269042088,
    1.4181703752373502,
    1.4182966318018417,
    1.3697660299321444,
    1.2756652686545664,
    1.3648365432896912,
    1.3601781858351536,
    1.3065704257858033,
    1.3437938487343626,
    1.2929768938035622,
    1.367435092347422,
    1.3741314406417455,
    1.310136027939844,
    1.305258412195623,
    1.3132851747601675,
    1.3239176331958529,
    1.2995977928959175,
    1.411706181322019,
    1.494049804429037,
    1.4228098260045479
  ],
  "beta_std": [
    0.6725574731826782,
    0.48340868949890137,
    0.6869874596595764,
    0.5121148824691772,
    0.8092239499092102,
    0.7077901363372803,
    0.5260798335075378,
    0.7118251323699951,
    0.5406754612922668,
    0.55826735496521,
    0.5914323925971985,
    0.6756555438041687,
    0.7246657609939575,
    0.5367581248283386,
    0.5851089358329773,
    0.5903608202934265,
    0.6349580883979797,
    0.6553192734718323,
    0.6674156785011292,
    0.8015061616897583,
    0.6698213815689087,
    0.6582580208778381,
    0.654308021068573,
    0.7339712381362915,
    0.7242615222930908,
    0.6286932229995728,
    0.788510799407959,
    0.6267081499099731,
    0.6749016046524048,
    0.685448408126831,
    0.6660047173500061,
    0.6446175575256348,
    0.7083700299263,
    0.5965090394020081,
    0.7412943840026855,
    0.5911155939102173,
    0.8444356918334961,
    0.5854820609092712,
    0.691486120223999,
    0.6238000392913818,
    0.6646541357040405
  ],
  "beta_mean": [
    -0.16330726444721222,
    -0.25235986709594727,
    -0.358824223279953,
    -0.23046579957008362,
    -0.15993107855319977,
    -0.20278221368789673,
    -0.21193943917751312,
    -0.37570494413375854,
    0.003846065141260624,
    -0.41250115633010864,
    -0.19350607693195343,
    0.08279374241828918,
    -0.017512483522295952,
    -0.21863865852355957,
    0.01011139526963234,
    -0.08326142281293869,
    -0.11154419928789139,
    -0.31734979152679443,
    -0.052118342369794846,
    -0.05580190196633339,
    -0.22922635078430176,
    -0.11266746371984482,
    -0.20125800371170044,
    -0.1545449048280716,
    -0.3469575047492981,
    -0.290051132440567,
    -0.02566942758858204,
    -0.027717530727386475,
    -0.030191056430339813,
    -0.0805203840136528,
    -0.1813211441040039,
    -0.3595740795135498,
    -0.2415982037782669,
    -0.23609210550785065,
    -0.15451855957508087,
    -0.028386591002345085,
    -0.05033593252301216,
    -0.091143399477005,
    -0.22713103890419006,
    -0.3279617428779602,
    -0.05906246602535248
  ]
}