{
  "train_loss": [
    2.419998996734619,
    2.0993574973212348,
    2.0374540417989095,
    2.037690398534139,
    1.9851208532121447,
    1.9733018179999458,
    1.9493916647169325,
    1.933364562564426,
    1.9219675556818645,
    1.926231125301785,
    1.9116841937171087,
    1.906784821510315,
    1.9037536110348172,
    1.9009723494847615,
    1.8801044245825873,
    1.8675156218210855,
    1.8529310725529988,
    1.8722338161468506,
    1.899382134543525,
    1.8578449326621163,
    1.8542335198720297,
    1.8818877427842882,
    1.866523184246487,
    1.8699920274946424,
    1.8615701245201959,
    1.850375632180108,
    1.8564401812023588,
    1.8384612425698175,
    1.8231016924116346,
    1.8428769318262737,
    1.830400741789076,
    1.8129235015445286,
    1.8262049111260308,
    1.8072069856855604,
    1.8311774751875136,
    1.8167046718597413,
    1.8126142292022704,
    1.795056856367323,
    1.8140816377003988,
    1.8346859319474962,
    1.8085365975697836,
    1.8102320592668322,
    1.794214618894789,
    1.8089194844563803,
    1.8139936470455593,
    1.791924787627326,
    1.7947301323148939
  ],
  "val_loss": [
    2.0202198028564453,
    1.9608240127563477,
    1.9680989980697632,
    2.001652956008911,
    1.9260671138763428,
    1.9629780054092407,
    1.9522236585617065,
    1.94191575050354,
    1.9478520154953003,
    1.9813793897628784,
    1.9303081035614014,
    1.9335733652114868,
    1.9215339422225952,
    1.9226707220077515,
    1.9266430139541626,
    1.9414645433425903,
    1.9592278003692627,
    1.942685842514038,
    1.9560593366622925,
    1.8863310813903809,
    1.9148012399673462,
    1.9641767740249634,
    1.9205495119094849,
    1.8966134786605835,
    1.9740976095199585,
    1.887292504310608,
    1.9061487913131714,
    1.8855299949645996,
    1.876775860786438,
    1.8271307945251465,
    1.8389222621917725,
    1.8604577779769897,
    1.8337039947509766,
    1.9413881301879883,
    1.8518835306167603,
    1.8658978939056396,
    1.7804497480392456,
    1.8740068674087524,
    1.8554445505142212,
    1.8408068418502808,
    1.8044472932815552,
    1.844507098197937,
    1.8397983312606812,
    1.876546025276184,
    1.8228639364242554,
    1.8289318084716797,
    1.8140467405319214
  ],
  "best_epoch": 36,
  "status": "ok",
  "grad_norm": [
    2.048536177448061,
    1.7661359688545761,
    1.5501370225844882,
    1.5789625786908503,
    1.463952930725583,
    1.4293102050189428,
    1.3887867792311155,
    1.3518389584313601,
    1.3762088368753027,
    1.3766793914875273,
    1.3540620900047649,
    1.3498512282920794,
    1.3979761934844477,
    1.3565223166987388,
    1.349830472700127,
    1.3495920038103457,
    1.307201372178323,
    1.3593965096441958,
    1.4442576544715087,
    1.317412245499612,
    1.3057859281202657,
    1.376685863969985,
    1.4167705152718604,
    1.3772806395071262,
    1.3818687724939842,
    1.2936534892531797,
    1.3644817434857803,
    1.3215776476134,
    1.290590354115784,
    1.3270350313528234,
    1.3552357225441336,
    1.31881772083754,
    1.3337644958542594,
    1.3558427725193116,
    1.3065602938797456,
    1.3670477969629173,
    1.2789387488130757,
    1.27718314178977,
    1.320336455528502,
    1.420250397927022,
    1.3051914880936115,
    1.3272520196032969,
    1.3570763244737307,
    1.4202545052002116,
    1.3556634111291155,
    1.2956973655535087,
    1.3177751747031208
  ],
  "beta_std": [
    0.7056837677955627,
    0.6536741256713867,
    0.6329668760299683,
    0.40977928042411804,
    0.5748778581619263,
    0.6089401841163635,
    0.6545325517654419,
    0.7041956782341003,
    0.8443616032600403,
    0.6128073930740356,
    0.5753223896026611,
    0.6483054757118225,
    0.5955840349197388,
    0.6610919237136841,
    0.6683753132820129,
    0.5876091718673706,
    0.6992968916893005,
    0.6399377584457397,
    0.4987853169441223,
    0.7237323522567749,
    0.6088668704032898,
    0.5382774472236633,
    0.6599173545837402,
    0.6847890019416809,
    0.5302332043647766,
    0.9346047639846802,
    0.6678378582000732,
    0.7051562070846558,
    0.6213788986206055,
    0.717587411403656,
    0.7292452454566956,
    0.5990567803382874,
    0.6481587290763855,
    0.6513174176216125,
    0.7085708379745483,
    0.5625409483909607,
    0.7800840139389038,
    0.6013603210449219,
    0.7346692085266113,
    0.6126274466514587,
    0.7493152022361755,
    0.5919840335845947,
    0.6287253499031067,
    0.5916287899017334,
    0.816973090171814,
    0.7162977457046509,
    0.5986416339874268
  ],
  "beta_mean": [
    -0.07897058874368668,
    -0.10243822634220123,
    -0.19442564249038696,
    -0.06864887475967407,
    -0.10074274241924286,
    -0.4008563160896301,
    0.0005881118704564869,
    -0.4800998568534851,
    -0.3514806926250458,
    -0.26026850938796997,
    -0.10458789765834808,
    -0.1760551780462265,
    -0.2588742673397064,
    -0.005920360796153545,
    -0.1453545242547989,
    -0.13641922175884247,
    -0.584808349609375,
    -0.16916011273860931,
    -0.15147428214550018,
    -0.30358564853668213,
    -0.1889607459306717,
    -0.3278866708278656,
    -0.07977016270160675,
    -0.13602331280708313,
    0.005344124045222998,
    -0.32636192440986633,
    -0.23623418807983398,
    -0.16150261461734772,
    -0.22701556980609894,
    -0.11985034495592117,
    -0.2084641009569168,
    0.046525340527296066,
    -0.11919035762548447,
    0.0947251245379448,
    -0.2726753354072571,
    -0.18978342413902283,
    -0.21320724487304688,
    -0.307351678609848,
    -0.19792474806308746,
    -0.2717610001564026,
    -0.13107912242412567,
    -0.0810290202498436,
    -0.3836723864078522,
    -0.04007937014102936,
    -0.029022110626101494,
    -0.3836124837398529,
    -0.2375546395778656
  ]
}