{
  "train_loss": [
    2.358984164382979,
    2.1169066709663436,
    2.1039873344577544,
    2.0545860453376994,
    2.0547954321465296,
    2.0362306967952795,
    2.0232547185016654,
    2.006150703709028,
    2.0588493242319563,
    2.0093176673588,
    1.9565661032994588,
    1.946953571051882,
    1.9579983277069894,
    1.9407933612734254,
    1.9530712186244497,
    1.929247967513681,
    1.986573474058631,
    1.9239957924056472,
    1.8989452823003132,
    1.9230283986197578,
    1.9143512461757102,
    1.8852859896386576,
    1.870966036166364,
    1.8554843521397015,
    1.8763881063182453,
    1.9153748059412192,
    1.8708864774202045,
    1.8649667508142036,
    1.8578942931604665,
    1.865951126639606,
    1.8956394189421895,
    1.857234585243359,
    1.8644311146987111,
    1.8446472578160247,
    1.827850904771459,
    1.830754069584852,
    1.833332925428424,
    1.8209361038988794,
    1.8545065002274095,
    1.8605983151329888,
    1.8436550637574223,
    1.8333329602012858,
    1.8626975675772506,
    1.8291528703734192,
    1.813916607377125,
    1.823642722654064,
    1.8217765111253972
  ],
  "val_loss": [
    2.1328155994415283,
    2.035522222518921,
    1.9995934963226318,
    2.0180485248565674,
    2.072329044342041,
    1.931770920753479,
    1.8999451398849487,
    2.174376964569092,
    1.9648338556289673,
    1.9241479635238647,
    1.8982632160186768,
    1.912299633026123,
    1.9664868116378784,
    1.8826899528503418,
    1.8997443914413452,
    1.883929967880249,
    1.9215165376663208,
    1.8331941366195679,
    1.8582258224487305,
    1.8896052837371826,
    1.8587849140167236,
    1.816235065460205,
    1.83417809009552,
    1.8578605651855469,
    1.9910190105438232,
    1.8186553716659546,
    1.8684875965118408,
    1.8118709325790405,
    1.8408006429672241,
    1.8731659650802612,
    1.8874011039733887,
    1.8107080459594727,
    1.8391647338867188,
    1.8116835355758667,
    1.814672589302063,
    1.7988160848617554,
    1.7812820672988892,
    1.889389991760254,
    1.8368453979492188,
    1.894650936126709,
    1.7870731353759766,
    1.7958166599273682,
    1.8269646167755127,
    1.8409080505371094,
    1.7876321077346802,
    1.8198333978652954,
    1.8304927349090576
  ],
  "best_epoch": 36,
  "status": "ok",
  "grad_norm": [
    2.0929578340323167,
    1.7701711065226993,
    1.7647716552365524,
    1.6474422972789085,
    1.6779350765277976,
    1.6429818435557246,
    1.5275844798993905,
    1.6198391731977837,
    1.5542559647073377,
    1.52079975724733,
    1.3461607024861697,
    1.3640143361223453,
    1.479416807881955,
    1.3724479655850506,
    1.4369844769760378,
    1.3602559414359299,
    1.4954008000743615,
    1.4097949028161394,
    1.3017039914815463,
    1.487068633272923,
    1.4217404475886317,
    1.3475400567389333,
    1.3685534767729277,
    1.3294706569589667,
    1.4620811435312124,
    1.4542966029565827,
    1.4081585123334188,
    1.4065807702475572,
    1.3700763486033054,
    1.3906772291432588,
    1.4764737090167308,
    1.322705566039813,
    1.4508637929278243,
    1.421440697066566,
    1.2992231731912065,
    1.3397497555421782,
    1.4165577276836079,
    1.3945679112714482,
    1.416430272357912,
    1.5140018375611977,
    1.381786365011446,
    1.3957850155097227,
    1.5328254351605441,
    1.3947674175483482,
    1.3654481116807486,
    1.4443912580520353,
    1.334411436454041
  ],
  "beta_std": [
    0.4982520341873169,
    0.45361435413360596,
    0.4786333441734314,
    0.7640087008476257,
    0.5205473899841309,
    0.5456722974777222,
    0.684097945690155,
    0.35339152812957764,
    0.6201028227806091,
    0.45294275879859924,
    0.555235743522644,
    0.5599449872970581,
    0.5168709754943848,
    0.641172468662262,
    0.6651448607444763,
    0.4463435113430023,
    0.577807605266571,
    0.6284900307655334,
    0.6679843664169312,
    0.5528438687324524,
    0.5828984975814819,
    0.6685833930969238,
    0.7039509415626526,
    0.5581380128860474,
    0.551575243473053,
    0.6484389305114746,
    0.6297628879547119,
    0.6494693756103516,
    0.6588606834411621,
    0.634878396987915,
    0.5445619821548462,
    0.5995021462440491,
    0.7253425717353821,
    0.6587494015693665,
    0.7321304678916931,
    0.5982683897018433,
    0.632969319820404,
    0.4081213176250458,
    0.5901646614074707,
    0.5901966691017151,
    0.6485145092010498,
    0.5823866724967957,
    0.6387848854064941,
    0.5643762946128845,
    0.6719269752502441,
    0.5279065370559692,
    0.6163792610168457
  ],
  "beta_mean": [
    -0.17299258708953857,
    -0.23489485681056976,
    -0.3408111035823822,
    -0.12663324177265167,
    -0.28123605251312256,
    -0.17233647406101227,
    -0.09050041437149048,
    0.021294178441166878,
    0.018331144005060196,
    -0.22610534727573395,
    -0.11712612956762314,
    -0.10023127496242523,
    -0.030423717573285103,
    -0.19259454309940338,
    -0.26087579131126404,
    -0.3698749542236328,
    -0.2758818566799164,
    -0.294114887714386,
    -0.04377972334623337,
    -0.05518773943185806,
    -0.20788973569869995,
    0.029401516541838646,
    -0.18087518215179443,
    -0.19858455657958984,
    -0.10296236723661423,
    -0.10934499651193619,
    -0.18778473138809204,
    -0.0710960179567337,
    -0.1503850221633911,
    -0.17070272564888,
    -0.09794434159994125,
    -0.0670904591679573,
    -0.3076876997947693,
    -0.06721711158752441,
    -0.16787630319595337,
    -0.05186891928315163,
    -0.11654682457447052,
    -0.17893944680690765,
    -0.1948104351758957,
    0.15127311646938324,
    -0.055999405682086945,
    -0.05375528335571289,
    0.09434474259614944,
    -0.16701669991016388,
    -0.1809999942779541,
    -0.1693752557039261,
    0.02014762908220291
  ]
}