{
  "train_loss": [
    2.3851396637632134,
    2.113611921065035,
    2.082234626178853,
    2.0091505558170075,
    2.082609648063169,
    2.0006944922954717,
    1.991047403157106,
    1.9561626334218254,
    1.9541697596388254,
    1.8900304249434443,
    1.8941672333499842,
    1.882267623365971,
    1.8666072204656767,
    1.8563797801837587,
    1.8992494378731264,
    1.8672462093063265,
    1.8608919445952476,
    1.8289953313794052,
    1.8100708034024602,
    1.8244606162232961,
    1.8533626889067087,
    1.8599372453578034,
    1.8389650465312757,
    1.8197722150847229,
    1.8104340120505171,
    1.8064027885247391,
    1.8179378705554539,
    1.820735729702732,
    1.8022116913711816,
    1.7893806552329259,
    1.809880819878383,
    1.815068266573008,
    1.7674091290591056,
    1.7873761822605692,
    1.7945003316834656,
    1.7985114206068697
  ],
  "val_loss": [
    1.8913236856460571,
    2.0393857955932617,
    1.9625310897827148,
    1.9898267984390259,
    1.9132263660430908,
    1.8637880086898804,
    1.9112604856491089,
    1.9570401906967163,
    1.8482953310012817,
    1.862663984298706,
    1.8211207389831543,
    1.8452441692352295,
    1.8275411128997803,
    1.8312090635299683,
    1.8854122161865234,
    1.8383013010025024,
    1.8529877662658691,
    1.8231350183486938,
    1.804862380027771,
    1.782480239868164,
    2.0326335430145264,
    1.8027384281158447,
    1.8183037042617798,
    1.8731399774551392,
    1.8186001777648926,
    1.7596944570541382,
    1.8094748258590698,
    1.8464041948318481,
    1.8205485343933105,
    1.8068256378173828,
    1.8738601207733154,
    1.7938218116760254,
    1.806134581565857,
    1.8325068950653076,
    1.8145476579666138,
    1.822481393814087
  ],
  "best_epoch": 25,
  "status": "ok",
  "grad_norm": [
    1.9038520492497135,
    1.7144127057119007,
    1.595403628681993,
    1.515894713935394,
    1.6481184589198623,
    1.487713346643501,
    1.4581395329524032,
    1.4241687071085092,
    1.4742135375623817,
    1.28851163149249,
    1.3742334772987939,
    1.317837596091691,
    1.3414497467524005,
    1.3669479107968752,
    1.4128350205355822,
    1.416417036634717,
    1.413102865290822,
    1.3251362158062252,
    1.2324807329883534,
    1.2774025991704643,
    1.4728225777702315,
    1.2773764103000644,
    1.3431699308018525,
    1.317239637485682,
    1.2921441703497742,
    1.300319131574629,
    1.3176356617850415,
    1.3336746255632854,
    1.2664139690218634,
    1.2038158891431483,
    1.3972678854188034,
    1.3405025153424401,
    1.215788236388585,
    1.332796673192787,
    1.2707144603552325,
    1.2782413460977247
  ],
  "beta_std": [
    0.7089636921882629,
    0.5149953961372375,
    0.5147646069526672,
    0.6090736389160156,
    0.6540650725364685,
    0.5862482786178589,
    0.8260813355445862,
    0.44545266032218933,
    0.5132306218147278,
    0.6857530474662781,
    0.4790947139263153,
    0.5791110396385193,
    0.8173600435256958,
    0.6679202318191528,
    0.490744411945343,
    0.6754289269447327,
    0.6578091382980347,
    0.6806443929672241,
    0.709388792514801,
    0.7003361582756042,
    0.7678108811378479,
    0.5498144030570984,
    0.5519312024116516,
    0.6527304649353027,
    0.7319461107254028,
    0.641474187374115,
    0.6388018727302551,
    0.5303756594657898,
    0.6676876544952393,
    0.5697692632675171,
    0.5452359318733215,
    0.6898401379585266,
    0.6329519748687744,
    0.6421147584915161,
    0.615877628326416,
    0.6740099787712097
  ],
  "beta_mean": [
    -0.2925878167152405,
    -0.2250535488128662,
    -0.16635553538799286,
    -0.26215603947639465,
    -0.2389076054096222,
    -0.09049852192401886,
    -0.20258808135986328,
    -0.31325671076774597,
    -0.3005110025405884,
    -0.09147122502326965,
    -0.18212926387786865,
    -0.09586846828460693,
    -0.21251241862773895,
    0.06155941262841225,
    -0.062204647809267044,
    -0.13692592084407806,
    0.08043693751096725,
    -0.06248576194047928,
    -0.22026339173316956,
    -0.27058145403862,
    -0.4363437294960022,
    -0.2668084502220154,
    -0.24603399634361267,
    -0.3994024395942688,
    -0.07675255835056305,
    -0.17992916703224182,
    -0.22072665393352509,
    -0.2100725620985031,
    -0.10868006944656372,
    -0.3381747305393219,
    -0.2428509145975113,
    -0.2725960612297058,
    -0.15078486502170563,
    -0.12988096475601196,
    -0.031672403216362,
    -0.182561993598938
  ]
}