{
  "train_loss": [
    2.440170695210061,
    2.06519458123815,
    2.0234510425656858,
    2.0179957855514616,
    2.0492903539311818,
    2.004902333042078,
    1.9594098072442394,
    1.9499349495960259,
    1.9349877876705595,
    1.9137734138477616,
    1.9174387460563616,
    1.924667499637046,
    1.9199288814667372,
    1.9046791533977665,
    1.8564443443811427,
    1.875689963820385,
    1.9105406641820717,
    1.8375411132344028,
    1.853746000674733,
    1.8397171557577032,
    1.8234022050154837,
    1.8046637020055314,
    1.8291140231193854,
    1.824216821653801,
    1.818636616572999,
    1.8219876142970302,
    1.817332677757531,
    1.8258611285895632,
    1.8244424113334967,
    1.869117779648095,
    1.8974813715895713,
    1.8244046859016196,
    1.8014345356734873,
    1.815447426093252,
    1.827755745056777,
    1.7922975319031387
  ],
  "val_loss": [
    2.1616082191467285,
    2.1197729110717773,
    2.0336592197418213,
    2.0381903648376465,
    2.2113759517669678,
    1.9786826372146606,
    2.1045656204223633,
    2.045365810394287,
    1.9363335371017456,
    1.9624967575073242,
    1.9246472120285034,
    1.935010313987732,
    1.9561673402786255,
    1.899145245552063,
    1.8854960203170776,
    1.945015788078308,
    1.942969799041748,
    1.91289222240448,
    1.8512563705444336,
    1.817831039428711,
    1.9497404098510742,
    1.9038419723510742,
    1.8404814004898071,
    1.845158338546753,
    1.8308790922164917,
    1.816249966621399,
    1.8188230991363525,
    1.9105255603790283,
    1.8750033378601074,
    2.015554666519165,
    1.8993453979492188,
    1.8481920957565308,
    1.8855211734771729,
    1.968372106552124,
    1.8735102415084839,
    1.8448554277420044
  ],
  "best_epoch": 25,
  "status": "ok",
  "grad_norm": [
    2.573178071643139,
    1.6230500677405966,
    1.6255515599579353,
    1.5109575146340326,
    1.5257039554489003,
    1.4504017609786475,
    1.4501143693566716,
    1.4110208388849654,
    1.4214389056317571,
    1.3582528237391476,
    1.345239196743328,
    1.4447991918993628,
    1.4675305521591098,
    1.4154983484316173,
    1.3478297906071035,
    1.4068423832430588,
    1.481181755239374,
    1.28809125293859,
    1.3741051852517545,
    1.3815023851950967,
    1.318774399220109,
    1.3000975631006721,
    1.3454758683205132,
    1.421902695524244,
    1.3273479823793943,
    1.3716432347071592,
    1.359607308642605,
    1.3837846840956691,
    1.3736623705578768,
    1.419087242594681,
    1.4084163590310712,
    1.2983642559833473,
    1.3024346004757825,
    1.3951226751520958,
    1.3218396489451347,
    1.270137074590085
  ],
  "beta_std": [
    0.6761066317558289,
    0.48547491431236267,
    0.5515176057815552,
    0.5334713459014893,
    0.4522381126880646,
    0.6758098006248474,
    0.5465949177742004,
    0.46574491262435913,
    0.6886864304542542,
    0.6055501699447632,
    0.6049217581748962,
    0.6390342712402344,
    0.5614893436431885,
    0.578417181968689,
    0.6089944839477539,
    0.631736159324646,
    0.5846051573753357,
    0.6898674368858337,
    0.5865896940231323,
    0.6860732436180115,
    0.5982831120491028,
    0.611498236656189,
    0.8208485245704651,
    0.6787425875663757,
    0.6126095056533813,
    0.6271843314170837,
    0.545468807220459,
    0.6009478569030762,
    0.49404677748680115,
    0.6792724132537842,
    0.649436354637146,
    0.5560227036476135,
    0.6471497416496277,
    0.4830953776836395,
    0.6594517230987549,
    0.7184325456619263
  ],
  "beta_mean": [
    -0.0976540669798851,
    -0.08786719292402267,
    -0.33810481429100037,
    -0.14807701110839844,
    -0.05540549010038376,
    -0.13147114217281342,
    -0.019859012216329575,
    -0.12460990250110626,
    -0.22658981382846832,
    -0.421419620513916,
    -0.2229739874601364,
    -0.12778665125370026,
    -0.2448968142271042,
    -0.24751950800418854,
    -0.20994316041469574,
    -0.008452622219920158,
    -0.10811395198106766,
    -0.14211951196193695,
    -0.23567460477352142,
    -0.07435207068920135,
    -0.11181587725877762,
    -0.3002782464027405,
    -0.07135286182165146,
    -0.27271053194999695,
    -0.37223201990127563,
    -0.2554585635662079,
    0.007327452301979065,
    -0.29246971011161804,
    -0.22834639251232147,
    -0.12072661519050598,
    -0.16384246945381165,
    -0.20558346807956696,
    0.05658825486898422,
    -0.330224871635437,
    -0.3000393807888031,
    -0.25952187180519104
  ]
}