{
  "train_loss": [
    2.370976935157999,
    2.1135253746746576,
    2.045539206398858,
    2.0330115912532247,
    2.0019157457072834,
    2.0422333460802222,
    1.9962356800782053,
    1.9818209466878434,
    1.9869884569045395,
    1.9289651007122464,
    1.959042692797923,
    1.9179078094025104,
    1.9469144948881272,
    1.919745245035629,
    1.9090595902615821,
    1.9224151262762952,
    1.9585983481602363,
    1.9141859077152452,
    1.9259671335331878,
    1.8977030291752508,
    1.8825086040385286,
    1.9325243433455974,
    1.8878296090845477,
    1.8839162703843144,
    1.8764047921610156
  ],
  "val_loss": [
    2.0748794078826904,
    1.988911509513855,
    1.9493986368179321,
    1.984419822692871,
    2.0216562747955322,
    1.9908180236816406,
    2.0156400203704834,
    2.1439411640167236,
    1.9134817123413086,
    1.8757301568984985,
    1.880555272102356,
    1.8919099569320679,
    1.9053547382354736,
    1.9015427827835083,
    1.8405641317367554,
    1.982800006866455,
    1.8677127361297607,
    1.8847323656082153,
    1.8922463655471802,
    1.851861834526062,
    1.8529679775238037,
    1.8745728731155396,
    1.8621736764907837,
    1.9016642570495605,
    1.8680880069732666
  ],
  "best_epoch": 14,
  "status": "ok",
  "grad_norm": [
    1.8972676578051566,
    1.6069785329779025,
    1.5600613241405614,
    1.4762515538751175,
    1.5015309083667294,
    1.6514173893506336,
    1.478146520266509,
    1.4889674909739512,
    1.3893988430504345,
    1.3041491772733589,
    1.3882278695256154,
    1.2861484909353171,
    1.41663546953522,
    1.3462485355128435,
    1.3377957660666329,
    1.3625950914284453,
    1.4229837499565223,
    1.3679251404329087,
    1.3974576077926226,
    1.312928735379353,
    1.3149195183683458,
    1.4679676070748309,
    1.2864228284926766,
    1.2431247351690569,
    1.2669174119233044
  ],
  "beta_std": [
    0.6200246810913086,
    0.6014717221260071,
    0.5048924684524536,
    0.4627145230770111,
    0.5213480591773987,
    0.5656959414482117,
    0.638408362865448,
    0.5800293684005737,
    0.5280807614326477,
    0.5849218368530273,
    0.5361257195472717,
    0.6380192041397095,
    0.6648244857788086,
    0.5869710445404053,
    0.629740297794342,
    0.5971511006355286,
    0.6002655029296875,
    0.5357468724250793,
    0.46485990285873413,
    0.680911123752594,
    0.7332180142402649,
    0.5883866548538208,
    0.6400958895683289,
    0.5666914582252502,
    0.5923148989677429
  ],
  "beta_mean": [
    -0.3173961639404297,
    -0.40186408162117004,
    -0.37388139963150024,
    -0.35642680525779724,
    -0.025387806817889214,
    -0.3436473309993744,
    0.06183045357465744,
    -0.4020877182483673,
    -0.12778319418430328,
    -0.14221303164958954,
    -0.2755301296710968,
    -0.10316706448793411,
    -0.08197218924760818,
    -0.2595798671245575,
    -0.07908347249031067,
    -0.130536749958992,
    -0.1538589745759964,
    -0.10605908930301666,
    -0.2643752694129944,
    -0.18770000338554382,
    -0.01261905487626791,
    -0.12417019158601761,
    -0.1104990765452385,
    -0.4039558172225952,
    -0.2537948787212372
  ]
}