{
  "train_loss": [
    2.487066730923123,
    2.2586745389302574,
    2.1678385225931804,
    2.040931190490723,
    2.0309316264258492,
    1.9990022438897026,
    1.9854011603461372,
    2.022957372877333,
    1.9418478512234159,
    1.9437685381571452,
    1.975410940806071,
    1.930481271425883,
    1.9056955657535128,
    1.894191652721829,
    1.9026812369028727,
    1.8746590881347656,
    1.8694052912394206,
    1.8942834923002454,
    1.891443558798896,
    1.8486571537653604,
    1.85904742664761,
    1.8726584599812826,
    1.8352962044609917,
    1.8455444029702082,
    1.8458691827985976,
    1.8511145825915867,
    1.826335075272454,
    1.830608481619093,
    1.8228898798624675,
    1.839376242743598,
    1.8358944092856513,
    1.8264966017405193,
    1.8156474369896782,
    1.8133765483432347,
    1.8010911693572997,
    1.8015460451973808,
    1.804245641178555,
    1.81563142352634,
    1.804273711734348,
    1.7988530130386353,
    1.8247717963324652,
    1.7960574448903401,
    1.81207249101003,
    1.8046513436635336
  ],
  "val_loss": [
    2.209303140640259,
    2.5188493728637695,
    1.9997854232788086,
    1.969372272491455,
    1.9259450435638428,
    2.026660442352295,
    2.0164425373077393,
    1.956225872039795,
    1.89816415309906,
    1.8824994564056396,
    1.8957610130310059,
    1.9228798151016235,
    1.8515628576278687,
    1.8969231843948364,
    1.943973422050476,
    1.835201621055603,
    1.8860870599746704,
    1.863345742225647,
    1.827958106994629,
    1.8137946128845215,
    1.8605397939682007,
    1.8291881084442139,
    1.8187308311462402,
    1.8210874795913696,
    1.827947735786438,
    1.805454969406128,
    1.8299152851104736,
    1.8487064838409424,
    1.7691704034805298,
    1.8468241691589355,
    1.8202766180038452,
    1.785791277885437,
    1.8080381155014038,
    1.7624468803405762,
    1.8544787168502808,
    1.7936428785324097,
    1.8085532188415527,
    1.7741128206253052,
    1.779584527015686,
    1.7917219400405884,
    1.7824034690856934,
    1.7760058641433716,
    1.7875914573669434,
    1.815434217453003
  ],
  "best_epoch": 33,
  "status": "ok",
  "grad_norm": [
    2.1104406271742264,
    2.6799941509035117,
    1.771230768786035,
    1.5519569613760391,
    1.4848949580522919,
    1.51413058365029,
    1.4822350683923406,
    1.605088255621775,
    1.4736673757185745,
    1.4577522949440673,
    1.6093592060366657,
    1.477453387019454,
    1.441613623307922,
    1.4903238477803484,
    1.4812040393926065,
    1.4225162937929463,
    1.4260701690098665,
    1.4790661221274017,
    1.4973452038359538,
    1.363029903254081,
    1.4084901561713843,
    1.4734011242619243,
    1.357057216184102,
    1.4985403302639595,
    1.431231384781935,
    1.47312742741237,
    1.416663574062442,
    1.4181632994707583,
    1.4228749181458435,
    1.533607960741171,
    1.4331580576356022,
    1.4041875769429377,
    1.4149233250366453,
    1.3052499819971282,
    1.337254194116357,
    1.388709275860004,
    1.347477690252123,
    1.4175840881589126,
    1.3655101433517456,
    1.3536798636258611,
    1.4081205621322699,
    1.2961383091926137,
    1.449578079477397,
    1.3740379357459944
  ],
  "beta_std": [
    0.46458807587623596,
    0.3863990902900696,
    0.5314754843711853,
    0.627850353717804,
    0.7414848804473877,
    0.4382362365722656,
    0.5096634030342102,
    0.495988130569458,
    0.7732011079788208,
    0.5719076991081238,
    0.42912375926971436,
    0.5293907523155212,
    0.5837304592132568,
    0.5866861343383789,
    0.6365271806716919,
    0.7006260752677917,
    0.6754788160324097,
    0.5725048780441284,
    0.6741654276847839,
    0.5573880076408386,
    0.5377516150474548,
    0.577614426612854,
    0.6643022298812866,
    0.6802770495414734,
    0.5575180053710938,
    0.6946974396705627,
    0.6567767262458801,
    0.6438078880310059,
    0.7195426225662231,
    0.664749264717102,
    0.6111346483230591,
    0.6550203561782837,
    0.6366391777992249,
    0.6970494985580444,
    0.5832417607307434,
    0.5938040018081665,
    0.5567344427108765,
    0.6446705460548401,
    0.5560536980628967,
    0.5873100757598877,
    0.6210325360298157,
    0.5807129144668579,
    0.5526449680328369,
    0.6614007949829102
  ],
  "beta_mean": [
    0.14137189090251923,
    0.0591956228017807,
    -0.14588353037834167,
    -0.2587951123714447,
    -0.2640778422355652,
    -0.23427432775497437,
    -0.5128052234649658,
    -0.3189660906791687,
    -0.22025617957115173,
    -0.22833719849586487,
    -0.19429777562618256,
    -0.35428503155708313,
    -0.34009069204330444,
    -0.22611506283283234,
    -0.20884543657302856,
    -0.19190354645252228,
    -0.23670989274978638,
    -0.21365036070346832,
    -0.23539401590824127,
    -0.12183813750743866,
    -0.09141690284013748,
    0.024642672389745712,
    -0.10458409786224365,
    -0.3637034296989441,
    -0.08714328706264496,
    -0.2930234372615814,
    -0.3981999456882477,
    -0.33812323212623596,
    -0.2624760866165161,
    -0.21423138678073883,
    -0.08674173802137375,
    -0.17937958240509033,
    -0.15352505445480347,
    -0.27135875821113586,
    0.008233998902142048,
    -0.30117037892341614,
    -0.012461281381547451,
    -0.15544310212135315,
    -0.14361847937107086,
    -0.25356847047805786,
    -0.18914073705673218,
    -0.16574905812740326,
    -0.09011683613061905,
    -0.15496167540550232
  ]
}