{
  "train_loss": [
    2.357520286493134,
    2.193647878992627,
    2.0325241057078043,
    2.177691003063269,
    2.044876737538834,
    2.0553959888603255,
    1.9921735849157411,
    1.9910979429044222,
    1.9521963233836213,
    1.9448640236101653,
    1.9222761383391263,
    1.9044433886544747,
    1.9170104338829979,
    1.909078022694727,
    1.9209489960698356,
    1.9123785972595215,
    1.9258836319572048,
    1.921989003231651,
    1.9032270403075637,
    1.8786735766394096,
    1.8710032161076864,
    1.8760280462733485,
    1.8856352653001485
  ],
  "val_loss": [
    2.0416650772094727,
    1.9963140487670898,
    1.9363713264465332,
    1.9616256952285767,
    1.9303832054138184,
    1.9291695356369019,
    1.890405297279358,
    1.9352670907974243,
    1.8927688598632812,
    1.8979449272155762,
    1.8968842029571533,
    1.875226616859436,
    1.856263518333435,
    1.9192383289337158,
    1.8810540437698364,
    1.869036078453064,
    1.928645133972168,
    1.9220664501190186,
    1.8622825145721436,
    1.900521993637085,
    1.8589303493499756,
    1.8618146181106567,
    1.889285922050476
  ],
  "best_epoch": 12,
  "status": "ok",
  "grad_norm": [
    2.065847006919604,
    1.9797293565276832,
    1.5333192412690007,
    1.825165515947681,
    1.6324866876742619,
    1.6354353668880783,
    1.600024911892254,
    1.5491839745220346,
    1.3952150026544852,
    1.375065980057857,
    1.3135087773091498,
    1.2600999997167401,
    1.3099586012888096,
    1.3654829696959767,
    1.394426414931225,
    1.3044582204400827,
    1.5165925529844917,
    1.3825804400942219,
    1.3458343617643775,
    1.307856671852413,
    1.337146657699333,
    1.296835220883868,
    1.3382087918762944
  ],
  "beta_std": [
    0.6354562640190125,
    0.6568202376365662,
    0.6198664307594299,
    0.6935603022575378,
    0.6400229334831238,
    0.5385957360267639,
    0.7167492508888245,
    0.5905284285545349,
    0.5771520733833313,
    0.5683351755142212,
    0.5901390910148621,
    0.647131621837616,
    0.6205301880836487,
    0.5375909209251404,
    0.6828451752662659,
    0.814520001411438,
    0.5644346475601196,
    0.5509214997291565,
    0.6808404922485352,
    0.8585312366485596,
    0.787194550037384,
    0.5916359424591064,
    0.6004334688186646
  ],
  "beta_mean": [
    -0.1877169907093048,
    0.06756198406219482,
    -0.08678892254829407,
    0.07140679657459259,
    -0.040196798741817474,
    -0.28369802236557007,
    -0.10025818645954132,
    -0.2766542434692383,
    -0.2573672831058502,
    -0.13181141018867493,
    -0.0584426075220108,
    -0.13902494311332703,
    -0.08427432924509048,
    -0.04122168943285942,
    -0.0800725445151329,
    -0.35501953959465027,
    -0.0007287675398401916,
    -0.11128205806016922,
    -0.2778666019439697,
    -0.350934237241745,
    -0.14230498671531677,
    -0.07085685431957245,
    -0.17890551686286926
  ]
}