{
  "train_loss": [
    2.3875095894462186,
    2.125645521398176,
    2.089082187574509,
    2.0441262713649815,
    2.0400718249772725,
    2.0168632337503265,
    2.0359819160706816,
    2.037492430586564,
    1.982003380820068,
    1.9311430588939733,
    1.9284346911224008,
    1.924599104401661,
    1.9135831926301208,
    1.9104292366518612,
    1.9335878266786275,
    1.9275049896686398,
    1.901364264069942,
    1.9157609666857802,
    1.8869894197809767,
    1.9697769771542466,
    1.916775425442478,
    1.920139694687916,
    1.8823603140401561,
    1.8590953266411496,
    1.8671697523719386,
    1.8364258086611653,
    1.8717023069259018,
    1.860957162645128,
    1.8608068969793488,
    1.8934987248872457,
    1.843656003405476,
    1.8284889148410999,
    1.8354996139403672,
    1.8450250937924748,
    1.885684391601741,
    1.868961542558949,
    1.8511343939541376,
    1.838845851714151,
    1.8213946637772678,
    1.8009291445302684,
    1.8384189450949953,
    1.8407892853195904,
    1.8184079747172126,
    1.830838105051141,
    1.8019605233097633,
    1.8274022419131988,
    1.8089487069392065,
    1.8164767998143245,
    1.8254869376009668,
    1.8030613549829226
  ],
  "val_loss": [
    1.980739951133728,
    2.0902538299560547,
    1.9699454307556152,
    1.9754831790924072,
    2.030714988708496,
    1.9210472106933594,
    2.0587682723999023,
    1.900911808013916,
    1.9089536666870117,
    1.8733246326446533,
    1.8933686017990112,
    1.8843586444854736,
    1.8536285161972046,
    1.9040333032608032,
    1.9513884782791138,
    1.8701225519180298,
    1.8539050817489624,
    1.895256757736206,
    1.8478174209594727,
    1.937229871749878,
    1.8863763809204102,
    1.8930937051773071,
    1.8342578411102295,
    1.8506653308868408,
    1.8463419675827026,
    1.893789529800415,
    1.8528778553009033,
    1.8327622413635254,
    1.9383318424224854,
    1.8657596111297607,
    1.8759849071502686,
    1.7936139106750488,
    1.8635528087615967,
    1.8473414182662964,
    1.9518808126449585,
    1.868016242980957,
    1.8251373767852783,
    1.806103229522705,
    1.7968523502349854,
    1.764963150024414,
    1.8341515064239502,
    1.8844609260559082,
    1.8081704378128052,
    1.8218790292739868,
    1.818941593170166,
    1.8297982215881348,
    1.836181879043579,
    1.8419978618621826,
    1.8444900512695312,
    1.797330617904663
  ],
  "best_epoch": 39,
  "status": "ok",
  "grad_norm": [
    1.9609547177535516,
    1.8055328901842367,
    1.6960213358426008,
    1.5941370508403525,
    1.6394258061250513,
    1.548498644143378,
    1.657315894127035,
    1.4360635893184786,
    1.4292254131212958,
    1.2535072740463586,
    1.3098881127747766,
    1.3139906518959479,
    1.3350496470151931,
    1.3884488283004293,
    1.4352488232860188,
    1.4363091025031685,
    1.3286425849345949,
    1.4394665013514236,
    1.257111933160602,
    1.4618864418394024,
    1.413278439521069,
    1.4563669934555494,
    1.285326426372227,
    1.2786289372775643,
    1.3165854856363288,
    1.264192412674722,
    1.378923886132151,
    1.3887560665543428,
    1.4208903422123582,
    1.33055778234227,
    1.3597849412672403,
    1.314536930222355,
    1.3410542871891133,
    1.447674470872439,
    1.5008512412865422,
    1.2515755324462252,
    1.3345465688783011,
    1.3583484321802952,
    1.2652009670255857,
    1.2681038673530334,
    1.3419390932028856,
    1.4364733592164116,
    1.288031226724781,
    1.3412181171931883,
    1.31055698784378,
    1.3231969796841536,
    1.3650405195313713,
    1.3138248806711343,
    1.391192709210486,
    1.2776592350828635
  ],
  "beta_std": [
    0.5581064224243164,
    0.4904738962650299,
    0.6414416432380676,
    0.7092801332473755,
    0.6542235016822815,
    0.5217800736427307,
    0.5913987755775452,
    0.5581688284873962,
    0.6205844879150391,
    0.6884171366691589,
    0.718458354473114,
    0.5624650120735168,
    0.6715743541717529,
    0.5738077163696289,
    0.6321598887443542,
    0.5783724188804626,
    0.6480612754821777,
    0.6476828455924988,
    0.5312176942825317,
    0.47223636507987976,
    0.749238908290863,
    0.7496429085731506,
    0.8084486126899719,
    0.5840566754341125,
    0.6199231147766113,
    0.6423987746238708,
    0.5264102816581726,
    0.5860053896903992,
    0.47131186723709106,
    0.5951709151268005,
    0.7963745594024658,
    0.7104308605194092,
    0.8288591504096985,
    0.527031421661377,
    0.6187050938606262,
    0.5670336484909058,
    0.6931226253509521,
    0.6371839046478271,
    0.7053369283676147,
    0.7026355862617493,
    0.5167744755744934,
    0.5868558287620544,
    0.6356174945831299,
    0.6048902869224548,
    0.7354228496551514,
    0.6712478399276733,
    0.6330430507659912,
    0.602034330368042,
    0.5617157816886902,
    0.5370504856109619
  ],
  "beta_mean": [
    -0.15140409767627716,
    -0.08532372862100601,
    -0.24486257135868073,
    -0.3393911123275757,
    -0.2548816204071045,
    -0.13450424373149872,
    -0.3792553246021271,
    -0.1666497141122818,
    -0.05119052156805992,
    -0.26940956711769104,
    -0.409631609916687,
    -0.14030377566814423,
    -0.18371593952178955,
    -0.243177130818367,
    -0.4002084732055664,
    -0.1913684755563736,
    -0.1345192939043045,
    -0.2728036344051361,
    -0.26435941457748413,
    0.003308527870103717,
    -0.2549123167991638,
    -0.4042472243309021,
    -0.0568353496491909,
    -0.18441879749298096,
    -0.040063660591840744,
    -0.2139478176832199,
    -0.24641837179660797,
    -0.14000996947288513,
    -0.2516089975833893,
    -0.012480663135647774,
    -0.44375696778297424,
    -0.11302822083234787,
    -0.3086570203304291,
    -0.21034389734268188,
    -0.23481014370918274,
    -0.10406207293272018,
    -0.002498398069292307,
    -0.1425986886024475,
    -0.2152400016784668,
    -0.14980199933052063,
    -0.06921496987342834,
    -0.09819472581148148,
    -0.081107497215271,
    -0.10666179656982422,
    -0.09979484230279922,
    -0.12302401661872864,
    -0.17149442434310913,
    0.07914933562278748,
    -0.14445899426937103,
    -0.28474879264831543
  ]
}