{
  "train_loss": [
    2.376378887131897,
    2.1245999332338745,
    2.1015173935193068,
    2.065778977020442,
    2.000343192753039,
    2.007156374579982,
    1.9961395850655628,
    1.9957744384787932,
    2.0051682769485386,
    1.960602782400031,
    1.9265586092876412,
    1.895144994244938,
    1.9044106368293539,
    1.8921928888733623,
    1.8957935149209542,
    1.8977289560942623,
    1.8704704154165168,
    1.8567304368604693,
    1.8572339351274814,
    1.825626388572113,
    1.8199220425064802,
    1.8158191167262563,
    1.8074095071268361,
    1.8211291089810824,
    1.8090374825293558,
    1.7971732093019095,
    1.8071957893260042,
    1.8166442658887272,
    1.8211657198130735,
    1.78615432633294,
    1.8120228861925896
  ],
  "val_loss": [
    2.1454100608825684,
    1.9181103706359863,
    2.000019073486328,
    1.9184225797653198,
    1.9122437238693237,
    1.911383867263794,
    2.0256800651550293,
    1.9046074151992798,
    1.8343961238861084,
    1.957674503326416,
    1.9262824058532715,
    1.8796017169952393,
    1.9223963022232056,
    1.8359529972076416,
    1.848852515220642,
    1.82412850856781,
    1.7887250185012817,
    1.7752728462219238,
    1.8034021854400635,
    1.7719842195510864,
    1.7364234924316406,
    1.7430415153503418,
    1.7554340362548828,
    1.7532817125320435,
    1.7537741661071777,
    1.7618364095687866,
    1.7842503786087036,
    1.7639504671096802,
    1.749340295791626,
    1.804902195930481,
    1.7884559631347656
  ],
  "best_epoch": 20,
  "status": "ok",
  "grad_norm": [
    2.081948955161609,
    1.7082930880867095,
    1.782796449610157,
    1.6856358057276164,
    1.5215967902172227,
    1.5367606150980575,
    1.5435367419889556,
    1.4870647032457047,
    1.441710334750864,
    1.4345780002573811,
    1.3578361850736549,
    1.320023498405579,
    1.375017795772552,
    1.34304332464226,
    1.4123061296600588,
    1.4859768970718055,
    1.3889480917629322,
    1.3942830109525262,
    1.418794052663152,
    1.4152804810847721,
    1.3359714715652025,
    1.320837294604428,
    1.3779264492225785,
    1.4190218810195607,
    1.354671189905318,
    1.3057358684199358,
    1.429548086241367,
    1.3721807969045594,
    1.4336675218085821,
    1.3176153115244331,
    1.4451672900044459
  ],
  "beta_std": [
    0.5857697129249573,
    0.552078902721405,
    0.46670427918434143,
    0.5106615424156189,
    0.6546391248703003,
    0.42647626996040344,
    0.4505256414413452,
    0.6584455966949463,
    0.5941337943077087,
    0.6027529239654541,
    0.5283742547035217,
    0.5079169273376465,
    0.6713707447052002,
    0.6197075843811035,
    0.5957145690917969,
    0.6195112466812134,
    0.6490947604179382,
    0.7019131779670715,
    0.7364400625228882,
    0.6363159418106079,
    0.6652753949165344,
    0.6606875061988831,
    0.7241112589836121,
    0.5917009115219116,
    0.6698070764541626,
    0.6777225136756897,
    0.5756902098655701,
    0.7107567191123962,
    0.7665773630142212,
    0.7201379537582397,
    0.6793944835662842
  ],
  "beta_mean": [
    -0.41005226969718933,
    -0.14862126111984253,
    -0.0867280662059784,
    -0.0950104221701622,
    -0.2685362994670868,
    -0.25843143463134766,
    -0.10720617324113846,
    -0.2862657904624939,
    -0.17864267528057098,
    -0.13159342110157013,
    -0.23868218064308167,
    -0.022089222446084023,
    -0.02101222239434719,
    -0.2886485159397125,
    -0.19253620505332947,
    -0.07775498926639557,
    0.013816600665450096,
    -0.09418982267379761,
    -0.17751269042491913,
    -0.19070151448249817,
    -0.20996350049972534,
    -0.32119762897491455,
    -0.08022464066743851,
    -0.32928353548049927,
    -0.019171595573425293,
    -0.22699831426143646,
    -0.26807472109794617,
    -0.0771912932395935,
    -0.10984990000724792,
    -0.23617857694625854,
    -0.09565211087465286
  ]
}