{
  "train_loss": [
    2.447456723486471,
    2.1428948343845837,
    2.0972246813913533,
    2.0483562000731976,
    2.0035664636489243,
    2.019809784694025,
    1.9854369315766451,
    2.023370641964918,
    1.9605608120856926,
    1.9621577777360615,
    1.9719169088553268,
    1.9444802055024264,
    1.9635800915991353,
    1.9114454006451613,
    1.927644649974087,
    1.9095110892134104,
    1.8966249847412109,
    1.919946918125041,
    1.8935775366442942,
    1.8952627063215826,
    1.8791461263623155,
    1.8523593513310304,
    1.884855030126739,
    1.8555988155610381,
    1.871191568792912,
    1.8446699971483465,
    1.8531028799982796,
    1.8109693184233548,
    1.8628999597426743,
    1.8790333305604277,
    1.8361241989804988,
    1.8199375730090672,
    1.813071067319279,
    1.8379144543653343,
    1.8114328813831708,
    1.7957589072790758,
    1.8271419908847029,
    1.821405083645157
  ],
  "val_loss": [
    2.133395195007324,
    2.043012857437134,
    1.960742712020874,
    1.9593315124511719,
    1.966686487197876,
    1.9861706495285034,
    1.9431827068328857,
    1.9829943180084229,
    1.9230976104736328,
    1.8795890808105469,
    1.9245758056640625,
    1.9281930923461914,
    1.8947796821594238,
    1.8284496068954468,
    1.854087471961975,
    1.8329095840454102,
    1.878565788269043,
    1.8779313564300537,
    1.873983383178711,
    1.8469109535217285,
    1.8404922485351562,
    1.8801500797271729,
    1.8687392473220825,
    1.8216490745544434,
    1.84989595413208,
    1.869925856590271,
    1.863518238067627,
    1.7754225730895996,
    1.9127472639083862,
    1.827896237373352,
    1.8311541080474854,
    1.801025152206421,
    1.816450595855713,
    1.8662619590759277,
    1.8004035949707031,
    1.8456547260284424,
    1.7898956537246704,
    1.841113567352295
  ],
  "best_epoch": 27,
  "status": "ok",
  "grad_norm": [
    1.9346175072861305,
    1.6941457414239889,
    1.676175193614296,
    1.524406610165085,
    1.3727677844042412,
    1.5279388545492254,
    1.4906954455299168,
    1.5615835059080219,
    1.393912726016716,
    1.4257850603228146,
    1.4550932229278941,
    1.42522731459637,
    1.4984918601677977,
    1.3470199795153728,
    1.4296085487338919,
    1.500084521571666,
    1.4193590024372287,
    1.427481046207345,
    1.4983837636998516,
    1.457612470185888,
    1.391975096978981,
    1.3823939209461868,
    1.4676113086603215,
    1.3757940288246249,
    1.4235236984070543,
    1.2928048269715278,
    1.3841329681545913,
    1.3129168969538125,
    1.5497369923104396,
    1.395595993917739,
    1.3515743347936726,
    1.3355660822011615,
    1.2892251384873226,
    1.4375473976542161,
    1.3128258246097477,
    1.3197244786655127,
    1.4489262262162559,
    1.3530954048384018
  ],
  "beta_std": [
    0.5858207941055298,
    0.3233729600906372,
    0.5135712623596191,
    0.4619472026824951,
    0.601597249507904,
    0.5206420421600342,
    0.54620760679245,
    0.42363372445106506,
    0.46704497933387756,
    0.5241344571113586,
    0.5350217819213867,
    0.5939836502075195,
    0.42253148555755615,
    0.6265831589698792,
    0.6105051636695862,
    0.6354932188987732,
    0.4655090868473053,
    0.5581485629081726,
    0.6366554498672485,
    0.5949660539627075,
    0.5229257345199585,
    0.6438764333724976,
    0.5213459730148315,
    0.628223717212677,
    0.569195568561554,
    0.6152390837669373,
    0.6482663154602051,
    0.583285927772522,
    0.6405611634254456,
    0.5989881157875061,
    0.6413236856460571,
    0.46819570660591125,
    0.6124460697174072,
    0.5677975416183472,
    0.5833601355552673,
    0.6272982358932495,
    0.617662787437439,
    0.4569120407104492
  ],
  "beta_mean": [
    -0.13565483689308167,
    -0.14353753626346588,
    -0.2389257550239563,
    -0.13337929546833038,
    -0.09216655790805817,
    -0.38220545649528503,
    -0.09757141023874283,
    -0.22129294276237488,
    -0.10798446089029312,
    -0.09679535031318665,
    -0.38191935420036316,
    -0.16829462349414825,
    -0.21564476191997528,
    -0.23150980472564697,
    -0.21507003903388977,
    -0.11705458909273148,
    -0.1627788543701172,
    -0.5356796979904175,
    -0.17239414155483246,
    -0.17524462938308716,
    -0.1913347691297531,
    -0.02803877554833889,
    -0.29038864374160767,
    -0.26364973187446594,
    -0.24902217090129852,
    -0.17678788304328918,
    0.00011148954945383593,
    -0.26861974596977234,
    -0.041226115077733994,
    -0.1368154138326645,
    -0.1874316930770874,
    -0.16101182997226715,
    -0.20544035732746124,
    -0.1943398416042328,
    -0.18170638382434845,
    -0.10956711322069168,
    -0.21304936707019806,
    -0.3519122302532196
  ]
}