{
  "train_loss": [
    2.3778254351141856,
    2.2354554035231384,
    2.084938205278408,
    2.0115841670343055,
    2.011060718792921,
    1.9728973344613236,
    1.9640160033577367,
    1.935354480074163,
    1.9292356863914177,
    1.9273203307146218,
    1.9246059451186865,
    1.9048316571865862,
    1.8963039529253864,
    1.8916345115572388,
    1.9028417302014535,
    1.8948031974535937,
    1.896719414644074,
    1.8721800132941084,
    1.907806612594783,
    1.8808254364080597,
    1.8577758519691334,
    1.8630038391916375,
    1.8504079487728096,
    1.8686106465713324,
    1.8424270618728726,
    1.8464091554440951,
    1.8170450810939944,
    1.8277754124423913,
    1.8338247138854356,
    1.8152294055760256,
    1.7961242347014579,
    1.8025281985879642,
    1.83415798530244,
    1.80127075716766,
    1.8065100840518349,
    1.778030202514247,
    1.820127439471016,
    1.8882461655488487,
    1.8349811052021228,
    1.8203470796172383,
    1.795258384587472,
    1.7775988621739616,
    1.797583582498874,
    1.7988674934286821,
    1.8196967741759897
  ],
  "val_loss": [
    2.0383822917938232,
    2.000148057937622,
    1.9363651275634766,
    1.9442739486694336,
    1.9135181903839111,
    2.0134313106536865,
    1.9098694324493408,
    1.9279086589813232,
    1.893263339996338,
    1.9412389993667603,
    1.9266093969345093,
    1.866823434829712,
    1.861677646636963,
    1.8764126300811768,
    1.8632951974868774,
    1.846198320388794,
    1.832222580909729,
    1.8317164182662964,
    1.8626725673675537,
    1.8036894798278809,
    1.7925246953964233,
    1.823675513267517,
    1.8111767768859863,
    1.8982149362564087,
    1.873133897781372,
    1.8965520858764648,
    1.8133922815322876,
    1.778417706489563,
    1.7892978191375732,
    1.7770354747772217,
    1.7834008932113647,
    1.7944289445877075,
    1.7689281702041626,
    1.7811779975891113,
    1.761078953742981,
    1.768818974494934,
    1.9820191860198975,
    1.8067207336425781,
    1.8253527879714966,
    1.78999662399292,
    1.836978793144226,
    1.7821921110153198,
    1.785444974899292,
    1.874375343322754,
    1.7707812786102295
  ],
  "best_epoch": 34,
  "status": "ok",
  "grad_norm": [
    2.3846429931592397,
    1.993692648179976,
    1.6833563824009536,
    1.4501906957644974,
    1.5421673232759647,
    1.3900449413649612,
    1.432885228378577,
    1.3682243237327247,
    1.3539476689413787,
    1.3314443498121176,
    1.4111808818400295,
    1.3288070419316929,
    1.3235492935295305,
    1.3446750784506822,
    1.4314453406481,
    1.3463969821595412,
    1.4171361505257571,
    1.3589569536418171,
    1.4064282384853173,
    1.3656680252372668,
    1.3174581114150732,
    1.330613046770759,
    1.2749135508399303,
    1.4491373351573626,
    1.3278966582554348,
    1.4256166773365453,
    1.2991541729835172,
    1.3388613008032744,
    1.3765733938469646,
    1.3089766454546448,
    1.3412394022881784,
    1.32037873064388,
    1.4315346488178646,
    1.3025646456800104,
    1.3062481654076532,
    1.2691587537232742,
    1.4368773138085784,
    1.515768412768029,
    1.3609315846381416,
    1.3263164965174,
    1.269872502652106,
    1.2440743834526322,
    1.3627098631186023,
    1.3717119897013499,
    1.4455665716249322
  ],
  "beta_std": [
    0.6844315528869629,
    0.6070978045463562,
    0.5360925793647766,
    0.6059266924858093,
    0.5834783911705017,
    0.5787228345870972,
    0.637270450592041,
    0.5036735534667969,
    0.7053942680358887,
    0.4768982529640198,
    0.683136522769928,
    0.7523345351219177,
    0.681092381477356,
    0.6908644437789917,
    0.6133691072463989,
    0.6204434633255005,
    0.6700963973999023,
    0.7626125812530518,
    0.6640964150428772,
    0.6693671345710754,
    0.663434624671936,
    0.5479661822319031,
    0.7157719135284424,
    0.6564104557037354,
    0.6373519897460938,
    0.5814332962036133,
    0.6794083118438721,
    0.6227158904075623,
    0.7333580851554871,
    0.5833926796913147,
    0.7167757153511047,
    0.6636379957199097,
    0.6580464839935303,
    0.603886604309082,
    0.7057681679725647,
    0.6487513780593872,
    0.5081499218940735,
    0.4628185033798218,
    0.5653848052024841,
    0.6154718399047852,
    0.5654531121253967,
    0.6626334190368652,
    0.5977890491485596,
    0.9420819878578186,
    0.6456632614135742
  ],
  "beta_mean": [
    -0.1586669534444809,
    -0.4951421916484833,
    -0.18367743492126465,
    -0.19596537947654724,
    -0.1370774805545807,
    -0.3257955014705658,
    -0.17033235728740692,
    0.015534380450844765,
    -0.07505080103874207,
    -0.05966661870479584,
    -0.314515620470047,
    -0.2951059937477112,
    -0.34132030606269836,
    -0.053297217935323715,
    -0.06096845492720604,
    -0.09020496904850006,
    -0.16698044538497925,
    -0.1891220062971115,
    -0.041113320738077164,
    -0.27801716327667236,
    -0.2615378797054291,
    -0.24720387160778046,
    -0.12353414297103882,
    -0.03741605579853058,
    -0.18364675343036652,
    -0.20899465680122375,
    -0.04148998111486435,
    -0.18502159416675568,
    -0.0573706179857254,
    -0.14960412681102753,
    -0.1052389144897461,
    -0.15647457540035248,
    -0.1421056091785431,
    -0.12994880974292755,
    -0.1433945596218109,
    -0.21832913160324097,
    0.18853303790092468,
    -0.2244865596294403,
    -0.14852595329284668,
    -0.227276012301445,
    -0.1518208235502243,
    -0.3301289677619934,
    -0.16116788983345032,
    0.06388090550899506,
    -0.1859191209077835
  ]
}