{
  "train_loss": [
    2.340951566060384,
    2.1572187792460125,
    2.085267303254869,
    2.004091597874959,
    1.9821553893619113,
    1.9994277301364476,
    1.9439152278900147,
    1.962381820572747,
    2.0093423608144123,
    1.9634641962051391,
    1.9341835577223037,
    1.9335850671132406,
    1.903910446908739,
    1.8962601557837593,
    1.8851568522983126,
    1.885785707367791,
    1.8846087569130792,
    1.8629002888997397,
    1.8473741109636095,
    1.8544202814102173,
    1.8502669260236952,
    1.8392571137746174,
    1.9220327879587809,
    1.8667657570309109,
    1.8463545287450154,
    1.8276849731869167,
    1.8194534242418077,
    1.7873637753592597,
    1.9104558141496446,
    1.8403223949008518,
    1.8448285545772976,
    1.8389381230672202,
    1.8236867354710897,
    1.806113559405009,
    1.7915406317181057,
    1.8471195894877115,
    1.8456954633924696
  ],
  "val_loss": [
    2.0080347061157227,
    1.953370213508606,
    1.9924389123916626,
    2.0310215950012207,
    2.0794577598571777,
    1.9392988681793213,
    1.9515318870544434,
    1.9524883031845093,
    1.908258318901062,
    1.901989459991455,
    1.890338659286499,
    1.8775566816329956,
    1.8732194900512695,
    1.8978855609893799,
    1.8735651969909668,
    1.822170376777649,
    1.8621147871017456,
    1.8604307174682617,
    1.8378608226776123,
    1.858225703239441,
    1.8906408548355103,
    1.81308114528656,
    1.8762280941009521,
    1.8475505113601685,
    1.8343603610992432,
    1.8527202606201172,
    1.7570453882217407,
    1.83235764503479,
    1.8672840595245361,
    1.8310327529907227,
    1.8866044282913208,
    1.8734238147735596,
    1.8490281105041504,
    1.7950688600540161,
    1.886716365814209,
    1.9708333015441895,
    1.8579858541488647
  ],
  "best_epoch": 26,
  "status": "ok",
  "grad_norm": [
    1.9361427580025663,
    1.7764211181435916,
    1.6489920673694927,
    1.5768908489402282,
    1.4481742462994254,
    1.5727492851623197,
    1.398944497043356,
    1.4202717469087263,
    1.5317635642739649,
    1.4070689272941932,
    1.4206407029069936,
    1.3271504427204563,
    1.3752853027842535,
    1.3648569998653832,
    1.2886625942055672,
    1.3421168027028914,
    1.343593035021794,
    1.3133403699037896,
    1.2684527202589273,
    1.3165345338018197,
    1.3583417603542176,
    1.3274908562911703,
    1.582277225076277,
    1.3244074823384246,
    1.353416719899788,
    1.3407511905807483,
    1.3137993498877663,
    1.2433458485989908,
    1.500939292534207,
    1.2843415563208873,
    1.3761289062383957,
    1.3574849611489896,
    1.3477606440946395,
    1.349783142516453,
    1.3067410887384352,
    1.5245411027417999,
    1.3209647448366737
  ],
  "beta_std": [
    0.5537130832672119,
    0.7159479856491089,
    0.40126267075538635,
    0.6140155792236328,
    0.46466851234436035,
    0.6114155054092407,
    0.4837616980075836,
    0.6784380078315735,
    0.5006397366523743,
    0.5898322463035583,
    0.5067412853240967,
    0.5810416340827942,
    0.5610584020614624,
    0.5809389352798462,
    0.6341896057128906,
    0.7359482645988464,
    0.530310869216919,
    0.6302547454833984,
    0.6471941471099854,
    0.6254762411117554,
    0.5485451221466064,
    0.579541027545929,
    0.7505384087562561,
    0.5815113186836243,
    0.5988019108772278,
    0.5304539203643799,
    0.6990677118301392,
    0.7100453972816467,
    0.5018332004547119,
    0.5512842535972595,
    0.522280752658844,
    0.5409213304519653,
    0.5414212942123413,
    0.7331737279891968,
    0.5885922908782959,
    0.43050429224967957,
    0.4733629822731018
  ],
  "beta_mean": [
    -0.24622051417827606,
    -0.19183343648910522,
    -0.031860534101724625,
    -0.12264854460954666,
    0.02058321051299572,
    -0.11543688178062439,
    -0.0031681014224886894,
    -0.16325384378433228,
    -0.2508428394794464,
    -0.1762181669473648,
    -0.1659603863954544,
    -0.3391520082950592,
    -0.2357332408428192,
    -0.07735703140497208,
    -0.22091034054756165,
    -0.0360189750790596,
    -0.051056891679763794,
    -0.2327841818332672,
    -0.1355670988559723,
    -0.03995031490921974,
    -0.3446752429008484,
    -0.22361929714679718,
    -0.0884656086564064,
    -0.2032567709684372,
    -0.3321894705295563,
    -0.15951482951641083,
    -0.1474507451057434,
    -0.20196060836315155,
    -0.1193564236164093,
    -0.2592184245586395,
    0.04431397095322609,
    -0.019252819940447807,
    -0.23623579740524292,
    -0.15287169814109802,
    -0.02850988134741783,
    0.051051512360572815,
    0.03871922940015793
  ]
}