{
  "train_loss": [
    2.3138110237121583,
    2.0842572530110677,
    2.088342681672838,
    2.0047171080907185,
    2.0116289897494846,
    1.9838396924336752,
    1.9598222628699409,
    1.957465960820516,
    1.9211700852711995,
    1.9089372100830078,
    1.9249273955027262,
    1.9099647844102647,
    1.9092633692423502,
    1.8915862874984741,
    1.9637842543919881,
    1.9090633178287082,
    1.9273229707082113,
    1.8929488685395983,
    1.8805541727277968,
    1.8518366612328423
  ],
  "val_loss": [
    2.025439977645874,
    2.07855224609375,
    2.0714709758758545,
    1.931359052658081,
    1.9945169687271118,
    1.9023710489273071,
    1.8770242929458618,
    1.9036457538604736,
    1.903854250907898,
    1.8346962928771973,
    1.8635587692260742,
    1.89617919921875,
    1.8538997173309326,
    1.8573511838912964,
    1.9505302906036377,
    1.927553653717041,
    1.8891581296920776,
    1.844381332397461,
    1.861731767654419,
    1.9357352256774902
  ],
  "best_epoch": 9,
  "status": "underfit",
  "grad_norm": [
    1.888813204477625,
    1.6827626120681534,
    1.6533615977665699,
    1.4614540568278374,
    1.5110834386904748,
    1.5122520554921548,
    1.377578375773284,
    1.4299874788048843,
    1.3721198895668274,
    1.300150555306736,
    1.4035037178831355,
    1.3352053407856987,
    1.3879007893302673,
    1.366324821795364,
    1.461107798760342,
    1.4499215340569327,
    1.46029591065283,
    1.425107707520106,
    1.3344647095000832,
    1.374014345619824
  ],
  "beta_std": [
    0.6268852353096008,
    0.6222071051597595,
    0.5243093371391296,
    0.6901662945747375,
    0.5322192907333374,
    0.5459475517272949,
    0.5854555368423462,
    0.5610780715942383,
    0.5695297718048096,
    0.5680994391441345,
    0.5941662788391113,
    0.51222825050354,
    0.615102231502533,
    0.7088663578033447,
    0.5697317123413086,
    0.7498387694358826,
    0.6444957852363586,
    0.5072587728500366,
    0.6117346882820129,
    0.5589497685432434
  ],
  "beta_mean": [
    -0.18320238590240479,
    -0.23748430609703064,
    -0.18109923601150513,
    -0.12090122699737549,
    -0.08278738707304001,
    -0.131581649184227,
    -0.17097613215446472,
    -0.3911408483982086,
    -0.19392792880535126,
    -0.38248714804649353,
    -0.16707392036914825,
    -0.1567467302083969,
    -0.4391631484031677,
    -0.27043506503105164,
    -0.1675264537334442,
    -0.10314080864191055,
    -0.4284396171569824,
    -0.03702883422374725,
    -0.22476565837860107,
    -0.3259352445602417
  ]
}