{
  "train_loss": [
    4.266128361294841,
    3.3055535570222734,
    2.541191886321843,
    2.3757918619970133,
    2.202979816749082,
    1.98420729246753,
    2.1022211501472876,
    1.7793605998245596,
    1.7272029742859958,
    1.7181978975820262,
    1.5343704191564818,
    1.4696803097139326,
    1.401383503835801,
    1.5214227935724092,
    1.382770608461391,
    1.489859798498321,
    1.3358151622682983
  ],
  "val_loss": [
    3.1165273189544678,
    1.9744783639907837,
    1.4112380743026733,
    1.5208274126052856,
    1.42072594165802,
    1.3454595804214478,
    1.2924734354019165,
    1.5161919593811035,
    1.359776258468628,
    1.459248423576355,
    1.6031513214111328,
    1.4167509078979492,
    1.4360809326171875,
    1.4994946718215942,
    1.4337990283966064,
    1.6605408191680908,
    1.604985237121582
  ],
  "best_epoch": 6,
  "status": "ok",
  "grad_norm": [
    3.6845617378238247,
    4.574528853073974,
    3.46980788618378,
    4.2803223055898325,
    4.325589939505072,
    3.9618709257911617,
    4.166030688945474,
    3.648031881839683,
    3.7162485566698087,
    3.045342838363046,
    3.0734815799855446,
    2.955549906614503,
    2.878069203750781,
    3.1514301288869606,
    3.1246035804500187,
    3.8249251434669183,
    3.2569251165448145
  ],
  "beta_std": [
    1.5845452547073364,
    0.9946257472038269,
    1.0623774528503418,
    0.9095752835273743,
    0.7789612412452698,
    0.9329631328582764,
    0.826591432094574,
    0.6804024577140808,
    0.7435324788093567,
    0.7840656638145447,
    0.7326698303222656,
    0.9833769202232361,
    0.8236874341964722,
    0.7888134121894836,
    0.8182023763656616,
    0.8168513178825378,
    0.6333750486373901
  ],
  "beta_mean": [
    -0.49035075306892395,
    -0.2060174196958542,
    -0.02747715823352337,
    -0.012293143197894096,
    -0.12877368927001953,
    -0.052570268511772156,
    -0.12724776566028595,
    -0.28709542751312256,
    -0.12171991169452667,
    -0.2258392721414566,
    -0.2906503677368164,
    -0.1996278017759323,
    -0.20843811333179474,
    -0.10315888375043869,
    -0.16028530895709991,
    -0.4249859154224396,
    -0.27028757333755493
  ]
}