{
  "train_loss": [
    4.12052584084851,
    2.843507382744237,
    2.263463297085455,
    2.0669679166280734,
    1.8558246729666728,
    1.7969692790717409,
    1.7089623480512386,
    1.6578902991891604,
    1.6789056524198656,
    1.5456975186777393,
    1.51885767735933,
    1.5008155521593596,
    1.427461016108418,
    1.3414382906685098,
    1.4751644494240743,
    1.4763836598535727,
    1.4465113026356837,
    1.3334106816185844,
    1.411572537924114,
    1.2738998348949946,
    1.2862203379123531,
    1.2200399727849236
  ],
  "val_loss": [
    3.381721019744873,
    2.903475046157837,
    2.2754712104797363,
    2.078343629837036,
    1.9097719192504883,
    1.9869288206100464,
    1.9105122089385986,
    2.052168369293213,
    2.0380911827087402,
    1.9702531099319458,
    2.1600677967071533,
    1.8588839769363403,
    2.050605535507202,
    1.900227427482605,
    1.9643604755401611,
    2.0926640033721924,
    1.929848313331604,
    2.0810859203338623,
    2.2198867797851562,
    2.144566774368286,
    2.1016292572021484,
    2.074681520462036
  ],
  "best_epoch": 11,
  "status": "ok",
  "grad_norm": [
    3.4346913647625357,
    4.135104474987351,
    3.2459223231915244,
    3.298913758479326,
    3.3070056088175153,
    3.5832163199780127,
    3.5629919821905647,
    3.28195121121917,
    4.002542363521809,
    3.1542331572861966,
    3.321357613015643,
    3.232207425735227,
    3.2206586388550202,
    3.005380702851433,
    3.932071144743008,
    3.642948303502119,
    3.6324281671798464,
    3.145993826994668,
    3.6946340210791786,
    3.060368477260396,
    3.561343796972757,
    2.9691243562735834
  ],
  "beta_std": [
    1.6955350637435913,
    1.0896271467208862,
    1.1758414506912231,
    0.8965715765953064,
    0.6710730195045471,
    0.8402813076972961,
    0.7838274240493774,
    0.8961994647979736,
    0.9705870747566223,
    0.8198459148406982,
    0.9375733137130737,
    0.9721242189407349,
    0.9069379568099976,
    0.7482358813285828,
    0.816521167755127,
    0.9047480225563049,
    0.8868892192840576,
    0.9143841862678528,
    1.058037519454956,
    0.9061451554298401,
    0.8624262809753418,
    0.7783521413803101
  ],
  "beta_mean": [
    -0.18536370992660522,
    0.060442473739385605,
    -0.21910838782787323,
    -0.4363100826740265,
    -0.3293999135494232,
    -0.3808865249156952,
    -0.2731258273124695,
    -0.2118026167154312,
    -0.24549159407615662,
    -0.35116124153137207,
    -0.37164077162742615,
    -0.3331862688064575,
    -0.2663669288158417,
    -0.2942255437374115,
    -0.15144295990467072,
    -0.54681795835495,
    -0.29110628366470337,
    -0.4223911464214325,
    -0.328354150056839,
    -0.469758003950119,
    -0.27171164751052856,
    -0.5283409357070923
  ]
}