{
  "train_loss": [
    3.812221698314823,
    2.9052285339400084,
    2.2232403541866104,
    1.8806019097043758,
    1.7599555581633808,
    1.6073377195157503,
    1.5498990990265071,
    1.5052190097451907,
    1.5474395031120345,
    1.5971722074419434,
    1.4163326181166354,
    1.3643796701877438,
    1.3202393551318967,
    1.3128288234186452,
    1.2152664855209707
  ],
  "val_loss": [
    3.0606026649475098,
    2.609166145324707,
    2.38698410987854,
    2.491318941116333,
    2.062948703765869,
    2.3506202697753906,
    2.260345697402954,
    2.141120433807373,
    2.2189435958862305,
    2.1891839504241943,
    2.4733195304870605,
    2.2633581161499023,
    2.4331271648406982,
    2.2255163192749023,
    2.314425468444824
  ],
  "best_epoch": 4,
  "status": "ok",
  "grad_norm": [
    3.8453676717675243,
    3.8011416473389574,
    3.9490660973457268,
    3.396144805297021,
    3.460214518253583,
    3.0063016735225387,
    3.5529604290020593,
    3.156637001941572,
    3.5230346630230756,
    3.3593922891089734,
    3.3336216084090915,
    3.226901215849036,
    2.8574054555928834,
    3.1809139041961703,
    2.9097669219377584
  ],
  "beta_std": [
    1.3578450679779053,
    1.0154430866241455,
    0.8131216168403625,
    0.7731625437736511,
    0.6696304082870483,
    0.8088725805282593,
    0.6603323221206665,
    0.8281813263893127,
    0.746458113193512,
    0.6665748357772827,
    0.7743762135505676,
    0.8357272148132324,
    0.7938981652259827,
    0.7837464213371277,
    0.761086642742157
  ],
  "beta_mean": [
    -0.20553572475910187,
    -0.2664044201374054,
    -0.4163583815097809,
    -0.10126934945583344,
    -0.2524706721305847,
    0.019714660942554474,
    -0.00959299597889185,
    -0.16204707324504852,
    -0.16183000802993774,
    -0.04082222655415535,
    -0.07877345383167267,
    -0.26387593150138855,
    -0.2325383573770523,
    -0.1991543173789978,
    -0.10870783030986786
  ]
}