{
  "train_loss": [
    4.283141800952934,
    3.0219728034839295,
    2.1772091837654335,
    2.0458156198088884,
    1.8027704548417476,
    1.769979741141113,
    1.6832042486346952,
    1.5293483681148954,
    1.6805772533193666,
    1.542114854416652,
    1.529124321156775,
    1.4342306923447994,
    1.4313763637988888,
    1.378123104363157,
    1.3879041827910128
  ],
  "val_loss": [
    2.719312906265259,
    2.0241401195526123,
    2.0827476978302,
    2.2603530883789062,
    1.8340378999710083,
    2.181358814239502,
    1.9733742475509644,
    2.2643980979919434,
    2.254718542098999,
    2.2096314430236816,
    2.28027606010437,
    2.205150842666626,
    2.1387276649475098,
    2.0861241817474365,
    2.3020098209381104
  ],
  "best_epoch": 4,
  "status": "ok",
  "grad_norm": [
    3.2771051157748126,
    3.701067688529642,
    3.6222352669523175,
    4.068197009882923,
    3.361438293387639,
    3.4475700802440166,
    3.4708319088838886,
    2.8717416707331584,
    3.6918195746785463,
    3.5832379318807925,
    3.4826619251311577,
    3.039183584713321,
    3.5370375140618533,
    3.4581289861653457,
    2.9805290872622554
  ],
  "beta_std": [
    1.0720630884170532,
    0.7986230254173279,
    0.7021114826202393,
    0.538619339466095,
    0.7317141890525818,
    0.839259922504425,
    0.7328275442123413,
    0.7960548400878906,
    0.5726257562637329,
    0.7200142741203308,
    0.8500210642814636,
    0.6908432841300964,
    0.7283321619033813,
    0.6641767621040344,
    0.8255890607833862
  ],
  "beta_mean": [
    0.11255926638841629,
    -0.09883372485637665,
    -0.0838124230504036,
    -0.2543405294418335,
    -0.01610664650797844,
    -0.12598803639411926,
    -0.08741740137338638,
    -0.27884742617607117,
    -0.12725068628787994,
    -0.17515021562576294,
    -0.3667188286781311,
    -0.07558053731918335,
    -0.10007091611623764,
    -0.22450649738311768,
    -0.1948542594909668
  ]
}