{
  "train_loss": [
    1.5941679990221882,
    1.5174101483473303,
    1.5109353805285448,
    1.5042181154161867,
    1.4986044880939506,
    1.496036358465228,
    1.48747915549585,
    1.494577497515762,
    1.4816601062518113,
    1.485346432401423,
    1.4890509999146935,
    1.4855821183689855,
    1.4730707775640208,
    1.47941856403797,
    1.4681170999794675,
    1.472578206870988,
    1.4713033734985261,
    1.4713798166297332,
    1.4678128230780887
  ],
  "val_loss": [
    1.6011135578155518,
    1.5693926811218262,
    1.5682237148284912,
    1.5754156112670898,
    1.5778864622116089,
    1.5744088888168335,
    1.564700722694397,
    1.5564756393432617,
    1.5480389595031738,
    1.563834309577942,
    1.5483722686767578,
    1.5589442253112793,
    1.5536266565322876,
    1.5503580570220947,
    1.564866542816162,
    1.5472332239151,
    1.5574650764465332,
    1.5543708801269531,
    1.5552469491958618
  ],
  "best_epoch": 8,
  "status": "underfit",
  "grad_norm": [
    0.6592654166195927,
    0.5394056498202584,
    0.5264936794832862,
    0.49572887942553595,
    0.49645396235735856,
    0.485369462434921,
    0.4693304458291549,
    0.4955992064138832,
    0.4626270544985596,
    0.45845821840342144,
    0.48622989668965827,
    0.48236488290090634,
    0.46025170595908516,
    0.46869145257828804,
    0.42376253959341,
    0.47181134099948985,
    0.4532378048485276,
    0.47938634812852504,
    0.4550669245126605
  ],
  "beta_std": [
    0.20465949177742004,
    0.2569843530654907,
    0.30440375208854675,
    0.1681983917951584,
    0.24332383275032043,
    0.20923203229904175,
    0.19157499074935913,
    0.1943286955356598,
    0.2667577862739563,
    0.2713504433631897,
    0.23074932396411896,
    0.2463686317205429,
    0.2768229842185974,
    0.15948200225830078,
    0.18585118651390076,
    0.2725827097892761,
    0.2708660662174225,
    0.2283514440059662,
    0.27625414729118347
  ],
  "beta_mean": [
    -0.02967037260532379,
    -0.08384210616350174,
    -0.0007899263291619718,
    -0.06285552680492401,
    0.013356338255107403,
    0.030812943354249,
    -0.038578249514102936,
    -0.003139026230201125,
    -0.1316450834274292,
    -0.0046846987679600716,
    -0.03376181051135063,
    -0.08503493666648865,
    -0.08758878707885742,
    -0.07106980681419373,
    -0.12531337141990662,
    0.006818109191954136,
    -0.11821586638689041,
    -0.10924850404262543,
    -0.016079990193247795
  ]
}