{
  "train_loss": [
    1.5850226349858512,
    1.5108169218810679,
    1.4900132981239007,
    1.4939420919251023,
    1.488840441146092,
    1.4803500337210316,
    1.470962867820472,
    1.4688658504597625,
    1.4730563302904542,
    1.4660387795989276,
    1.465800025616473,
    1.4588848291363632,
    1.4673005256875913,
    1.4554974058775874,
    1.4573597100185371,
    1.4665788632945012,
    1.4621150484140852,
    1.4582572536580047,
    1.45430583833951,
    1.4440541353002627,
    1.4558190090614453,
    1.4482261426546421,
    1.449738354125218
  ],
  "val_loss": [
    1.4688563346862793,
    1.4546042680740356,
    1.461675763130188,
    1.4602670669555664,
    1.4500420093536377,
    1.4584850072860718,
    1.445540428161621,
    1.4426172971725464,
    1.459643840789795,
    1.4532395601272583,
    1.4478193521499634,
    1.4447438716888428,
    1.4221832752227783,
    1.435240387916565,
    1.429946780204773,
    1.4686355590820312,
    1.4341604709625244,
    1.4433197975158691,
    1.4365475177764893,
    1.4326155185699463,
    1.4317611455917358,
    1.4238574504852295,
    1.4284436702728271
  ],
  "best_epoch": 12,
  "status": "underfit",
  "grad_norm": [
    0.6218126178722253,
    0.5705717132473597,
    0.5039863653313162,
    0.5325387363243765,
    0.5060426254675987,
    0.5013204981955717,
    0.4922970334516838,
    0.4630128024357194,
    0.510697131390688,
    0.4571032416701781,
    0.5017407620931549,
    0.465870370095906,
    0.4736392032558708,
    0.4679312632190163,
    0.47867403510908224,
    0.5044715342097431,
    0.508308238975402,
    0.4848285235336393,
    0.49978371617678374,
    0.4618813621291909,
    0.49911782154731626,
    0.434457552806825,
    0.4799902839344358
  ],
  "beta_std": [
    0.18388330936431885,
    0.23531943559646606,
    0.214321568608284,
    0.25216367840766907,
    0.22008179128170013,
    0.18762539327144623,
    0.2222718447446823,
    0.23723669350147247,
    0.1901087462902069,
    0.20793044567108154,
    0.24776503443717957,
    0.2533654570579529,
    0.2798531651496887,
    0.1962415874004364,
    0.2676432132720947,
    0.26864093542099,
    0.25046879053115845,
    0.2276037186384201,
    0.23974330723285675,
    0.2043396532535553,
    0.2544145882129669,
    0.21272118389606476,
    0.23980730772018433
  ],
  "beta_mean": [
    -0.03544950485229492,
    -0.09084766358137131,
    -0.08864777535200119,
    -0.08974102139472961,
    -0.009545289911329746,
    -0.013308243826031685,
    -0.016692902892827988,
    -0.03877732530236244,
    0.07150626927614212,
    -0.1643979698419571,
    -0.03016531653702259,
    -0.03084254078567028,
    -0.06448429077863693,
    -0.04182944819331169,
    -0.0733201652765274,
    0.10954692959785461,
    0.033338017761707306,
    0.04558975622057915,
    -0.08832341432571411,
    0.025882286950945854,
    -0.015558570623397827,
    -0.02367071434855461,
    -0.0853380635380745
  ]
}