{
  "train_loss": [
    1.619415263544049,
    1.5295506082501327,
    1.5302394664217853,
    1.5146442838021885,
    1.5144619731735764,
    1.510997906874495,
    1.502786505208378,
    1.5023920347258362,
    1.5027928466685334,
    1.4946985480381034,
    1.497207232637015,
    1.4982237458926195,
    1.49278925126059,
    1.4921451352214254,
    1.4836961911017434,
    1.4893272366161234,
    1.489079242868033,
    1.4882945232502898,
    1.487722777483756,
    1.4915841730853967,
    1.4823170241417243,
    1.491489820145724,
    1.4889129796781038,
    1.4842007366816203
  ],
  "val_loss": [
    1.465522289276123,
    1.457152009010315,
    1.4484440088272095,
    1.4515905380249023,
    1.4407429695129395,
    1.44621741771698,
    1.4408791065216064,
    1.427106499671936,
    1.4439321756362915,
    1.4524712562561035,
    1.464618444442749,
    1.4366061687469482,
    1.4273735284805298,
    1.4227646589279175,
    1.4350979328155518,
    1.4367527961730957,
    1.4340972900390625,
    1.4491616487503052,
    1.4635205268859863,
    1.4258904457092285,
    1.4263436794281006,
    1.428849220275879,
    1.429162859916687,
    1.445257306098938
  ],
  "best_epoch": 13,
  "status": "underfit",
  "grad_norm": [
    0.6165772217128012,
    0.5339817454209815,
    0.5398966413073819,
    0.5175436328679832,
    0.5084339358011568,
    0.4857790559656818,
    0.4884172593103782,
    0.48717148413294736,
    0.4823943341984494,
    0.47056635417393217,
    0.49344991915214054,
    0.4828835901931985,
    0.46298690224812694,
    0.45852997651711014,
    0.45045568209821435,
    0.49053361673873613,
    0.455683406552701,
    0.4589120933644882,
    0.47135253945018274,
    0.49099002469515257,
    0.4429795365075383,
    0.5035237499030238,
    0.4685094193821916,
    0.46777919910755883
  ],
  "beta_std": [
    0.21054379642009735,
    0.22422538697719574,
    0.12121792137622833,
    0.11970626562833786,
    0.17473727464675903,
    0.1632431596517563,
    0.19488804042339325,
    0.20271256566047668,
    0.19832390546798706,
    0.1063576340675354,
    0.25289028882980347,
    0.1270724982023239,
    0.2130599468946457,
    0.14223961532115936,
    0.18956343829631805,
    0.2342558354139328,
    0.19107773900032043,
    0.15970320999622345,
    0.15888716280460358,
    0.19360840320587158,
    0.1482987105846405,
    0.18692512810230255,
    0.19905775785446167,
    0.17650192975997925
  ],
  "beta_mean": [
    -0.11415133625268936,
    -0.1548471599817276,
    -0.06605039536952972,
    -0.04937448352575302,
    -0.028348436579108238,
    -0.12159504741430283,
    -0.17982184886932373,
    -0.172949880361557,
    -0.04323003813624382,
    -0.08886881917715073,
    -0.002397947246208787,
    -0.1288367509841919,
    -0.17499615252017975,
    -0.13204020261764526,
    -0.14844144880771637,
    -0.08822570741176605,
    -0.0656837597489357,
    -0.0731470137834549,
    -0.18116514384746552,
    0.010814100503921509,
    -0.04871973395347595,
    -0.0646514818072319,
    -0.03290504962205887,
    -0.10730300843715668
  ]
}