{
  "train_loss": [
    1.599824760336625,
    1.5259083935252407,
    1.5097379029145714,
    1.4978266183395832,
    1.499342552095826,
    1.496669310937848,
    1.4895529130188345,
    1.4882657654243603,
    1.487371102243836,
    1.4876641747547172,
    1.4818153971119932,
    1.4889169938104194,
    1.480063851172464,
    1.4800323420797872,
    1.4850371900357697,
    1.4754782335102907,
    1.4782541362583985,
    1.4696272437893159,
    1.4703204267624526,
    1.4714892915257236,
    1.4738511951346147,
    1.462685967495567,
    1.4646127254363388,
    1.4645955651266533,
    1.47026503791586,
    1.4642491791262264,
    1.460327922949317,
    1.4675897472504287,
    1.4641029245532744
  ],
  "val_loss": [
    1.4974240064620972,
    1.49711275100708,
    1.5014750957489014,
    1.4948786497116089,
    1.5208579301834106,
    1.501908540725708,
    1.5018068552017212,
    1.4815409183502197,
    1.5240957736968994,
    1.4818272590637207,
    1.48851478099823,
    1.4754016399383545,
    1.4754832983016968,
    1.4859522581100464,
    1.4879186153411865,
    1.4780722856521606,
    1.4778056144714355,
    1.472907304763794,
    1.4581353664398193,
    1.4641131162643433,
    1.4773824214935303,
    1.4777122735977173,
    1.4673346281051636,
    1.467741847038269,
    1.474666714668274,
    1.4765368700027466,
    1.4780919551849365,
    1.489607334136963,
    1.4591413736343384
  ],
  "best_epoch": 18,
  "status": "underfit",
  "grad_norm": [
    0.6648836156661346,
    0.5822891038489816,
    0.5205357505838331,
    0.5262732691560664,
    0.49931154337209843,
    0.5058380227515933,
    0.48388725658389947,
    0.4926221681787676,
    0.500340414105554,
    0.4848844311199745,
    0.491082157514997,
    0.5012499413182547,
    0.4859546922911437,
    0.4916762113196569,
    0.5285958215016452,
    0.48218726105426574,
    0.4965207309758703,
    0.47775886504256365,
    0.47559772191771965,
    0.49595486843217873,
    0.5023969322489598,
    0.4706379425524813,
    0.47399899364493514,
    0.46810844575993804,
    0.5056039495120078,
    0.4929263483043362,
    0.47500797631574027,
    0.49576005977162546,
    0.49212576356403664
  ],
  "beta_std": [
    0.2734672725200653,
    0.1194073036313057,
    0.20224890112876892,
    0.25342175364494324,
    0.18838992714881897,
    0.16041456162929535,
    0.2320650964975357,
    0.17712745070457458,
    0.32479530572891235,
    0.29613956809043884,
    0.17543308436870575,
    0.21921983361244202,
    0.22545716166496277,
    0.18029619753360748,
    0.20459869503974915,
    0.23279479146003723,
    0.13526679575443268,
    0.2320888787508011,
    0.20995551347732544,
    0.17452751100063324,
    0.20694132149219513,
    0.2967717945575714,
    0.16428840160369873,
    0.20090235769748688,
    0.16510412096977234,
    0.1833408623933792,
    0.2253970205783844,
    0.21449591219425201,
    0.23768821358680725
  ],
  "beta_mean": [
    -0.12673309445381165,
    -0.02847527153789997,
    -0.16136376559734344,
    -0.09268491715192795,
    -0.07524039596319199,
    -0.04459882527589798,
    -0.12787607312202454,
    -0.10661906003952026,
    -0.13621549308300018,
    -0.18563972413539886,
    -0.08808593451976776,
    -0.017316361889243126,
    -0.09045164287090302,
    -0.01405649445950985,
    -0.15799833834171295,
    -0.05467313528060913,
    -0.09411227703094482,
    -0.021307537332177162,
    -0.01677774265408516,
    -0.03100956603884697,
    -0.12550395727157593,
    -0.07229125499725342,
    -0.08836037665605545,
    0.02071046642959118,
    -0.09231888502836227,
    -0.07963293790817261,
    -0.012869232334196568,
    -0.05634123459458351,
    -0.046355076134204865
  ]
}