{
  "train_loss": [
    1.6196494781761839,
    1.5383193293788977,
    1.5220104874783789,
    1.5144224648447762,
    1.507760139348214,
    1.5102669611590647,
    1.505606909606889,
    1.4997878340392086,
    1.4980329732448734,
    1.4960915902344107,
    1.495263278107894,
    1.4914019802996987,
    1.4884351228691681,
    1.487171691593371,
    1.487012451155144,
    1.485122604732625,
    1.4864914286764044,
    1.4811138284973233,
    1.4778156842125787,
    1.4785668623795984,
    1.4861190044949626,
    1.479235554271274,
    1.4782646163862352
  ],
  "val_loss": [
    1.5627120733261108,
    1.4923903942108154,
    1.5045263767242432,
    1.5231835842132568,
    1.49051833152771,
    1.4962438344955444,
    1.4869577884674072,
    1.4882733821868896,
    1.4864915609359741,
    1.4914679527282715,
    1.4724605083465576,
    1.477212905883789,
    1.4686764478683472,
    1.475816249847412,
    1.485907793045044,
    1.4852993488311768,
    1.4751920700073242,
    1.476419448852539,
    1.4755116701126099,
    1.4844285249710083,
    1.480489730834961,
    1.4743025302886963,
    1.4687837362289429
  ],
  "best_epoch": 12,
  "status": "underfit",
  "grad_norm": [
    0.7078183309464032,
    0.5717196091475468,
    0.5400369397763353,
    0.5185994127432922,
    0.4937347079984282,
    0.5028509263836453,
    0.492243925771357,
    0.48363862125381835,
    0.493775083323246,
    0.5001378496586051,
    0.4886868265158372,
    0.4507055486725489,
    0.47142967684634113,
    0.4731813897830342,
    0.4786358509767552,
    0.4757204983638689,
    0.5052618090084936,
    0.47698399515159223,
    0.47205022073549613,
    0.45937297281102063,
    0.5074739197937914,
    0.4769253908908507,
    0.4708494803594824
  ],
  "beta_std": [
    0.2824968993663788,
    0.21959379315376282,
    0.25397789478302,
    0.3560557961463928,
    0.15754184126853943,
    0.23080745339393616,
    0.14031429588794708,
    0.2541183829307556,
    0.2633155882358551,
    0.225398451089859,
    0.22775515913963318,
    0.2267192006111145,
    0.2413959950208664,
    0.23715324699878693,
    0.2152704894542694,
    0.2108718603849411,
    0.23108071088790894,
    0.21170739829540253,
    0.19313983619213104,
    0.24188894033432007,
    0.2264227420091629,
    0.18655991554260254,
    0.2448827177286148
  ],
  "beta_mean": [
    -0.2053876370191574,
    -0.08673855662345886,
    -0.17343993484973907,
    -0.20732730627059937,
    0.008008030243217945,
    -0.11493666470050812,
    -0.08240944147109985,
    -0.061768703162670135,
    -0.10736973583698273,
    -0.05455552041530609,
    -0.027951663359999657,
    -0.0048935324884951115,
    -0.07466612011194229,
    -0.05828104540705681,
    0.013135458342730999,
    -0.031166665256023407,
    -0.08210097998380661,
    -0.1008470430970192,
    -0.10564818978309631,
    -0.009401053190231323,
    0.03411467745900154,
    -0.017128171399235725,
    -0.04337886720895767
  ]
}