{
  "train_loss": [
    1.623463916583368,
    1.5424771322004975,
    1.5268912991863943,
    1.5256823828345851,
    1.5164545987502873,
    1.518367860888877,
    1.5128545124210113,
    1.5126736012676305,
    1.5144047458827148,
    1.5082667784941823,
    1.5096144592552854,
    1.5085476421055042,
    1.5066676852856462,
    1.5036534226289269,
    1.5039670801441571,
    1.5049402691746316,
    1.5030787282798723
  ],
  "val_loss": [
    1.5295037031173706,
    1.5132863521575928,
    1.5283509492874146,
    1.5188915729522705,
    1.5105304718017578,
    1.5233402252197266,
    1.4947627782821655,
    1.5448555946350098,
    1.5059725046157837,
    1.514257788658142,
    1.513803243637085,
    1.5177037715911865,
    1.5079015493392944,
    1.523567795753479,
    1.5189505815505981,
    1.5265945196151733,
    1.5116982460021973
  ],
  "best_epoch": 6,
  "status": "underfit",
  "grad_norm": [
    0.676729492255381,
    0.5481568622787273,
    0.5134948442064932,
    0.5238066725606045,
    0.4908053521691613,
    0.5077401147004799,
    0.4926660388045067,
    0.5041756066178779,
    0.5046436617097687,
    0.4812292748284266,
    0.48910816290733794,
    0.49454966940607786,
    0.4500828219791912,
    0.4773696326080472,
    0.4567990282056597,
    0.48064675493332754,
    0.48323201728844645
  ],
  "beta_std": [
    0.2290397584438324,
    0.1984749436378479,
    0.30438339710235596,
    0.18717195093631744,
    0.23022092878818512,
    0.19667892158031464,
    0.18054383993148804,
    0.19177202880382538,
    0.1734755039215088,
    0.18186485767364502,
    0.1639547199010849,
    0.22211992740631104,
    0.2502044141292572,
    0.202694833278656,
    0.2275233417749405,
    0.20717772841453552,
    0.253829687833786
  ],
  "beta_mean": [
    -0.09022807329893112,
    -0.107308030128479,
    -0.15819841623306274,
    0.009028870612382889,
    -0.007930327206850052,
    -0.052891381084918976,
    -0.011245536617934704,
    -0.06835208088159561,
    -0.026082340627908707,
    -0.09274335205554962,
    -0.04931532219052315,
    -0.10197307169437408,
    0.04057011753320694,
    -0.1537085324525833,
    -0.07495149970054626,
    -0.14724940061569214,
    -0.07007197290658951
  ]
}