{
  "train_loss": [
    1.6323022895389132,
    1.5587242889404296,
    1.5428009354273478,
    1.5288846918741863,
    1.527550065782335,
    1.5226327550676133,
    1.5196202199723985,
    1.514285809940762,
    1.5118978116777209,
    1.5121113024817572,
    1.5152472890218098,
    1.509543272972107,
    1.5081420708762274,
    1.5065729600058662,
    1.498602442211575,
    1.4974318010542127,
    1.499648606406318,
    1.4972638810475667,
    1.4945133304595948,
    1.4921807046466404,
    1.4939881451924641,
    1.4986691373189291,
    1.4945897748735215,
    1.4942090923521254,
    1.487862313800388,
    1.4943932819366454
  ],
  "val_loss": [
    1.5501376390457153,
    1.5877314805984497,
    1.53885817527771,
    1.5489001274108887,
    1.5335723161697388,
    1.5280810594558716,
    1.5270695686340332,
    1.5293488502502441,
    1.534281849861145,
    1.5201770067214966,
    1.5292441844940186,
    1.5091568231582642,
    1.5182512998580933,
    1.5033128261566162,
    1.5046764612197876,
    1.4986211061477661,
    1.5142393112182617,
    1.5118244886398315,
    1.5271753072738647,
    1.509005069732666,
    1.5044020414352417,
    1.5130237340927124,
    1.5065723657608032,
    1.4977470636367798,
    1.5024724006652832,
    1.5065016746520996
  ],
  "best_epoch": 15,
  "status": "underfit",
  "grad_norm": [
    0.6921320972788764,
    0.5887131047439623,
    0.5468483981273409,
    0.505860727397695,
    0.5228705715814396,
    0.4909610405750081,
    0.4950591947124834,
    0.49063468085839707,
    0.46810515617368864,
    0.48954329648125355,
    0.4898177667677549,
    0.4680502857662961,
    0.4822245425193744,
    0.47831592815664603,
    0.4726942238431813,
    0.4878908227065966,
    0.4862564150218953,
    0.4851925168252639,
    0.49233693683114255,
    0.4726400324124156,
    0.4838592155887522,
    0.5102918802820965,
    0.48866205901732473,
    0.4921749360447393,
    0.47902875129035505,
    0.49928349075898737
  ],
  "beta_std": [
    0.22483298182487488,
    0.2797381579875946,
    0.18374450504779816,
    0.26260894536972046,
    0.26801741123199463,
    0.2388424426317215,
    0.20975714921951294,
    0.266539067029953,
    0.194266676902771,
    0.2363552451133728,
    0.24274742603302002,
    0.2745460867881775,
    0.2651543617248535,
    0.217710942029953,
    0.20103035867214203,
    0.23381486535072327,
    0.19851312041282654,
    0.20924308896064758,
    0.23238709568977356,
    0.2806470990180969,
    0.24168761074543,
    0.24130144715309143,
    0.23845477402210236,
    0.1899372786283493,
    0.23433499038219452,
    0.2775447964668274
  ],
  "beta_mean": [
    -0.056759629398584366,
    0.0790366604924202,
    -0.0002673020353540778,
    -0.022326529026031494,
    0.05379069596529007,
    0.08544795215129852,
    -0.026639802381396294,
    -0.04206906259059906,
    -0.030060894787311554,
    -0.005184894893318415,
    -0.05920279771089554,
    -0.07757540047168732,
    0.07269908487796783,
    -0.020842991769313812,
    -0.04197882488369942,
    0.01583632454276085,
    0.027435073629021645,
    -0.03111252188682556,
    -0.047371916472911835,
    -0.0034671302419155836,
    0.05582187697291374,
    -0.08666790276765823,
    -0.09433488547801971,
    -0.0680241510272026,
    -0.0506853312253952,
    -0.04012594744563103
  ]
}