{
  "train_loss": [
    1.6056617161432902,
    1.5230191707611085,
    1.515923561943902,
    1.50668248240153,
    1.4962269959979586,
    1.4973919065263537,
    1.4947500036027697,
    1.5020031696955363,
    1.4865612190034654,
    1.4863081756167942,
    1.4910215261247424,
    1.4858887297312418,
    1.4880340713924831,
    1.4851225907007852,
    1.479015668021308,
    1.4775582004123264,
    1.4846263377931384,
    1.4815263714260525,
    1.4762680759429931,
    1.4767184312608508,
    1.4713898771074083,
    1.474770986557007,
    1.4669125669267442,
    1.4668882829878065,
    1.466376171429952,
    1.461551493856642,
    1.4651335746977063,
    1.4618448961046007,
    1.4591055888070001,
    1.4602210863961114,
    1.4595473579830593,
    1.4620458856158787,
    1.4595246438980103,
    1.4527084835900201,
    1.4583352823257447,
    1.454872650358412,
    1.4575789641274346,
    1.454191464636061,
    1.4578842606014675,
    1.4481735456254747,
    1.4574061556922064,
    1.4554183529747857,
    1.4551619117524888,
    1.4580285264121162,
    1.4515432958602905,
    1.4567472891277737,
    1.4573673445383708,
    1.4552251359091866
  ],
  "val_loss": [
    1.524766206741333,
    1.516311764717102,
    1.5195177793502808,
    1.5388973951339722,
    1.501699447631836,
    1.5258828401565552,
    1.512551188468933,
    1.4834704399108887,
    1.4872993230819702,
    1.5130791664123535,
    1.4904834032058716,
    1.4984140396118164,
    1.4955557584762573,
    1.4818369150161743,
    1.4815582036972046,
    1.4854154586791992,
    1.5088634490966797,
    1.501115322113037,
    1.4931215047836304,
    1.5187419652938843,
    1.4953275918960571,
    1.4752382040023804,
    1.4830379486083984,
    1.4967089891433716,
    1.4719270467758179,
    1.4856371879577637,
    1.4913601875305176,
    1.4666016101837158,
    1.4715627431869507,
    1.4748507738113403,
    1.4691050052642822,
    1.4751249551773071,
    1.4629032611846924,
    1.4789447784423828,
    1.4680674076080322,
    1.4724856615066528,
    1.4627023935317993,
    1.4564722776412964,
    1.4658989906311035,
    1.471987247467041,
    1.4877077341079712,
    1.459106683731079,
    1.459333896636963,
    1.456658959388733,
    1.459912896156311,
    1.4808896780014038,
    1.4646166563034058,
    1.4671945571899414
  ],
  "best_epoch": 37,
  "status": "underfit",
  "grad_norm": [
    0.6666673653877702,
    0.542024914147927,
    0.55108628373032,
    0.5180433888485425,
    0.4895940640206021,
    0.48525911253366205,
    0.4951627872749625,
    0.5077125925175915,
    0.4563916586277692,
    0.4681933827704109,
    0.51786975911893,
    0.4771790797557743,
    0.49845693758926807,
    0.48895539429111917,
    0.46320760776658465,
    0.4733790884032692,
    0.4871944944444844,
    0.4936273709539321,
    0.479921096992703,
    0.4737733544902646,
    0.4523211073454289,
    0.47166974550775576,
    0.4747426792720012,
    0.46428463552821303,
    0.45682369549822993,
    0.4748455842354039,
    0.48544228150643265,
    0.4810867820627395,
    0.49007174347834337,
    0.4797630612457875,
    0.4760650744806296,
    0.4868487741152206,
    0.4956397117999717,
    0.47025639866573804,
    0.48287895397229585,
    0.49586774512609244,
    0.4832842770613527,
    0.4829406364244562,
    0.4785511942064397,
    0.45725470445529504,
    0.5052404386541848,
    0.4606630467777825,
    0.48909418376038416,
    0.4948271708697276,
    0.48235606313068974,
    0.48517386438407656,
    0.47681187515324713,
    0.4754227580506439
  ],
  "beta_std": [
    0.23451174795627594,
    0.21477438509464264,
    0.16565337777137756,
    0.14539137482643127,
    0.21809670329093933,
    0.1652211993932724,
    0.31307822465896606,
    0.21735908091068268,
    0.18467552959918976,
    0.15808363258838654,
    0.14666853845119476,
    0.20850913226604462,
    0.16742290556430817,
    0.21473194658756256,
    0.18291369080543518,
    0.1896219402551651,
    0.2221398651599884,
    0.20583747327327728,
    0.21274544298648834,
    0.17609332501888275,
    0.16476120054721832,
    0.22034788131713867,
    0.22512926161289215,
    0.19740232825279236,
    0.23554541170597076,
    0.22358107566833496,
    0.15264660120010376,
    0.25618329644203186,
    0.20935414731502533,
    0.2175503373146057,
    0.2828614115715027,
    0.19775617122650146,
    0.24955259263515472,
    0.1428232043981552,
    0.2308981716632843,
    0.28229138255119324,
    0.21063558757305145,
    0.2669847905635834,
    0.18153424561023712,
    0.19987240433692932,
    0.18288788199424744,
    0.2319558560848236,
    0.17289692163467407,
    0.2231595516204834,
    0.25387462973594666,
    0.17629775404930115,
    0.18163444101810455,
    0.18427585065364838
  ],
  "beta_mean": [
    -0.12106953561306,
    -0.12956494092941284,
    -0.06735043972730637,
    0.01784958317875862,
    -0.08645451068878174,
    -0.08144208788871765,
    0.011062152683734894,
    -0.13065771758556366,
    -0.10602867603302002,
    -0.03547239676117897,
    0.020209601148962975,
    -0.0330287329852581,
    -0.06498635560274124,
    -0.14337611198425293,
    -0.0035754323471337557,
    0.042981915175914764,
    -0.1498764604330063,
    -0.11982961744070053,
    -0.1329442262649536,
    -0.02689412236213684,
    -0.06469805538654327,
    -0.030420077964663506,
    -0.09126970916986465,
    -0.1826140284538269,
    -0.08409129828214645,
    -0.15128177404403687,
    -0.059673942625522614,
    -0.009208843111991882,
    -0.1714596003293991,
    -0.06381944566965103,
    -0.10439351201057434,
    -0.04753976687788963,
    -0.10548674315214157,
    -0.0362379252910614,
    -0.11076570302248001,
    -0.18784070014953613,
    -0.11775892972946167,
    -0.09320363402366638,
    -0.12601347267627716,
    -0.07585996389389038,
    -0.08869023621082306,
    0.021765241399407387,
    -0.0286566112190485,
    -0.10988160967826843,
    -0.09649427980184555,
    -0.015548568218946457,
    -0.1245306059718132,
    -0.09467560052871704
  ]
}