{
  "train_loss": [
    1.5915665265189276,
    1.515857280307346,
    1.5080997609032525,
    1.4993906710942586,
    1.5004932701322768,
    1.4942481060028077,
    1.4907535098393758,
    1.4865512589348686,
    1.4793885542551677,
    1.4860326283772787,
    1.4831003267500136,
    1.4807603585984972,
    1.4783958059946696,
    1.479822232776218,
    1.4700793796115452,
    1.4760054244995118,
    1.4710426720513239,
    1.475808324072096,
    1.4712397865719264,
    1.4671261817084418,
    1.4691051528718737,
    1.4651231366263495,
    1.4702081105973985,
    1.4611427098380194,
    1.45821394305759,
    1.4655695097181531,
    1.4635365065468682,
    1.466330573823717,
    1.4633552803463405,
    1.461713150130378,
    1.4558042727576361,
    1.463404062906901
  ],
  "val_loss": [
    1.5491427183151245,
    1.528381586074829,
    1.5276820659637451,
    1.5440219640731812,
    1.5319979190826416,
    1.5121657848358154,
    1.512539267539978,
    1.50852632522583,
    1.5143396854400635,
    1.5146265029907227,
    1.5260332822799683,
    1.5201131105422974,
    1.5040779113769531,
    1.5048882961273193,
    1.4937775135040283,
    1.4933072328567505,
    1.4986706972122192,
    1.512815237045288,
    1.4947773218154907,
    1.4925469160079956,
    1.488906741142273,
    1.4834789037704468,
    1.4896857738494873,
    1.4941518306732178,
    1.4924346208572388,
    1.5003129243850708,
    1.4831047058105469,
    1.4909313917160034,
    1.483196496963501,
    1.495590090751648,
    1.492950439453125,
    1.488653302192688
  ],
  "best_epoch": 21,
  "status": "underfit",
  "grad_norm": [
    0.6521003855838948,
    0.551586420758025,
    0.5102152297852633,
    0.4881518377621488,
    0.4729969778999417,
    0.4839541212627838,
    0.4723051323785487,
    0.45571808049079326,
    0.44583998301300076,
    0.4740987050379909,
    0.4752077812529922,
    0.47121491328346676,
    0.47402581662938875,
    0.49223012098533714,
    0.4471051817919036,
    0.473646518745843,
    0.45677694741019614,
    0.49513350018868113,
    0.4798818891393674,
    0.47133345438964486,
    0.47851823860085746,
    0.4790824006086063,
    0.4927266953702137,
    0.4444627877458254,
    0.44776787434632453,
    0.4814309149257728,
    0.491091670235727,
    0.48553632712119593,
    0.46055871513878227,
    0.47062271095032615,
    0.439943605954777,
    0.49140543834084394
  ],
  "beta_std": [
    0.1642591804265976,
    0.24161162972450256,
    0.2218949943780899,
    0.28441938757896423,
    0.2168043851852417,
    0.2015223652124405,
    0.1885875016450882,
    0.2036156803369522,
    0.14672090113162994,
    0.20020519196987152,
    0.23925112187862396,
    0.17712736129760742,
    0.1491047441959381,
    0.21119539439678192,
    0.2128421813249588,
    0.19315843284130096,
    0.21227626502513885,
    0.1581207513809204,
    0.19387613236904144,
    0.25548237562179565,
    0.19757778942584991,
    0.1899268627166748,
    0.16545605659484863,
    0.20173200964927673,
    0.20597200095653534,
    0.24308310449123383,
    0.21735462546348572,
    0.19163459539413452,
    0.20315368473529816,
    0.1968190222978592,
    0.18669086694717407,
    0.15437358617782593
  ],
  "beta_mean": [
    -0.06404118239879608,
    -0.09340944141149521,
    -0.041481565684080124,
    -0.051875703036785126,
    -0.18647386133670807,
    -0.018881576135754585,
    -0.10180538892745972,
    -0.08533816039562225,
    -0.1474931389093399,
    -0.07315070927143097,
    -0.1176188513636589,
    -0.06512784212827682,
    -0.06076766550540924,
    0.029304426163434982,
    -0.10525308549404144,
    -0.032736342400312424,
    -0.1538773775100708,
    -0.09178561717271805,
    -0.06502377241849899,
    -0.01682077720761299,
    -0.06486835330724716,
    -0.03198160603642464,
    -0.03611795976758003,
    0.04711097106337547,
    -0.11905773729085922,
    -0.15159110724925995,
    -0.03254295140504837,
    -0.08966723829507828,
    -0.054522253572940826,
    -0.0144961541518569,
    -0.08320498466491699,
    -0.12685029208660126
  ]
}