{
  "train_loss": [
    2.434626923220897,
    1.964786075848585,
    1.8581353569867318,
    1.7647301871037622,
    1.7894296120760733,
    1.6906714861295378,
    1.6833980825769972,
    1.6047609109766998,
    1.5991546433850339,
    1.5589078249289976,
    1.5799404997295803,
    1.545332908379404,
    1.526463213608279,
    1.510316709049961,
    1.4666526792202776,
    1.4668784121742025,
    1.4405283570429037,
    1.4539916109620479,
    1.4278452487019768,
    1.4278851806071766,
    1.4245857266375892,
    1.4104213640703793,
    1.383957852452819
  ],
  "val_loss": [
    1.8045302629470825,
    1.8167357444763184,
    1.7755753993988037,
    1.7971818447113037,
    1.8382025957107544,
    1.8331044912338257,
    1.588985562324524,
    1.6037484407424927,
    1.5290756225585938,
    1.512326955795288,
    1.5940685272216797,
    1.5278370380401611,
    1.4424484968185425,
    1.4463489055633545,
    1.4552829265594482,
    1.4955416917800903,
    1.468361735343933,
    1.4625203609466553,
    1.4753636121749878,
    1.4537252187728882,
    1.526126503944397,
    1.44379460811615,
    1.483087420463562
  ],
  "best_epoch": 12,
  "status": "ok",
  "grad_norm": [
    3.1076240852627857,
    2.9850033390171182,
    2.7672782917267935,
    2.6243468319413847,
    2.9850645420919375,
    2.765840246363681,
    2.7969712299506018,
    2.6009196861630692,
    2.8395540669606048,
    2.614887781004587,
    2.894697570152316,
    2.847944156012753,
    2.6521072908616126,
    2.6552302789354894,
    2.550420235451459,
    2.500852933960994,
    2.6114950429251045,
    2.5524944282946422,
    2.6236978829944917,
    2.7377443021739554,
    2.710974255003363,
    2.743894079560482,
    2.4578959527767057
  ],
  "beta_std": [
    0.7589380145072937,
    0.731086254119873,
    0.7930416464805603,
    0.7246497869491577,
    0.6465650796890259,
    0.8104255795478821,
    0.8169326186180115,
    0.798072874546051,
    0.734015703201294,
    0.8535599112510681,
    0.6915803551673889,
    0.7339687347412109,
    0.8760413527488708,
    0.7580133676528931,
    0.7597349286079407,
    0.7304912209510803,
    0.7955073714256287,
    0.7508313655853271,
    0.7332534193992615,
    0.8679558038711548,
    0.8802841305732727,
    0.8067864179611206,
    0.731686532497406
  ],
  "beta_mean": [
    -0.06818719208240509,
    -0.35498377680778503,
    -0.17332972586154938,
    -0.10662216693162918,
    -0.0630340427160263,
    -0.23145648837089539,
    -0.088707335293293,
    -0.03948482871055603,
    -0.21036016941070557,
    -0.2259124219417572,
    -0.09890136867761612,
    -0.13321879506111145,
    -0.1850731521844864,
    -0.17903141677379608,
    -0.12206793576478958,
    -0.2943335175514221,
    -0.13360141217708588,
    -0.20044757425785065,
    -0.13449403643608093,
    -0.24148865044116974,
    -0.22163774073123932,
    -0.1992187201976776,
    -0.14620226621627808
  ]
}