{
  "train_loss": [
    2.446425909521984,
    1.9053052401124386,
    1.8327049842354848,
    1.7480991188963952,
    1.7028277951792667,
    1.6455734737295853,
    1.6502790375202023,
    1.5971064715357552,
    1.5921611943161278,
    1.5363629871223405,
    1.5098749224623742,
    1.5528850409859105,
    1.4776078262663723,
    1.4458332502911662,
    1.439236593915705,
    1.4476428440718623,
    1.4253218749810381,
    1.4298190604315864,
    1.407506337361029,
    1.4066471506977638,
    1.3590293691590516,
    1.3622389455148352,
    1.3721643415529128,
    1.3465888982348972
  ],
  "val_loss": [
    1.9370219707489014,
    2.1119437217712402,
    1.8160068988800049,
    1.664141058921814,
    1.66610848903656,
    1.5995192527770996,
    1.5445339679718018,
    1.95247220993042,
    1.4724483489990234,
    1.4280911684036255,
    1.4735623598098755,
    1.525749683380127,
    1.488524317741394,
    1.317257285118103,
    1.410528302192688,
    1.3968896865844727,
    1.376901626586914,
    1.3979612588882446,
    1.4624897241592407,
    1.3991715908050537,
    1.4421420097351074,
    1.5342849493026733,
    1.4186317920684814,
    1.3991984128952026
  ],
  "best_epoch": 13,
  "status": "ok",
  "grad_norm": [
    3.098382853723514,
    2.8509123001121233,
    2.7966712555948043,
    2.914066281689195,
    2.814320025848184,
    2.611039548247699,
    2.8210330427144545,
    2.74555164720626,
    2.831852226646498,
    2.6969780745053464,
    2.652319956657962,
    2.933841115943007,
    2.704533033229752,
    2.572228906462408,
    2.7020267350453557,
    2.8267797937200227,
    2.6242328348867097,
    2.878723822108969,
    2.6583789222387066,
    2.6932456943143883,
    2.5377929846036213,
    2.693871690656081,
    2.6288268098092313,
    2.5327599899070252
  ],
  "beta_std": [
    0.803162693977356,
    0.7591285705566406,
    0.618320107460022,
    0.8722310066223145,
    0.6858470439910889,
    0.887834906578064,
    0.8591637015342712,
    0.9391367435455322,
    0.6866127848625183,
    0.8120187520980835,
    0.8380820751190186,
    0.9046515226364136,
    0.7932454347610474,
    0.7760372161865234,
    0.8220547437667847,
    0.6650049090385437,
    0.8664991855621338,
    0.7385158538818359,
    1.0088237524032593,
    0.8105337023735046,
    0.9608970880508423,
    0.8083062767982483,
    0.7169155478477478,
    0.7782962918281555
  ],
  "beta_mean": [
    -0.07807179540395737,
    -0.3093664348125458,
    -0.14141623675823212,
    -0.11780335754156113,
    -0.0781492367386818,
    -0.19563306868076324,
    -0.29044175148010254,
    -0.3292737901210785,
    -0.17621959745883942,
    -0.22136220335960388,
    -0.3028433322906494,
    -0.22818337380886078,
    -0.305645614862442,
    -0.2053881734609604,
    -0.17806686460971832,
    -0.05297298729419708,
    -0.26074597239494324,
    -0.21217332780361176,
    -0.32329094409942627,
    -0.1465252935886383,
    -0.2097446173429489,
    -0.18984000384807587,
    -0.24204277992248535,
    -0.21834814548492432
  ]
}