{
  "train_loss": [
    2.4269203557466206,
    1.9317604432468525,
    1.846272180289553,
    1.8404416003143578,
    1.7453235144643058,
    1.6931876141286035,
    1.654597675535414,
    1.6544712201057121,
    1.5902736442967464,
    1.576957046497635,
    1.541514776687176,
    1.5224690078991896,
    1.5322438513884071,
    1.4882776037573118,
    1.437845016836423,
    1.4418483776795237,
    1.4127023710005464,
    1.3855313537831893,
    1.3798487084929707,
    1.3654617331599632,
    1.3889087882794833,
    1.362696033583747,
    1.3616926759585999,
    1.3530457237310576,
    1.3712369584200674,
    1.3463821905955933,
    1.3468316720661364,
    1.3240399322732848,
    1.3127765035071568,
    1.3324423678437172,
    1.3294284249467458,
    1.312145647556461,
    1.317645147139566,
    1.2899792842418827,
    1.302387025704858
  ],
  "val_loss": [
    1.7307407855987549,
    1.7920174598693848,
    1.7448350191116333,
    1.63685941696167,
    1.7003282308578491,
    1.5677709579467773,
    1.6636626720428467,
    1.5147396326065063,
    1.553516149520874,
    1.4533681869506836,
    1.460536003112793,
    1.489560842514038,
    1.53745436668396,
    1.3887174129486084,
    1.4130666255950928,
    1.3668321371078491,
    1.4934383630752563,
    1.3723371028900146,
    1.40446138381958,
    1.371241807937622,
    1.3783519268035889,
    1.3785499334335327,
    1.3276432752609253,
    1.4960814714431763,
    1.3160823583602905,
    1.4524812698364258,
    1.3597060441970825,
    1.4279237985610962,
    1.3846911191940308,
    1.439984917640686,
    1.3652814626693726,
    1.3637359142303467,
    1.3697882890701294,
    1.3890239000320435,
    1.3292896747589111
  ],
  "best_epoch": 24,
  "status": "ok",
  "grad_norm": [
    2.9246424405361626,
    2.5827855568675853,
    2.508283536087896,
    2.5719806920321715,
    2.5421634401782454,
    2.448946397866726,
    2.437729957856881,
    2.593601968272555,
    2.481432785093763,
    2.7736239973916588,
    2.5060945535474817,
    2.6119300288124685,
    2.655500550321413,
    2.7235926712396576,
    2.56920572085838,
    2.662647616529741,
    2.5667190472479686,
    2.5894420610038407,
    2.4812319921588424,
    2.68669802474976,
    2.625936869722176,
    2.634399519042058,
    2.6567747761138714,
    2.5304041177308503,
    2.751338199209091,
    2.707297021086167,
    2.710152487750879,
    2.7338151910056765,
    2.6277904541830632,
    2.6318146438620307,
    2.774843366847008,
    2.765957633216082,
    2.672325440413023,
    2.7195635067061863,
    2.6468167190798555
  ],
  "beta_std": [
    0.47420763969421387,
    0.7253139615058899,
    0.6433382630348206,
    0.9180919528007507,
    0.7183241844177246,
    0.8214191198348999,
    0.7464290857315063,
    0.8444777131080627,
    0.9093971848487854,
    0.6780912280082703,
    0.8152152895927429,
    0.6427416801452637,
    0.8900470733642578,
    0.7682432532310486,
    0.8610526919364929,
    0.6816092133522034,
    0.706366240978241,
    0.7225612998008728,
    0.703899621963501,
    0.6986435055732727,
    0.7310450077056885,
    0.8364736437797546,
    0.7007114291191101,
    0.7831908464431763,
    0.6563027501106262,
    0.6706361174583435,
    0.7247005105018616,
    0.9201797246932983,
    0.9087486267089844,
    0.9073087573051453,
    0.8729782700538635,
    0.9606763124465942,
    0.6579446196556091,
    0.9339901208877563,
    0.687050998210907
  ],
  "beta_mean": [
    -0.08152728527784348,
    -0.33299970626831055,
    -0.46229279041290283,
    -0.3627487123012543,
    -0.18410451710224152,
    -0.1725795418024063,
    -0.15212124586105347,
    -0.3903045356273651,
    -0.044612541794776917,
    -0.20665928721427917,
    -0.26624539494514465,
    -0.1875513195991516,
    -0.19292622804641724,
    -0.32726427912712097,
    -0.13996727764606476,
    -0.21670065820217133,
    -0.21989552676677704,
    -0.18291614949703217,
    -0.18211306631565094,
    -0.2546921670436859,
    -0.044113192707300186,
    -0.2484365701675415,
    -0.13395774364471436,
    -0.39972347021102905,
    -0.23012013733386993,
    -0.24504569172859192,
    -0.16915655136108398,
    -0.2023230493068695,
    -0.30991750955581665,
    -0.40144094824790955,
    -0.1998835802078247,
    -0.213903546333313,
    -0.27508077025413513,
    -0.27456754446029663,
    -0.3720356822013855
  ]
}