{
  "train_loss": [
    2.508464433240612,
    1.970117701340837,
    1.8947714059394702,
    1.8685352057183695,
    1.837359350884867,
    1.7715712209054602,
    1.749018832703083,
    1.7028157691509402,
    1.7122402579045435,
    1.63402174559253,
    1.5947191747308473,
    1.6127425471523351,
    1.5840374914526243,
    1.5575548522793061,
    1.543614531678763,
    1.5359483952829016,
    1.504530105144657,
    1.472297747678924,
    1.4542198585209094,
    1.4378192609374285,
    1.4411666310739797,
    1.421609906704105,
    1.4225329456552427,
    1.4119223089106598,
    1.3999169546261168,
    1.3957367747568945,
    1.340897374515645,
    1.3614591388535082,
    1.3658965955421938,
    1.3754775483705843
  ],
  "val_loss": [
    1.8080641031265259,
    1.7912273406982422,
    1.8499711751937866,
    1.9345983266830444,
    1.8383874893188477,
    1.9266388416290283,
    1.6854748725891113,
    1.6748125553131104,
    1.7205978631973267,
    1.5794081687927246,
    1.6659806966781616,
    1.72427237033844,
    1.7008183002471924,
    1.587156891822815,
    1.6391205787658691,
    1.5376040935516357,
    1.533635139465332,
    1.5274808406829834,
    1.635157823562622,
    1.4601153135299683,
    1.5840120315551758,
    1.601323127746582,
    1.6517776250839233,
    1.5878512859344482,
    1.5731948614120483,
    1.5461243391036987,
    1.5092337131500244,
    1.528164267539978,
    1.6330715417861938,
    1.4906085729599
  ],
  "best_epoch": 19,
  "status": "ok",
  "grad_norm": [
    3.1727610555884516,
    2.817582114140123,
    2.668217564748709,
    2.564589532027604,
    2.7258531555079335,
    2.724599635797642,
    2.7381314898142937,
    2.579103114603877,
    2.584237735611944,
    2.448726709155138,
    2.6937968186864594,
    2.6303245439554206,
    2.8124553159464476,
    2.5628177042119686,
    2.5046222417884443,
    2.619442091501041,
    2.6293119978507264,
    2.6447036768007073,
    2.520449561703772,
    2.480570015693521,
    2.5950625481732597,
    2.6277807278384837,
    2.6486327199731177,
    2.6321494492602384,
    2.5464675744142498,
    2.6282583899365193,
    2.578502161819951,
    2.47492895958573,
    2.8367098005902087,
    2.5896308909086088
  ],
  "beta_std": [
    0.8066763281822205,
    0.753133237361908,
    0.6544279456138611,
    0.6105877161026001,
    0.6861357688903809,
    0.8388867378234863,
    0.7454696297645569,
    0.8173542618751526,
    0.6940206289291382,
    0.8367425203323364,
    0.7254148125648499,
    0.7147181034088135,
    0.7857445478439331,
    0.7993059754371643,
    1.0848981142044067,
    0.7434815764427185,
    0.8324737548828125,
    0.9099722504615784,
    0.7431139945983887,
    0.757162868976593,
    0.8562683463096619,
    0.7901556491851807,
    0.9421337842941284,
    0.7126226425170898,
    0.7567529082298279,
    0.6131490468978882,
    0.8362371921539307,
    0.6688228845596313,
    0.7287673354148865,
    0.9279952645301819
  ],
  "beta_mean": [
    -0.14126423001289368,
    -0.08406645059585571,
    -0.1710255891084671,
    -0.2971082925796509,
    -0.35890695452690125,
    -0.1141611859202385,
    -0.08319689333438873,
    -0.166994109749794,
    -0.4483402669429779,
    -0.11910862475633621,
    -0.08024515211582184,
    -0.07159829139709473,
    -0.13534730672836304,
    -0.1281479150056839,
    -0.06625745445489883,
    -0.05279931426048279,
    -0.2504795789718628,
    -0.24773122370243073,
    -0.09435868263244629,
    -0.15696942806243896,
    -0.2898356020450592,
    -0.09669294208288193,
    -0.3243844509124756,
    -0.2672576606273651,
    -0.18312908709049225,
    -0.20944631099700928,
    -0.2348187267780304,
    -0.21546567976474762,
    -0.05600955709815025,
    -0.26610493659973145
  ]
}