{
  "train_loss": [
    2.457371290831538,
    1.9146102698086298,
    1.8438772527237384,
    1.7641671460971498,
    1.7369642104321754,
    1.7514424006144205,
    1.7118728645503172,
    1.6546304730365151,
    1.6114946955686424,
    1.6043080876445213,
    1.5554735372219866,
    1.5312742212362456,
    1.4988511328390468,
    1.4544328642170332,
    1.4556721697913275,
    1.4531614499343068,
    1.4206990577184666,
    1.4201196534731235,
    1.4093727412697865,
    1.3974770112344397,
    1.3839908059159218,
    1.3866739319360744,
    1.3643588730605722,
    1.3938417643831487,
    1.374415910174275,
    1.3402985219230428,
    1.3427218067158035,
    1.3430051100602625,
    1.3302223433667457,
    1.3549872529715823,
    1.3490941362771374,
    1.3349890138949567,
    1.293985230602019,
    1.3235272166882341,
    1.2997428174046746,
    1.332341205474229,
    1.3260427361203913,
    1.2991196977464776,
    1.2998729025690179,
    1.2854373926865428,
    1.289264375229328,
    1.3012395958872567,
    1.2823310370751988
  ],
  "val_loss": [
    1.92269766330719,
    1.83320152759552,
    1.7770291566848755,
    1.7030236721038818,
    1.6557830572128296,
    1.655072808265686,
    1.7704083919525146,
    1.6327602863311768,
    1.6145844459533691,
    1.532575249671936,
    1.494841456413269,
    1.4573856592178345,
    1.4046647548675537,
    1.3869380950927734,
    1.4624801874160767,
    1.4179449081420898,
    1.5085262060165405,
    1.424829363822937,
    1.392233967781067,
    1.562490701675415,
    1.45388925075531,
    1.4110645055770874,
    1.3450241088867188,
    1.3671643733978271,
    1.421471118927002,
    1.474371314048767,
    1.4557334184646606,
    1.36680006980896,
    1.3611383438110352,
    1.4171375036239624,
    1.4359675645828247,
    1.4198236465454102,
    1.3424594402313232,
    1.3681647777557373,
    1.427226185798645,
    1.5106313228607178,
    1.4329150915145874,
    1.4526796340942383,
    1.3709372282028198,
    1.3441948890686035,
    1.4758983850479126,
    1.3849682807922363,
    1.3903179168701172
  ],
  "best_epoch": 32,
  "status": "ok",
  "grad_norm": [
    2.9545516241016836,
    2.993799728034184,
    3.029158584513771,
    2.659478034422017,
    2.897480918880282,
    2.814635223466597,
    3.0051658702761963,
    2.8823260329290563,
    2.7336608626858996,
    2.6864080977604834,
    2.9609036714062213,
    2.9302275384569185,
    2.66667440516066,
    2.509964199728734,
    2.6953485050752772,
    2.745868140529266,
    2.763233178415677,
    2.680064191786225,
    2.6894878634106356,
    2.8043778149930745,
    2.6143065039741393,
    2.791131930685318,
    2.7817296853779094,
    2.5058382274393227,
    2.721241307603554,
    2.761754443217431,
    2.842554210100642,
    3.023634329492954,
    2.715117642936529,
    2.683833134948759,
    2.952058777452469,
    2.895769919430004,
    2.5764807328640673,
    2.697430427972949,
    2.802197844436088,
    2.8686013210834833,
    2.8655939690766914,
    2.6585705804172948,
    2.9127187171116837,
    2.6796365961335833,
    2.834083197638263,
    2.8799148337565583,
    2.824537758650844
  ],
  "beta_std": [
    0.9173368811607361,
    0.5130936503410339,
    0.8093712329864502,
    0.84711092710495,
    0.6351497173309326,
    0.728645920753479,
    0.6217719912528992,
    0.6278660297393799,
    0.6042450070381165,
    0.7812374234199524,
    0.6350666284561157,
    0.7213800549507141,
    0.6273139119148254,
    0.6844184994697571,
    0.8290032744407654,
    0.6784300804138184,
    0.7605841755867004,
    0.7689333558082581,
    0.6329562664031982,
    0.6111575961112976,
    0.953921377658844,
    0.7645657658576965,
    0.6705784201622009,
    0.7784962058067322,
    0.6438148021697998,
    0.8397786617279053,
    0.7709194421768188,
    0.8190773129463196,
    0.7793874144554138,
    0.7019107341766357,
    0.7465134859085083,
    0.8701395988464355,
    0.7280592918395996,
    0.6647825837135315,
    0.6538848280906677,
    0.942867636680603,
    0.8104020953178406,
    0.7123987674713135,
    0.7714841365814209,
    0.7072857022285461,
    0.6439645290374756,
    0.8490857481956482,
    0.7331551909446716
  ],
  "beta_mean": [
    -0.21130971610546112,
    -0.021297000348567963,
    -0.1989448368549347,
    -0.3681970238685608,
    -0.3227197825908661,
    -0.2670901417732239,
    -0.3161541223526001,
    -0.19513510167598724,
    -0.16987670958042145,
    -0.13406004011631012,
    -0.18098025023937225,
    -0.1798887401819229,
    -0.3401855528354645,
    -0.2727213501930237,
    -0.2819676995277405,
    -0.3067663609981537,
    -0.47745323181152344,
    -0.26089057326316833,
    -0.30904731154441833,
    -0.28640827536582947,
    -0.07332175225019455,
    -0.3785128891468048,
    -0.08315683901309967,
    -0.22926880419254303,
    -0.26467761397361755,
    -0.4854300618171692,
    -0.12950998544692993,
    -0.23969504237174988,
    -0.12737248837947845,
    -0.1784847378730774,
    -0.19079552590847015,
    -0.36753183603286743,
    -0.18416041135787964,
    -0.3175834119319916,
    -0.2817315459251404,
    -0.3716757595539093,
    -0.19354677200317383,
    -0.18778936564922333,
    -0.18377237021923065,
    -0.31896504759788513,
    -0.46259334683418274,
    -0.28855517506599426,
    -0.3635207712650299
  ]
}