{
  "train_loss": [
    2.526549148922078,
    1.9567889932442828,
    1.9166188110663878,
    1.8368966979868928,
    1.788024296621133,
    1.7749179745557015,
    1.743260889611049,
    1.7064618147186368,
    1.6831355956005074,
    1.623874253780521,
    1.635176440679539,
    1.597374781669929,
    1.5772380320788824,
    1.5645390964809216,
    1.5370754724078708,
    1.52749347352145,
    1.515421699166995,
    1.4813824598133913,
    1.5128177075358162,
    1.4963042171377885,
    1.482830093896877,
    1.4162390721750537,
    1.454234723180358,
    1.4148211956581873,
    1.3891401113543593,
    1.4346544142773276,
    1.4188892568342868,
    1.3652271616528606,
    1.4032301266709266,
    1.3895553426017537,
    1.3908525030794199,
    1.3728169473430567,
    1.4029934704094602,
    1.395380830750828,
    1.3595364893249602,
    1.4146081123575132,
    1.4018362625579388,
    1.3479866031875387,
    1.3688050884670682
  ],
  "val_loss": [
    2.1810295581817627,
    1.8674989938735962,
    1.9557921886444092,
    1.787371039390564,
    1.8466545343399048,
    1.6851915121078491,
    1.9172991514205933,
    1.6393773555755615,
    1.6496316194534302,
    1.6335560083389282,
    1.6541393995285034,
    1.5662885904312134,
    1.638439416885376,
    1.525892734527588,
    1.5850743055343628,
    1.5534111261367798,
    1.5313293933868408,
    1.5333153009414673,
    1.5745306015014648,
    1.5634554624557495,
    1.6240543127059937,
    1.539644479751587,
    1.5760577917099,
    1.5158151388168335,
    1.4979808330535889,
    1.469855546951294,
    1.4436976909637451,
    1.7092807292938232,
    1.442237138748169,
    1.4715213775634766,
    1.500657081604004,
    1.4678431749343872,
    1.4714926481246948,
    1.5014339685440063,
    1.4798219203948975,
    1.5782989263534546,
    1.543473243713379,
    1.5194741487503052,
    1.598805546760559
  ],
  "best_epoch": 28,
  "status": "ok",
  "grad_norm": [
    3.004886584592395,
    2.602952624778716,
    2.636183197589488,
    2.4418850407166395,
    2.619963966740671,
    2.870834024645534,
    2.719127136674665,
    2.5329485071009694,
    2.5388114294655186,
    2.63070107760833,
    2.738894972031242,
    2.6386998330064073,
    2.535176382749052,
    2.5433997216277184,
    2.595354728439342,
    2.6404622522467953,
    2.6872553417741067,
    2.558921978748017,
    2.8179950369145628,
    2.8415228086283815,
    2.6356870610096816,
    2.5183108140235264,
    2.771125673497999,
    2.581040109026868,
    2.6023806649965064,
    2.7587590896305536,
    2.6978416674243246,
    2.6380834768818553,
    2.722849245511365,
    2.65485859538555,
    2.613054101910321,
    2.5967221635225664,
    2.7907728471373225,
    2.5401294903066614,
    2.481651656857696,
    2.9848861566059064,
    2.867689753852101,
    2.641798233530128,
    2.8015078920660073
  ],
  "beta_std": [
    0.872313380241394,
    0.971229612827301,
    0.6341525316238403,
    0.7254578471183777,
    0.7228434681892395,
    0.7073944211006165,
    0.7584430575370789,
    0.7127671837806702,
    0.7896496057510376,
    0.6929568648338318,
    0.7051166296005249,
    0.7653727531433105,
    0.5840455293655396,
    0.8405219316482544,
    0.6909735798835754,
    0.6205319762229919,
    0.8116044998168945,
    0.643532931804657,
    0.702628493309021,
    0.7971153259277344,
    0.7402771711349487,
    0.7370274066925049,
    0.7560602426528931,
    0.540696382522583,
    0.912519097328186,
    0.6917709708213806,
    0.8915264010429382,
    0.5885938405990601,
    0.8544996380805969,
    0.8261823654174805,
    0.9005961418151855,
    0.7126120328903198,
    0.8078413605690002,
    0.676455557346344,
    0.7404105067253113,
    0.7170999050140381,
    0.7798151969909668,
    0.6323515176773071,
    0.7183570265769958
  ],
  "beta_mean": [
    9.38606244744733e-05,
    -0.4253478944301605,
    -0.40918198227882385,
    -0.21412992477416992,
    -0.19535945355892181,
    -0.2005072683095932,
    -0.4170076847076416,
    -0.18266844749450684,
    -0.2985634505748749,
    -0.19537846744060516,
    -0.3794916272163391,
    -0.20903140306472778,
    -0.08303564041852951,
    -0.2591383159160614,
    -0.18153782188892365,
    -0.09985369443893433,
    -0.18803149461746216,
    -0.322830468416214,
    -0.10251510143280029,
    -0.4260583519935608,
    -0.17340967059135437,
    -0.28070929646492004,
    -0.1796937733888626,
    -0.2587810754776001,
    0.016460616141557693,
    -0.22676914930343628,
    -0.27547144889831543,
    -0.06118057295680046,
    -0.1662188023328781,
    -0.24525001645088196,
    -0.17836757004261017,
    -0.1965436041355133,
    -0.10841749608516693,
    -0.0670052170753479,
    -0.06487318128347397,
    -0.21313399076461792,
    -0.18337060511112213,
    -0.1766945868730545,
    -0.26811590790748596
  ]
}