{
  "train_loss": [
    2.432361502173351,
    1.9426958794621696,
    1.8660728558043986,
    1.8177110942204793,
    1.780599768789191,
    1.7549835314388165,
    1.7195036280782598,
    1.7135774819613898,
    1.6236475349169726,
    1.6141454250770704,
    1.583420629278261,
    1.5697656778982507,
    1.5394455286773325,
    1.481560343664292,
    1.5087256531129805,
    1.4829153998971683,
    1.4738877925259328,
    1.4577389446336624,
    1.4505475598887394,
    1.4413933359949211,
    1.4181130999570701,
    1.4136653177640592,
    1.428344252095585,
    1.415099616943047,
    1.4157499115090622,
    1.3999313781414813,
    1.4016932415265089,
    1.405423115791633,
    1.3582435293643795,
    1.3876656520018102,
    1.3501581250017847,
    1.3598413334534183,
    1.3700889344800982,
    1.3814474992584764
  ],
  "val_loss": [
    1.9321820735931396,
    1.871770977973938,
    1.8672157526016235,
    1.9820950031280518,
    1.867575764656067,
    1.7580500841140747,
    1.6813760995864868,
    1.6850022077560425,
    1.5901225805282593,
    1.6108925342559814,
    1.5821603536605835,
    1.599042296409607,
    1.5727685689926147,
    1.5230265855789185,
    1.5227168798446655,
    1.5669070482254028,
    1.5216679573059082,
    1.5927752256393433,
    1.5489243268966675,
    1.5224454402923584,
    1.5159403085708618,
    1.495989441871643,
    1.6747303009033203,
    1.4901764392852783,
    1.5189952850341797,
    1.503484845161438,
    1.5254714488983154,
    1.606341004371643,
    1.5038087368011475,
    1.531335711479187,
    1.6464921236038208,
    1.5468636751174927,
    1.5021053552627563,
    1.5049885511398315
  ],
  "best_epoch": 23,
  "status": "ok",
  "grad_norm": [
    3.113890434251815,
    2.727756427861819,
    2.577056472203877,
    2.6428537736194087,
    2.7657104759659363,
    2.7010526139401208,
    2.6014660527964035,
    2.8291348516111334,
    2.5104147574134963,
    2.748232893948668,
    2.6330552462127423,
    2.7167870550795614,
    2.689660000030219,
    2.4745026593195933,
    2.5606707406354805,
    2.633221844909723,
    2.553870631131278,
    2.5263157498941,
    2.590775420668476,
    2.6836260122919255,
    2.474736608940223,
    2.511183684674469,
    2.7235091299796395,
    2.4256491203054895,
    2.5906465294667567,
    2.4351891817610625,
    2.6171821750055257,
    2.626909607207063,
    2.628948944331649,
    2.634144345137083,
    2.5352711582905765,
    2.5380292151427795,
    2.4727445681810565,
    2.6351108313629235
  ],
  "beta_std": [
    0.6425471305847168,
    0.6334331631660461,
    0.6932035684585571,
    0.9607012271881104,
    0.6985292434692383,
    0.6276940107345581,
    0.6410934925079346,
    0.6558180451393127,
    0.8133111596107483,
    0.698036253452301,
    0.7177094221115112,
    0.7918943762779236,
    0.7218456268310547,
    0.7551980018615723,
    0.756513774394989,
    0.7060548067092896,
    0.6816535592079163,
    0.6553165316581726,
    0.653407096862793,
    0.689403772354126,
    0.630098819732666,
    0.8049479126930237,
    0.8758776187896729,
    0.8639005422592163,
    0.707259476184845,
    0.8313145637512207,
    0.714200496673584,
    0.72199946641922,
    0.8035953640937805,
    0.636954128742218,
    0.7115504741668701,
    0.673538863658905,
    0.6885015964508057,
    0.6838251352310181
  ],
  "beta_mean": [
    -0.08326327055692673,
    -0.3436983823776245,
    -0.31304633617401123,
    -0.15796209871768951,
    -0.23804691433906555,
    -0.28971344232559204,
    -0.2667160928249359,
    -0.3745187819004059,
    -0.19044877588748932,
    -0.17902089655399323,
    -0.24089808762073517,
    -0.2500517964363098,
    -0.35506486892700195,
    -0.38417717814445496,
    -0.12280493229627609,
    -0.23487111926078796,
    -0.13118958473205566,
    -0.2510697841644287,
    -0.258760005235672,
    -0.320404052734375,
    -0.27002570033073425,
    -0.27145975828170776,
    -0.2979821264743805,
    -0.36572951078414917,
    -0.30331388115882874,
    -0.3271365463733673,
    -0.3410491943359375,
    -0.19901221990585327,
    -0.24716545641422272,
    -0.10896608233451843,
    -0.25987377762794495,
    -0.15474998950958252,
    -0.11785972118377686,
    -0.342741996049881
  ]
}