{
  "train_loss": [
    2.48321574889289,
    1.9823766071531508,
    1.9165485360887315,
    1.858239045990838,
    1.7902619689305623,
    1.7459130653805204,
    1.6935445198482937,
    1.668937042872111,
    1.6109912774827746,
    1.5653926491207546,
    1.5607796909544203,
    1.5207915930218168,
    1.509231643040975,
    1.5223427215152316,
    1.4967242514292398,
    1.4866711824205188,
    1.458020610809326,
    1.4505605483584934,
    1.4482300737169054,
    1.4646313457489013,
    1.4200704800287882,
    1.4145944033728706,
    1.3985892402331035,
    1.4065340559217665,
    1.4105332636303372,
    1.4019514674080742,
    1.390523613717821,
    1.382101472430759,
    1.3872689814037746,
    1.3656054278479681
  ],
  "val_loss": [
    1.7517523765563965,
    1.7986949682235718,
    1.811508059501648,
    1.847771167755127,
    1.6532915830612183,
    1.609121322631836,
    1.6171337366104126,
    1.5783859491348267,
    1.4842265844345093,
    1.5035761594772339,
    1.5050050020217896,
    1.6018624305725098,
    1.480490803718567,
    1.4624491930007935,
    1.418199896812439,
    1.393186092376709,
    1.4621098041534424,
    1.4896882772445679,
    1.4529565572738647,
    1.34971284866333,
    1.4410240650177002,
    1.484052300453186,
    1.369788408279419,
    1.4371395111083984,
    1.3676320314407349,
    1.4342538118362427,
    1.3882962465286255,
    1.4381922483444214,
    1.419546365737915,
    1.4239479303359985
  ],
  "best_epoch": 19,
  "status": "ok",
  "grad_norm": [
    2.938640525097303,
    2.938888181023372,
    2.7001450219641296,
    2.664609676878839,
    2.6787690803964495,
    2.682976844660628,
    2.6471855263666266,
    2.7723279842821964,
    2.5187133228277583,
    2.5377247311787303,
    2.8003453265751217,
    2.6249377263747724,
    2.6143996315033142,
    2.7161088125781427,
    2.709231202230596,
    2.888237674520175,
    2.6319188192187517,
    2.5932714397056484,
    2.666011494691328,
    2.6844855184941805,
    2.6566373231463953,
    2.715892248559675,
    2.4932713091654626,
    2.7690458179874917,
    2.7501360254203777,
    2.6057457725048794,
    2.5534361973594075,
    2.5737092463905333,
    2.8084247832136318,
    2.6566970251066393
  ],
  "beta_std": [
    0.7429674863815308,
    0.5853044986724854,
    0.5896966457366943,
    0.7932696342468262,
    0.9878057241439819,
    0.8618019819259644,
    0.6552543640136719,
    1.0051047801971436,
    0.7964990139007568,
    0.7594509720802307,
    0.6616763472557068,
    0.7746548652648926,
    0.8801624178886414,
    0.6172671318054199,
    0.6988220810890198,
    0.7745295166969299,
    0.7172868847846985,
    0.7355273365974426,
    0.9631989598274231,
    0.9074707627296448,
    0.8102555871009827,
    0.7290228605270386,
    0.8149123787879944,
    0.8431139588356018,
    0.7697849273681641,
    0.8205861449241638,
    0.815933883190155,
    0.8853446245193481,
    0.7653491497039795,
    0.7347639203071594
  ],
  "beta_mean": [
    -0.14090536534786224,
    0.12378739565610886,
    -0.26850295066833496,
    -0.1269134134054184,
    -0.14611105620861053,
    -0.3254283666610718,
    -0.16075800359249115,
    -0.00351989408954978,
    -0.3392924964427948,
    -0.1231205016374588,
    -0.05233459174633026,
    -0.39971813559532166,
    -0.2934665083885193,
    -0.3070075213909149,
    -0.2277512550354004,
    -0.2732253968715668,
    -0.323020339012146,
    -0.20179033279418945,
    -0.13482341170310974,
    -0.19773094356060028,
    -0.15450336039066315,
    -0.12834210693836212,
    -0.16627007722854614,
    -0.11057447642087936,
    -0.20444700121879578,
    -0.33528605103492737,
    -0.21222883462905884,
    -0.061691541224718094,
    -0.02942117676138878,
    -0.25705522298812866
  ]
}