{
  "train_loss": [
    2.53875546752082,
    1.978422112358941,
    1.911666612625122,
    1.8559994095696344,
    1.8335792575412326,
    1.7873146557278103,
    1.7541948045094808,
    1.7479346059163412,
    1.6640793470806545,
    1.6543673942353991,
    1.5910347423553466,
    1.5789941702948675,
    1.540787394205729,
    1.5857548666000367,
    1.517710620350308,
    1.5421623939938016,
    1.5123914280997381,
    1.4799655312432183,
    1.4994806427425809,
    1.4779491436216565,
    1.488955117755466,
    1.490189800368415,
    1.4448105137083265,
    1.4373903771506416,
    1.4382132198545667,
    1.4702052324083117,
    1.4570157080756294,
    1.449948460261027
  ],
  "val_loss": [
    1.970192551612854,
    1.8025219440460205,
    1.7516045570373535,
    1.854601263999939,
    1.794516921043396,
    1.712466835975647,
    1.7058517932891846,
    1.5568469762802124,
    1.648382544517517,
    1.5560212135314941,
    1.4840550422668457,
    1.543540120124817,
    1.4844071865081787,
    1.5181691646575928,
    1.5492585897445679,
    1.4482115507125854,
    1.4616279602050781,
    1.404247760772705,
    1.5558284521102905,
    1.522278070449829,
    1.5009181499481201,
    1.4844847917556763,
    1.5197858810424805,
    1.509302020072937,
    1.4340012073516846,
    1.455612301826477,
    1.5034892559051514,
    1.4575520753860474
  ],
  "best_epoch": 17,
  "status": "ok",
  "grad_norm": [
    3.191742796614137,
    2.747958376965927,
    2.78406858378768,
    2.6849441195282786,
    2.8406466658189666,
    2.6390019939400804,
    2.717806323189195,
    2.8038652999207003,
    2.716650160689476,
    2.8594067048879706,
    2.676875796956727,
    2.6894059867245192,
    2.5609854039513285,
    2.957811846910538,
    2.79138995851972,
    2.6618058298697713,
    2.7342929175082475,
    2.587858152144833,
    2.781366483014571,
    2.698442849777316,
    2.64731936906167,
    2.8306616926870305,
    2.6865445743884995,
    2.7165172135585607,
    2.685681734554369,
    2.904983087682239,
    3.031699869090482,
    2.7404178511582953
  ],
  "beta_std": [
    0.55205237865448,
    0.849014937877655,
    0.8975198268890381,
    0.659257173538208,
    1.0363205671310425,
    0.8214441537857056,
    0.755433201789856,
    0.6465288400650024,
    0.7267599105834961,
    0.8034820556640625,
    0.8289633989334106,
    0.8161640763282776,
    0.8267207145690918,
    0.8422616124153137,
    0.709023654460907,
    0.7277912497520447,
    0.8870810866355896,
    0.7993831038475037,
    0.8016304969787598,
    1.0231225490570068,
    0.9116071462631226,
    0.9790425300598145,
    0.8676385283470154,
    0.8764490485191345,
    0.7740681171417236,
    0.7016674876213074,
    0.7727391719818115,
    0.8220406174659729
  ],
  "beta_mean": [
    -0.0341731496155262,
    -0.1283162236213684,
    -0.2238636165857315,
    -0.2927905321121216,
    -0.21535533666610718,
    -0.26784631609916687,
    -0.20536449551582336,
    -0.16425727307796478,
    0.07089541107416153,
    -0.30638182163238525,
    -0.047096073627471924,
    -0.30520331859588623,
    -0.14397968351840973,
    -0.2528160810470581,
    -0.09344318509101868,
    -0.19127288460731506,
    -0.06885699182748795,
    -0.28162527084350586,
    -0.3095400631427765,
    0.04152597486972809,
    -0.3131196200847626,
    -0.2102377563714981,
    0.06373515725135803,
    -0.24358679354190826,
    -0.021751483902335167,
    -0.11567124724388123,
    -0.3453628122806549,
    -0.2234085649251938
  ]
}