{
  "train_loss": [
    2.4113738317489624,
    1.9610845913357204,
    1.8685391800138687,
    1.8113402717378404,
    1.7147564050886366,
    1.7161428481207954,
    1.693096927218967,
    1.6935004778967964,
    1.6458072488572861,
    1.6245948493745592,
    1.6021327611075507,
    1.5893009344736735,
    1.5499626319673325,
    1.5573401302761503,
    1.5247174808714126,
    1.526395781940884,
    1.487548785103692,
    1.5122974761327108,
    1.4853210400475396,
    1.4724101363288031,
    1.4413846330642701,
    1.4479455692503187,
    1.4160169065263537,
    1.4421387547387017,
    1.4270995107226903,
    1.4200010398228964,
    1.3824257542292278,
    1.3885725972917344,
    1.3784433471891615,
    1.3732557025485568,
    1.3843768564860026,
    1.3508332620196872,
    1.3571375715467664,
    1.3446543866263496,
    1.3433205852508545,
    1.3609492908053928,
    1.3213922617170546,
    1.3401820368236965,
    1.3521158281962078,
    1.3341045459111531,
    1.328231216430664,
    1.3021303306155734,
    1.310058167775472,
    1.317418343755934,
    1.3188894486957126
  ],
  "val_loss": [
    1.8412114381790161,
    2.0074687004089355,
    1.748039722442627,
    1.7876213788986206,
    1.8436000347137451,
    1.6508142948150635,
    1.6180280447006226,
    1.655370831489563,
    1.6230419874191284,
    1.6253303289413452,
    1.5621083974838257,
    1.5279184579849243,
    1.598892331123352,
    1.5356208086013794,
    1.4798102378845215,
    1.499576449394226,
    1.4478505849838257,
    1.5181770324707031,
    1.4521111249923706,
    1.5672552585601807,
    1.541348934173584,
    1.53178870677948,
    1.4423909187316895,
    1.4827382564544678,
    1.5108338594436646,
    1.4735486507415771,
    1.5549086332321167,
    1.5241731405258179,
    1.5474438667297363,
    1.4568181037902832,
    1.4727669954299927,
    1.4302706718444824,
    1.5635451078414917,
    1.4909030199050903,
    1.4174103736877441,
    1.4370242357254028,
    1.4607515335083008,
    1.4227653741836548,
    1.4725568294525146,
    1.596468210220337,
    1.4684932231903076,
    1.4749759435653687,
    1.4624027013778687,
    1.489858627319336,
    1.4917182922363281
  ],
  "best_epoch": 34,
  "status": "ok",
  "grad_norm": [
    3.0025214199381214,
    2.749974507877051,
    2.5762662259642783,
    2.8715845455824858,
    2.7178471904799775,
    2.667362296898983,
    2.763387565376318,
    2.8555470712109385,
    2.448252729143426,
    2.587678321437657,
    2.6064525232642186,
    2.6141208919530614,
    2.5231012189995004,
    2.4625900485622996,
    2.5944431060310467,
    2.7091969128334856,
    2.541951329028801,
    2.875573228623067,
    2.753170400763373,
    2.824708120548737,
    2.8052808070321325,
    2.5696309742272683,
    2.7277170964541395,
    2.71660535983352,
    2.7492837622860136,
    2.6155648265574025,
    2.681255937375643,
    2.6321605561192083,
    2.6989906807026816,
    2.6048306751071997,
    2.5949362276113965,
    2.552622419503145,
    2.737147261232731,
    2.503837481765309,
    2.6972593653918793,
    2.9275487418463313,
    2.4410044243487854,
    2.760337213012949,
    2.6766674057978284,
    2.903112081808853,
    2.7656616273077153,
    2.620076286224065,
    2.6339968498170303,
    2.681059106423782,
    2.6805296685658635
  ],
  "beta_std": [
    0.7523458003997803,
    0.7925950288772583,
    0.7836763262748718,
    0.9335452318191528,
    1.0029765367507935,
    0.840347170829773,
    0.8889722228050232,
    0.6589134931564331,
    0.7425504922866821,
    0.9900999069213867,
    0.7637879252433777,
    0.6093572974205017,
    0.7435606122016907,
    0.7528882026672363,
    0.7848842144012451,
    0.6213340163230896,
    0.7152267098426819,
    0.786900520324707,
    0.7856601476669312,
    0.773574948310852,
    0.9416866898536682,
    0.8985196948051453,
    0.8889502882957458,
    0.7691440582275391,
    0.8295000791549683,
    0.7364917397499084,
    0.8179261088371277,
    0.7985864281654358,
    0.9070377349853516,
    0.6942682266235352,
    0.8871880769729614,
    0.8418132066726685,
    0.8997549414634705,
    0.9243741035461426,
    0.7492164969444275,
    0.7464157938957214,
    0.7050127387046814,
    0.8087396621704102,
    0.7880775332450867,
    1.0836148262023926,
    0.696590006351471,
    0.7473975419998169,
    0.8101257681846619,
    0.8514655232429504,
    0.7825485467910767
  ],
  "beta_mean": [
    0.009435949847102165,
    -0.2512876093387604,
    -0.3542393743991852,
    -0.24726876616477966,
    -0.20724791288375854,
    -0.2343592792749405,
    -0.2966742515563965,
    -0.31217724084854126,
    -0.14160770177841187,
    -0.04007586091756821,
    -0.1371048539876938,
    -0.24713988602161407,
    -0.07462332397699356,
    -0.0933338850736618,
    -0.28078001737594604,
    -0.08427800238132477,
    -0.2339867800474167,
    -0.21157415211200714,
    -0.01654270477592945,
    -0.09459725767374039,
    -0.18057376146316528,
    -0.24829113483428955,
    -0.1358058601617813,
    -0.2587006092071533,
    -0.3026151955127716,
    -0.06509704887866974,
    -0.34051063656806946,
    -0.030538788065314293,
    -0.15273728966712952,
    -0.17229223251342773,
    -0.22660444676876068,
    -0.1924026757478714,
    -0.26342150568962097,
    -0.07566516846418381,
    -0.07311403751373291,
    -0.1822255551815033,
    -0.11385224759578705,
    -0.0447772853076458,
    -0.14236032962799072,
    0.06792087852954865,
    -0.24047531187534332,
    -0.11147036403417587,
    -0.12092048674821854,
    -0.24158789217472076,
    -0.030474990606307983
  ]
}