{
  "train_loss": [
    2.4309186653561063,
    1.9270085108015271,
    1.836579927444458,
    1.7682253810034858,
    1.729360875553555,
    1.7231735791100395,
    1.659658223470052,
    1.626893944422404,
    1.6145212994681464,
    1.5659966348012289,
    1.5503930213716295,
    1.5152304821014404,
    1.4956057559119331,
    1.474560506608751,
    1.442436287138197,
    1.4508539671368068,
    1.4238032887776693,
    1.4010571613311769,
    1.3913769568867154,
    1.4015098576015896,
    1.4005147914886475,
    1.3811952989366318,
    1.38977840868632,
    1.3396852546268039,
    1.3453626123534308,
    1.3478501530753242
  ],
  "val_loss": [
    1.800630807876587,
    1.7614365816116333,
    1.7305548191070557,
    1.7729333639144897,
    1.6474472284317017,
    1.5670868158340454,
    1.5589087009429932,
    1.6897521018981934,
    1.4743258953094482,
    1.4833391904830933,
    1.4515643119812012,
    1.542125940322876,
    1.3954812288284302,
    1.5711064338684082,
    1.3562262058258057,
    1.3395912647247314,
    1.4102940559387207,
    1.4391945600509644,
    1.4602628946304321,
    1.487734079360962,
    1.3850747346878052,
    1.3820533752441406,
    1.466578722000122,
    1.4466426372528076,
    1.3476179838180542,
    1.3868483304977417
  ],
  "best_epoch": 15,
  "status": "ok",
  "grad_norm": [
    3.2772285546268654,
    2.657924261976273,
    2.5605178799791575,
    2.492056570504268,
    2.6807892462435805,
    2.679841200269243,
    2.550747182451647,
    2.6410936972798384,
    2.577435781121372,
    2.5580861341373473,
    2.595899855703874,
    2.6197339393174595,
    2.7124532705437203,
    2.6251861210063128,
    2.6593179926853447,
    2.7141173797203573,
    2.5505979960217293,
    2.547559829326689,
    2.463622731904862,
    2.604092183146803,
    2.6606868756490485,
    2.53936823969213,
    2.605001938841324,
    2.3942867926632667,
    2.6058632080859585,
    2.5381145155414315
  ],
  "beta_std": [
    0.9361237287521362,
    0.981940746307373,
    1.0196123123168945,
    0.7911593317985535,
    0.6606096625328064,
    0.7399439215660095,
    0.863355278968811,
    0.8848124742507935,
    0.757692277431488,
    0.698833703994751,
    0.7756121158599854,
    0.7729582786560059,
    0.7261203527450562,
    0.7119901776313782,
    0.8735424280166626,
    0.835226833820343,
    0.7141629457473755,
    0.7467178702354431,
    0.6619445085525513,
    0.7332120537757874,
    0.9246683716773987,
    0.6868771910667419,
    0.7852530479431152,
    0.9254717230796814,
    0.7363901138305664,
    0.8578372597694397
  ],
  "beta_mean": [
    -0.3519091010093689,
    -0.38759082555770874,
    -0.2863016128540039,
    -0.2997856140136719,
    -0.1639080047607422,
    -0.09762945771217346,
    -0.24821501970291138,
    -0.11321179568767548,
    -0.17136208713054657,
    -0.17410790920257568,
    -0.3285728394985199,
    -0.23597343266010284,
    -0.03164619207382202,
    -0.17972762882709503,
    -0.290693074464798,
    -0.24304525554180145,
    -0.32550695538520813,
    -0.1260894238948822,
    -0.19536486268043518,
    -0.05639456585049629,
    -0.23145297169685364,
    -0.12820926308631897,
    -0.20260374248027802,
    -0.42535048723220825,
    -0.2100096344947815,
    -0.21942678093910217
  ]
}