{
  "train_loss": [
    0.9249642647583198,
    0.7868245896298328,
    0.7665085868500258,
    0.7422356758528555,
    0.733699086328753,
    0.7217165617715745,
    0.7149760798261819,
    0.7115546297864849,
    0.7075710313660758,
    0.6968698321556558,
    0.701908063483076,
    0.6938410915755361,
    0.6909102658025261,
    0.6919416306510804,
    0.6882420956142365,
    0.6771871594885309,
    0.677335751975745,
    0.6789513353858134,
    0.6639522019157064,
    0.6655963972582568,
    0.6576592620538205,
    0.6628035406406775,
    0.6660327052313184,
    0.6586687087201748,
    0.6590585413703572
  ],
  "val_loss": [
    0.7559951543807983,
    0.7342191934585571,
    0.7347201704978943,
    0.6806349158287048,
    0.6743433475494385,
    0.6719071269035339,
    0.6859315037727356,
    0.6716678142547607,
    0.7034767866134644,
    0.6531710624694824,
    0.66351717710495,
    0.6787886619567871,
    0.6603869199752808,
    0.6817227602005005,
    0.6275293827056885,
    0.6603562235832214,
    0.6486299633979797,
    0.6532745361328125,
    0.6523633599281311,
    0.6507733464241028,
    0.6459446549415588,
    0.6574621200561523,
    0.6387465596199036,
    0.6501779556274414,
    0.6296544075012207
  ],
  "best_epoch": 14,
  "status": "ok",
  "grad_norm": [
    0.875887446594857,
    0.7874717750402846,
    0.757567988299381,
    0.7973565681329569,
    0.8076680029942691,
    0.7741935431722745,
    0.8086736425408098,
    0.7863769594480273,
    0.8044857892752967,
    0.7724527213995982,
    0.7843121048189066,
    0.7652444603071702,
    0.8001884214503642,
    0.8079392052610194,
    0.7970568341128611,
    0.7925547868324365,
    0.805419826863613,
    0.7837111817278121,
    0.8011770200121795,
    0.8012628555360097,
    0.8151719081710022,
    0.8168993651931181,
    0.8134089923741455,
    0.797573037347652,
    0.8506812426160609
  ],
  "beta_std": [
    0.5320622324943542,
    0.6400977373123169,
    0.6503756046295166,
    0.6987723112106323,
    0.5507972836494446,
    0.7981117367744446,
    0.8409706950187683,
    0.8667319416999817,
    0.8414574265480042,
    0.8485689163208008,
    0.8993536233901978,
    0.7295862436294556,
    0.8135616183280945,
    0.7523306608200073,
    0.7387878894805908,
    0.7952674627304077,
    0.6987389326095581,
    0.7639180421829224,
    0.7688657641410828,
    0.756182849407196,
    0.7497726082801819,
    0.8241976499557495,
    0.8172677755355835,
    0.8243690133094788,
    0.8324899077415466
  ],
  "beta_mean": [
    -0.23448055982589722,
    -0.11977249383926392,
    -0.12488289922475815,
    -0.1251072883605957,
    -0.2724805176258087,
    -0.13337165117263794,
    -0.44032853841781616,
    -0.46918320655822754,
    -0.4615976810455322,
    -0.34644731879234314,
    -0.17118243873119354,
    -0.30842921137809753,
    -0.3955136835575104,
    -0.36493971943855286,
    -0.292385995388031,
    -0.26716235280036926,
    -0.30373239517211914,
    -0.3128487169742584,
    -0.4122034013271332,
    -0.4407280683517456,
    -0.29967957735061646,
    -0.16939441859722137,
    -0.3383687436580658,
    -0.501215398311615,
    -0.4846029579639435
  ]
}