{
  "train_loss": [
    0.9227284421726148,
    0.7697873891075723,
    0.7428310535391983,
    0.7309285373914809,
    0.7214343831112054,
    0.7117239663660391,
    0.7059428419115321,
    0.701579655216935,
    0.6934980998774505,
    0.6968443506158669,
    0.6880764711741146,
    0.6819101179267814,
    0.6869927009757684,
    0.6670101034397982,
    0.671982480203754,
    0.6685051815580079,
    0.6669692345757603,
    0.6639900070469396,
    0.648770687450357,
    0.6551305447846584,
    0.6527134745569727,
    0.6439784622246446,
    0.6496232108329159,
    0.6528581070791837,
    0.6461713478408433,
    0.6466571183431716,
    0.6442946666222311,
    0.6415471118864289,
    0.6363727858007089,
    0.6474698302426847,
    0.6420274283610233,
    0.6301273574364158,
    0.6427286847378392,
    0.6259197797364389,
    0.6241729203535586,
    0.6251974265591628,
    0.6213029676283839,
    0.6308292156714701,
    0.6239404700240311
  ],
  "val_loss": [
    0.716310441493988,
    0.6972367167472839,
    0.6992077827453613,
    0.6777496933937073,
    0.6456924080848694,
    0.6585591435432434,
    0.6373696327209473,
    0.6484188437461853,
    0.6408204436302185,
    0.6743217706680298,
    0.6591355800628662,
    0.6081293821334839,
    0.6446250677108765,
    0.6171565055847168,
    0.6133860349655151,
    0.6305571794509888,
    0.6402762532234192,
    0.5774878859519958,
    0.6000752449035645,
    0.576438307762146,
    0.5806498527526855,
    0.6236730217933655,
    0.5869069695472717,
    0.6063761711120605,
    0.5947108268737793,
    0.5834969878196716,
    0.5795863270759583,
    0.6013490557670593,
    0.5657901167869568,
    0.6190566420555115,
    0.5945191383361816,
    0.5873795747756958,
    0.5989513993263245,
    0.5856693387031555,
    0.5891402959823608,
    0.5786100625991821,
    0.5890049338340759,
    0.6136201620101929,
    0.587843656539917
  ],
  "best_epoch": 28,
  "status": "ok",
  "grad_norm": [
    0.906366724752409,
    0.8464489652935416,
    0.7999814705230963,
    0.7862344067389656,
    0.7582050384967836,
    0.7725449375114276,
    0.8008457590797594,
    0.7884365338846178,
    0.790313146878975,
    0.8060791744971337,
    0.8114296375142954,
    0.8050510407070295,
    0.7970625050133252,
    0.7991898700112474,
    0.7713445962756836,
    0.8324966016443126,
    0.7957046391513329,
    0.8189756942252953,
    0.7949366683005626,
    0.815336633960504,
    0.812700613751989,
    0.8142067882675691,
    0.8342276953649691,
    0.824612232399461,
    0.8195710309779465,
    0.817181815462106,
    0.8300838317058276,
    0.8243308243720048,
    0.8728367842111525,
    0.8565055299285523,
    0.8171481923696211,
    0.8206027860119415,
    0.8290646380217892,
    0.8494951733419959,
    0.8389972409953401,
    0.8694879804670745,
    0.8488795415997158,
    0.8468147857200524,
    0.8481214619932353
  ],
  "beta_std": [
    0.7581993937492371,
    0.8490393161773682,
    0.7235120534896851,
    0.8566816449165344,
    0.8302456140518188,
    0.8597252368927002,
    0.8767982721328735,
    0.7466201782226562,
    0.9087337255477905,
    0.8064128160476685,
    0.9415666460990906,
    0.8258533477783203,
    0.6798983216285706,
    0.7874190211296082,
    0.7582031488418579,
    1.048988938331604,
    0.8634157776832581,
    0.8865829706192017,
    0.9522762298583984,
    0.8417423367500305,
    0.740239679813385,
    0.8806894421577454,
    0.6924610733985901,
    0.8804102540016174,
    0.8016471862792969,
    0.7755931615829468,
    0.902721107006073,
    0.7730512619018555,
    0.8886995911598206,
    0.8226755261421204,
    0.9626140594482422,
    0.7852188348770142,
    0.8006007075309753,
    0.8252434730529785,
    0.9212592244148254,
    0.9859724044799805,
    0.7501059770584106,
    0.6428549289703369,
    0.9080360531806946
  ],
  "beta_mean": [
    -0.17370517551898956,
    -0.17790207266807556,
    -0.26022666692733765,
    -0.18071463704109192,
    -0.1845179796218872,
    -0.5452115535736084,
    -0.23320402204990387,
    -0.03845755755901337,
    0.03320686146616936,
    -0.12393461912870407,
    -0.1965090036392212,
    -0.1751803755760193,
    -0.10912373661994934,
    -0.15581995248794556,
    -0.43384405970573425,
    -0.0588364340364933,
    0.010118677280843258,
    -0.03414721414446831,
    -0.02917459048330784,
    -0.2778937816619873,
    -0.3987831175327301,
    -0.24889501929283142,
    -0.3401060998439789,
    -0.18029114603996277,
    -0.14636185765266418,
    -0.24778062105178833,
    -0.25725704431533813,
    -0.2486572563648224,
    -0.13614194095134735,
    -0.35623905062675476,
    -0.07443038374185562,
    -0.16167721152305603,
    -0.19837887585163116,
    -0.3728063404560089,
    -0.14518289268016815,
    -0.3201022744178772,
    -0.22650538384914398,
    -0.07770862430334091,
    -0.29257339239120483
  ]
}