{
  "train_loss": [
    0.9373905326233429,
    0.7605501211689714,
    0.7392906527670603,
    0.7293657521812283,
    0.7176215766508833,
    0.7107458989366112,
    0.7128652964589818,
    0.6934593967029027,
    0.697561863977082,
    0.6895073353838759,
    0.6904366201824612,
    0.6842125222796486,
    0.6787908861696585,
    0.6746130306434199,
    0.6604253418321242,
    0.6646865579276399,
    0.658342482470601,
    0.6539340365770993,
    0.6468403858933048,
    0.6533967113819252,
    0.653007405063733,
    0.6385936287930764,
    0.6504019143630048,
    0.649082743175446,
    0.6448418257728455
  ],
  "val_loss": [
    0.7281941175460815,
    0.7137967944145203,
    0.7269508242607117,
    0.7371540069580078,
    0.6903842687606812,
    0.687358021736145,
    0.6810389757156372,
    0.6795147061347961,
    0.6543526649475098,
    0.6723437905311584,
    0.6414420008659363,
    0.6476238369941711,
    0.6508790254592896,
    0.6239076852798462,
    0.595540463924408,
    0.6483290195465088,
    0.6141349673271179,
    0.6254669427871704,
    0.6274625658988953,
    0.6174820065498352,
    0.6122382879257202,
    0.6227285861968994,
    0.65644770860672,
    0.6361831426620483,
    0.6102999448776245
  ],
  "best_epoch": 14,
  "status": "ok",
  "grad_norm": [
    0.9089195369081619,
    0.833182620382269,
    0.799046054015169,
    0.7897087409157506,
    0.7993757943551805,
    0.7614482872147224,
    0.7616965721625555,
    0.7600038291793247,
    0.8301033158678486,
    0.7841907429393336,
    0.7941278653764708,
    0.7906854015401857,
    0.8141318610375988,
    0.8269139910275018,
    0.7903233107992753,
    0.8314420741829658,
    0.7953854156199907,
    0.8129160657193123,
    0.8062689272821186,
    0.8276252430783041,
    0.8188652778169875,
    0.8013048308350267,
    0.8260879235801536,
    0.8240435651916485,
    0.8363558734295227
  ],
  "beta_std": [
    0.5307711362838745,
    0.6534599661827087,
    0.7106621265411377,
    0.6615299582481384,
    0.6365280747413635,
    0.6897523403167725,
    0.6527919769287109,
    0.7613146901130676,
    0.8289464712142944,
    0.8203757405281067,
    0.781922459602356,
    0.8173957467079163,
    0.6611880660057068,
    0.7050125598907471,
    0.7192190289497375,
    0.7165654897689819,
    0.6904074549674988,
    0.6805495023727417,
    0.83403080701828,
    0.7373266816139221,
    0.7546887397766113,
    0.7536725401878357,
    0.6826097369194031,
    0.7750690579414368,
    0.7009744644165039
  ],
  "beta_mean": [
    -0.23567482829093933,
    -0.0961766391992569,
    -0.4081213176250458,
    -0.2858819365501404,
    -0.07438965886831284,
    -0.202248215675354,
    -0.3020381033420563,
    -0.19663067162036896,
    -0.25202834606170654,
    -0.19957217574119568,
    -0.23281486332416534,
    -0.039306312799453735,
    -0.23140904307365417,
    -0.17151868343353271,
    -0.1356741487979889,
    -0.36104509234428406,
    -0.1916189044713974,
    -0.3058404326438904,
    -0.3485536575317383,
    -0.21565409004688263,
    -0.3199719786643982,
    -0.21490007638931274,
    -0.41011980175971985,
    -0.418215274810791,
    -0.349069744348526
  ]
}