{
  "train_loss": [
    0.9632158778151687,
    0.8025159873929965,
    0.7685345719731044,
    0.7526314728384386,
    0.7411702106599094,
    0.7327550233626853,
    0.7292796790464665,
    0.7192320279253313,
    0.7156820824627433,
    0.7147876084121176,
    0.697900062326401,
    0.6931672736090057,
    0.6973918712058035,
    0.6923533779963885,
    0.6926833707188803,
    0.6826041142145792,
    0.6781085074083064,
    0.6782790673833315,
    0.6770074339950977,
    0.6744225421460037,
    0.6799732320162715,
    0.6715329758434339,
    0.6698987656980415,
    0.6675288173617149,
    0.6632353393939617,
    0.6631901076321158,
    0.6651170234290921,
    0.66080233629058,
    0.6520170819191705,
    0.6578944221105165,
    0.6472607512322683,
    0.6501127531739319,
    0.6499620510066718
  ],
  "val_loss": [
    0.7464075684547424,
    0.7514562606811523,
    0.7309474349021912,
    0.7450536489486694,
    0.7032804489135742,
    0.7015092968940735,
    0.7114915251731873,
    0.7087376117706299,
    0.7073780298233032,
    0.6840571165084839,
    0.7273472547531128,
    0.693049967288971,
    0.6848129630088806,
    0.686316192150116,
    0.6658284664154053,
    0.6636634469032288,
    0.682100772857666,
    0.6714885830879211,
    0.6552862524986267,
    0.6512871980667114,
    0.6793184280395508,
    0.6798293590545654,
    0.6417743563652039,
    0.6511659026145935,
    0.6647924184799194,
    0.6554480791091919,
    0.6712170839309692,
    0.6490137577056885,
    0.6478071212768555,
    0.660328209400177,
    0.6682614684104919,
    0.6650645136833191,
    0.6773573160171509
  ],
  "best_epoch": 22,
  "status": "ok",
  "grad_norm": [
    0.8731585051515174,
    0.797456097998357,
    0.7617564626597333,
    0.7737268081186606,
    0.746758015788717,
    0.7467935891843582,
    0.7637718347964987,
    0.7583347109742341,
    0.7736281291678426,
    0.7577212986353526,
    0.7515780559774814,
    0.7766913699620439,
    0.753198865753617,
    0.7724989890861219,
    0.7542952640138416,
    0.765358364762515,
    0.7412487841991501,
    0.7691192902136016,
    0.7825790853801988,
    0.7805077992295368,
    0.7525930966867094,
    0.7751457107344674,
    0.7907608173133845,
    0.7708530859376195,
    0.7739444378889273,
    0.7837983975217779,
    0.776834402201561,
    0.8088255799506778,
    0.7724394731643169,
    0.8202501684161636,
    0.7921699943457847,
    0.7992881281115929,
    0.7884081350127021
  ],
  "beta_std": [
    0.8559771776199341,
    0.5111745595932007,
    0.6457298398017883,
    0.5609098076820374,
    0.6732949614524841,
    0.6075260043144226,
    0.7423275113105774,
    0.6590009331703186,
    0.6078171133995056,
    0.7140704393386841,
    0.5474541187286377,
    0.6168903112411499,
    0.6528170704841614,
    0.7133097648620605,
    0.6265352964401245,
    0.7495999336242676,
    0.5737550854682922,
    0.7322437167167664,
    0.7092413306236267,
    0.7016910910606384,
    0.7112321257591248,
    0.6351419687271118,
    0.796145498752594,
    0.6876901388168335,
    0.6026670336723328,
    0.680289626121521,
    0.6767264008522034,
    0.6932095885276794,
    0.7705941796302795,
    0.6732966303825378,
    0.6800503730773926,
    0.7375985980033875,
    0.712841808795929
  ],
  "beta_mean": [
    -0.3824477791786194,
    -0.13646012544631958,
    -0.38706138730049133,
    -0.32453688979148865,
    -0.16671553254127502,
    -0.17182260751724243,
    -0.20152540504932404,
    -0.4452556073665619,
    -0.14165084064006805,
    -0.23323073983192444,
    -0.17707720398902893,
    -0.2161157876253128,
    -0.09264720976352692,
    -0.11062639206647873,
    -0.28498268127441406,
    -0.19527974724769592,
    -0.25466078519821167,
    -0.1675386279821396,
    -0.14916154742240906,
    -0.22517681121826172,
    -0.3159109354019165,
    -0.17196309566497803,
    -0.17000824213027954,
    -0.14903001487255096,
    -0.26398560404777527,
    -0.20274077355861664,
    -0.14857666194438934,
    -0.3135368525981903,
    -0.276544988155365,
    -0.07010667771100998,
    -0.22245573997497559,
    -0.23630300164222717,
    -0.48140135407447815
  ]
}