{
  "train_loss": [
    0.9542935594950133,
    0.7713120029897106,
    0.7467490834173431,
    0.7395909704048347,
    0.7269162177498919,
    0.7208119571344112,
    0.7000852917597677,
    0.7164528080665605,
    0.7065079648478502,
    0.703739485935289,
    0.691855707541615,
    0.6988678318843279,
    0.6925697488038718,
    0.687074162441046,
    0.6753204063763694,
    0.682042541552563,
    0.6689517372860119,
    0.6725369636434005,
    0.667056740546713,
    0.6599655402760928,
    0.6598923886173707,
    0.6595983616078521,
    0.6581603248103135,
    0.6519609318028231,
    0.6452031214761625,
    0.6490817825540123,
    0.6341600882763765,
    0.6480337708174777,
    0.6456711693415567,
    0.6418952906483155,
    0.6417997221827777,
    0.6408504004651456,
    0.6458095583785959,
    0.6371953914224966,
    0.6325866737468443,
    0.628484323830291,
    0.6466654586683865,
    0.6332088925400559,
    0.6286938886253202,
    0.6252860144828182,
    0.629691725225946,
    0.618088082553578,
    0.6240667722663101,
    0.6225504084509246,
    0.6206260946332192,
    0.6173413078801162,
    0.6203313942939516,
    0.6294283279485984,
    0.6158187323957344,
    0.6113597528599287
  ],
  "val_loss": [
    0.7307146787643433,
    0.6902289986610413,
    0.6763222217559814,
    0.7006027698516846,
    0.6676791906356812,
    0.6569550037384033,
    0.6464443802833557,
    0.6727080941200256,
    0.6597129106521606,
    0.6859994530677795,
    0.6629553437232971,
    0.6751565933227539,
    0.6420009136199951,
    0.6534863114356995,
    0.6430961489677429,
    0.6605573892593384,
    0.6307486295700073,
    0.6551762223243713,
    0.6406722068786621,
    0.6245878338813782,
    0.6246176958084106,
    0.6367990970611572,
    0.6033423542976379,
    0.6155466437339783,
    0.6143324375152588,
    0.6026600003242493,
    0.6022740602493286,
    0.6259292960166931,
    0.630611002445221,
    0.6303249001502991,
    0.6064460873603821,
    0.6120607256889343,
    0.6244733333587646,
    0.6044195890426636,
    0.590679407119751,
    0.624904215335846,
    0.6209795475006104,
    0.6472648978233337,
    0.6090952754020691,
    0.5988302826881409,
    0.5956610441207886,
    0.6149441599845886,
    0.588848352432251,
    0.606100857257843,
    0.5866486430168152,
    0.5879535675048828,
    0.5892466306686401,
    0.6004959940910339,
    0.5953856706619263,
    0.6568887233734131
  ],
  "best_epoch": 44,
  "status": "ok",
  "grad_norm": [
    0.8885446576383593,
    0.7958135705681436,
    0.7988605532170765,
    0.8023928725096302,
    0.7868980348921075,
    0.7551654623714662,
    0.7741579282202655,
    0.7778840595868456,
    0.7640550665699668,
    0.7826907872187023,
    0.7977398691806022,
    0.7675648727655868,
    0.7870646923492677,
    0.7543252360529643,
    0.7891995303199171,
    0.7814809592737345,
    0.7914411009229108,
    0.813162272788877,
    0.7929250945069101,
    0.8028996286888915,
    0.7884744551075918,
    0.8073047479429483,
    0.789271860065258,
    0.8029429037076814,
    0.8084345821611257,
    0.8077656775122473,
    0.8254816073885912,
    0.8232466461171097,
    0.812614747798842,
    0.809860099993538,
    0.8364433131402663,
    0.829778301432212,
    0.8509364748085625,
    0.8255697818134171,
    0.8063792017082648,
    0.8227368060069351,
    0.8002560221584929,
    0.8457030172231437,
    0.8262812421336564,
    0.8083048285991081,
    0.8463198496611903,
    0.8715237110689399,
    0.8247619365226381,
    0.8378666660124726,
    0.8602213233290565,
    0.8357205051482072,
    0.8765483345551023,
    0.8576387353406684,
    0.8228263711337083,
    0.850054442638369
  ],
  "beta_std": [
    0.7398204803466797,
    0.7857746481895447,
    0.6953250169754028,
    0.6015532612800598,
    0.6019192337989807,
    0.6240218877792358,
    0.7430791258811951,
    0.7242163419723511,
    0.7856512665748596,
    0.6866729259490967,
    0.8028792142868042,
    0.6371378302574158,
    0.6481934189796448,
    0.7005283832550049,
    0.8711557984352112,
    0.7069092988967896,
    0.6706501245498657,
    0.7827240824699402,
    0.6972273588180542,
    0.6605185866355896,
    0.7919921875,
    0.8728039860725403,
    0.9032542109489441,
    0.8175116777420044,
    0.824171781539917,
    0.8248668313026428,
    0.9419379234313965,
    0.7756040692329407,
    0.7458764314651489,
    0.7520438432693481,
    0.7966492772102356,
    0.8244653344154358,
    0.7786164283752441,
    0.8960722088813782,
    0.6842350363731384,
    0.9548981189727783,
    0.7800602316856384,
    0.8378274440765381,
    0.7134909629821777,
    0.8703054189682007,
    0.8032985329627991,
    0.8595736622810364,
    0.834549605846405,
    0.8226378560066223,
    0.7735850214958191,
    0.7767371535301208,
    0.8142561912536621,
    0.829461932182312,
    0.8440672159194946,
    0.7861381769180298
  ],
  "beta_mean": [
    -0.2581827938556671,
    -0.17506560683250427,
    -0.2089758664369583,
    -0.2316993623971939,
    -0.22109299898147583,
    -0.29342928528785706,
    -0.4624388813972473,
    -0.25755858421325684,
    -0.3886018693447113,
    -0.46207937598228455,
    -0.5245258808135986,
    -0.46814730763435364,
    -0.3451334536075592,
    -0.32959145307540894,
    -0.3106262683868408,
    -0.10900526493787766,
    -0.2647647261619568,
    -0.16140277683734894,
    -0.20198173820972443,
    -0.38087448477745056,
    -0.42379459738731384,
    -0.3194345235824585,
    -0.45737457275390625,
    -0.27076876163482666,
    -0.20057259500026703,
    -0.4990772604942322,
    -0.2391531765460968,
    -0.16873759031295776,
    -0.4033949077129364,
    -0.26324015855789185,
    -0.14575636386871338,
    -0.3081832826137543,
    -0.4190678298473358,
    -0.3237869441509247,
    -0.1870894581079483,
    -0.47614121437072754,
    -0.3307435214519501,
    -0.639885425567627,
    -0.22739996016025543,
    -0.3564121723175049,
    -0.47036415338516235,
    -0.4127131998538971,
    -0.19737963378429413,
    -0.2599397301673889,
    -0.26699405908584595,
    -0.4106062054634094,
    -0.28760161995887756,
    -0.3473820090293884,
    -0.247885599732399,
    -0.2817874252796173
  ]
}