{
  "train_loss": [
    0.9659176828369261,
    0.7791257167889688,
    0.7677018339942102,
    0.7532898635550691,
    0.7476982960084668,
    0.7399546572140285,
    0.7240045184991798,
    0.72340637004835,
    0.7145484906745876,
    0.7102145001731492,
    0.7115782475795875,
    0.7081024001244784,
    0.698271276350735,
    0.6997473826484074,
    0.6930858734783942,
    0.6889721424401212,
    0.6804030295672601,
    0.6840688241041707,
    0.6784222557971807,
    0.6829200268873011,
    0.6761831223288901,
    0.675519610559589,
    0.6713137463106861,
    0.6721968312652744,
    0.6671142630566275,
    0.6627961141452227,
    0.6660544809300343,
    0.6623439653119803,
    0.657486025573445,
    0.6625386315949109,
    0.6641091159682155,
    0.6577800966714785,
    0.6529823956576064,
    0.6573490578841731,
    0.6482928555838916,
    0.6498023051253252,
    0.644270859337718,
    0.6401234448361559,
    0.6444383351170286,
    0.641357274039262,
    0.6348612242815446
  ],
  "val_loss": [
    0.7373471856117249,
    0.7427154183387756,
    0.7587060332298279,
    0.726658821105957,
    0.742825448513031,
    0.7177925109863281,
    0.7036440968513489,
    0.6935314536094666,
    0.6783217191696167,
    0.6706969141960144,
    0.6900893449783325,
    0.6929312348365784,
    0.663806676864624,
    0.6812164783477783,
    0.6995067596435547,
    0.6547884941101074,
    0.6749424338340759,
    0.6467424035072327,
    0.6696624755859375,
    0.6820133328437805,
    0.6540645956993103,
    0.6380313634872437,
    0.6964597105979919,
    0.6607629656791687,
    0.6575930118560791,
    0.6340107917785645,
    0.6368933916091919,
    0.6540490388870239,
    0.6404056549072266,
    0.6509554982185364,
    0.6234071254730225,
    0.6540619730949402,
    0.65384441614151,
    0.6937386989593506,
    0.6545290946960449,
    0.644193172454834,
    0.6355307698249817,
    0.6401018500328064,
    0.683150053024292,
    0.6630090475082397,
    0.6513658761978149
  ],
  "best_epoch": 30,
  "status": "ok",
  "grad_norm": [
    0.8732335635293517,
    0.8020564407512311,
    0.7970465541857745,
    0.7482605361873509,
    0.7585155337609029,
    0.7711576785136258,
    0.7714656764423115,
    0.7833603895403863,
    0.7777887153645678,
    0.755356111771836,
    0.7765208147754682,
    0.7807131484062837,
    0.7532145374070984,
    0.7803301282579307,
    0.7897547034930403,
    0.7546393468730245,
    0.7924276864970631,
    0.7932621835521978,
    0.7990506138483582,
    0.7872771832494075,
    0.8059096483073331,
    0.8091414761563678,
    0.8213273058332453,
    0.8081367163706268,
    0.8242890694283626,
    0.8540945976054862,
    0.8060659331950389,
    0.8213060708908673,
    0.8231809044573496,
    0.8297718637434224,
    0.8329796185620431,
    0.8383433789240805,
    0.8301270867037106,
    0.8711324113852671,
    0.8637319718550176,
    0.8659181901020702,
    0.8576552507818682,
    0.878734868341711,
    0.843581327165679,
    0.8763810294881391,
    0.8772495879506375
  ],
  "beta_std": [
    0.5611779689788818,
    0.6739055514335632,
    0.7638573050498962,
    0.8678469061851501,
    0.7989436984062195,
    0.8171043992042542,
    0.7503663897514343,
    0.7241933941841125,
    0.7563232183456421,
    0.8533214926719666,
    0.6317269206047058,
    0.7410101294517517,
    0.846493661403656,
    0.7149819731712341,
    0.8496676683425903,
    0.7262968420982361,
    0.7967689633369446,
    0.8766219615936279,
    0.8377971053123474,
    0.7592960596084595,
    0.8180835843086243,
    0.7949644327163696,
    0.777408242225647,
    0.8191676735877991,
    0.7977457046508789,
    0.8176546692848206,
    0.8246990442276001,
    0.7879427075386047,
    0.7976461052894592,
    0.7863665223121643,
    0.9022576808929443,
    0.7780436277389526,
    0.8265030980110168,
    0.6599511504173279,
    0.8144583702087402,
    0.7784307599067688,
    0.7505730986595154,
    1.035525918006897,
    0.7238187789916992,
    0.8124179840087891,
    0.8099280595779419
  ],
  "beta_mean": [
    -0.13697029650211334,
    -0.08206627517938614,
    -0.2295927107334137,
    -0.19097159802913666,
    -0.3649079501628876,
    -0.03517335280776024,
    -0.3245845139026642,
    -0.1592925786972046,
    -0.2644951641559601,
    -0.25562620162963867,
    -0.028201937675476074,
    -0.19071932137012482,
    -0.19523756206035614,
    -0.09305863082408905,
    -0.22426071763038635,
    -0.2002788633108139,
    -0.2444729059934616,
    -0.2233140915632248,
    -0.2054959237575531,
    -0.2116042524576187,
    -0.09776844084262848,
    -0.2924405336380005,
    -0.2206595540046692,
    -0.39766234159469604,
    -0.11005523055791855,
    -0.23112818598747253,
    -0.3420366644859314,
    -0.12247467041015625,
    -0.17085163295269012,
    -0.20645210146903992,
    -0.14298532903194427,
    -0.20813225209712982,
    -0.2410167008638382,
    -0.3268449008464813,
    -0.28788483142852783,
    -0.39968493580818176,
    -0.13630421459674835,
    -0.14531023800373077,
    -0.09979437291622162,
    -0.29038673639297485,
    -0.2789232134819031
  ]
}