{
  "train_loss": [
    0.9231646956770329,
    0.7681444949573941,
    0.7565885354602148,
    0.7510657464025242,
    0.7267606292452131,
    0.72544822725309,
    0.7140178209800028,
    0.7132037083578218,
    0.7121674703091991,
    0.7046552886227632,
    0.6989549443564989,
    0.694198651351626,
    0.6917314782975212,
    0.6855185362757469,
    0.6836395551017623,
    0.6817333644209536,
    0.6774536636140611,
    0.6803290757462551,
    0.6775391990635671,
    0.6789958215895153,
    0.6685355101583226,
    0.6684083009252743,
    0.6605504090283193,
    0.6675159606533526,
    0.6559769815868801,
    0.6673658203375853,
    0.6565731049935564,
    0.6603045008890753,
    0.6442283553331076,
    0.6517804957301168,
    0.6471507228691291,
    0.6543822672902321,
    0.644143843380502,
    0.6406861063574447,
    0.6477700857889085,
    0.6532263315724137,
    0.6366725870000532,
    0.6352029718239021,
    0.6372178080671228,
    0.6369071727436957,
    0.6303053423120322,
    0.6314903627177215,
    0.6298297443898087,
    0.6370897620983945,
    0.6349628618244681,
    0.6306177660991815
  ],
  "val_loss": [
    0.7423210740089417,
    0.7713969349861145,
    0.7203729152679443,
    0.7237977981567383,
    0.6901975274085999,
    0.677734911441803,
    0.6894003748893738,
    0.6837844252586365,
    0.7074752449989319,
    0.6862553358078003,
    0.6751615405082703,
    0.7053626179695129,
    0.6757583022117615,
    0.6857928037643433,
    0.6679356694221497,
    0.6769201159477234,
    0.6747941970825195,
    0.6642734408378601,
    0.6607072353363037,
    0.6867901086807251,
    0.6749550104141235,
    0.65434330701828,
    0.6501536965370178,
    0.6620662212371826,
    0.64406818151474,
    0.6677303314208984,
    0.6683991551399231,
    0.674502432346344,
    0.6335157155990601,
    0.6449731588363647,
    0.6375830173492432,
    0.6464740037918091,
    0.6544440984725952,
    0.64105623960495,
    0.6747115254402161,
    0.6269016861915588,
    0.655261754989624,
    0.6466193199157715,
    0.6388840675354004,
    0.6530020833015442,
    0.6572046875953674,
    0.6433990597724915,
    0.6839556097984314,
    0.6327955722808838,
    0.6511300206184387,
    0.6287393569946289
  ],
  "best_epoch": 35,
  "status": "ok",
  "grad_norm": [
    0.8831389955659639,
    0.8599242550572193,
    0.819977751700493,
    0.8157806016095962,
    0.757097041304207,
    0.7986044422071,
    0.777187563466755,
    0.7533550448995973,
    0.7943360475302288,
    0.7731478596425239,
    0.7672190659877227,
    0.7622341138706454,
    0.7368112684904916,
    0.7372293492430775,
    0.7542594941250143,
    0.7533623873852597,
    0.7752613629961008,
    0.7646867584044656,
    0.7974092473818268,
    0.7983739090702751,
    0.7850923166692552,
    0.778764927357637,
    0.7909347866154799,
    0.7931498118418436,
    0.7895883604562435,
    0.792110987412701,
    0.7684490999637476,
    0.8080720632204794,
    0.7738464036122906,
    0.7936868023368981,
    0.7957846782701126,
    0.8109498702603084,
    0.7742805564059965,
    0.7846490054862116,
    0.797738063810996,
    0.7863087593902761,
    0.8103876141168878,
    0.8095988676175708,
    0.7970056690212423,
    0.8030360394046459,
    0.8156386729493018,
    0.799140368606171,
    0.7995007052089381,
    0.8023356524840641,
    0.8236006630587897,
    0.798777461510465
  ],
  "beta_std": [
    0.7186201214790344,
    0.7884961366653442,
    0.7141892313957214,
    0.586419403553009,
    0.822044849395752,
    0.8638285994529724,
    0.7641680836677551,
    0.7457918524742126,
    0.61574387550354,
    0.7684513926506042,
    0.8150456547737122,
    0.7264404296875,
    0.867364227771759,
    0.6775479316711426,
    0.7637248635292053,
    0.7478446960449219,
    0.7240356802940369,
    0.7197778224945068,
    0.9872071743011475,
    0.7775048017501831,
    0.6624662280082703,
    0.9712708592414856,
    0.7235302329063416,
    0.749392569065094,
    1.0053257942199707,
    0.8257601261138916,
    0.7899922728538513,
    0.7309843301773071,
    0.7812588810920715,
    0.7025243043899536,
    0.8675139546394348,
    0.7081248164176941,
    0.7974836230278015,
    0.6951994895935059,
    0.7512890696525574,
    0.8782209753990173,
    0.6860313415527344,
    0.8245834112167358,
    0.7782683372497559,
    0.705543041229248,
    0.6569187641143799,
    0.7876498699188232,
    0.8006129264831543,
    0.686479926109314,
    0.7235462665557861,
    0.8210329413414001
  ],
  "beta_mean": [
    -0.2568809986114502,
    -0.3261509835720062,
    -0.04734343662858009,
    -0.2646077573299408,
    0.05993949621915817,
    -0.08723174035549164,
    -0.1848061978816986,
    -0.10640836507081985,
    -0.2211770862340927,
    -0.4140070378780365,
    -0.33108481764793396,
    -0.09511762112379074,
    -0.14325875043869019,
    -0.04838428273797035,
    -0.19510315358638763,
    -0.22358037531375885,
    -0.021336419507861137,
    -0.018491141498088837,
    -0.2719193696975708,
    -0.1884930431842804,
    -0.1743404120206833,
    -0.14052525162696838,
    -0.2416335493326187,
    -0.02646666206419468,
    0.018152350559830666,
    -0.10077331215143204,
    -0.07940544188022614,
    -0.13916924595832825,
    -0.03342163562774658,
    -0.07971160113811493,
    -0.16399823129177094,
    0.023182418197393417,
    -0.15796718001365662,
    -0.21979586780071259,
    -0.012885375879704952,
    -0.16087637841701508,
    -0.067771315574646,
    0.0035707338247448206,
    -0.3676222860813141,
    -0.18433734774589539,
    -0.1312541365623474,
    -0.13422340154647827,
    -0.05660765618085861,
    -0.09111537039279938,
    -0.11608874052762985,
    -0.2595261335372925
  ]
}