{
  "train_loss": [
    0.8829711374782381,
    0.7576464135900917,
    0.7343784981303745,
    0.7179668133761608,
    0.7109144224331222,
    0.7040407692764351,
    0.6982971659593301,
    0.699784200586159,
    0.6856977368428323,
    0.6818106906484314,
    0.6768834520089113,
    0.6695045125998067,
    0.6680887785087637,
    0.6703702970697225,
    0.6713696575489174,
    0.6732441868641479,
    0.6665441461971828,
    0.6526920488632185,
    0.6501796239357687,
    0.6528922393478774,
    0.6574297394882254,
    0.6496208590174478,
    0.6397372313637852,
    0.6475449808600808,
    0.6448643040494854,
    0.6369187704289582,
    0.6399829944515445,
    0.6324013852208109,
    0.6399097312334714,
    0.633005583313317,
    0.6349481828358708,
    0.6320157819324069,
    0.6346759816686582,
    0.6294759930937198,
    0.6313718349214584,
    0.6246061040160337,
    0.6296782575767327,
    0.6325123165470132,
    0.6233748644928273,
    0.6290193365004058,
    0.6234877964266303,
    0.6248878155435834
  ],
  "val_loss": [
    0.709798276424408,
    0.7322304844856262,
    0.692728579044342,
    0.6736093759536743,
    0.6750036478042603,
    0.7031518816947937,
    0.6476602554321289,
    0.6831998825073242,
    0.661280632019043,
    0.659228503704071,
    0.6269755363464355,
    0.6664391756057739,
    0.6530390381813049,
    0.6460428237915039,
    0.6598740220069885,
    0.6323267817497253,
    0.6242143511772156,
    0.6298849582672119,
    0.6344879269599915,
    0.6545407176017761,
    0.6114211082458496,
    0.6108266115188599,
    0.6355752944946289,
    0.6155046820640564,
    0.6108186841011047,
    0.6108884811401367,
    0.6307142376899719,
    0.6034517288208008,
    0.6108458638191223,
    0.6266899108886719,
    0.6279846429824829,
    0.5943373441696167,
    0.6326366066932678,
    0.6191657185554504,
    0.617438554763794,
    0.6058914065361023,
    0.61737060546875,
    0.6213065981864929,
    0.6052902340888977,
    0.6034924387931824,
    0.6156704425811768,
    0.6344273686408997
  ],
  "best_epoch": 31,
  "status": "ok",
  "grad_norm": [
    0.8806920364851197,
    0.7831316674920081,
    0.7987020106959658,
    0.7734630943875777,
    0.7555877969237115,
    0.7592136057769788,
    0.7876462662877018,
    0.7704406235426682,
    0.756460760092211,
    0.7575076607426622,
    0.7411303409693367,
    0.7636452077632392,
    0.7576189731317734,
    0.7669649403902089,
    0.7602166459084969,
    0.7871233786979557,
    0.7986552418004279,
    0.7592609653109227,
    0.7902035257559057,
    0.8053196070880467,
    0.7981927792564523,
    0.7949633656087939,
    0.7683734955285096,
    0.7969040357965973,
    0.8031073839295809,
    0.7960572843494659,
    0.7978075266682355,
    0.7848374252746761,
    0.8000142360989715,
    0.8024598726186275,
    0.8145120337643305,
    0.8033374101247285,
    0.7969797916023884,
    0.8052409408998095,
    0.8161678737430457,
    0.8217567816894317,
    0.8255739946717188,
    0.801788198917974,
    0.8073288588409377,
    0.8245189191770818,
    0.8330305200848633,
    0.8382647904366171
  ],
  "beta_std": [
    0.8078442215919495,
    0.9310061931610107,
    0.6511868238449097,
    0.6821739077568054,
    0.8129726052284241,
    0.5124767422676086,
    0.7119864225387573,
    0.5702430605888367,
    0.678991436958313,
    0.7855900526046753,
    0.7303101420402527,
    0.7102312445640564,
    0.7873405814170837,
    0.6613331437110901,
    0.7596685886383057,
    0.8216153979301453,
    0.7992740273475647,
    0.7363804578781128,
    0.7910229563713074,
    0.8956003785133362,
    0.7863889336585999,
    0.7593895196914673,
    0.7236448526382446,
    0.7231546640396118,
    0.810871958732605,
    0.7435503602027893,
    0.7702946662902832,
    0.7130005359649658,
    0.7440356016159058,
    0.952394962310791,
    0.8428801894187927,
    0.7810662984848022,
    0.819067656993866,
    0.8932542204856873,
    0.8474957942962646,
    0.7294867634773254,
    0.9867091178894043,
    0.7970268726348877,
    0.8352670669555664,
    0.7233265042304993,
    0.7961520552635193,
    0.7814877033233643
  ],
  "beta_mean": [
    -0.23991303145885468,
    -0.3618392050266266,
    -0.30893900990486145,
    -0.4233654737472534,
    -0.17218106985092163,
    -0.22544415295124054,
    -0.30815839767456055,
    -0.2260950207710266,
    -0.13259588181972504,
    -0.6647682189941406,
    -0.28682512044906616,
    -0.2553991675376892,
    -0.5239346027374268,
    -0.2833749055862427,
    -0.30624625086784363,
    -0.44578811526298523,
    -0.17848004400730133,
    -0.19092844426631927,
    -0.41632959246635437,
    -0.59321528673172,
    -0.3837463855743408,
    -0.2609851062297821,
    -0.3109534680843353,
    -0.07822389900684357,
    -0.37476208806037903,
    -0.23754695057868958,
    -0.5050230026245117,
    -0.41042405366897583,
    -0.4910900890827179,
    -0.36718541383743286,
    -0.4452321231365204,
    -0.32271701097488403,
    -0.372404009103775,
    -0.42722341418266296,
    -0.20861224830150604,
    -0.17692062258720398,
    -0.627577006816864,
    -0.47492024302482605,
    -0.5037233829498291,
    -0.23756125569343567,
    -0.15046676993370056,
    -0.49796584248542786
  ]
}