{
  "train_loss": [
    0.93110138796895,
    0.7625623192105975,
    0.7473889046515467,
    0.7308522485821696,
    0.7231605983645467,
    0.7159193756358694,
    0.704627778822062,
    0.6984223818292423,
    0.6984569392507038,
    0.6838170416230788,
    0.6826028145900389,
    0.685299309743505,
    0.6813852979212391,
    0.6797705974978925,
    0.6782062170456867,
    0.6629077840283885,
    0.6724823351890322,
    0.6681272616191786,
    0.6659357739954579,
    0.6565110895368788,
    0.6514845301234533,
    0.6491766584703441,
    0.6473465215051526,
    0.6414022480549455,
    0.6451259144309427,
    0.6388847036696886,
    0.6356564012244175,
    0.6393362993556085,
    0.633505837663231,
    0.6309440942037673,
    0.6227345945072823,
    0.6258080983648495,
    0.6165123561612603,
    0.6263926200044939,
    0.61701482337078,
    0.6155910871737128,
    0.6240062664695878,
    0.6179460720951054,
    0.6128544748775543,
    0.6116691711267916,
    0.6133276512022732,
    0.6095154021062008,
    0.5997227832843928,
    0.6033253970059678,
    0.6115199400994783,
    0.6025019870053073,
    0.6048847334995832,
    0.5980751981270286,
    0.5993962832589268
  ],
  "val_loss": [
    0.7566812038421631,
    0.7453930974006653,
    0.7501103281974792,
    0.7320849895477295,
    0.7300850749015808,
    0.7104447484016418,
    0.7183054685592651,
    0.7111191153526306,
    0.7086644768714905,
    0.7081411480903625,
    0.6951708793640137,
    0.6965053081512451,
    0.7198066711425781,
    0.7046283483505249,
    0.6954859495162964,
    0.7094579935073853,
    0.7002902626991272,
    0.6929828524589539,
    0.6888207197189331,
    0.6948228478431702,
    0.671611487865448,
    0.6848974227905273,
    0.6671714782714844,
    0.686722993850708,
    0.693981409072876,
    0.6759437918663025,
    0.6830266714096069,
    0.7143392562866211,
    0.7148836851119995,
    0.7367183566093445,
    0.6659809947013855,
    0.6711260080337524,
    0.667927086353302,
    0.6693953275680542,
    0.6545995473861694,
    0.6688681840896606,
    0.6866347789764404,
    0.6852971911430359,
    0.6424714922904968,
    0.6699143648147583,
    0.6666996479034424,
    0.6676786541938782,
    0.6532695889472961,
    0.6795125007629395,
    0.6599161624908447,
    0.6713829636573792,
    0.6986194849014282,
    0.6830349564552307,
    0.6746349334716797
  ],
  "best_epoch": 38,
  "status": "ok",
  "grad_norm": [
    0.9009017841775641,
    0.8285705783077035,
    0.8078916212120685,
    0.7994089023634229,
    0.7730480488325349,
    0.7814057546277087,
    0.7665717878517344,
    0.7582101550011074,
    0.7658295446565653,
    0.734888688016418,
    0.7459400706019057,
    0.7578584324275185,
    0.7529598423855385,
    0.7504339344250954,
    0.7544088588290172,
    0.7817248452050505,
    0.7867422417497899,
    0.7544970567901387,
    0.8097120687980209,
    0.7653006102323974,
    0.7760022618756912,
    0.8051972123147952,
    0.8261336835466581,
    0.7853014282696957,
    0.8321235811267104,
    0.8133254208471369,
    0.8212172701665722,
    0.8359289534538633,
    0.8261057180732323,
    0.8620382152364987,
    0.8356081485176532,
    0.8444506017987623,
    0.8165303067290793,
    0.8468017681809091,
    0.8148598530314036,
    0.8490202538609637,
    0.8175468850007281,
    0.8586210350218866,
    0.8457396444946758,
    0.8257963080949373,
    0.8380558843608579,
    0.8615964878324234,
    0.8906238072348097,
    0.863558559595986,
    0.8751837248634023,
    0.8617731664481579,
    0.8684422806890203,
    0.8444398128770768,
    0.8423677694454224
  ],
  "beta_std": [
    0.6119267344474792,
    0.7332583069801331,
    0.8878899812698364,
    0.6638320088386536,
    0.7619757056236267,
    0.8186736106872559,
    0.7430748343467712,
    0.8290744423866272,
    0.8195468187332153,
    0.7843800783157349,
    0.727556586265564,
    0.7522629499435425,
    0.6869875192642212,
    0.7893884778022766,
    0.8763594627380371,
    0.8011757135391235,
    0.7640425562858582,
    0.8246881365776062,
    0.8449147343635559,
    0.7748440504074097,
    0.817604124546051,
    0.9660295248031616,
    0.9710781574249268,
    0.6155685186386108,
    0.8283113837242126,
    0.8466922640800476,
    0.8797851800918579,
    0.8313716650009155,
    1.0143373012542725,
    0.8782143592834473,
    0.8571738004684448,
    0.8079084753990173,
    0.8630102872848511,
    0.9045083522796631,
    0.8857097029685974,
    0.8642746806144714,
    0.8678202033042908,
    0.7828741669654846,
    0.8021940588951111,
    0.8634434342384338,
    0.8544139862060547,
    0.7874229550361633,
    0.895180344581604,
    0.7369475960731506,
    0.8922465443611145,
    0.8319981694221497,
    0.9842496514320374,
    0.8280333280563354,
    0.8333922028541565
  ],
  "beta_mean": [
    -0.08250430226325989,
    -0.19083264470100403,
    -0.1418294757604599,
    -0.17864324152469635,
    -0.059524498879909515,
    -0.28828635811805725,
    -0.2366800457239151,
    -0.15251268446445465,
    -0.11568357795476913,
    -0.04016498476266861,
    -0.09795860946178436,
    -0.03941146284341812,
    -0.03916184976696968,
    -0.39306172728538513,
    -0.2826114892959595,
    -0.2514682114124298,
    0.051693759858608246,
    -0.332939088344574,
    -0.08364959061145782,
    -0.22683613002300262,
    -0.12011080235242844,
    -0.11527962237596512,
    -0.17886270582675934,
    -0.051213767379522324,
    -0.2145695984363556,
    -0.06971468031406403,
    -0.26652321219444275,
    0.02555975317955017,
    -0.019591832533478737,
    -0.06185537576675415,
    -0.281480073928833,
    -0.13090935349464417,
    -0.1834440678358078,
    -0.13867779076099396,
    -0.27801576256752014,
    -0.136183962225914,
    -0.12134373933076859,
    0.06501453369855881,
    -0.2400905340909958,
    -0.16756653785705566,
    -0.2306210696697235,
    -0.1807302087545395,
    -0.15603767335414886,
    -0.19350044429302216,
    -0.2903236448764801,
    -0.11852316558361053,
    -0.21527373790740967,
    -0.30757954716682434,
    -0.3511762320995331
  ]
}