{
  "train_loss": [
    0.9181422955724928,
    0.7803939586745368,
    0.7504961644278633,
    0.7445158220926921,
    0.7241058526568943,
    0.7303416673872206,
    0.7089032415284051,
    0.7043676311175029,
    0.6968960537380642,
    0.6831871376037598,
    0.6845929375224643,
    0.6808166984452142,
    0.6722828397750854,
    0.6776159921222263,
    0.6598236453268264,
    0.6696184798876444,
    0.6627790590392219,
    0.648243300014072,
    0.6494189260270861,
    0.6530291566318935,
    0.6579506800439623,
    0.6487606138123406,
    0.6503186391194662,
    0.6451316086451212,
    0.639606571621365,
    0.6469983678393894,
    0.6385594036844041,
    0.6356400936444601,
    0.6340297717518276
  ],
  "val_loss": [
    0.7236652374267578,
    0.7142497897148132,
    0.6775130033493042,
    0.6683109998703003,
    0.6906272172927856,
    0.6511666178703308,
    0.6561329364776611,
    0.6396772265434265,
    0.6646567583084106,
    0.6433779001235962,
    0.6519156694412231,
    0.6469796299934387,
    0.618337869644165,
    0.632549524307251,
    0.6201024651527405,
    0.6398775577545166,
    0.614122211933136,
    0.6490787267684937,
    0.6053656339645386,
    0.6171102523803711,
    0.6260156035423279,
    0.6305404305458069,
    0.6235545873641968,
    0.6077547669410706,
    0.622809886932373,
    0.6398739814758301,
    0.6215522289276123,
    0.6163516640663147,
    0.6125145554542542
  ],
  "best_epoch": 18,
  "status": "ok",
  "grad_norm": [
    0.8719630557795297,
    0.8456742539523316,
    0.784007050313238,
    0.8067847293211365,
    0.757000671873728,
    0.7550556589001162,
    0.7686776840148348,
    0.7681498108875424,
    0.7837143380164993,
    0.8129451189931959,
    0.8040553988859561,
    0.8451783643275262,
    0.7818956244272657,
    0.8646358987261761,
    0.7880290672993209,
    0.8286698843481453,
    0.8155533254743876,
    0.8255562790953296,
    0.8294465314741882,
    0.8520287505372235,
    0.8181587297241559,
    0.8284116620223773,
    0.8303464256423752,
    0.8063488292101111,
    0.8199712213681366,
    0.8387885307887226,
    0.8187807578700149,
    0.8104173675288808,
    0.8029055066130265
  ],
  "beta_std": [
    0.5259215235710144,
    0.7252002358436584,
    0.7483224868774414,
    0.6590743064880371,
    0.5715339779853821,
    0.6471928358078003,
    0.8088605999946594,
    0.5776915550231934,
    0.6483699083328247,
    0.7379775047302246,
    0.6571135520935059,
    0.8803887963294983,
    0.6965311169624329,
    0.5711643099784851,
    0.8743667006492615,
    0.6020709872245789,
    0.6275303363800049,
    0.6516357660293579,
    0.6355690956115723,
    0.847980260848999,
    0.7006198167800903,
    0.7766112685203552,
    0.7233381271362305,
    0.7678746581077576,
    0.7101117372512817,
    0.7038856148719788,
    0.6827277541160583,
    0.8538369536399841,
    0.6931009292602539
  ],
  "beta_mean": [
    -0.2659156918525696,
    -0.3102036118507385,
    -0.19720712304115295,
    -0.22424852848052979,
    -0.2328304797410965,
    -0.18707436323165894,
    -0.12415401637554169,
    -0.17204934358596802,
    -0.20300599932670593,
    -0.15712524950504303,
    -0.4072374403476715,
    -0.25768792629241943,
    -0.14171944558620453,
    -0.05583963915705681,
    -0.20464888215065002,
    -0.2601136565208435,
    -0.08657775819301605,
    -0.06649322807788849,
    -0.07102656364440918,
    -0.11637330055236816,
    -0.18352577090263367,
    -0.527233898639679,
    -0.2499014288187027,
    -0.12749753892421722,
    -0.16910062730312347,
    -0.24346107244491577,
    -0.2748880088329315,
    -0.22457987070083618,
    -0.215457484126091
  ]
}