{
  "train_loss": [
    0.9510773672527737,
    0.785640985806783,
    0.7605177743169996,
    0.7535106620788574,
    0.7389054939481947,
    0.7219225013520982,
    0.7372402620315551,
    0.7178421489927503,
    0.7239974199930826,
    0.7158671107821994,
    0.7068686259057787,
    0.7010835546917386,
    0.7128316455947028,
    0.695142529964447,
    0.6979651848475138,
    0.6912292154100206,
    0.6823031273418003,
    0.6698666713502672,
    0.6722072843445672,
    0.6689049345652263,
    0.6632517943382263,
    0.6620099327829149,
    0.6515389623112149,
    0.6615934304661221,
    0.6482525555822585,
    0.647688743326399,
    0.6602200750244989,
    0.655787705898285,
    0.6435055227279664,
    0.6529262984593709,
    0.6420143962966072,
    0.6400309785207112,
    0.6336123896174961,
    0.6354811753696865,
    0.623295631037818
  ],
  "val_loss": [
    0.7652400135993958,
    0.8175584077835083,
    0.7567752599716187,
    0.7794008851051331,
    0.731898307800293,
    0.7837103605270386,
    0.7249217629432678,
    0.722626268863678,
    0.7408425211906433,
    0.7152184844017029,
    0.7222164273262024,
    0.6938275694847107,
    0.694450318813324,
    0.7147137522697449,
    0.6851123571395874,
    0.6938744187355042,
    0.6995729207992554,
    0.6778194904327393,
    0.6718618273735046,
    0.6916612386703491,
    0.6690683960914612,
    0.6912857294082642,
    0.6601865887641907,
    0.6433001756668091,
    0.6196805238723755,
    0.6683836579322815,
    0.6766926646232605,
    0.6737658977508545,
    0.6534456014633179,
    0.6587620377540588,
    0.6288065314292908,
    0.6307706832885742,
    0.6926296353340149,
    0.6652502417564392,
    0.6382501125335693
  ],
  "best_epoch": 24,
  "status": "ok",
  "grad_norm": [
    0.9321931902869148,
    0.8467574844386186,
    0.8025130141541429,
    0.7365273492356343,
    0.7482800482200856,
    0.7455996427086038,
    0.8022129573504954,
    0.737845799470318,
    0.7976089456866504,
    0.7465999301455765,
    0.7652749689498418,
    0.76907394529311,
    0.8061804802724601,
    0.7280924086698746,
    0.764906200904858,
    0.7812226132381778,
    0.8159747737839811,
    0.7900881794812026,
    0.8042256916900669,
    0.8135499002566013,
    0.8362425622042597,
    0.8384021603404136,
    0.8160184847202678,
    0.8396846276562303,
    0.8240629428204086,
    0.819504567044526,
    0.8645365507594844,
    0.8540208352493612,
    0.8230146378123478,
    0.8754065325663464,
    0.8305410916926989,
    0.8457321952301216,
    0.8690961404240607,
    0.8283217720491993,
    0.8648824684823373
  ],
  "beta_std": [
    0.719055712223053,
    0.5678308010101318,
    0.8326115608215332,
    0.6896334290504456,
    0.7439057230949402,
    0.8342108130455017,
    0.8024452328681946,
    0.9775233268737793,
    0.7168137431144714,
    0.7346905469894409,
    0.8687810897827148,
    0.687510073184967,
    0.6544121503829956,
    0.8168581128120422,
    0.5634152889251709,
    0.8040293455123901,
    0.7887281775474548,
    0.7519938349723816,
    0.7953264713287354,
    0.7037731409072876,
    0.7230046391487122,
    0.7742629051208496,
    0.7126920223236084,
    0.7583524584770203,
    0.7145500183105469,
    0.7923405766487122,
    0.6915974020957947,
    0.7780280709266663,
    0.6819635629653931,
    0.7377660274505615,
    0.7724413871765137,
    0.8181943893432617,
    0.6910842657089233,
    0.8159609436988831,
    0.7945556044578552
  ],
  "beta_mean": [
    -0.10334431380033493,
    -0.11783691495656967,
    -0.20506024360656738,
    -0.08786554634571075,
    -0.22455467283725739,
    -0.20505410432815552,
    -0.3796601891517639,
    -0.21459698677062988,
    -0.0647919699549675,
    -0.18640823662281036,
    -0.18663717806339264,
    -0.1018935889005661,
    0.022483061999082565,
    -0.2984565794467926,
    -0.049113478511571884,
    -0.08006014674901962,
    -0.26067620515823364,
    -0.1697380542755127,
    -0.25928089022636414,
    0.03055524453520775,
    -0.1904984414577484,
    -0.48442211747169495,
    -0.14293988049030304,
    -0.27948200702667236,
    -0.17758135497570038,
    -0.1837201863527298,
    -0.18552851676940918,
    -0.029358934611082077,
    -0.1686953753232956,
    -0.28694403171539307,
    -0.14770996570587158,
    -0.2673436403274536,
    -0.30158963799476624,
    -0.24482788145542145,
    -0.08243577182292938
  ]
}