{
  "train_loss": [
    4.567834951724225,
    3.3477190045585408,
    2.6692931534951194,
    2.289204452470032,
    2.1226461736779463,
    2.033102754821554,
    1.9667935806408263,
    1.9215845922280472,
    1.839678902793349,
    1.8009847270117865,
    1.6318923278161657,
    1.6966772320674874,
    1.5687980968352646,
    1.634913957188701,
    1.5673542972196612,
    1.5748210474761606
  ],
  "val_loss": [
    3.1650216579437256,
    2.601113796234131,
    2.172327995300293,
    2.092777729034424,
    1.9044619798660278,
    1.8318928480148315,
    1.9280701875686646,
    1.9445865154266357,
    1.8595173358917236,
    1.912843108177185,
    1.93839430809021,
    1.9491573572158813,
    2.0772833824157715,
    1.9001802206039429,
    1.988978385925293,
    2.0271122455596924
  ],
  "best_epoch": 5,
  "status": "ok",
  "grad_norm": [
    3.2837836386543136,
    2.3224384573223227,
    2.3695639006515843,
    2.6212688160378166,
    3.124342386090664,
    2.8847895176073277,
    2.882228804229136,
    3.418572114805985,
    2.9875069313867835,
    2.5119916943877807,
    2.4627260968309455,
    2.6222845176761,
    2.50717151352034,
    2.6982910535284255,
    2.8364813527731694,
    2.842669463696072
  ],
  "beta_std": [
    0.40333980321884155,
    0.7203419208526611,
    1.1413685083389282,
    0.9880918264389038,
    0.8634231090545654,
    0.8802838325500488,
    0.8671212196350098,
    0.8376060128211975,
    0.7961130142211914,
    0.8040431141853333,
    0.8928506374359131,
    0.7815439105033875,
    0.7049956321716309,
    0.7874388694763184,
    0.8458573818206787,
    0.8074324131011963
  ],
  "beta_mean": [
    -0.06616953015327454,
    -0.1388722062110901,
    -0.3060162663459778,
    -0.5509046316146851,
    -0.4436648190021515,
    -0.4216700494289398,
    -0.3063065707683563,
    -0.26119622588157654,
    -0.3631260097026825,
    -0.3367093801498413,
    -0.4099665582180023,
    -0.3290518820285797,
    -0.20501340925693512,
    -0.38004836440086365,
    -0.3100537061691284,
    -0.4692499339580536
  ]
}