{
  "train_loss": [
    4.154929648226465,
    3.0909033061468114,
    2.437336696658218,
    2.0429620951936958,
    2.063425762890375,
    2.1143738077397933,
    1.9127436190320735,
    1.7788890901364778,
    1.7498478486523992,
    1.7459426645647016,
    1.6252459149611624,
    1.575024494371916,
    1.4837060747090836,
    1.5563851905845063,
    1.5329150998801515,
    1.4043890350743344,
    1.4828198155464485,
    1.462551358359599
  ],
  "val_loss": [
    2.976701259613037,
    2.267169713973999,
    2.144540786743164,
    2.298379421234131,
    2.1282336711883545,
    2.384834051132202,
    1.7559586763381958,
    1.725268840789795,
    1.82401442527771,
    2.209822654724121,
    2.2699663639068604,
    1.8138333559036255,
    1.9713371992111206,
    2.0322208404541016,
    2.116600275039673,
    2.1779043674468994,
    2.3064544200897217,
    2.312055826187134
  ],
  "best_epoch": 7,
  "status": "ok",
  "grad_norm": [
    2.9606577031250754,
    2.7528495399448896,
    3.249359806457522,
    3.1223274578957634,
    3.686643682526216,
    3.815753511445231,
    3.4020346953980374,
    2.825257064315846,
    2.9606048965535554,
    2.713676013432768,
    2.7725380563567987,
    2.771138596826243,
    2.5846573251160985,
    2.6231408314442572,
    2.7010978601809836,
    2.4349530972437203,
    2.8108657836875652,
    2.8216735884677804
  ],
  "beta_std": [
    0.7309331893920898,
    1.1798694133758545,
    0.773430585861206,
    0.7059420943260193,
    0.7151098251342773,
    0.6796738505363464,
    0.7020496726036072,
    0.7718274593353271,
    0.7536934018135071,
    0.6149002909660339,
    0.625885546207428,
    0.7346760034561157,
    0.6505728960037231,
    0.7293875813484192,
    0.7372095584869385,
    0.8223957419395447,
    0.7964546084403992,
    0.8027907609939575
  ],
  "beta_mean": [
    -0.3119441270828247,
    -0.6206189393997192,
    -0.26749035716056824,
    -0.2016388177871704,
    -0.233818918466568,
    -0.11182583123445511,
    -0.33164045214653015,
    -0.4722568690776825,
    -0.3941621780395508,
    -0.3129942715167999,
    -0.2248746007680893,
    -0.43112868070602417,
    -0.3338484466075897,
    -0.2831314206123352,
    -0.324995219707489,
    -0.20110760629177094,
    -0.2596495449542999,
    -0.18902847170829773
  ]
}