{
  "train_loss": [
    4.326001870841311,
    3.142490963907967,
    2.592078061828836,
    2.2899628867879946,
    2.0544501806560316,
    1.9747931881954794,
    1.8101107325470238,
    1.8039574776476586,
    1.7457266959530569,
    1.6758106168947722,
    1.566015883217081,
    1.6224397190830164,
    1.6530954525484676,
    1.6368000819669133,
    1.528891668961062,
    1.4972167812592803,
    1.4218958080860606,
    1.4610620295095165,
    1.4183071705332972,
    1.33113094854076,
    1.394349515926071,
    1.2932522674750166
  ],
  "val_loss": [
    3.5002801418304443,
    3.0094752311706543,
    2.623744487762451,
    2.1689209938049316,
    2.0403170585632324,
    1.8267405033111572,
    1.8697445392608643,
    2.044889211654663,
    1.79215407371521,
    1.6792463064193726,
    1.7396275997161865,
    1.678105115890503,
    1.9042390584945679,
    1.870213270187378,
    2.0642478466033936,
    1.821101188659668,
    1.7301673889160156,
    2.0162835121154785,
    1.9211136102676392,
    1.7935305833816528,
    1.918013095855713,
    1.957179069519043
  ],
  "best_epoch": 11,
  "status": "ok",
  "grad_norm": [
    3.5200399355323575,
    2.851979488736944,
    2.6309369319028564,
    2.724555119120215,
    2.992144929336843,
    2.731314995883813,
    2.7870454805376204,
    2.9412022168394416,
    2.7927619518805034,
    2.43843455022543,
    2.4714212410103267,
    2.7510375840376144,
    2.8711719328134135,
    2.9194906671551726,
    2.2984288406591906,
    2.5518037992698335,
    2.6115261539372354,
    2.502760886729407,
    2.505760569477703,
    2.4616455137353226,
    2.727797361540116,
    2.3785216657887003
  ],
  "beta_std": [
    0.5561244487762451,
    1.160364031791687,
    1.059909462928772,
    0.8476881980895996,
    0.7900928258895874,
    0.7477861642837524,
    0.615280032157898,
    0.677686870098114,
    0.7662670016288757,
    0.6419553160667419,
    0.5934879183769226,
    0.7374083399772644,
    0.8044458031654358,
    0.6912639141082764,
    0.6844053268432617,
    0.7945153713226318,
    0.7843149900436401,
    0.8337127566337585,
    0.7143185138702393,
    0.7918674945831299,
    0.7633183002471924,
    0.700552225112915
  ],
  "beta_mean": [
    -0.2588822543621063,
    -0.21381638944149017,
    -0.12501567602157593,
    -0.27042368054389954,
    -0.05118638649582863,
    -0.21881665289402008,
    -0.1591784805059433,
    -0.14714635908603668,
    -0.2371334731578827,
    -0.1630716472864151,
    -0.23296459019184113,
    -0.14983536303043365,
    -0.05970814824104309,
    -0.1974649876356125,
    0.017885267734527588,
    -0.08746898174285889,
    -0.20304998755455017,
    -0.041192129254341125,
    -0.003125737886875868,
    -0.25529909133911133,
    -0.0959329679608345,
    -0.1824658066034317
  ]
}