{
  "train_loss": [
    4.324840546769705,
    3.1568634316238047,
    2.5494636764303285,
    2.177691918785809,
    1.96756430425142,
    1.8453232511442308,
    1.797604905792147,
    1.7594315903925757,
    1.6414544129232218,
    1.6114686970125165,
    1.6092934881734569,
    1.6047032575161135,
    1.6030905960596096,
    1.5908848492025631,
    1.5613699834946304,
    1.4086519471386023,
    1.3706622710702014
  ],
  "val_loss": [
    3.3734452724456787,
    2.642066240310669,
    2.157646894454956,
    1.8011960983276367,
    2.080237865447998,
    1.8905901908874512,
    1.5923488140106201,
    1.7529596090316772,
    1.7388560771942139,
    1.6691573858261108,
    1.8480771780014038,
    1.8299459218978882,
    1.8823837041854858,
    1.9667141437530518,
    1.8894858360290527,
    1.844365119934082,
    1.82382071018219
  ],
  "best_epoch": 6,
  "status": "ok",
  "grad_norm": [
    3.219349349956647,
    2.4033684714711034,
    2.4335622080372974,
    2.7389170471698208,
    2.678607333095751,
    2.68620692333561,
    2.657757676360061,
    2.753126484927253,
    2.4931166963893365,
    2.699272899764434,
    2.533912953346907,
    2.992088631213593,
    2.975498065036805,
    2.8093645767255078,
    2.7627883179300765,
    2.3887991893823504,
    2.42341662738444
  ],
  "beta_std": [
    0.6113563776016235,
    1.18142831325531,
    0.9601697325706482,
    0.7695024609565735,
    0.8087570071220398,
    0.6961705684661865,
    0.757857620716095,
    0.7012242674827576,
    0.6504526138305664,
    0.6609262824058533,
    0.7552618980407715,
    0.6933673024177551,
    0.6979585886001587,
    0.773030161857605,
    0.7713561058044434,
    0.7266049385070801,
    0.6977027058601379
  ],
  "beta_mean": [
    0.04780867323279381,
    -0.3034776747226715,
    -0.18174968659877777,
    -0.4296936094760895,
    -0.35710641741752625,
    -0.568244993686676,
    -0.2572247087955475,
    -0.3068293631076813,
    -0.3825608789920807,
    -0.4081069231033325,
    -0.23087343573570251,
    -0.23286762833595276,
    -0.256849080324173,
    -0.5145947337150574,
    -0.16549648344516754,
    -0.3693305552005768,
    -0.31852030754089355
  ]
}