{
  "train_loss": [
    4.605080550177055,
    3.02070983069682,
    2.558608528884531,
    2.032814277403536,
    1.9133074222252382,
    1.858140524507266,
    1.7373655868552582,
    1.7150699625238341,
    1.7144150834334524,
    1.6386619969418175,
    1.624691907843651,
    1.5326018783781263,
    1.523415136058428,
    1.511385561011688,
    1.3739171376702382,
    1.4598116353241324,
    1.3903178647247671,
    1.4305796853282995,
    1.3977432154772576,
    1.3523736864502667,
    1.371865773619267,
    1.3650771679236875
  ],
  "val_loss": [
    3.5975027084350586,
    2.7882494926452637,
    2.4620323181152344,
    2.008045196533203,
    1.9692744016647339,
    2.039468288421631,
    2.016585111618042,
    2.1201467514038086,
    1.949952483177185,
    2.0813684463500977,
    2.043628692626953,
    1.8620716333389282,
    2.0728137493133545,
    1.9644254446029663,
    2.03700590133667,
    2.0403926372528076,
    2.1042351722717285,
    2.0554087162017822,
    1.985626220703125,
    2.2840499877929688,
    2.034602642059326,
    1.989264726638794
  ],
  "best_epoch": 11,
  "status": "ok",
  "grad_norm": [
    3.3507474972247846,
    2.603534373904356,
    2.816881629085468,
    2.5635423642300057,
    3.13629111975131,
    3.3797796203548707,
    3.0427370938278897,
    2.868610167913416,
    2.6772842519489175,
    2.939879311772937,
    2.8144775729345506,
    2.9426635182363805,
    3.0390966891492366,
    2.7961534437915136,
    2.7287875862944384,
    2.5442661543905447,
    2.4570717574719376,
    2.695242906593919,
    2.720631745089025,
    2.6758286823007857,
    2.9051722365416914,
    2.668017226964383
  ],
  "beta_std": [
    0.6185694932937622,
    1.2468502521514893,
    0.9880382418632507,
    1.0366997718811035,
    0.7949000000953674,
    0.6844934225082397,
    0.6164155006408691,
    0.6907950043678284,
    0.7276981472969055,
    0.7188546061515808,
    0.6844262480735779,
    0.6912082433700562,
    0.6654158234596252,
    0.758915364742279,
    0.7125565409660339,
    0.8191576600074768,
    0.7140731811523438,
    0.6872827410697937,
    0.7968156933784485,
    0.8068690299987793,
    0.8640009164810181,
    0.7896134853363037
  ],
  "beta_mean": [
    -0.21884916722774506,
    0.1983744353055954,
    0.1508016437292099,
    0.09447747468948364,
    -0.07935503870248795,
    -0.015196302905678749,
    -0.02864106371998787,
    -0.10440835356712341,
    0.04479748755693436,
    -0.14298070967197418,
    -0.0945536196231842,
    0.026684174314141273,
    0.018428873270750046,
    -0.1118311658501625,
    -0.0067015220411121845,
    -0.08130563795566559,
    -0.019128503277897835,
    0.013793385587632656,
    -0.19486145675182343,
    0.19481922686100006,
    -0.14079973101615906,
    0.11957006901502609
  ]
}