{
  "train_loss": [
    4.281421493786818,
    3.275884983553524,
    2.6765414325814496,
    2.2317052024149757,
    1.9215003148854128,
    1.8794758665631388,
    1.8915715061433134,
    1.695798655560142,
    1.5978306286516246,
    1.638068595824883,
    1.601603771371451,
    1.5641900589591577,
    1.5426191764965391,
    1.5017281668925146,
    1.4409487643437078,
    1.5310437970691257,
    1.4237069163406104,
    1.4775724189323292,
    1.3841684030510528
  ],
  "val_loss": [
    3.5507972240448,
    2.9710147380828857,
    2.6178271770477295,
    2.0865190029144287,
    1.9510194063186646,
    1.8874313831329346,
    2.0479886531829834,
    2.070613384246826,
    1.8715641498565674,
    2.1193857192993164,
    2.030985116958618,
    1.978338360786438,
    1.953242540359497,
    2.0916457176208496,
    2.154986619949341,
    2.169246196746826,
    2.153709888458252,
    1.9911396503448486,
    2.0768167972564697
  ],
  "best_epoch": 8,
  "status": "ok",
  "grad_norm": [
    2.901021467294957,
    2.3394701758834335,
    2.260491864388628,
    2.548116177678274,
    2.5681864753763124,
    2.705489169295118,
    3.2544340925555173,
    2.656737582760969,
    2.3815596964486687,
    2.686833336492198,
    2.484071925262562,
    2.7188708253809772,
    2.744903672490813,
    2.443075245893396,
    2.3399248557804015,
    2.578224799820236,
    2.532290047157386,
    2.5126431972362573,
    2.5273161055610975
  ],
  "beta_std": [
    0.6945627331733704,
    1.1234989166259766,
    1.0751752853393555,
    0.9915673732757568,
    0.664016604423523,
    0.7608556151390076,
    0.6066032648086548,
    0.5965514779090881,
    0.7386528253555298,
    0.6001434326171875,
    0.6359719038009644,
    0.6383861303329468,
    0.7013903856277466,
    0.679301917552948,
    0.6675962805747986,
    0.6505594849586487,
    0.6589673757553101,
    0.7193244695663452,
    0.7409363389015198
  ],
  "beta_mean": [
    -0.395778626203537,
    -0.007987127639353275,
    -0.2783140540122986,
    -0.15071193873882294,
    -0.14333492517471313,
    -0.1869915872812271,
    -0.17134086787700653,
    -0.1603882610797882,
    -0.0920587107539177,
    -0.08924013376235962,
    -0.09856632351875305,
    -0.06257598102092743,
    -0.07701429724693298,
    -0.23240229487419128,
    -0.04222426190972328,
    -0.08484101295471191,
    -0.040438372641801834,
    -0.08898449689149857,
    -0.11781047284603119
  ]
}