{
  "train_loss": [
    4.318092856490821,
    3.1591822069290787,
    2.563380794357835,
    2.168307400586312,
    1.9126637005666542,
    1.8626848137169554,
    1.8472839207677116,
    1.649126452730413,
    1.5957668197085286,
    1.6557508267854388,
    1.6385847932414004,
    1.4985497469093367,
    1.571410500515274,
    1.4141986883174607,
    1.4055770166436135,
    1.3901853932274713,
    1.4482883386444627,
    1.4125208058552434
  ],
  "val_loss": [
    3.1738972663879395,
    2.4151077270507812,
    1.855688452720642,
    1.8006583452224731,
    1.5723319053649902,
    1.5255779027938843,
    1.676976203918457,
    1.3746105432510376,
    1.5265566110610962,
    1.4894875288009644,
    1.4323042631149292,
    1.4465404748916626,
    1.432672142982483,
    1.3997658491134644,
    1.4561152458190918,
    1.4413816928863525,
    1.5023479461669922,
    1.412705898284912
  ],
  "best_epoch": 7,
  "status": "ok",
  "grad_norm": [
    2.7940521364167616,
    2.9006815088074043,
    2.8011067010863515,
    3.0161555289153634,
    3.0022896729833497,
    2.9559038258852897,
    3.270550002984303,
    2.5167461945117884,
    2.633346492151636,
    2.6185948762398192,
    2.6254003720922503,
    2.8221423558968746,
    2.382089015034727,
    2.5721724439140297,
    2.38145375769266,
    2.5013422752432386,
    2.7697195880117698,
    2.5808625238155725
  ],
  "beta_std": [
    0.48182639479637146,
    0.9085592031478882,
    1.0115244388580322,
    0.8238396048545837,
    0.5452283620834351,
    0.6176836490631104,
    0.678626537322998,
    0.6516756415367126,
    0.6980501413345337,
    0.712384819984436,
    0.7138469219207764,
    0.7509814500808716,
    0.6908953785896301,
    0.7965817451477051,
    0.7079545259475708,
    0.7247412204742432,
    0.755733847618103,
    0.769047200679779
  ],
  "beta_mean": [
    0.21825598180294037,
    -0.15482504665851593,
    -0.04608311504125595,
    -0.0018502185121178627,
    -0.0463845320045948,
    -0.12110991030931473,
    -0.007337784860283136,
    -0.1306644082069397,
    -0.15011417865753174,
    -0.12665414810180664,
    -0.08983572572469711,
    -0.16803301870822906,
    -0.21989990770816803,
    -0.01796751841902733,
    -0.03776703402400017,
    -0.21491985023021698,
    -0.062277503311634064,
    -0.22249798476696014
  ]
}