{
  "train_loss": [
    4.336308249813771,
    3.2002802770737317,
    2.5686101673639308,
    2.289791004002443,
    2.0150656389214143,
    1.865772101056506,
    1.821727074238292,
    1.815365621499848,
    1.737715833228931,
    1.7154917924724824,
    1.7226514425891184,
    1.6249725750315258,
    1.6386121298137464,
    1.58666835249516,
    1.614153718669512,
    1.5779561527988366,
    1.5490474243610226,
    1.5051383205324587,
    1.4319837506054438,
    1.4519163029932836,
    1.4222896057262755,
    1.3503602860266701
  ],
  "val_loss": [
    4.661121845245361,
    4.01191520690918,
    3.6293492317199707,
    3.08577036857605,
    2.5890486240386963,
    2.4851410388946533,
    2.3684463500976562,
    2.4106671810150146,
    2.669912576675415,
    2.5575549602508545,
    2.5371432304382324,
    2.2807416915893555,
    2.42157244682312,
    2.4761734008789062,
    2.338348388671875,
    2.4917516708374023,
    2.431750774383545,
    2.610865592956543,
    2.524477005004883,
    2.5469446182250977,
    2.585261583328247,
    2.285996913909912
  ],
  "best_epoch": 11,
  "status": "ok",
  "grad_norm": [
    3.168709497336864,
    2.4027456322479055,
    2.3946749027979584,
    2.526311628341454,
    2.6872714305838588,
    2.4110104293300756,
    2.8572859924957834,
    3.0660921672096264,
    2.7166821612459633,
    2.705423539958517,
    2.5697305961772363,
    2.39726922243885,
    3.0127608442124005,
    2.4681384904714525,
    3.038540355001183,
    2.6150041787079448,
    2.855347354636739,
    2.804187679283951,
    2.4682403124880112,
    2.5322788946199375,
    2.608438939801181,
    2.776447965929779
  ],
  "beta_std": [
    0.6190150380134583,
    1.0655406713485718,
    0.8217663764953613,
    0.7675586938858032,
    0.7484033107757568,
    0.7762141227722168,
    0.8455850481987,
    0.6920057535171509,
    0.8061780333518982,
    0.6481581330299377,
    0.6840169429779053,
    0.766403079032898,
    0.6181337237358093,
    0.7089478373527527,
    0.7712665796279907,
    0.7831607460975647,
    0.6103715300559998,
    0.7219346165657043,
    0.6562158465385437,
    0.6360315084457397,
    0.6963537931442261,
    0.7829412817955017
  ],
  "beta_mean": [
    -0.31644895672798157,
    -0.5277454853057861,
    -0.2275427132844925,
    -0.427903413772583,
    -0.35202327370643616,
    -0.3520503044128418,
    -0.5127179026603699,
    -0.38517579436302185,
    -0.37805068492889404,
    -0.3005808889865875,
    -0.3056541383266449,
    -0.30876728892326355,
    -0.35089629888534546,
    -0.4227936863899231,
    -0.400558739900589,
    -0.38111692667007446,
    -0.1628897786140442,
    -0.1989203244447708,
    -0.3129976689815521,
    -0.24560518562793732,
    -0.5242547392845154,
    -0.36127737164497375
  ]
}