{
  "train_loss": [
    4.237454172881723,
    3.0781601732934427,
    2.5048895601640666,
    2.061680618921916,
    2.0408077485380116,
    1.9135222310908357,
    1.7044878659889713,
    1.7394321555979768,
    1.7084372054763706,
    1.7184365112181992,
    1.7009133309648747,
    1.6581913800267447,
    1.592230995077836,
    1.6114819129308064,
    1.584082891927128,
    1.4992705481791357,
    1.463847824007447,
    1.429266355260771,
    1.4267509340542799,
    1.3789492445382459,
    1.4473008900357966,
    1.4208327312915645,
    1.366379994397972,
    1.3787947331255639,
    1.3107920919942577,
    1.2908583760958665,
    1.3085889039680971,
    1.2394638445642259,
    1.2234163154635513,
    1.231864781616724,
    1.2159541480025353,
    1.1663939354712503,
    1.2425103330472758,
    1.2307544632961875,
    1.1638222907718858,
    1.1835507235331841,
    1.1713239213876556,
    1.11033585238875,
    1.0573779734951712,
    1.0965158201797665,
    1.0621100570723327,
    1.1236781017125002,
    1.1476006502296492
  ],
  "val_loss": [
    2.5037407875061035,
    2.0904901027679443,
    1.721075415611267,
    1.5366697311401367,
    1.3820282220840454,
    1.4311639070510864,
    1.4059175252914429,
    1.4651544094085693,
    1.39808189868927,
    1.3000577688217163,
    1.3593392372131348,
    1.2974923849105835,
    1.2681821584701538,
    1.3130263090133667,
    1.3310524225234985,
    1.2663241624832153,
    1.2247148752212524,
    1.3033158779144287,
    1.2995035648345947,
    1.2364124059677124,
    1.313554286956787,
    1.3651864528656006,
    1.398850917816162,
    1.3093602657318115,
    1.1640732288360596,
    1.4314888715744019,
    1.274405598640442,
    1.314423680305481,
    1.2929818630218506,
    1.3570548295974731,
    1.3060014247894287,
    1.296080470085144,
    1.162318229675293,
    1.3769123554229736,
    1.3442960977554321,
    1.4526357650756836,
    1.4327988624572754,
    1.42201828956604,
    1.3836476802825928,
    1.4952597618103027,
    1.388584017753601,
    1.2594069242477417,
    1.484580636024475
  ],
  "best_epoch": 32,
  "status": "ok",
  "grad_norm": [
    2.6390359645445054,
    2.372992339404672,
    3.0039746165309795,
    3.238233399656741,
    3.04433327038211,
    3.029172045069469,
    2.5400925026731542,
    2.7439263270571845,
    2.7457781107560426,
    2.713361337939194,
    2.8872785927091735,
    2.967077197805853,
    2.491182543784682,
    2.7126396828753028,
    2.4726716429146753,
    2.478455539258543,
    2.4200962190393382,
    2.5846338134006843,
    2.822135831590581,
    2.725541604408107,
    2.7387067732145853,
    2.8464764081052785,
    2.716556317897684,
    2.542222876525306,
    2.6681648119003207,
    2.5934918879938267,
    2.4804405371357077,
    2.4159462710309554,
    2.3482777625449347,
    2.3075547590985197,
    2.50354097989472,
    2.298899385327974,
    2.7762637129413528,
    2.715367873799958,
    2.4946502443559675,
    2.5238041451136697,
    2.5245588608042473,
    2.2847993337010366,
    2.459811046696726,
    2.4357564372621967,
    2.533122376374848,
    2.5163334381646005,
    2.4639236794228623
  ],
  "beta_std": [
    0.8985996246337891,
    1.3557604551315308,
    1.098565697669983,
    0.8290306329727173,
    0.7753900289535522,
    0.7881472110748291,
    0.7989702820777893,
    0.7659210562705994,
    0.6749133467674255,
    0.8083983063697815,
    0.83917635679245,
    0.7473287582397461,
    0.8898491263389587,
    0.7053431272506714,
    0.7634600400924683,
    0.810926079750061,
    0.7714714407920837,
    0.7542640566825867,
    0.8589195013046265,
    0.8661810159683228,
    0.7712478041648865,
    0.8480432033538818,
    0.7262393236160278,
    0.9555345773696899,
    0.8553184270858765,
    0.8247228264808655,
    0.9292310476303101,
    0.9185291528701782,
    0.8721292018890381,
    0.89482581615448,
    0.8564083576202393,
    0.9045602083206177,
    0.9227086901664734,
    0.8966297507286072,
    0.9002275466918945,
    0.9319086670875549,
    0.9347211122512817,
    0.958321213722229,
    0.8753725290298462,
    0.9945793151855469,
    0.9105452299118042,
    0.9614030122756958,
    1.0081759691238403
  ],
  "beta_mean": [
    0.00858676340430975,
    -0.14370496571063995,
    0.07574392110109329,
    -0.11726357042789459,
    -0.04613376408815384,
    0.08643858879804611,
    -0.058966174721717834,
    -0.08761542290449142,
    -0.0783502385020256,
    -0.05627046898007393,
    -0.13982202112674713,
    -0.08949494361877441,
    0.0890531912446022,
    -0.012914617545902729,
    -0.07321988791227341,
    0.11515241861343384,
    0.014972440898418427,
    0.22044998407363892,
    -0.15951044857501984,
    0.04925256595015526,
    -0.034177202731370926,
    -0.033828310668468475,
    0.2144608497619629,
    0.013698688708245754,
    0.07819362729787827,
    0.018427055329084396,
    0.23090511560440063,
    -0.0031231879256665707,
    0.09547988325357437,
    0.08556903898715973,
    0.035388603806495667,
    0.14000746607780457,
    0.1595243662595749,
    -0.026402859017252922,
    0.15258914232254028,
    -0.028136853128671646,
    0.03938549757003784,
    0.030747506767511368,
    0.06210344657301903,
    0.16173838078975677,
    0.12959828972816467,
    0.020898297429084778,
    0.04565626382827759
  ]
}