{
  "train_loss": [
    4.694503595396789,
    3.5992089522512334,
    3.0466664107919437,
    2.553312163325081,
    2.1347323074675444,
    1.917058961572703,
    1.8270701618919596,
    1.699836948601126,
    1.6188899924183449,
    1.5845359163674695,
    1.537735707020899,
    1.5844801703391715,
    1.4628548279143216,
    1.410905359362998,
    1.4287028976351197,
    1.448901222881518,
    1.3913945952354119,
    1.351936291672333,
    1.337501929935656,
    1.4298860905463235,
    1.2957500344828556
  ],
  "val_loss": [
    3.2770564556121826,
    3.064086675643921,
    2.4490175247192383,
    2.156313180923462,
    2.0739779472351074,
    1.7110886573791504,
    1.5504695177078247,
    1.681106686592102,
    1.646101474761963,
    1.6345033645629883,
    1.5115305185317993,
    1.6774870157241821,
    1.5969922542572021,
    1.5130383968353271,
    1.5425955057144165,
    1.5997629165649414,
    1.5894436836242676,
    1.7177388668060303,
    1.6914769411087036,
    1.5583219528198242,
    1.6543172597885132
  ],
  "best_epoch": 10,
  "status": "ok",
  "grad_norm": [
    3.1541751863202587,
    2.5673272304867245,
    2.824831731900559,
    2.8430632208095408,
    3.106706062344145,
    3.0820810074154403,
    3.064207881310644,
    2.875780273647608,
    2.8189988444035143,
    2.5110872426083652,
    2.6036062395843587,
    2.6324547610363207,
    2.9551018024048794,
    2.4938319312802486,
    2.678176361711521,
    2.648095139815499,
    2.8652489050656036,
    2.4347229041467133,
    2.7970458550709023,
    3.0655335698888138,
    2.3823919132198474
  ],
  "beta_std": [
    0.4124810993671417,
    0.9677683115005493,
    1.2145990133285522,
    0.9422758221626282,
    0.7693465948104858,
    0.6588371396064758,
    0.6584741473197937,
    0.7536946535110474,
    0.6905134916305542,
    0.7418881058692932,
    0.7784553170204163,
    0.6353211998939514,
    0.770671546459198,
    0.7584448456764221,
    0.7980315685272217,
    0.7559998035430908,
    0.6717474460601807,
    0.9072816371917725,
    0.7294867038726807,
    0.8180261254310608,
    0.7488031983375549
  ],
  "beta_mean": [
    -0.29252079129219055,
    -0.013948502950370312,
    -0.5667604804039001,
    -0.2894940972328186,
    -0.043689992278814316,
    -0.2330225557088852,
    -0.23365916311740875,
    -0.2723735272884369,
    -0.18351909518241882,
    -0.3432779014110565,
    -0.10855452716350555,
    -0.18641702830791473,
    -0.2682902216911316,
    -0.2746201753616333,
    -0.2669633626937866,
    -0.2127126157283783,
    -0.21028928458690643,
    -0.2822824716567993,
    -0.2772001028060913,
    -0.4145835340023041,
    -0.08515952527523041
  ]
}