{
  "train_loss": [
    4.327449274592929,
    3.1563913101620145,
    2.471906984117296,
    2.152969947391086,
    2.0089498964945474,
    2.0707784869935777,
    1.8806566655635835,
    1.745398605465889,
    1.659052217271593,
    1.7027777332729763,
    1.7281776481204563,
    1.7288556755913629,
    1.8035494740804037,
    1.8764536725150214,
    1.8061141517427233,
    1.644248103035821,
    1.6139253775278728
  ],
  "val_loss": [
    3.6894359588623047,
    2.692620038986206,
    2.1800553798675537,
    1.969222068786621,
    1.8381274938583374,
    1.9015504121780396,
    1.5889984369277954,
    1.7635536193847656,
    1.9181914329528809,
    1.7798842191696167,
    1.7911983728408813,
    1.9869062900543213,
    1.8634151220321655,
    2.114875555038452,
    1.9997329711914062,
    2.070192813873291,
    1.9000244140625
  ],
  "best_epoch": 6,
  "status": "ok",
  "grad_norm": [
    3.1424419879998533,
    3.467149923431726,
    3.110104210755492,
    3.171455081185026,
    4.014998939816267,
    3.5371911156625027,
    3.007545341485779,
    2.503592013094012,
    2.8345787478576683,
    3.184638829651312,
    3.2822376654282004,
    3.7951024611885904,
    3.9452617815840503,
    3.7731913680685807,
    2.974359078039514,
    3.3497413199597683,
    3.2017593055751377
  ],
  "beta_std": [
    0.9267416000366211,
    1.2381064891815186,
    1.211634874343872,
    1.0411310195922852,
    0.9103801846504211,
    0.8217868804931641,
    0.8963699340820312,
    0.8424841165542603,
    0.8754410147666931,
    0.8751481771469116,
    0.916515588760376,
    0.7483965158462524,
    0.7373583912849426,
    0.7904813289642334,
    0.8279553651809692,
    0.8362425565719604,
    0.7979191541671753
  ],
  "beta_mean": [
    -0.4417475461959839,
    -0.07048819214105606,
    -0.475118488073349,
    -0.20309101045131683,
    -0.1961853951215744,
    -0.38473746180534363,
    -0.20251792669296265,
    -0.21679474413394928,
    -0.28375107049942017,
    -0.41698622703552246,
    -0.2179926335811615,
    -0.36972132325172424,
    -0.10760457068681717,
    -0.3231898546218872,
    -0.28027525544166565,
    -0.37837541103363037,
    -0.06099538877606392
  ]
}