{
  "train_loss": [
    4.654402039845785,
    3.259324689441257,
    2.676331286960178,
    2.242212727864583,
    1.9949326576126947,
    1.9869243409898547,
    2.0564538468254936,
    1.9686349084642198,
    1.8514374894566006,
    1.9026661793390909,
    1.7924264629681905,
    1.7162252934773763,
    1.8035578706529405,
    1.772962572309706,
    2.0572039291593764,
    1.7238183996412488,
    1.6462994035085041,
    1.6081799581315783,
    1.631999208662245,
    1.657391365369161,
    1.639783926010132,
    1.6195513682895237,
    1.620583008395301,
    1.4821804489029777
  ],
  "val_loss": [
    3.2755043506622314,
    2.8971731662750244,
    2.137072801589966,
    1.9655300378799438,
    1.81208074092865,
    1.7379549741744995,
    1.875403642654419,
    1.869196891784668,
    1.7135120630264282,
    1.9020237922668457,
    1.8759530782699585,
    1.7553505897521973,
    1.8617581129074097,
    1.6184189319610596,
    1.942525029182434,
    1.8783884048461914,
    1.6655315160751343,
    1.634688138961792,
    1.7137444019317627,
    1.8040679693222046,
    1.9489521980285645,
    1.8583263158798218,
    1.7483415603637695,
    1.9205322265625
  ],
  "best_epoch": 13,
  "status": "ok",
  "grad_norm": [
    3.2888308898185654,
    2.8044372265779147,
    3.0703638054333195,
    2.7920282658588755,
    3.1545938065163384,
    3.852366009746305,
    3.7916458902171954,
    3.368289077603156,
    2.6635445515940632,
    2.932061341237864,
    2.9301265387924826,
    3.1694807309380892,
    3.462398589971238,
    4.255224860541029,
    3.431577498923131,
    2.769899325896009,
    2.991457080415218,
    2.7584559705684444,
    2.807783953533764,
    2.699145525006001,
    3.4783512416462155,
    3.565769576594017,
    2.7207657316008227,
    2.6568961981907395
  ],
  "beta_std": [
    0.7329152226448059,
    1.3702009916305542,
    1.1364595890045166,
    0.96979820728302,
    0.8680578470230103,
    0.9608194828033447,
    0.8895971775054932,
    0.9981194734573364,
    0.8732712864875793,
    0.8323756456375122,
    0.8957895636558533,
    0.8406898379325867,
    0.9975807070732117,
    0.9629386067390442,
    0.8383134007453918,
    0.8668747544288635,
    0.8174847960472107,
    0.8321374654769897,
    0.7993672490119934,
    0.9507113695144653,
    0.8664115071296692,
    0.8633981943130493,
    1.0113956928253174,
    0.8332663774490356
  ],
  "beta_mean": [
    -0.0680713951587677,
    -0.4068443775177002,
    -0.1940038651227951,
    -0.31602951884269714,
    -0.28214579820632935,
    -0.3309099078178406,
    -0.16283060610294342,
    -0.27489331364631653,
    -0.3556152284145355,
    -0.15241049230098724,
    -0.2706040143966675,
    -0.3220308721065521,
    -0.12310045212507248,
    -0.2608954906463623,
    -0.24632100760936737,
    -0.3655623495578766,
    -0.3436027467250824,
    -0.3982011675834656,
    -0.2911113500595093,
    -0.263461709022522,
    -0.33138251304626465,
    -0.31584376096725464,
    -0.32146939635276794,
    -0.3054422438144684
  ]
}