{
  "train_loss": [
    4.236369415751675,
    2.96718956991943,
    2.367833998189335,
    2.197317928319786,
    2.066294459292763,
    1.8656883342921384,
    1.822539730797037,
    1.7155178730947929,
    1.7311580395837973,
    1.573028718797784,
    1.6234117205379999,
    1.446603660695037,
    1.5272273735693325,
    1.4499987473961902,
    1.3192508060332628,
    1.2726448581929792
  ],
  "val_loss": [
    3.412388563156128,
    2.7323226928710938,
    2.4835002422332764,
    2.292466402053833,
    2.11724591255188,
    2.099231719970703,
    2.3965320587158203,
    2.389871120452881,
    2.10473895072937,
    2.452798366546631,
    2.280733346939087,
    2.4315474033355713,
    2.3154351711273193,
    2.297152519226074,
    2.5320403575897217,
    2.5070996284484863
  ],
  "best_epoch": 5,
  "status": "ok",
  "grad_norm": [
    3.2771635239454824,
    3.4453600212251723,
    3.1795840786792136,
    4.091044880732364,
    3.935696381248696,
    3.588632174093494,
    3.312116449550071,
    3.4733908283748316,
    3.381471024845337,
    3.379143634889097,
    3.896414643246874,
    3.086743465239832,
    3.2807245869122013,
    3.483636051248624,
    3.223160410864121,
    3.0677832833918193
  ],
  "beta_std": [
    1.0316044092178345,
    0.8154289722442627,
    0.6793712973594666,
    0.6885302066802979,
    0.5732659101486206,
    0.6718376874923706,
    0.7611570954322815,
    0.6002009510993958,
    0.7656670808792114,
    0.6559809446334839,
    0.6587780117988586,
    0.692282497882843,
    0.825209379196167,
    0.8125868439674377,
    0.8038464188575745,
    0.8362058997154236
  ],
  "beta_mean": [
    -0.6319990754127502,
    -0.19071944057941437,
    -0.35031864047050476,
    -0.1974223256111145,
    -0.3132275342941284,
    -0.3027149438858032,
    -0.15181484818458557,
    -0.1720677614212036,
    -0.14217418432235718,
    -0.22169442474842072,
    -0.03016827255487442,
    -0.0686047226190567,
    -0.13254909217357635,
    -0.05104172229766846,
    -0.33666011691093445,
    -0.006407656241208315
  ]
}