{
  "train_loss": [
    4.232132149858084,
    2.724165167027747,
    2.254176161442584,
    1.9366972090905172,
    1.8146602251376325,
    1.8268229911201879,
    1.6456953366597493,
    1.581108990189625,
    1.4739006209791752,
    1.3812928793025994,
    1.3223952577825178,
    1.3124342270064773,
    1.326488655491879,
    1.3701612337290892,
    1.2239423435333876,
    1.1843954791799622,
    1.2316327011376096
  ],
  "val_loss": [
    3.453012228012085,
    2.1166255474090576,
    1.8333559036254883,
    1.7230545282363892,
    1.5345782041549683,
    1.7220051288604736,
    1.4991899728775024,
    1.5838656425476074,
    1.63791823387146,
    1.661474585533142,
    1.5249649286270142,
    1.6273456811904907,
    1.9717144966125488,
    1.6299197673797607,
    1.711902379989624,
    1.7346163988113403,
    1.6204233169555664
  ],
  "best_epoch": 6,
  "status": "ok",
  "grad_norm": [
    3.778840601035548,
    4.436539166043046,
    4.139768922391322,
    4.372604421530142,
    3.602851863339463,
    4.118041136878531,
    3.4506993954779857,
    3.325771512720555,
    3.091570995679043,
    2.5419990196131788,
    2.6918403471050802,
    2.982204940016845,
    3.1239626225962587,
    3.1673023776088556,
    2.769187906859345,
    2.791107703322211,
    3.1534011473101313
  ],
  "beta_std": [
    1.4103374481201172,
    1.2329193353652954,
    0.9886853098869324,
    0.846143364906311,
    0.8621152639389038,
    0.8233274817466736,
    0.8166763186454773,
    0.9307373762130737,
    0.8080848455429077,
    0.9980624318122864,
    0.9610874056816101,
    0.8637328743934631,
    1.1221990585327148,
    0.9680659174919128,
    1.1330238580703735,
    0.9238904118537903,
    0.9814422726631165
  ],
  "beta_mean": [
    0.0024727871641516685,
    -0.18787822127342224,
    -0.06953781843185425,
    -0.23546937108039856,
    -0.4826466143131256,
    -0.514454185962677,
    -0.2188146859407425,
    -0.35276517271995544,
    -0.3442584276199341,
    -0.32118964195251465,
    -0.2518555521965027,
    -0.17882288992404938,
    -0.19716112315654755,
    -0.19770170748233795,
    -0.26892873644828796,
    -0.2936277985572815,
    -0.3185107707977295
  ]
}