{
  "train_loss": [
    4.852520102227641,
    3.4097829974882785,
    2.628220468097263,
    2.440013447700188,
    2.2673496615816977,
    1.990761427293744,
    2.052055671758819,
    1.7863694812819275,
    1.6770335562745033,
    1.5612933783503304,
    1.6477224742459973,
    1.5855435272406417,
    1.48211467754074,
    1.5254142589736404,
    1.4129734226137574,
    1.5132590833463166,
    1.3897122827886839,
    1.3363450114489996,
    1.3160323242695011,
    1.2955496449219552,
    1.308756441191623,
    1.2738821609675535
  ],
  "val_loss": [
    4.587575912475586,
    3.3570780754089355,
    2.910977363586426,
    2.9935882091522217,
    2.024535655975342,
    2.07248854637146,
    1.83358895778656,
    2.0589587688446045,
    1.850507378578186,
    1.910792350769043,
    1.8853740692138672,
    1.8058140277862549,
    1.864088535308838,
    1.8059914112091064,
    1.9048664569854736,
    1.99134361743927,
    1.9813698530197144,
    2.0701680183410645,
    1.8731532096862793,
    1.9419279098510742,
    1.906204104423523,
    2.084531784057617
  ],
  "best_epoch": 11,
  "status": "ok",
  "grad_norm": [
    2.9170736401348853,
    3.0992188386557693,
    3.2610153800090402,
    3.723399406107641,
    3.7460533230751487,
    4.034057948326479,
    3.838836397955274,
    3.6903963398429087,
    3.1816682391284523,
    3.010875486717498,
    3.250811437510073,
    3.3211969801781747,
    2.877212237660576,
    3.0929451120401734,
    3.412708797844265,
    3.5052362791095217,
    3.0279984971828404,
    2.9874172792359652,
    3.172096008811077,
    2.8782157490777283,
    2.7804329564537213,
    2.641453713552443
  ],
  "beta_std": [
    0.2829872965812683,
    1.1432721614837646,
    0.8032687306404114,
    0.7171339392662048,
    0.703080415725708,
    0.8659769296646118,
    0.8361055850982666,
    0.7689940333366394,
    0.773149847984314,
    0.8957201838493347,
    1.0376613140106201,
    0.8699612617492676,
    0.8394913077354431,
    0.8480935096740723,
    1.0221151113510132,
    0.9012765288352966,
    0.9882793426513672,
    0.891655445098877,
    0.6897869110107422,
    0.8400577902793884,
    0.8217108249664307,
    0.9191180467605591
  ],
  "beta_mean": [
    0.0015381487319245934,
    0.3418780565261841,
    -0.03941338136792183,
    -0.21014399826526642,
    -0.10214996337890625,
    0.08479487895965576,
    -0.08418170362710953,
    -0.10681961476802826,
    -0.16771537065505981,
    -0.023531004786491394,
    -0.0002544001617934555,
    -0.19124336540699005,
    -0.3134501874446869,
    -0.14003050327301025,
    -0.1084999069571495,
    -0.17521637678146362,
    -0.047182679176330566,
    -0.0885244756937027,
    -0.36223095655441284,
    -0.20724719762802124,
    -0.22398218512535095,
    -0.24706079065799713
  ]
}