{
  "train_loss": [
    3.840473676982679,
    2.75073819495084,
    2.288158511139496,
    1.8536796277029473,
    1.75551598852838,
    1.7303491507357325,
    1.7690219590538427,
    1.7605828523635865,
    1.52362849280151,
    1.57320651534008,
    1.5363896368539822,
    1.5352977469650626,
    1.3207174553508647,
    1.368945330485963,
    1.4066357363037199,
    1.2655485893550673,
    1.254455718520092
  ],
  "val_loss": [
    3.1305015087127686,
    2.7025952339172363,
    2.090893268585205,
    2.06318998336792,
    2.074416399002075,
    2.1664371490478516,
    2.0055720806121826,
    2.060396194458008,
    2.009542942047119,
    2.0951993465423584,
    2.294603109359741,
    2.09295392036438,
    2.1411430835723877,
    2.18402361869812,
    2.324672222137451,
    2.161710739135742,
    2.221719741821289
  ],
  "best_epoch": 6,
  "status": "ok",
  "grad_norm": [
    3.4484064982404297,
    3.8421251681412683,
    3.823068098807863,
    3.2179689902856587,
    2.986304699606928,
    3.5185217983786745,
    3.6711244825158755,
    3.009284422954689,
    2.922798168581958,
    3.659738467125328,
    3.540599687014647,
    2.8626749672361087,
    2.920400818007838,
    3.250444448589204,
    3.1719286500454573,
    2.720592864576544,
    2.853907297829202
  ],
  "beta_std": [
    1.1599897146224976,
    1.0338497161865234,
    0.6118937134742737,
    0.5321623682975769,
    0.8363282680511475,
    0.42146849632263184,
    0.5692583322525024,
    0.6558035016059875,
    0.5613890886306763,
    0.7251938581466675,
    0.581696093082428,
    0.6269374489784241,
    0.655602753162384,
    0.644353449344635,
    0.551124095916748,
    0.6639395356178284,
    0.7555816769599915
  ],
  "beta_mean": [
    -0.3870548903942108,
    -0.34703153371810913,
    -0.29131656885147095,
    -0.08811011165380478,
    -0.36503079533576965,
    -0.1404242217540741,
    -0.14521770179271698,
    -0.17666378617286682,
    -0.29353398084640503,
    -0.34947219491004944,
    -0.2239377498626709,
    -0.16869041323661804,
    -0.1205107718706131,
    -0.2117958664894104,
    0.06393434852361679,
    -0.2181641161441803,
    -0.2746181786060333
  ]
}