{
  "train_loss": [
    4.166931629738612,
    2.6801328767809953,
    2.3084871412020678,
    2.0453438220665467,
    1.8741701498366239,
    1.6793958672305993,
    1.8112333543119374,
    1.7326711545910751,
    1.5183241867879678,
    1.5734008981470475,
    1.710887024416561,
    1.5241811212740446,
    1.4078603026462577,
    1.3145272650913886,
    1.3064581489005285,
    1.2912890402197141,
    1.3780885077359384,
    1.2907297815495764,
    1.1400967818951746,
    1.1805678790075738,
    1.076019622986777,
    1.147506648615787,
    1.1944502397587424,
    1.1240528835887797
  ],
  "val_loss": [
    2.856982946395874,
    2.0628905296325684,
    1.7450363636016846,
    1.8891034126281738,
    1.7236369848251343,
    1.8085521459579468,
    1.842344045639038,
    1.8293037414550781,
    1.76783287525177,
    1.8694703578948975,
    1.9131332635879517,
    1.7822874784469604,
    1.861634373664856,
    1.592531442642212,
    1.7406494617462158,
    1.8325964212417603,
    1.7642580270767212,
    1.7445809841156006,
    1.7705312967300415,
    1.758034586906433,
    1.8303366899490356,
    2.0971970558166504,
    2.028378486633301,
    2.1087279319763184
  ],
  "best_epoch": 13,
  "status": "ok",
  "grad_norm": [
    3.498142487634731,
    3.7765384021582884,
    3.765001633873927,
    3.981070388864184,
    3.7498397332670694,
    3.44870490856383,
    3.680164885085401,
    3.5424186317539506,
    3.0812312960962,
    3.731237546954802,
    3.370283265888923,
    3.2601511492900386,
    3.2572461240687742,
    3.072893436980356,
    3.236379990549326,
    3.203474253391325,
    3.3105352539354085,
    3.4294866685800476,
    2.828863943035089,
    3.1673716695510405,
    2.8990931996100224,
    3.367228516828417,
    3.5350060575518314,
    3.136630770974911
  ],
  "beta_std": [
    1.1535111665725708,
    1.0340312719345093,
    0.8731464743614197,
    0.9332947134971619,
    0.7668004035949707,
    0.798410952091217,
    0.7530145645141602,
    0.8004938960075378,
    0.9594929814338684,
    0.7167749404907227,
    1.0581793785095215,
    0.8566622138023376,
    0.8202170729637146,
    0.8994044065475464,
    0.8069804906845093,
    0.9131932854652405,
    0.8772949576377869,
    0.7523441314697266,
    0.8794983625411987,
    0.8125372529029846,
    0.7468195557594299,
    0.9227457046508789,
    0.5499183535575867,
    0.805885374546051
  ],
  "beta_mean": [
    -0.14119374752044678,
    0.2059055119752884,
    0.1099160760641098,
    0.0618676133453846,
    -0.02941845916211605,
    0.007934855297207832,
    -0.033069711178541183,
    0.010615615174174309,
    -0.03701118752360344,
    -0.1247761994600296,
    0.1474822610616684,
    0.12660203874111176,
    -0.03822077810764313,
    0.1043347492814064,
    -0.02992169000208378,
    0.0485147088766098,
    -0.061934903264045715,
    0.06977750360965729,
    0.12240715324878693,
    0.06785693019628525,
    -0.02907373756170273,
    0.06638306379318237,
    0.12173182517290115,
    0.08841641992330551
  ]
}