{
  "train_loss": [
    4.34130285720379,
    2.9501900940610652,
    2.3417852092207525,
    2.25891952849271,
    2.059294632861489,
    2.0036784726973864,
    1.904638651797646,
    1.8276781313600596,
    1.796840883277313,
    1.6178065532829329,
    1.6611351919453046,
    1.5886003310220282,
    1.6113289048100075,
    1.5560305110195227,
    1.4570501037508423,
    1.5058751205254717,
    1.3922945617932325,
    1.3341490587992975,
    1.3587926807459334,
    1.3535170428237022,
    1.346653680076376
  ],
  "val_loss": [
    3.0657994747161865,
    2.4257895946502686,
    2.2029194831848145,
    1.912474274635315,
    1.9295464754104614,
    1.9773752689361572,
    1.9314085245132446,
    1.8869329690933228,
    1.8798249959945679,
    1.9513148069381714,
    1.8453205823898315,
    2.2220706939697266,
    2.0086669921875,
    1.983827829360962,
    2.0663464069366455,
    2.056152105331421,
    2.147346258163452,
    2.2149407863616943,
    2.1927831172943115,
    2.2735140323638916,
    2.2524077892303467
  ],
  "best_epoch": 10,
  "status": "ok",
  "grad_norm": [
    3.2602306656519033,
    2.6774656297014903,
    3.5518015637181684,
    3.6447761035241606,
    3.4510010763170347,
    3.4562312948090024,
    4.165295084498182,
    3.1217094505285994,
    3.718596102245747,
    2.965722479788384,
    3.5479950634388797,
    3.2111040247588685,
    3.4260943712170584,
    3.448207946482514,
    3.2158498065956675,
    3.2180939427245145,
    3.1353297956083344,
    2.873394317613493,
    3.2198464242302554,
    3.3049282872538006,
    3.5595738073884626
  ],
  "beta_std": [
    0.6023393273353577,
    1.0537341833114624,
    0.8224976658821106,
    0.6405830383300781,
    0.6239659190177917,
    0.5872310400009155,
    0.6421914100646973,
    0.6460237503051758,
    0.5375264286994934,
    0.5072574019432068,
    0.5839477181434631,
    0.6304784417152405,
    0.624672532081604,
    0.6780570149421692,
    0.6041845679283142,
    0.6081498861312866,
    0.5099921226501465,
    0.7580018639564514,
    0.5167108178138733,
    0.5893887877464294,
    0.6275041103363037
  ],
  "beta_mean": [
    -0.11918971687555313,
    -0.0609285794198513,
    -0.21104764938354492,
    -0.12823835015296936,
    0.003364655887708068,
    -0.24023252725601196,
    -0.21101120114326477,
    -0.10848232358694077,
    -0.17395788431167603,
    0.005185232497751713,
    -0.09561209380626678,
    -0.07078666985034943,
    -0.11703456938266754,
    -0.376290500164032,
    0.06308265775442123,
    -0.11905144900083542,
    -0.07064960151910782,
    -0.07902349531650543,
    -0.09556181728839874,
    -0.04933157563209534,
    -0.15130293369293213
  ]
}