{
  "train_loss": [
    4.274376109050729,
    2.6192835587507104,
    2.2021800629576744,
    1.9582259125179715,
    1.7433743798941896,
    1.7015661266114976,
    1.745064621919777,
    1.5531156519003082,
    1.55763944756915,
    1.518937307491637,
    1.3598341515189722,
    1.354407190439994,
    1.4612166247172662,
    1.413036502732171,
    1.3109701007430317,
    1.2331414608927498,
    1.359219413612321,
    1.1258270424011856
  ],
  "val_loss": [
    3.210883140563965,
    2.336568593978882,
    2.1653287410736084,
    1.968126654624939,
    2.0474038124084473,
    2.033578872680664,
    2.0175445079803467,
    1.9575482606887817,
    1.989736795425415,
    1.9675114154815674,
    2.0243372917175293,
    2.00058650970459,
    1.962422251701355,
    2.115445375442505,
    2.107086420059204,
    2.1316800117492676,
    2.034156560897827,
    2.217721462249756
  ],
  "best_epoch": 7,
  "status": "ok",
  "grad_norm": [
    3.8909083201948644,
    3.9210885000446933,
    3.7594850733407164,
    3.2521086933979815,
    3.1667359775964647,
    3.342857938522282,
    3.2601204546348614,
    2.928830339648715,
    3.0897899773221504,
    3.3971471658154893,
    3.120143509236859,
    3.300988343535754,
    3.264720372232697,
    3.5563544091370467,
    3.1562974636906853,
    3.2114241775976766,
    3.5688240222101837,
    2.9976991709950824
  ],
  "beta_std": [
    1.0345427989959717,
    0.8827550411224365,
    0.6864697337150574,
    0.6662399768829346,
    0.7893187403678894,
    0.6213675737380981,
    0.6653203964233398,
    0.7185322046279907,
    0.7418760061264038,
    0.6870869994163513,
    0.6653208136558533,
    0.8367993831634521,
    0.7147908806800842,
    0.6852273941040039,
    0.7522741556167603,
    0.7335172891616821,
    0.7620349526405334,
    0.8432764410972595
  ],
  "beta_mean": [
    -0.22023852169513702,
    -0.2900102436542511,
    -0.28805848956108093,
    -0.1094895526766777,
    -0.40841278433799744,
    -0.21611572802066803,
    -0.19729797542095184,
    -0.4242277443408966,
    -0.22551286220550537,
    -0.2963753044605255,
    -0.24509604275226593,
    -0.29543963074684143,
    -0.4025418758392334,
    -0.3273656964302063,
    -0.31732791662216187,
    -0.22498373687267303,
    -0.3278774917125702,
    -0.15506026148796082
  ]
}