{
  "train_loss": [
    4.758087610780147,
    3.0830135044298674,
    2.1480617258283825,
    1.9508265595687062,
    1.7981420097295304,
    1.6554403858575208,
    1.589733115971437,
    1.6547237075560275,
    1.5928809421104297,
    1.5667628958908437,
    1.5672654711015044,
    1.4411505078711704,
    1.4634266800350613,
    1.301046591753151,
    1.3282775890060337,
    1.2574961694360476
  ],
  "val_loss": [
    3.750016927719116,
    2.377117156982422,
    1.5121958255767822,
    1.4877958297729492,
    1.5600244998931885,
    1.273485779762268,
    1.5674998760223389,
    1.2770359516143799,
    1.2792221307754517,
    1.4660273790359497,
    1.386422872543335,
    1.6263357400894165,
    1.3393516540527344,
    1.4749540090560913,
    1.4717518091201782,
    1.369152545928955
  ],
  "best_epoch": 5,
  "status": "ok",
  "grad_norm": [
    4.495331058391021,
    3.6218031324916784,
    3.1862003124455502,
    3.2013491042318463,
    2.965979225124013,
    2.817491753381202,
    2.961650222398719,
    3.4305320903910834,
    2.9725928095623972,
    3.567139962067509,
    3.3585618121326175,
    2.7150769802878107,
    3.015858512799494,
    2.608235608223512,
    2.5450971844576236,
    2.873868911427637
  ],
  "beta_std": [
    0.4548523724079132,
    0.9774904847145081,
    0.8649763464927673,
    0.7367655634880066,
    0.7141370177268982,
    0.7882286906242371,
    0.9292990565299988,
    0.7146894335746765,
    0.758705735206604,
    0.6357187032699585,
    0.717329740524292,
    0.8141868710517883,
    0.8045716285705566,
    0.7881180047988892,
    0.8101914525032043,
    0.9453633427619934
  ],
  "beta_mean": [
    -0.30844274163246155,
    -0.2500627934932709,
    -0.17752963304519653,
    -0.3043200373649597,
    -0.19693103432655334,
    -0.16954490542411804,
    -0.3046824634075165,
    -0.15234573185443878,
    -0.35839003324508667,
    -0.18892768025398254,
    -0.20755471289157867,
    -0.29161733388900757,
    -0.2916325330734253,
    -0.27793848514556885,
    -0.2258424311876297,
    -0.21881750226020813
  ]
}