{
  "train_loss": [
    4.564234129030105,
    3.106105031186377,
    2.519085676907099,
    2.272980808654027,
    2.0848189768038297,
    1.8865065859075179,
    1.8002793629964193,
    1.747443575747529,
    1.6129782268178394,
    1.6190456980153134,
    1.563753991238555,
    1.5250072597760207,
    1.450767931742975,
    1.4259199570494088,
    1.3817478723693313,
    1.2966846889919705,
    1.3585268132170738,
    1.3188625774885478,
    1.250479145077934,
    1.2312783404400474,
    1.198547649522971
  ],
  "val_loss": [
    4.2859978675842285,
    3.865558385848999,
    3.0853195190429688,
    2.901611566543579,
    2.590240240097046,
    2.311782121658325,
    2.757861375808716,
    2.278122663497925,
    2.2395596504211426,
    2.2473132610321045,
    2.2093138694763184,
    2.4480819702148438,
    2.3532633781433105,
    2.2334890365600586,
    2.265031099319458,
    2.5616397857666016,
    2.4147157669067383,
    2.4019999504089355,
    2.390963315963745,
    2.220432758331299,
    2.2983922958374023
  ],
  "best_epoch": 10,
  "status": "ok",
  "grad_norm": [
    4.068315117682971,
    3.7183574350803044,
    3.160585602737774,
    2.751429336711628,
    3.0519186588399743,
    3.4248519719476938,
    3.4036422286774988,
    3.4200096297636478,
    3.17554957780921,
    3.1346898145387994,
    3.093916281666862,
    3.3421297790675686,
    3.3218818556303233,
    3.1861980415743067,
    2.9156430149814567,
    3.2305054541067397,
    2.858320049570359,
    3.2189426678038293,
    3.2958999021112274,
    2.8430623253246483,
    2.9719366856418152
  ],
  "beta_std": [
    0.9974965453147888,
    0.8942379951477051,
    0.8944523334503174,
    0.8870443105697632,
    0.7456933259963989,
    0.9179380536079407,
    0.9948937296867371,
    0.7400609850883484,
    0.8143647909164429,
    0.9152137637138367,
    0.7674947381019592,
    1.0863081216812134,
    0.9898217916488647,
    1.05892813205719,
    0.8045238256454468,
    0.7791208028793335,
    0.9772980213165283,
    0.7717491984367371,
    1.054815649986267,
    0.7654017806053162,
    0.8944613933563232
  ],
  "beta_mean": [
    -0.3641121983528137,
    -0.23639003932476044,
    -0.1357223093509674,
    -0.03739356994628906,
    -0.09900789707899094,
    -0.22021149098873138,
    -0.42576196789741516,
    -0.20735274255275726,
    -0.22872549295425415,
    -0.25691816210746765,
    -0.3335649073123932,
    -0.19538037478923798,
    -0.2689283788204193,
    -0.3096894323825836,
    -0.21228164434432983,
    -0.09061188250780106,
    -0.24139107763767242,
    -0.18899130821228027,
    -0.17173269391059875,
    0.01638837903738022,
    -0.2175561636686325
  ]
}