{
  "train_loss": [
    4.508201904296875,
    3.0167787975735134,
    2.4246121814515855,
    2.0677203273773195,
    2.0215913857354058,
    1.8627692068947685,
    1.8719373681810167,
    1.7982069460550945,
    1.720798248714871,
    1.7220384809705946,
    1.9255737177530925,
    1.630065825117959,
    1.6319993922445508,
    1.5313516563839382,
    1.6840330653720432,
    1.4458451432651944
  ],
  "val_loss": [
    3.686281681060791,
    2.6621286869049072,
    2.255370855331421,
    2.961282253265381,
    2.2701282501220703,
    2.14909291267395,
    2.698967218399048,
    2.591217041015625,
    2.3377809524536133,
    2.382772207260132,
    2.4592504501342773,
    2.534043073654175,
    2.74002742767334,
    2.6694793701171875,
    2.6874959468841553,
    2.501072883605957
  ],
  "best_epoch": 5,
  "status": "ok",
  "grad_norm": [
    3.9698817959684813,
    4.144715366557226,
    5.314209360021348,
    3.6306542974362253,
    4.1534009914549035,
    3.4684516751827563,
    3.4138908776498424,
    3.743575911249124,
    3.7557128096855887,
    4.07347083787501,
    4.021546280256682,
    3.0643529858328895,
    3.5884841014288047,
    3.568998452574503,
    3.580354799249676,
    2.9681233243901746
  ],
  "beta_std": [
    0.7173270583152771,
    1.1809730529785156,
    0.4645172953605652,
    0.9098874926567078,
    0.4809873700141907,
    0.64618319272995,
    0.8899468183517456,
    0.7690262794494629,
    0.6784008741378784,
    0.638424813747406,
    0.7299664616584778,
    0.7832515835762024,
    0.7347033619880676,
    0.7430346608161926,
    0.7221788763999939,
    0.8672978281974792
  ],
  "beta_mean": [
    -0.3691333830356598,
    -0.5613037347793579,
    -0.050193239003419876,
    -0.6080465912818909,
    -0.10008536279201508,
    -0.287337988615036,
    -0.4381835162639618,
    -0.23839765787124634,
    -0.06456306576728821,
    -0.39821547269821167,
    -0.026261672377586365,
    -0.15055419504642487,
    -0.07055641710758209,
    -0.2369840294122696,
    -0.14440011978149414,
    -0.19487197697162628
  ]
}