model,method,mu_true,bias_mean,variance,rmse,empirical_se,se_mean,se_ratio,ci_width,coverage,n_sims
linear,bootstrap,0.0007011315758299731,0.04206705013569441,0.02294983599307288,0.1551552206838924,0.15149203277094436,0.10956477014443188,0.723237837266951,0.42949389896617296,0.8333333333333334,30
linear,influence,0.0007011315758299731,0.05096579306484196,0.1448111092530983,0.3778959533268129,0.3805405487633326,0.4771458173501933,1.2538632713407418,1.8704116040127576,0.9666666666666667,30
linear,naive,0.0007011315758299731,0.033725756640856426,0.010860686083456125,0.10808164582163568,0.10421461549828856,0.015156477914681006,0.145435242861208,0.05941339342554954,0.13333333333333333,30
