model,method,rmse_alpha,rmse_beta,corr_alpha,corr_beta,mu_true,bias_mean,variance,mse,rmse_mu,empirical_se,se_mean,se_ratio,ci_width,coverage,n_sims,overfit_rate,mean_best_epoch
linear,influence,0.8925125027185866,0.6796092168294192,0.862028030017483,0.6893283526404155,-0.16818094145857462,-0.009869572004154224,0.11740869492342983,0.11750610337497501,0.33685482815528217,0.3426495219950406,0.4897222578655885,1.429222066367501,1.919711250833107,1.0,30,0.006,10.313333333333333
linear,naive,0.8271443110565432,0.668616237742025,0.887177732535943,0.7085139181851302,-0.16818094145857462,-0.05565697655880194,0.012800799392757859,0.015898498432424888,0.1246933885926389,0.1131406177849399,0.02719946662673531,0.2404040843973173,0.10662190917680242,0.4,30,0.0,12.833333333333334
