{
  "train_loss": [
    2.496263155429001,
    1.9293377942779437,
    1.8932242791939213,
    1.8201320902290257,
    1.7597423410740027,
    1.749167950191195,
    1.723431445465607,
    1.6643870029860344,
    1.6444593053285768,
    1.6225123677934918,
    1.600676875049565,
    1.613490393696999,
    1.5664321597741575,
    1.5772771382277786,
    1.5730469697186735,
    1.556188437781907,
    1.5436811030857147,
    1.5036531264008848,
    1.4895893630527315,
    1.470463179514792,
    1.4953394892534702,
    1.4616424053974972,
    1.4863441735438478,
    1.4516157721175629,
    1.428518159373277,
    1.4299860088192686,
    1.4437838383002075
  ],
  "val_loss": [
    1.8427011966705322,
    1.6694917678833008,
    1.6273062229156494,
    1.6156001091003418,
    1.5852144956588745,
    1.576612114906311,
    1.50491464138031,
    1.4892417192459106,
    1.4991105794906616,
    1.4601448774337769,
    1.4586831331253052,
    1.4463176727294922,
    1.479825496673584,
    1.4539176225662231,
    1.4771281480789185,
    1.4453877210617065,
    1.3526300191879272,
    1.3963476419448853,
    1.4676553010940552,
    1.3677031993865967,
    1.4585094451904297,
    1.3970458507537842,
    1.478020191192627,
    1.3846124410629272,
    1.4014025926589966,
    1.4381769895553589,
    1.3682674169540405
  ],
  "best_epoch": 16,
  "status": "ok",
  "grad_norm": [
    2.782408188880791,
    2.5415634134509957,
    2.5222278043904582,
    2.5600410266221565,
    2.4057097850645306,
    2.4727363694624525,
    2.4025346616593444,
    2.336583041442949,
    2.2901879946607857,
    2.367779561614831,
    2.430317512614364,
    2.370753073469092,
    2.3161606434660444,
    2.3971465476418246,
    2.4420820219330723,
    2.35786097615277,
    2.383535722895862,
    2.3214084304256692,
    2.4594223272635407,
    2.3514932640413186,
    2.437483302504305,
    2.3709014382976665,
    2.316234064264853,
    2.347275953172648,
    2.402582885578267,
    2.3428309577784505,
    2.386856989911994
  ],
  "beta_std": [
    0.7517411708831787,
    0.7390903830528259,
    0.7822340130805969,
    0.56545090675354,
    0.8415346145629883,
    0.6827793121337891,
    0.7405855059623718,
    0.6632026433944702,
    0.8657612800598145,
    0.758333146572113,
    0.9506933689117432,
    0.6583394408226013,
    0.6531906723976135,
    0.7245103120803833,
    0.8923682570457458,
    0.7418917417526245,
    0.856974720954895,
    0.7848075032234192,
    0.8979499340057373,
    0.720520555973053,
    0.7773564457893372,
    0.8205164074897766,
    0.7126504182815552,
    0.8319713473320007,
    0.7787114977836609,
    0.9778255820274353,
    0.6881986260414124
  ],
  "beta_mean": [
    -0.14843685925006866,
    -0.2104266881942749,
    -0.29771530628204346,
    -0.31322014331817627,
    -0.3193042278289795,
    -0.06273107975721359,
    -0.1464042067527771,
    -0.20240597426891327,
    -0.19650308787822723,
    -0.18099310994148254,
    -0.23984645307064056,
    -0.12200141698122025,
    -0.1667466163635254,
    -0.31242460012435913,
    -0.19258563220500946,
    -0.17428471148014069,
    -0.2512438893318176,
    -0.30272945761680603,
    -0.10049577057361603,
    -0.34470921754837036,
    -0.226439967751503,
    -0.30202704668045044,
    -0.14850211143493652,
    -0.15383175015449524,
    -0.38621437549591064,
    -0.281220018863678,
    -0.19166584312915802
  ]
}