{
  "train_loss": [
    2.527758697101048,
    1.9506925598564062,
    1.8759828543176456,
    1.8376515856675821,
    1.8014093585025155,
    1.7912869350710152,
    1.7356966469563595,
    1.6924589203598819,
    1.6726515804558926,
    1.676617873066407,
    1.6736171426145938,
    1.6590981038519585,
    1.6130063411059563,
    1.5939619122178645,
    1.5979728254331211,
    1.5906751688916125,
    1.5670491297499123,
    1.5401891690533178,
    1.5296225149885596,
    1.5243041694840065,
    1.5111926473998158,
    1.4764969069941514,
    1.4867988550203457,
    1.4368688909374938,
    1.462986817543739,
    1.465530089185892,
    1.4478808255422684,
    1.453747056022523,
    1.430354166733705,
    1.4340073395748527,
    1.4194912299547606,
    1.4297001878690827,
    1.4320559290260955,
    1.4140593641198953,
    1.4035119392433946,
    1.423931208110991,
    1.3917949864653503,
    1.4341862463356416,
    1.4259995943834993,
    1.4248368675205982,
    1.3933372380782147,
    1.394001701467432,
    1.4072335633020552,
    1.3790687089604314,
    1.3841252397247452,
    1.40622102635788,
    1.3837700390761671,
    1.37743515665569
  ],
  "val_loss": [
    1.9142122268676758,
    1.82448410987854,
    1.9173052310943604,
    1.8983315229415894,
    1.8326982259750366,
    1.7851091623306274,
    1.6411656141281128,
    1.749975562095642,
    1.6477785110473633,
    1.6579331159591675,
    1.6536169052124023,
    1.694654941558838,
    1.6323294639587402,
    1.6097835302352905,
    1.6177457571029663,
    1.6038751602172852,
    1.5541013479232788,
    1.5109835863113403,
    1.4778659343719482,
    1.477878451347351,
    1.521280288696289,
    1.5254185199737549,
    1.4310961961746216,
    1.5312273502349854,
    1.459695816040039,
    1.5206470489501953,
    1.4245877265930176,
    1.4098687171936035,
    1.4019850492477417,
    1.48495614528656,
    1.4392879009246826,
    1.4016509056091309,
    1.444718360900879,
    1.4842771291732788,
    1.3984899520874023,
    1.407092571258545,
    1.42621910572052,
    1.358758807182312,
    1.4721382856369019,
    1.4210699796676636,
    1.394853949546814,
    1.4481981992721558,
    1.428905725479126,
    1.4627944231033325,
    1.3721858263015747,
    1.360669493675232,
    1.370285153388977,
    1.38358473777771
  ],
  "best_epoch": 37,
  "status": "ok",
  "grad_norm": [
    2.7506265673854418,
    2.5929274848042816,
    2.4794309988561216,
    2.3096484742278274,
    2.3159600034047534,
    2.346454390251503,
    2.422721737259454,
    2.297635413790007,
    2.3296296140828554,
    2.3051877994928622,
    2.464783154562451,
    2.4371713657274556,
    2.277866984313922,
    2.282537178664538,
    2.2626070315976667,
    2.2963639954032176,
    2.403663666871659,
    2.3073355497704915,
    2.391058759748234,
    2.4566009044154393,
    2.3335965340957703,
    2.3606673246521295,
    2.331249779827481,
    2.298598301465773,
    2.3724840780572993,
    2.285617922092557,
    2.383020540695276,
    2.3472226039823125,
    2.295153687707761,
    2.2966456981115546,
    2.2899634638467106,
    2.3192546285663624,
    2.301928691245388,
    2.26634321181987,
    2.3508986009349493,
    2.3633124590045234,
    2.261421528910816,
    2.28684693995003,
    2.3338869404056224,
    2.2981767779878375,
    2.2880338113094583,
    2.2591719109032278,
    2.3191362885633526,
    2.2342923259440703,
    2.387154648176706,
    2.2772863566441583,
    2.272391630824508,
    2.312685894985117
  ],
  "beta_std": [
    0.8362056612968445,
    0.8655128479003906,
    0.684240460395813,
    0.8499835133552551,
    0.9936771392822266,
    0.8350788950920105,
    0.6442573666572571,
    0.7373243570327759,
    0.5756980776786804,
    0.6838385462760925,
    0.8704144954681396,
    0.8161347508430481,
    0.6201008558273315,
    0.7524917721748352,
    0.8956544995307922,
    0.874835193157196,
    0.6932584047317505,
    0.8139302730560303,
    0.8679360151290894,
    0.6730080842971802,
    0.7714341282844543,
    0.7987235188484192,
    0.7388338446617126,
    0.7538223266601562,
    0.6601394414901733,
    0.8427836894989014,
    0.6851094961166382,
    0.7494324445724487,
    0.7160453200340271,
    0.7716376781463623,
    0.9392315149307251,
    0.8082948327064514,
    0.7561635971069336,
    0.6954644918441772,
    0.7516026496887207,
    0.8093098998069763,
    0.7916613817214966,
    0.6684819459915161,
    0.91106778383255,
    0.7392721176147461,
    0.7542505264282227,
    0.7554130554199219,
    0.6772006750106812,
    0.7878021001815796,
    0.7811418175697327,
    0.8188276886940002,
    0.8400718569755554,
    0.848479151725769
  ],
  "beta_mean": [
    -0.2010209709405899,
    -0.16923561692237854,
    -0.17463211715221405,
    -0.34696164727211,
    -0.4360619783401489,
    -0.22003977000713348,
    -0.2048184722661972,
    -0.17440415918827057,
    -0.12115495651960373,
    -0.3632279336452484,
    -0.2185908406972885,
    -0.23714689910411835,
    -0.16516268253326416,
    -0.3435683846473694,
    -0.21749886870384216,
    -0.04304113611578941,
    -0.08257967978715897,
    -0.11758994311094284,
    -0.1959957778453827,
    -0.25991541147232056,
    -0.1713174730539322,
    -0.2981370687484741,
    -0.30458346009254456,
    -0.29466304183006287,
    -0.23779860138893127,
    -0.4339989721775055,
    -0.36752963066101074,
    -0.2636548578739166,
    -0.11143682152032852,
    -0.18241560459136963,
    -0.3084084391593933,
    -0.21041239798069,
    -0.25866350531578064,
    -0.025609467178583145,
    -0.21358554065227509,
    -0.24786855280399323,
    -0.2859613597393036,
    -0.1255158632993698,
    -0.2732069790363312,
    -0.13501690328121185,
    -0.17297619581222534,
    -0.4517034888267517,
    -0.2211463451385498,
    -0.3999214768409729,
    -0.2656688988208771,
    -0.3168540894985199,
    -0.25994426012039185,
    -0.19460594654083252
  ]
}