{
  "train_loss": [
    2.592717545589352,
    1.9552542035541838,
    1.9171516834743438,
    1.9063069426283545,
    1.8393211391237048,
    1.8027950389585257,
    1.806168659041528,
    1.7770191303997083,
    1.7283083805962214,
    1.7189916322561078,
    1.7053280111883773,
    1.6972340452968397,
    1.6773103728045682,
    1.6748418118137351,
    1.6417078866980244,
    1.634034625418873,
    1.6337283944326735,
    1.6082682423040169,
    1.634801737791827,
    1.6175942718306906,
    1.6302149530981673,
    1.5836157641443265,
    1.6076378103286502,
    1.5617269370020652,
    1.565011229212322,
    1.5705467804759539
  ],
  "val_loss": [
    1.8139399290084839,
    1.6993862390518188,
    1.7837252616882324,
    1.6737072467803955,
    1.770350694656372,
    1.6124889850616455,
    1.6509815454483032,
    1.5660380125045776,
    1.537145733833313,
    1.529265284538269,
    1.531064510345459,
    1.6234194040298462,
    1.507262945175171,
    1.5607068538665771,
    1.440246343612671,
    1.4277933835983276,
    1.5357606410980225,
    1.5451037883758545,
    1.450388789176941,
    1.5355223417282104,
    1.4757310152053833,
    1.5013898611068726,
    1.445699691772461,
    1.4579275846481323,
    1.4647184610366821,
    1.4726511240005493
  ],
  "best_epoch": 15,
  "status": "ok",
  "grad_norm": [
    2.679951050292461,
    2.426303115579503,
    2.465523757068297,
    2.4961228019917754,
    2.3733962637791053,
    2.2798524733594685,
    2.3515657493348585,
    2.3505047034267115,
    2.2768725839652117,
    2.4674609678116677,
    2.2731532690743155,
    2.296055614699937,
    2.3615249140831365,
    2.3830755686060714,
    2.3213858642858307,
    2.2215151979433507,
    2.209012680867082,
    2.22807111027326,
    2.3089097966844285,
    2.3660158716864528,
    2.4262366582294494,
    2.29321043893916,
    2.241537067629401,
    2.190350571411888,
    2.3193453033104,
    2.379944409691748
  ],
  "beta_std": [
    0.650532066822052,
    0.8515617251396179,
    0.6314375400543213,
    0.7652432918548584,
    0.5575171709060669,
    0.8126550912857056,
    0.7955716252326965,
    0.8400023579597473,
    0.6851677298545837,
    0.707419216632843,
    0.6600267291069031,
    0.6752489805221558,
    0.796357274055481,
    0.8392534255981445,
    0.7226066589355469,
    0.7699532508850098,
    0.6720454096794128,
    0.7967200875282288,
    0.7943055629730225,
    0.7176297903060913,
    0.7595790028572083,
    0.7392274737358093,
    0.6998923420906067,
    0.6788170337677002,
    0.8599457740783691,
    0.6872761845588684
  ],
  "beta_mean": [
    -0.20122306048870087,
    -0.04782310873270035,
    -0.15595665574073792,
    -0.1768806278705597,
    -0.11418221890926361,
    -0.15184244513511658,
    -0.29905426502227783,
    -0.29415163397789,
    -0.2398158758878708,
    -0.112653449177742,
    -0.26095855236053467,
    -0.20953606069087982,
    -0.19459573924541473,
    -0.19934608042240143,
    -0.12318773567676544,
    -0.16949036717414856,
    -0.20412170886993408,
    -0.10254574567079544,
    -0.2372916042804718,
    -0.2833978831768036,
    -0.3041731119155884,
    -0.3298899233341217,
    -0.4017632007598877,
    -0.3438492715358734,
    -0.365186482667923,
    -0.19158326089382172
  ]
}