{
  "train_loss": [
    2.608661620308753,
    1.972240294620834,
    1.8869740591027568,
    1.8612499724710339,
    1.8076945330280296,
    1.7819753245701866,
    1.6934714487080131,
    1.7216620945876417,
    1.69708676051661,
    1.6519897666918177,
    1.6330446418991436,
    1.6073514282568242,
    1.5754856647547681,
    1.5663935869459122,
    1.5252591999209657,
    1.5257967045518006,
    1.5160601370999602,
    1.5269425664629255,
    1.4710472963294206,
    1.4863470930631468,
    1.4545754310495458,
    1.4991447748781062,
    1.4664442037508871,
    1.4826752284216502,
    1.4854121818023474,
    1.448089971023352,
    1.4561881864422304,
    1.4432905582613955,
    1.4523058110624214,
    1.4218708597883887,
    1.438330897073897,
    1.4538096631194999
  ],
  "val_loss": [
    1.902942180633545,
    1.7933979034423828,
    1.7773184776306152,
    1.6539236307144165,
    1.6752068996429443,
    1.6185802221298218,
    1.5565661191940308,
    1.5364582538604736,
    1.5792646408081055,
    1.509785532951355,
    1.5015257596969604,
    1.4729377031326294,
    1.509106159210205,
    1.463227391242981,
    1.3699440956115723,
    1.45388925075531,
    1.395821213722229,
    1.443310260772705,
    1.3954228162765503,
    1.3614259958267212,
    1.4563031196594238,
    1.3532191514968872,
    1.3728312253952026,
    1.4679754972457886,
    1.3716171979904175,
    1.4001588821411133,
    1.5066133737564087,
    1.386562466621399,
    1.4101052284240723,
    1.505061388015747,
    1.42470383644104,
    1.3976465463638306
  ],
  "best_epoch": 21,
  "status": "ok",
  "grad_norm": [
    2.692886407326723,
    2.4707283778843636,
    2.4031054555527254,
    2.379328820733246,
    2.2558553678688447,
    2.329916864038206,
    2.2356632223416986,
    2.2816312683935815,
    2.3950155680733185,
    2.3674955486884017,
    2.4456225824540474,
    2.424983007314443,
    2.440736831628624,
    2.4187079703806633,
    2.3005464629472203,
    2.3852822101297404,
    2.3308473417760562,
    2.405981926130793,
    2.2599460419493047,
    2.2968231050208185,
    2.289205680785304,
    2.362925527485939,
    2.324772143089015,
    2.374572114922452,
    2.413151129536051,
    2.275037090617004,
    2.319403877171323,
    2.2876740553192882,
    2.309836931783493,
    2.3109855089864686,
    2.32583341017792,
    2.300750312227537
  ],
  "beta_std": [
    0.721051812171936,
    0.5475782752037048,
    0.7908746004104614,
    0.6911242604255676,
    0.5979160666465759,
    0.8426361680030823,
    0.7438552975654602,
    0.731353759765625,
    0.7434180974960327,
    0.6538428068161011,
    0.5993878841400146,
    0.6921771168708801,
    0.7434812188148499,
    0.6332894563674927,
    0.8341805338859558,
    0.6336796879768372,
    0.7576807737350464,
    0.6474392414093018,
    0.7595134973526001,
    0.7732160687446594,
    0.7701812386512756,
    0.7265356183052063,
    0.7952132225036621,
    0.6969528794288635,
    0.6976354718208313,
    0.6722845435142517,
    0.5867272615432739,
    0.7998543977737427,
    0.6860546469688416,
    0.8135338425636292,
    0.6328425407409668,
    0.7613743543624878
  ],
  "beta_mean": [
    -0.16591420769691467,
    -0.1381867378950119,
    -0.04162026196718216,
    -0.39260292053222656,
    -0.3109523057937622,
    -0.1418922245502472,
    -0.14026333391666412,
    -0.1890219897031784,
    -0.251585990190506,
    -0.216340571641922,
    -0.206146240234375,
    -0.18535193800926208,
    -0.4023856818675995,
    -0.359871506690979,
    -0.19911473989486694,
    -0.4103788435459137,
    -0.1867324411869049,
    -0.13037239015102386,
    -0.021836981177330017,
    -0.1389763206243515,
    -0.3048328757286072,
    -0.1797897070646286,
    -0.1798418015241623,
    -0.2375883013010025,
    -0.12713435292243958,
    -0.29096513986587524,
    -0.18181267380714417,
    -0.23763002455234528,
    -0.20099307596683502,
    -0.39831072092056274,
    0.10673403739929199,
    -0.3074292242527008
  ]
}