{
  "train_loss": [
    2.4735613089667425,
    1.8794737203386094,
    1.7963114049699571,
    1.7381512047449748,
    1.6998729816012912,
    1.6910427052179973,
    1.6662605673472086,
    1.6747446872923109,
    1.6099450498157077,
    1.6258900703854031,
    1.6054605257246228,
    1.576767621782091,
    1.5807897364298502,
    1.5635898993810018,
    1.542256732304891,
    1.5178032694922554,
    1.5156832211812337,
    1.4608509203592936,
    1.4646072958840264,
    1.4480443552864923,
    1.4395284808476767,
    1.4671256385379368,
    1.4599233425988092,
    1.4570741656621298,
    1.4390763653649223,
    1.4346920141643948,
    1.4438188303841486,
    1.4093495621151395,
    1.4303002620273166,
    1.406184117211236,
    1.4221039073732165,
    1.3999953213797676
  ],
  "val_loss": [
    1.8105109930038452,
    1.6823627948760986,
    1.564272165298462,
    1.5484973192214966,
    1.504043698310852,
    1.5171623229980469,
    1.5364831686019897,
    1.4313539266586304,
    1.4009277820587158,
    1.5281944274902344,
    1.4522078037261963,
    1.4065090417861938,
    1.367676019668579,
    1.3949694633483887,
    1.583674669265747,
    1.3811697959899902,
    1.3614237308502197,
    1.2937384843826294,
    1.2831146717071533,
    1.3181352615356445,
    1.3801147937774658,
    1.2696107625961304,
    1.2973164319992065,
    1.323475956916809,
    1.294715166091919,
    1.27738618850708,
    1.3199089765548706,
    1.3922781944274902,
    1.3013142347335815,
    1.3233224153518677,
    1.2827399969100952,
    1.3097835779190063
  ],
  "best_epoch": 21,
  "status": "ok",
  "grad_norm": [
    2.771905658212138,
    2.359419219971702,
    2.350980802376853,
    2.380610451878118,
    2.2836403193569628,
    2.392133949526061,
    2.338196102533868,
    2.386968254239941,
    2.2267347251453775,
    2.2885516155186014,
    2.307280549372752,
    2.3154837129519277,
    2.305676563599874,
    2.365055456844556,
    2.382195875935041,
    2.380895307527869,
    2.3591431532915372,
    2.3452877677863806,
    2.3030346586951054,
    2.3042117897049286,
    2.3374141161136315,
    2.381424589705959,
    2.342993807137012,
    2.371366949490438,
    2.367750820396929,
    2.245162556253071,
    2.346673956541726,
    2.2289529176788005,
    2.38799474467197,
    2.282966715271053,
    2.325603225722381,
    2.2840734560528095
  ],
  "beta_std": [
    0.6829566955566406,
    0.7611993551254272,
    0.6568114757537842,
    0.6953598856925964,
    0.6609393954277039,
    0.6989290118217468,
    0.5622054934501648,
    0.8047888875007629,
    0.7768079042434692,
    0.5682596564292908,
    0.675457239151001,
    0.7545008063316345,
    0.8830031156539917,
    0.6415948867797852,
    0.6710937023162842,
    0.6540097594261169,
    0.6152446866035461,
    0.7942325472831726,
    0.8151450157165527,
    0.6683856844902039,
    0.6631951928138733,
    0.6833624839782715,
    0.7559123039245605,
    0.7241406440734863,
    0.7698503136634827,
    0.8165955543518066,
    0.7998085021972656,
    0.7234630584716797,
    0.771250307559967,
    0.7493885159492493,
    0.7433780431747437,
    0.8192178606987
  ],
  "beta_mean": [
    -0.30615973472595215,
    -0.1533868908882141,
    -0.13858789205551147,
    -0.18751434981822968,
    -0.059611983597278595,
    -0.08415378630161285,
    -0.044840145856142044,
    -0.16612301766872406,
    -0.07109150290489197,
    -0.154850572347641,
    -0.030173445120453835,
    -0.14493383467197418,
    -0.20441298186779022,
    -0.24069175124168396,
    -0.25748348236083984,
    -0.3111245036125183,
    -0.26708343625068665,
    -0.04852756857872009,
    -0.04785505309700966,
    -0.12359703332185745,
    -0.04028242081403732,
    -0.03296598419547081,
    0.014529633335769176,
    -0.023433730006217957,
    -0.02004666067659855,
    -0.18155930936336517,
    -0.28445491194725037,
    -0.21662355959415436,
    -0.2746002674102783,
    -0.1935003101825714,
    -0.20693227648735046,
    -0.25101643800735474
  ]
}