{
  "train_loss": [
    2.6171694668663874,
    1.9394159035152858,
    1.9032762065463595,
    1.8513190246158175,
    1.8384908209906683,
    1.8176677128473917,
    1.7639693077935112,
    1.7741341384251912,
    1.7178364463382296,
    1.7270631470150417,
    1.6831461177402072,
    1.7042384872436522,
    1.6834484816657171,
    1.6825122569402058,
    1.6729938271840414,
    1.678678630510966,
    1.6821694866816204,
    1.616265981250339,
    1.5784160860909355,
    1.5731292068693372,
    1.5681243895424737,
    1.5457665373484293,
    1.548125187555949,
    1.5202078200446234,
    1.516961977005005,
    1.5160540541542902,
    1.5143242609235976,
    1.48945863087972,
    1.5022381489011976,
    1.4542395355436537,
    1.4716566519207424,
    1.47893146832784,
    1.4830390105777316,
    1.469456165737576,
    1.4698496549394395,
    1.454645711686876,
    1.4728482302559747,
    1.4610346409479777,
    1.4522814660602146,
    1.4452210330963136,
    1.4484676869710287
  ],
  "val_loss": [
    1.820401668548584,
    1.7180776596069336,
    1.6636836528778076,
    1.6680994033813477,
    1.6345762014389038,
    1.5806357860565186,
    1.6746927499771118,
    1.5217399597167969,
    1.6015640497207642,
    1.5934932231903076,
    1.5609852075576782,
    1.5385236740112305,
    1.5696187019348145,
    1.5837693214416504,
    1.4968923330307007,
    1.5274690389633179,
    1.6482949256896973,
    1.5044550895690918,
    1.4901912212371826,
    1.4474420547485352,
    1.4655615091323853,
    1.4407191276550293,
    1.4065954685211182,
    1.428756833076477,
    1.4264891147613525,
    1.3939154148101807,
    1.384371042251587,
    1.3977307081222534,
    1.3711565732955933,
    1.4077367782592773,
    1.346377968788147,
    1.4022440910339355,
    1.4480602741241455,
    1.3815606832504272,
    1.366393804550171,
    1.349841833114624,
    1.3573821783065796,
    1.4111053943634033,
    1.3690115213394165,
    1.439622402191162,
    1.3703625202178955
  ],
  "best_epoch": 30,
  "status": "ok",
  "grad_norm": [
    2.8066707102914443,
    2.463604108103817,
    2.429589397645841,
    2.305739566054283,
    2.457982355571038,
    2.3449361780143967,
    2.260961997060036,
    2.4345001146447816,
    2.355133488787166,
    2.327020030174555,
    2.2736579560178876,
    2.398281404113683,
    2.3273206555097543,
    2.3941173049884137,
    2.291820146948165,
    2.245127764599513,
    2.3516830557348385,
    2.3531576697096095,
    2.3254185275363475,
    2.4162940033837144,
    2.3523246993448352,
    2.3865466711246666,
    2.4308349140849,
    2.410092516699432,
    2.3532137668557653,
    2.3508810424667654,
    2.417058874487328,
    2.4679036683511213,
    2.38521975716159,
    2.3037649218795697,
    2.3121471835834484,
    2.3615929657867185,
    2.344829386253468,
    2.4838389860433687,
    2.3398634315635345,
    2.3078573481688003,
    2.401776477819125,
    2.4155343147753374,
    2.3060148149127726,
    2.321238090898119,
    2.323300362298598
  ],
  "beta_std": [
    0.6172566413879395,
    0.7686288356781006,
    0.6568157076835632,
    0.7434902787208557,
    0.8232914209365845,
    0.8989696502685547,
    0.707475483417511,
    0.7310920357704163,
    0.8601681590080261,
    0.6466866135597229,
    0.6940480470657349,
    0.6309685111045837,
    0.6964804530143738,
    0.8050794005393982,
    0.6448607444763184,
    0.6628905534744263,
    0.7115998864173889,
    0.6464435458183289,
    0.7185378074645996,
    0.8396331071853638,
    0.6830074191093445,
    0.7273942232131958,
    0.6676312685012817,
    0.7203622460365295,
    0.8228639364242554,
    0.7320141792297363,
    0.8501266241073608,
    0.8558895587921143,
    0.6475322842597961,
    0.7364903688430786,
    0.7890399098396301,
    0.7517045140266418,
    0.7398697137832642,
    0.6528064012527466,
    0.6252164840698242,
    0.7043809294700623,
    0.7535763382911682,
    0.6592370271682739,
    0.8132287859916687,
    0.6533971428871155,
    0.7129709124565125
  ],
  "beta_mean": [
    -0.037398070096969604,
    -0.29444172978401184,
    -0.35110971331596375,
    -0.30433687567710876,
    -0.1450827270746231,
    -0.28749844431877136,
    -0.3813932538032532,
    -0.30643075704574585,
    -0.20907403528690338,
    -0.07474923133850098,
    -0.19888359308242798,
    0.02682461589574814,
    -0.21539221704006195,
    -0.16608425974845886,
    -0.26902270317077637,
    -0.176669642329216,
    -0.036896780133247375,
    0.027627432718873024,
    -0.3264448344707489,
    -0.25330185890197754,
    -0.3840901851654053,
    -0.08420456945896149,
    -0.15941300988197327,
    -0.22156953811645508,
    -0.11851131916046143,
    -0.01032488513737917,
    -0.22170428931713104,
    -0.2856787145137787,
    -0.21946847438812256,
    -0.1512371003627777,
    -0.22818580269813538,
    -0.14882473647594452,
    -0.309548020362854,
    -0.2687375843524933,
    -0.0825188010931015,
    -0.2038252353668213,
    -0.4119589924812317,
    -0.21418054401874542,
    -0.4028218686580658,
    -0.252483993768692,
    -0.11238247156143188
  ]
}