{
  "train_loss": [
    2.5904874094187864,
    2.121247253334313,
    1.9584870615061263,
    1.9319749942299915,
    1.8673318331980566,
    1.834874689760264,
    1.7794484629547387,
    1.762670553776256,
    1.7488843530799911,
    1.6761666185256334,
    1.6421298623782152,
    1.6530715462757133,
    1.6701147323463394,
    1.6390079058820044,
    1.5653528574335644,
    1.587979996246204,
    1.5823038740743671,
    1.5718358980424223,
    1.5223956681970965,
    1.541527115782799,
    1.5202572102853429,
    1.5069293035540665,
    1.4956097293597215,
    1.4891690921504595,
    1.4830869154902229,
    1.5276284568909315,
    1.4772477475383825,
    1.455486981408638,
    1.468382470273135,
    1.4845778083243566,
    1.4318167011919078,
    1.4475694782413238,
    1.4419964009558248,
    1.454692792711202,
    1.445438149519134,
    1.425463955304776,
    1.4201213459382978,
    1.4100595874395985,
    1.4572569753412614
  ],
  "val_loss": [
    1.8558783531188965,
    1.7498745918273926,
    1.6945722103118896,
    1.8029801845550537,
    1.7541539669036865,
    1.597041368484497,
    1.5881662368774414,
    1.6020578145980835,
    1.534022569656372,
    1.5860055685043335,
    1.519645094871521,
    1.4686509370803833,
    1.4866548776626587,
    1.515967845916748,
    1.504836082458496,
    1.4453107118606567,
    1.5028132200241089,
    1.529758334159851,
    1.4133599996566772,
    1.438900113105774,
    1.4023797512054443,
    1.388018250465393,
    1.4246830940246582,
    1.378401756286621,
    1.459324598312378,
    1.420344591140747,
    1.397179126739502,
    1.4348353147506714,
    1.3421739339828491,
    1.4219719171524048,
    1.4146652221679688,
    1.4528188705444336,
    1.4772753715515137,
    1.433392882347107,
    1.3947407007217407,
    1.4154525995254517,
    1.4584497213363647,
    1.3861624002456665,
    1.4220824241638184
  ],
  "best_epoch": 28,
  "status": "ok",
  "grad_norm": [
    3.2453243731002392,
    3.362524204275333,
    2.884935096267101,
    3.1323972589668796,
    3.043008288096244,
    2.971593144645186,
    2.7658631764503894,
    2.9868286734733167,
    3.0275273283332806,
    2.7064491314695553,
    2.6986983716895274,
    2.8111147057609025,
    2.8300694969900233,
    2.8951865759268043,
    2.7054219024401407,
    2.8508420562714782,
    2.8794628359810006,
    2.9335374186842005,
    2.743103325538388,
    2.736298441223742,
    2.8207155353712468,
    2.7645447064934814,
    2.7462372719912205,
    2.740459230283565,
    2.711371716812134,
    2.8743858416226593,
    2.687692931803301,
    2.7969132896161013,
    2.7530081595605393,
    2.8024523697550388,
    2.7458243248432868,
    2.6829038808508816,
    2.7510054365311727,
    2.7701324028608934,
    2.8389563328661276,
    2.7627670675804104,
    2.7204601103238044,
    2.7494116009794016,
    2.8582011438426966
  ],
  "beta_std": [
    0.58115154504776,
    0.6529610753059387,
    0.7187228798866272,
    0.6013804078102112,
    0.6803269386291504,
    0.6808059811592102,
    0.6382225751876831,
    0.568920373916626,
    0.6519981026649475,
    0.9023969173431396,
    0.7072973847389221,
    0.7093242406845093,
    0.7300978899002075,
    0.6012759208679199,
    0.5824229717254639,
    0.6651870608329773,
    0.7346010208129883,
    0.6357771754264832,
    0.7279482483863831,
    0.6151390671730042,
    0.6284999251365662,
    0.698887050151825,
    0.6279271841049194,
    0.7047262787818909,
    0.6683766841888428,
    0.6153873801231384,
    0.6622750759124756,
    0.6437216401100159,
    0.6996384263038635,
    0.6606674194335938,
    0.6828214526176453,
    0.7205045819282532,
    0.7929624915122986,
    0.8150303363800049,
    0.7912654876708984,
    0.6665458083152771,
    0.6685361266136169,
    0.6531180739402771,
    0.7813597321510315
  ],
  "beta_mean": [
    -0.17051631212234497,
    -0.3075859546661377,
    -0.1741756945848465,
    -0.40868905186653137,
    -0.13744646310806274,
    -0.22628717124462128,
    -0.31924885511398315,
    -0.29825741052627563,
    -0.23693478107452393,
    -0.24042947590351105,
    -0.22413784265518188,
    -0.2953256666660309,
    -0.38767293095588684,
    -0.20633305609226227,
    -0.2615807056427002,
    -0.19986404478549957,
    -0.21002544462680817,
    -0.17588825523853302,
    -0.1947241872549057,
    -0.2518613338470459,
    -0.3085757791996002,
    -0.17663416266441345,
    -0.21907418966293335,
    -0.19859272241592407,
    -0.31254956126213074,
    -0.27886950969696045,
    -0.18091589212417603,
    -0.20582246780395508,
    -0.21494060754776,
    -0.18808719515800476,
    -0.13041669130325317,
    -0.2179449498653412,
    -0.20024791359901428,
    -0.2221837043762207,
    -0.20010586082935333,
    -0.25920721888542175,
    -0.21926984190940857,
    -0.28002282977104187,
    -0.2174563854932785
  ]
}