{
  "train_loss": [
    2.4889245972438165,
    2.0336459031021388,
    1.9458461880823326,
    1.8582716235501027,
    1.873812482789246,
    1.795196064062286,
    1.7377860426484493,
    1.6927627566265084,
    1.647103804091961,
    1.6133608081047994,
    1.5911828264716077,
    1.6260638006388792,
    1.6054961149594937,
    1.5361203802119918,
    1.5658693521064624,
    1.5314733538432428,
    1.53960457888263,
    1.5303104915953518,
    1.500571634365104,
    1.5170690973739178,
    1.4606695222018058,
    1.4896671669385586,
    1.423876279223035,
    1.4653262657031678,
    1.4525397012665955,
    1.4490751772317272,
    1.469165235374406,
    1.4837464973940486
  ],
  "val_loss": [
    1.972611904144287,
    1.9754970073699951,
    1.881740927696228,
    1.8366442918777466,
    1.770026445388794,
    1.7362780570983887,
    1.6543753147125244,
    1.5828946828842163,
    1.6068934202194214,
    1.4796507358551025,
    1.5078645944595337,
    1.5890779495239258,
    1.492775797843933,
    1.5014389753341675,
    1.518057107925415,
    1.4630261659622192,
    1.4646666049957275,
    1.3853135108947754,
    1.4780491590499878,
    1.4250462055206299,
    1.4963383674621582,
    1.4625061750411987,
    1.4748600721359253,
    1.4945119619369507,
    1.4472838640213013,
    1.4505926370620728,
    1.4817261695861816,
    1.420375943183899
  ],
  "best_epoch": 17,
  "status": "ok",
  "grad_norm": [
    3.198108603714169,
    3.1685671213276003,
    2.9854889387825376,
    2.8808871822549684,
    3.096054221617411,
    2.8467423617103833,
    2.856574067526432,
    2.9018197149410074,
    2.7767927633602554,
    2.907187262817043,
    2.9313960205945917,
    2.828661809404545,
    2.945624028650374,
    2.826510978791372,
    2.907180291383105,
    2.744310072620783,
    2.8855709983955995,
    2.884993772208731,
    2.7712731393983976,
    3.0127733880590455,
    2.775180288738032,
    2.798733242902252,
    2.6986819427466866,
    2.80755378633963,
    2.8271176550017394,
    2.8342081844035887,
    2.8390086202816525,
    2.9539267471286657
  ],
  "beta_std": [
    0.787295937538147,
    0.7636382579803467,
    0.7448922395706177,
    0.7177681922912598,
    0.7273890376091003,
    0.7626043558120728,
    0.6880528330802917,
    0.7520442605018616,
    0.6799159049987793,
    0.6945375204086304,
    0.9072207808494568,
    0.6611810922622681,
    0.7208507657051086,
    0.735034167766571,
    0.8137421011924744,
    0.8059391379356384,
    0.6560847163200378,
    0.7999024391174316,
    0.6490005850791931,
    0.7116709351539612,
    0.7439620494842529,
    0.711243748664856,
    0.7559325695037842,
    0.7725353240966797,
    0.5840656757354736,
    0.7587907314300537,
    0.6793419718742371,
    0.8303384184837341
  ],
  "beta_mean": [
    -0.18550840020179749,
    0.0021238175686448812,
    -0.33805355429649353,
    -0.24196498095989227,
    -0.2922498285770416,
    -0.06209177151322365,
    -0.16313053667545319,
    -0.18547698855400085,
    0.028748644515872,
    -0.13684330880641937,
    -0.33956363797187805,
    -0.36340972781181335,
    -0.25923505425453186,
    -0.1496814638376236,
    -0.1639402061700821,
    -0.0838623046875,
    -0.00826734397560358,
    -0.26659536361694336,
    -0.3643667697906494,
    -0.030337851494550705,
    -0.24025709927082062,
    -0.2621710002422333,
    -0.21665726602077484,
    -0.23635737597942352,
    -0.347425252199173,
    0.04799025133252144,
    -0.06320256739854813,
    -0.2451711744070053
  ]
}