{
  "train_loss": [
    2.4293823190599855,
    1.9679203077784755,
    1.9048645948108873,
    1.8575793807269536,
    1.8047702943233022,
    1.7995180775268733,
    1.7524331956997252,
    1.75561681482527,
    1.6956547964107223,
    1.6819324524918495,
    1.6609675450352896,
    1.6593796706617925,
    1.6415052968856187,
    1.6295281019545438,
    1.5753696790215566,
    1.5893202780282984,
    1.596410898074769,
    1.561103324527629,
    1.5326631986049184,
    1.5003276046674852,
    1.5223166107155426,
    1.5093751988215753,
    1.475259259486059,
    1.4610514532613474,
    1.4608182746206808,
    1.449347846298887,
    1.4605668860987613,
    1.437449245592307,
    1.4331146578342593,
    1.4319645220215558,
    1.4265863013406943,
    1.3925549998478584,
    1.4456638557311388
  ],
  "val_loss": [
    1.7701996564865112,
    1.8806018829345703,
    1.6980326175689697,
    1.835588812828064,
    1.7037765979766846,
    1.6562004089355469,
    1.7237898111343384,
    1.8100273609161377,
    1.7007745504379272,
    1.65216064453125,
    1.7942659854888916,
    1.6729267835617065,
    1.7227983474731445,
    1.6790249347686768,
    1.6296391487121582,
    1.6289798021316528,
    1.6186707019805908,
    1.600950837135315,
    1.6217225790023804,
    1.528059959411621,
    1.5589369535446167,
    1.5744757652282715,
    1.4698259830474854,
    1.5392147302627563,
    1.5210163593292236,
    1.4884955883026123,
    1.5352153778076172,
    1.517654538154602,
    1.561112642288208,
    1.5776463747024536,
    1.4882949590682983,
    1.495193600654602,
    1.5141608715057373
  ],
  "best_epoch": 22,
  "status": "ok",
  "grad_norm": [
    3.549530513197363,
    2.915358631406671,
    2.896547406926099,
    3.0393311801408225,
    3.0278870664646176,
    2.9130558267652797,
    2.8137019815776587,
    3.090485737157448,
    2.83740855087161,
    2.870410096060276,
    2.8580407817371345,
    2.9587939081432384,
    2.88530460419501,
    2.953506003932035,
    2.662891610758811,
    2.815555031980487,
    2.9499582163114955,
    2.6780534586576437,
    2.7091761190190673,
    2.6846599174987373,
    2.828149168284708,
    2.7314792361190134,
    2.7447567919290097,
    2.626219463301789,
    2.7352281050257456,
    2.6773681651911305,
    2.8492868978189585,
    2.707530193191769,
    2.7319878401584154,
    2.7621661988345263,
    2.7982511973441127,
    2.743618105837235,
    2.810665842094557
  ],
  "beta_std": [
    0.6676269173622131,
    0.7034420967102051,
    0.7985612750053406,
    0.7283061146736145,
    0.7950046062469482,
    0.6970825791358948,
    0.6381885409355164,
    0.5763228535652161,
    0.7891976237297058,
    0.7516289353370667,
    0.7756037712097168,
    0.527337908744812,
    0.7419663071632385,
    0.6199224591255188,
    0.7353715896606445,
    0.7324051260948181,
    0.5899983048439026,
    0.5620161294937134,
    0.7058262825012207,
    0.8142076134681702,
    0.820033848285675,
    0.7513773441314697,
    0.6603676676750183,
    0.6918355226516724,
    0.778851330280304,
    0.7407286763191223,
    0.7368668913841248,
    0.6791523098945618,
    0.7149910926818848,
    0.8053209185600281,
    0.7548195719718933,
    0.7717580795288086,
    0.6533039212226868
  ],
  "beta_mean": [
    -0.06352760642766953,
    -0.06737278401851654,
    -0.4339052736759186,
    -0.33800023794174194,
    -0.2580243945121765,
    -0.21186362206935883,
    -0.2081144005060196,
    -0.015169539488852024,
    -0.40010973811149597,
    -0.23082740604877472,
    -0.24055364727973938,
    -0.18324477970600128,
    -0.293486088514328,
    -0.37404149770736694,
    -0.30157068371772766,
    -0.20392578840255737,
    -0.3375721573829651,
    -0.3133675456047058,
    -0.31621748208999634,
    -0.23138116300106049,
    -0.24997179210186005,
    -0.17684783041477203,
    -0.1825321912765503,
    -0.20518285036087036,
    -0.187822163105011,
    -0.21095453202724457,
    -0.38448554277420044,
    -0.2293653041124344,
    -0.27944403886795044,
    0.027795104309916496,
    -0.2638342082500458,
    -0.3094007670879364,
    -0.28300487995147705
  ]
}