{
  "train_loss": [
    2.493575146044904,
    1.9712400572760063,
    1.9206301893267714,
    1.8925044052782114,
    1.8004424474532144,
    1.7799957357930858,
    1.7491916382103636,
    1.72657452583313,
    1.7021373553025094,
    1.6768228854909975,
    1.6564318223864014,
    1.652480400319685,
    1.6276127846756874,
    1.581986707971807,
    1.5731842081728038,
    1.5375773476578338,
    1.5527068523775067,
    1.5437169651399578,
    1.5262700465687535,
    1.4980560632058753,
    1.5135878793816817,
    1.4941414782596611,
    1.4718023293617872,
    1.4667213060423645,
    1.4327073833956356,
    1.4529991084650944,
    1.4380373951426724,
    1.4486385597541318,
    1.4666553017967625,
    1.4086880762256377,
    1.439242339357298,
    1.4048045404891523,
    1.4413002986796417,
    1.4400726723252681
  ],
  "val_loss": [
    1.941062092781067,
    1.699105143547058,
    1.7091357707977295,
    1.7424585819244385,
    1.7649930715560913,
    1.7615914344787598,
    1.6281222105026245,
    1.6391772031784058,
    1.6691832542419434,
    1.6487095355987549,
    1.4977389574050903,
    1.5938421487808228,
    1.5984007120132446,
    1.5193861722946167,
    1.4494816064834595,
    1.4028847217559814,
    1.6457653045654297,
    1.519166111946106,
    1.471009612083435,
    1.5536636114120483,
    1.477799415588379,
    1.4636435508728027,
    1.4775878190994263,
    1.389438509941101,
    1.465397596359253,
    1.5147398710250854,
    1.4814563989639282,
    1.465770959854126,
    1.4679301977157593,
    1.4664252996444702,
    1.5493786334991455,
    1.483528733253479,
    1.4645771980285645,
    1.4191838502883911
  ],
  "best_epoch": 23,
  "status": "ok",
  "grad_norm": [
    3.4158392887474753,
    2.8890370047920535,
    2.983423915981458,
    3.0605312134697082,
    2.8133185808369827,
    2.9568841021914896,
    2.862987991528365,
    2.9511764016221957,
    2.8095572858548565,
    2.789633372914301,
    2.7717621874642204,
    2.8269023146480254,
    2.764013976113837,
    2.6703240744586743,
    2.706774972984882,
    2.717853226088924,
    2.585720277114042,
    2.7444769406437515,
    2.8738624472897687,
    2.7287333867132357,
    2.8012070629550543,
    2.802640003836589,
    2.69282363540653,
    2.6386181748055444,
    2.64667172306923,
    2.7894658117939497,
    2.685338685347833,
    2.762098714122437,
    2.917074374422512,
    2.6357842414685186,
    2.789201533707519,
    2.650953244759772,
    2.7016609075009494,
    2.762526420791562
  ],
  "beta_std": [
    0.5794667601585388,
    0.8170191645622253,
    0.6985977292060852,
    0.6138715744018555,
    0.6356752514839172,
    0.8179606795310974,
    0.5776936411857605,
    0.7919207215309143,
    0.7791483998298645,
    0.7127670645713806,
    0.8843739032745361,
    0.826890230178833,
    0.7399990558624268,
    0.7990904450416565,
    0.7665545344352722,
    0.7860081791877747,
    0.7451608180999756,
    0.7319223284721375,
    0.8067107200622559,
    0.866024374961853,
    0.8020827770233154,
    0.7528766989707947,
    0.8307126760482788,
    0.7381584048271179,
    0.8609064221382141,
    0.7355388402938843,
    0.7954621911048889,
    0.7679232358932495,
    0.7272645831108093,
    0.8659418225288391,
    0.7741251587867737,
    0.7434053421020508,
    0.6351220011711121,
    0.827306866645813
  ],
  "beta_mean": [
    -0.0499090738594532,
    -0.16499140858650208,
    -0.2804936170578003,
    -0.17337334156036377,
    -0.003745871130377054,
    -0.22255155444145203,
    -0.27266013622283936,
    -0.08445263653993607,
    -0.09052113443613052,
    -0.1504027396440506,
    -0.11012468487024307,
    -0.18884789943695068,
    -0.17233732342720032,
    -0.20791204273700714,
    -0.18457338213920593,
    -0.2686326801776886,
    -0.1643945425748825,
    -0.3102690279483795,
    -0.17216455936431885,
    -0.37802815437316895,
    -0.14079269766807556,
    -0.19944949448108673,
    -0.1991170346736908,
    -0.21602174639701843,
    -0.11819275468587875,
    -0.05407183617353439,
    -0.1867208182811737,
    -0.320850670337677,
    -0.292479544878006,
    -0.48280537128448486,
    -0.01935783587396145,
    -0.04347723722457886,
    0.039590127766132355,
    -0.18078085780143738
  ]
}