{
  "train_loss": [
    2.309076228950456,
    1.9199859198910452,
    1.8719593921181752,
    1.7306424211479767,
    1.7409914580004955,
    1.7040908065873976,
    1.6684670538930169,
    1.6457827330472177,
    1.619178786277771,
    1.5791771323220771,
    1.5577853248830427,
    1.5767222687514901,
    1.5375156653554816,
    1.5190903141066345,
    1.493242068597448,
    1.4627156745062935,
    1.5080487174039696,
    1.4741418550446717,
    1.4522738962285002,
    1.436500591255768,
    1.4274978671715273,
    1.4183320950625236,
    1.42710646434137,
    1.4140363134138765,
    1.3747987231873628,
    1.3879288626274868,
    1.3936898574494478,
    1.3580923263371338,
    1.3822608509956047,
    1.3600680885538023,
    1.3757413736979167,
    1.3587393873895122,
    1.3406731897766828,
    1.3503103245908057,
    1.3491028611701832,
    1.3549346903750772,
    1.3554991998170551,
    1.3367973574978567,
    1.3267199572903372,
    1.2964481324759143,
    1.3580406623416477,
    1.2996509777314482
  ],
  "val_loss": [
    1.858766794204712,
    1.825814127922058,
    1.728879451751709,
    1.8711553812026978,
    1.5902155637741089,
    1.668581247329712,
    1.5708143711090088,
    1.5805617570877075,
    1.49290931224823,
    1.5839228630065918,
    1.4302204847335815,
    1.5868669748306274,
    1.5898553133010864,
    1.466538906097412,
    1.5267621278762817,
    1.5104223489761353,
    1.4562735557556152,
    1.3951246738433838,
    1.4701573848724365,
    1.4045594930648804,
    1.4160279035568237,
    1.3952829837799072,
    1.3638861179351807,
    1.4174314737319946,
    1.4384453296661377,
    1.3972601890563965,
    1.5083256959915161,
    1.4436506032943726,
    1.354019045829773,
    1.3506083488464355,
    1.428800106048584,
    1.331457495689392,
    1.379722237586975,
    1.4998779296875,
    1.3769162893295288,
    1.4240992069244385,
    1.334782600402832,
    1.4531044960021973,
    1.4263540506362915,
    1.4713681936264038,
    1.4634453058242798,
    1.4123159646987915
  ],
  "best_epoch": 31,
  "status": "ok",
  "grad_norm": [
    3.196201238614531,
    2.868174477207617,
    3.0247121356392395,
    2.6275416661503166,
    2.8868997221163344,
    2.7312484268290236,
    2.655742521959674,
    2.7829864452372095,
    2.7324324827967623,
    2.684540965171613,
    2.5882297573728748,
    2.7940565696121324,
    2.7570317358625736,
    2.6699941604810853,
    2.647467062752893,
    2.7194363203280627,
    2.7946064310391123,
    2.6311936432747185,
    2.674256521772786,
    2.700572734241256,
    2.686760052064183,
    2.6350689698533607,
    2.7389193337557223,
    2.6759860106572697,
    2.6509488464543765,
    2.707947870896206,
    2.6987678011520204,
    2.6520200035772046,
    2.762401903265336,
    2.5997577620381658,
    2.7332568517051214,
    2.6472255637683055,
    2.5864253077324832,
    2.736072970771119,
    2.8003701494542836,
    2.7406091759944062,
    2.7201492917141628,
    2.5675528538856773,
    2.5854295730437653,
    2.621266939111006,
    2.784231278961692,
    2.562100015774604
  ],
  "beta_std": [
    0.6345953345298767,
    0.5404961705207825,
    0.7178980708122253,
    0.8994922637939453,
    0.7601186633110046,
    0.604858934879303,
    0.674896240234375,
    0.7374299168586731,
    0.6941922903060913,
    0.8012837171554565,
    0.7213572859764099,
    0.766957700252533,
    0.5659875273704529,
    0.6956115961074829,
    0.6138840913772583,
    0.5751212239265442,
    0.7341838479042053,
    0.76930832862854,
    0.7244330048561096,
    0.7291733026504517,
    0.6714590787887573,
    0.7285177707672119,
    0.7676790952682495,
    0.622706413269043,
    0.7718636989593506,
    0.6866725087165833,
    0.6036115884780884,
    0.6069002747535706,
    0.7441937327384949,
    0.8045907020568848,
    0.7131326198577881,
    0.8692547678947449,
    0.644285261631012,
    0.769494891166687,
    0.6441075801849365,
    0.7113778591156006,
    0.7379676103591919,
    0.7015553712844849,
    0.6061261296272278,
    0.6726738810539246,
    0.694804847240448,
    0.7421432733535767
  ],
  "beta_mean": [
    -0.35509663820266724,
    -0.15640345215797424,
    -0.15355615317821503,
    -0.4580487012863159,
    -0.2707288861274719,
    -0.21812380850315094,
    -0.24109405279159546,
    -0.03566119447350502,
    -0.21954621374607086,
    -0.475077360868454,
    -0.4025000035762787,
    -0.15297657251358032,
    -0.27816909551620483,
    -0.12245432287454605,
    -0.10659278929233551,
    -0.31357815861701965,
    -0.3587663769721985,
    -0.3361053764820099,
    -0.13702510297298431,
    -0.27151772379875183,
    -0.09916207194328308,
    -0.2897180914878845,
    -0.11679010838270187,
    -0.28758910298347473,
    -0.197193443775177,
    -0.2345219850540161,
    -0.3538725972175598,
    -0.1908256858587265,
    -0.292741984128952,
    -0.24532945454120636,
    -0.2843298316001892,
    -0.3012346029281616,
    -0.23715929687023163,
    -0.3675555884838104,
    -0.2576252222061157,
    -0.25045931339263916,
    -0.33034616708755493,
    -0.18981340527534485,
    -0.27034786343574524,
    -0.5379529595375061,
    -0.11056892573833466,
    -0.1935630738735199
  ]
}