{
  "train_loss": [
    2.486112605758578,
    2.012996049178274,
    1.9404360357641477,
    1.8637938282503719,
    1.7802851825569108,
    1.828310253187927,
    1.7773984854402598,
    1.7213441524170994,
    1.7190911416561283,
    1.7094524621405798,
    1.6599687738307038,
    1.6868488437808744,
    1.6748097156223498,
    1.655191266634311,
    1.6166388512494272,
    1.5949594784898367,
    1.6220531454699778,
    1.5885480660165263,
    1.575301974837543,
    1.563547310996474,
    1.544474209735268,
    1.5345410994479531,
    1.5510159713622422,
    1.542495839303,
    1.5141554820467855,
    1.5085271601927908,
    1.4960599700749269,
    1.4913559631158038,
    1.485262480367694,
    1.451743473895112,
    1.489460731026722,
    1.4327426118460316,
    1.436801179584704,
    1.425641766319498,
    1.4512372421521191,
    1.4352343294355605,
    1.4071825486735294,
    1.4050076210010818,
    1.4084192352127611,
    1.408387348721599,
    1.4211400727779544,
    1.3882537691774424,
    1.4101593188514487,
    1.3812035948212384,
    1.4054014279828435,
    1.3899917335398713,
    1.3927248466781705,
    1.350058781054982,
    1.4126525315346077,
    1.3938124802935192
  ],
  "val_loss": [
    1.8280271291732788,
    1.9747443199157715,
    1.7678143978118896,
    1.6931464672088623,
    1.5966341495513916,
    1.7221590280532837,
    1.61818265914917,
    1.5375365018844604,
    1.7465771436691284,
    1.5816324949264526,
    1.5758941173553467,
    1.5339962244033813,
    1.542814016342163,
    1.4837340116500854,
    1.471802830696106,
    1.4903708696365356,
    1.499140739440918,
    1.5454176664352417,
    1.5750588178634644,
    1.5359516143798828,
    1.5125470161437988,
    1.5175632238388062,
    1.5420806407928467,
    1.441939115524292,
    1.5164389610290527,
    1.4749430418014526,
    1.3930925130844116,
    1.5100384950637817,
    1.454824447631836,
    1.4476617574691772,
    1.533044457435608,
    1.4533952474594116,
    1.4812625646591187,
    1.5225812196731567,
    1.4235248565673828,
    1.4091217517852783,
    1.3854044675827026,
    1.3893609046936035,
    1.4890538454055786,
    1.4438899755477905,
    1.3712685108184814,
    1.4485695362091064,
    1.515808343887329,
    1.4150224924087524,
    1.451302170753479,
    1.4271845817565918,
    1.4499331712722778,
    1.4099103212356567,
    1.448987364768982,
    1.5576499700546265
  ],
  "best_epoch": 40,
  "status": "ok",
  "grad_norm": [
    3.3578547876985323,
    2.932241821601984,
    2.9613083271483847,
    2.7207601676936006,
    2.700623404892899,
    2.950580521318051,
    2.7095453169155155,
    2.6243737352563814,
    2.7617461653025654,
    2.7468525224329086,
    2.694398846862152,
    2.7239538779138814,
    2.6446868047290546,
    2.6436004448401897,
    2.5446666909840516,
    2.5609338012024776,
    2.7048976564221103,
    2.6751080538668366,
    2.5322038331063554,
    2.6839179682538954,
    2.65771838399737,
    2.5441569611479244,
    2.7795104746047503,
    2.5984444529856905,
    2.6025399881566855,
    2.6789706647441633,
    2.617165642809289,
    2.6634681465031487,
    2.620280798416954,
    2.5258645221986553,
    2.5603742389924387,
    2.5478268261471118,
    2.6257537601319916,
    2.6677655917110754,
    2.6392370572837005,
    2.6169477183107452,
    2.5949944465261074,
    2.5911001505523497,
    2.623304532427364,
    2.693419582969698,
    2.745738195753542,
    2.654321614470579,
    2.7086703374429995,
    2.671955796451878,
    2.7013881735045855,
    2.647145540257574,
    2.6371522200836868,
    2.5447815386035524,
    2.75983351038806,
    2.7200456512240474
  ],
  "beta_std": [
    0.6813610196113586,
    0.7086513042449951,
    0.5921688675880432,
    0.7425333857536316,
    0.7274912595748901,
    0.8678078651428223,
    0.7157464027404785,
    0.6538458466529846,
    0.7133705019950867,
    0.9991300106048584,
    0.7810779213905334,
    0.7004283666610718,
    0.9095849990844727,
    0.7102132439613342,
    0.738182783126831,
    0.8139423727989197,
    1.0037564039230347,
    0.6806655526161194,
    0.7925565838813782,
    0.8304582238197327,
    0.6530147790908813,
    0.868971049785614,
    0.9233013391494751,
    0.8379821181297302,
    0.751392126083374,
    0.6792817711830139,
    0.8724008202552795,
    0.8291066884994507,
    0.919442355632782,
    0.8329152464866638,
    0.9162806272506714,
    0.8321029543876648,
    0.801188588142395,
    0.6733188033103943,
    0.8601540923118591,
    0.8562214970588684,
    0.7809978127479553,
    0.7935380935668945,
    0.7540627121925354,
    0.7631157040596008,
    0.6359882950782776,
    0.7577741742134094,
    0.7558116316795349,
    0.9157664775848389,
    0.7803897261619568,
    0.8325141072273254,
    0.7473981976509094,
    0.6535305380821228,
    0.7335096001625061,
    0.5252737402915955
  ],
  "beta_mean": [
    -0.30259907245635986,
    -0.34783780574798584,
    -0.15580521523952484,
    -0.11876992136240005,
    -0.14782288670539856,
    -0.08392921835184097,
    -0.27189600467681885,
    -0.14436422288417816,
    -0.1598452627658844,
    -0.42858216166496277,
    -0.010113894939422607,
    -0.19434328377246857,
    -0.19819162786006927,
    -0.1312870979309082,
    -0.040556639432907104,
    -0.21709394454956055,
    -0.027438603341579437,
    -0.19637823104858398,
    -0.26299339532852173,
    -0.12626022100448608,
    -0.05375099182128906,
    0.12314929813146591,
    -0.08271474391222,
    -0.17249713838100433,
    -0.30311986804008484,
    -0.1700674593448639,
    -0.1948579102754593,
    -0.13523611426353455,
    -0.11261826008558273,
    -0.13101506233215332,
    -0.18216854333877563,
    -0.02593233622610569,
    -0.05953355133533478,
    -0.12102427333593369,
    0.05036855489015579,
    0.04749440401792526,
    -0.12330930680036545,
    -0.10143951326608658,
    -0.15570423007011414,
    -0.1473599523305893,
    -0.15507113933563232,
    -0.07596646249294281,
    -0.1741623729467392,
    -0.14728248119354248,
    -0.14919836819171906,
    -0.17688530683517456,
    -0.32930585741996765,
    -0.13620249927043915,
    -0.08103830367326736,
    -0.22289691865444183
  ]
}