{
  "train_loss": [
    2.41638104862637,
    1.9476694641894068,
    1.884602926042345,
    1.8430798714063321,
    1.872120373848586,
    1.787801982004043,
    1.7151964929368761,
    1.7115555674011944,
    1.6875418895308734,
    1.62335883926927,
    1.6240702374497353,
    1.5942274023078338,
    1.5941493334128842,
    1.576877516640557,
    1.5239818484323067,
    1.5049480127033434,
    1.5291100703345404,
    1.5094533226782816,
    1.5014963335461087,
    1.4591559036991053,
    1.4540460319965207,
    1.4821963668287845,
    1.4470414955853022,
    1.445106659353825,
    1.4488084931401481,
    1.415619252467016,
    1.4301224485196566,
    1.4233586028584262,
    1.4129737111141807,
    1.4191673526708146,
    1.4038504059830603,
    1.3560590356692934,
    1.3691531467716596,
    1.3457400579898677,
    1.3745850267744901,
    1.3498326824283042,
    1.3830173044595104,
    1.330015946968257,
    1.3240101519244456
  ],
  "val_loss": [
    1.8292021751403809,
    1.8775146007537842,
    1.7829099893569946,
    1.76674485206604,
    1.7468585968017578,
    1.7038841247558594,
    1.5794086456298828,
    1.65897536277771,
    1.5406615734100342,
    1.578473687171936,
    1.5111916065216064,
    1.4635004997253418,
    1.5373425483703613,
    1.467209815979004,
    1.4455293416976929,
    1.4515970945358276,
    1.465135931968689,
    1.4045065641403198,
    1.4265789985656738,
    1.4274760484695435,
    1.4037706851959229,
    1.4479868412017822,
    1.3898011445999146,
    1.4974600076675415,
    1.4407154321670532,
    1.3830070495605469,
    1.3785231113433838,
    1.474772572517395,
    1.3753750324249268,
    1.4670312404632568,
    1.3869516849517822,
    1.390284538269043,
    1.4122979640960693,
    1.4678524732589722,
    1.417812705039978,
    1.419697642326355,
    1.419079065322876,
    1.4549705982208252,
    1.4192218780517578
  ],
  "best_epoch": 28,
  "status": "ok",
  "grad_norm": [
    3.324823490732721,
    2.8953635669188387,
    2.80409752994181,
    2.8304445231924285,
    3.0807778501467795,
    2.849167760921653,
    2.6428964060054927,
    2.672389604466591,
    2.71988890560813,
    2.5439240706821535,
    2.6612504553216962,
    2.6333607032989734,
    2.554668770753569,
    2.6452290387174306,
    2.5947904201122105,
    2.678881780495983,
    2.6556075052158232,
    2.653121998587406,
    2.651366480613307,
    2.558459388236715,
    2.643507213327882,
    2.626782348073075,
    2.7127006364465602,
    2.819813799455757,
    2.8141128595408604,
    2.635349204295012,
    2.7568228219783566,
    2.7432004804657932,
    2.7915150769047856,
    2.844648710653418,
    2.7444166041433706,
    2.631580526127215,
    2.7131066240165054,
    2.68728556463379,
    2.702539366217828,
    2.692394426437582,
    2.7768142161251568,
    2.699262947463097,
    2.677284312622562
  ],
  "beta_std": [
    0.6413757801055908,
    0.8092141151428223,
    0.7556120157241821,
    0.6816810369491577,
    0.5553358197212219,
    0.7763100862503052,
    0.7628210783004761,
    0.8080591559410095,
    0.7519319653511047,
    0.6975155472755432,
    0.6248924732208252,
    0.7122452259063721,
    0.736853837966919,
    0.6233275532722473,
    0.7210018038749695,
    0.7067712545394897,
    0.7069778442382812,
    0.790465235710144,
    0.6679022908210754,
    0.5616171360015869,
    0.6232731342315674,
    0.9114232063293457,
    0.8009596467018127,
    0.6263117790222168,
    0.7173991203308105,
    0.6894065737724304,
    0.8307007551193237,
    0.6933169364929199,
    0.7280384302139282,
    0.8266235589981079,
    0.5987256765365601,
    0.7082100510597229,
    0.7206829190254211,
    0.6132546067237854,
    0.7289429903030396,
    0.7523176670074463,
    0.6619603633880615,
    0.79523104429245,
    0.608612596988678
  ],
  "beta_mean": [
    -0.38666832447052,
    -0.03962255269289017,
    -0.1235441043972969,
    -0.37011924386024475,
    -0.14084424078464508,
    -0.10808497667312622,
    -0.3373804986476898,
    -0.30480244755744934,
    0.08177248388528824,
    -0.11317206174135208,
    -0.17471833527088165,
    -0.0732748880982399,
    -0.3203008472919464,
    -0.3332764208316803,
    -0.29652124643325806,
    -0.22167715430259705,
    -0.18352174758911133,
    -0.16751471161842346,
    -0.14098651707172394,
    -0.22071246802806854,
    -0.18857342004776,
    -0.1768726110458374,
    -0.03359512239694595,
    -0.24263189733028412,
    -0.30713292956352234,
    -0.14787638187408447,
    -0.2237698882818222,
    -0.18534687161445618,
    -0.18694476783275604,
    -0.14527998864650726,
    -0.22845442593097687,
    -0.22861720621585846,
    -0.30313706398010254,
    -0.24888217449188232,
    0.01914721354842186,
    -0.4153423011302948,
    -0.2095249593257904,
    -0.03902868553996086,
    -0.20439815521240234
  ]
}