{
  "train_loss": [
    2.434525347480997,
    2.0225264593871715,
    1.9132131805754544,
    1.8437516841274952,
    1.8289309194910597,
    1.7840031247947647,
    1.7457379170189127,
    1.7331281982946116,
    1.731042085251613,
    1.670298161144145,
    1.6831866251516063,
    1.6754786215888129,
    1.6841409305661743,
    1.6415076515688534,
    1.637681398698461,
    1.5873996142894902,
    1.5842836942170795,
    1.5300524446420503,
    1.5479351335659361,
    1.5273092320648551,
    1.49767089191236,
    1.4941942022557844,
    1.4546520399629024,
    1.4824876724488554,
    1.4875756355056986,
    1.4826745682989644,
    1.44143301096576,
    1.4301236236025716,
    1.4249883746543126,
    1.4478711140504357,
    1.4529104283539176,
    1.4172540468639798,
    1.4480375925978721,
    1.4076305717055562,
    1.3942367714050918,
    1.4244221596968802
  ],
  "val_loss": [
    1.8040167093276978,
    1.7235184907913208,
    1.679228663444519,
    1.6188467741012573,
    1.6327564716339111,
    1.5512033700942993,
    1.5798239707946777,
    1.5490128993988037,
    1.588918685913086,
    1.5036112070083618,
    1.549828052520752,
    1.4799034595489502,
    1.590443730354309,
    1.6100562810897827,
    1.4794241189956665,
    1.5110441446304321,
    1.42020845413208,
    1.5107070207595825,
    1.4378052949905396,
    1.3979512453079224,
    1.3927996158599854,
    1.3738332986831665,
    1.4318870306015015,
    1.4099433422088623,
    1.5495684146881104,
    1.3421788215637207,
    1.3937788009643555,
    1.4168806076049805,
    1.4051706790924072,
    1.4365829229354858,
    1.5326337814331055,
    1.3703150749206543,
    1.3546749353408813,
    1.3861392736434937,
    1.5277599096298218,
    1.4254270792007446
  ],
  "best_epoch": 25,
  "status": "ok",
  "grad_norm": [
    3.374782701027731,
    2.9102863593162263,
    2.8538666251589624,
    2.6538144280539724,
    2.9180724714029345,
    2.6261247625366186,
    2.8419187454658137,
    2.7436032492771516,
    2.689087203578684,
    2.5290116315757922,
    2.6519732681153427,
    2.719993641160324,
    2.666504355573925,
    2.705333976475053,
    2.6259341383505586,
    2.5918927638184988,
    2.7333054343604095,
    2.574931856949155,
    2.6090555792676393,
    2.656980744120927,
    2.616283538776775,
    2.601341925137456,
    2.5665317069904483,
    2.7475861527798853,
    2.7567091618419877,
    2.7466577605522406,
    2.6043927680952517,
    2.5919168758018984,
    2.604940139200941,
    2.6997070963224186,
    2.7313262167530636,
    2.6251091223498904,
    2.5853736634541966,
    2.7126062646271203,
    2.685694012464084,
    2.796682598817405
  ],
  "beta_std": [
    0.6189610958099365,
    0.5707352757453918,
    0.7228817343711853,
    0.6732429265975952,
    0.6906560063362122,
    0.7088379859924316,
    0.6959923505783081,
    0.7551366090774536,
    0.6615386605262756,
    0.6909750699996948,
    0.5530833005905151,
    0.7250579595565796,
    0.5391664505004883,
    0.6954956650733948,
    0.7031383514404297,
    0.7053527235984802,
    0.7066861391067505,
    0.6251140236854553,
    0.6949998736381531,
    0.6377967596054077,
    0.648363471031189,
    0.697533130645752,
    0.6767728924751282,
    0.7466602325439453,
    0.722637414932251,
    0.7611133456230164,
    0.7397192716598511,
    0.545569121837616,
    0.61714106798172,
    0.741448163986206,
    0.8357110023498535,
    0.8427998423576355,
    0.7994840145111084,
    0.7543216347694397,
    0.6891604065895081,
    0.6474363803863525
  ],
  "beta_mean": [
    -0.27762919664382935,
    -0.18178719282150269,
    -0.33996376395225525,
    -0.18939685821533203,
    -0.2815341055393219,
    -0.28154700994491577,
    -0.09984682500362396,
    -0.05131616070866585,
    -0.19640588760375977,
    -0.16780343651771545,
    -0.179540753364563,
    -0.24163702130317688,
    -0.2950814366340637,
    -0.03987189009785652,
    -0.19371524453163147,
    0.031311970204114914,
    -0.22601424157619476,
    0.025858981534838676,
    -0.2079816311597824,
    -0.2114459127187729,
    -0.20998036861419678,
    -0.13946132361888885,
    -0.2337956577539444,
    -0.2291409969329834,
    -0.5412576198577881,
    -0.2056174874305725,
    0.08810566365718842,
    -0.1533217579126358,
    -0.24113072454929352,
    -0.24190548062324524,
    -0.5483062267303467,
    -0.2941703498363495,
    -0.13265615701675415,
    -0.36977794766426086,
    -0.3696492612361908,
    -0.17335370182991028
  ]
}