{
  "train_loss": [
    2.534798080321641,
    2.0384095882951168,
    1.9605869472235964,
    1.8796027196917617,
    1.851475874666582,
    1.7856769364897969,
    1.695776818774597,
    1.6905128580227233,
    1.6416705838142083,
    1.5889182019930834,
    1.6340872980976662,
    1.5837094489872805,
    1.6355613161667049,
    1.5368644370530782,
    1.5431992141266315,
    1.544723517072131,
    1.5208551181826675,
    1.5267456253509075,
    1.5002222946233916,
    1.5024735467475758,
    1.4990143250861363,
    1.4871220899883069,
    1.4711791615179408,
    1.4917835891455935,
    1.462690203148022,
    1.4567090606410602,
    1.4635812191656459,
    1.425147238558496,
    1.4529641197438825,
    1.4384240065959462,
    1.4405510488588211,
    1.3993097206863045
  ],
  "val_loss": [
    1.8588284254074097,
    1.963079571723938,
    1.835793375968933,
    1.7368817329406738,
    1.7196298837661743,
    1.6606037616729736,
    1.6008646488189697,
    1.5748515129089355,
    1.4823298454284668,
    1.4667718410491943,
    1.538703203201294,
    1.5077658891677856,
    1.5666701793670654,
    1.4900827407836914,
    1.5413246154785156,
    1.4654545783996582,
    1.5486817359924316,
    1.513458490371704,
    1.4685909748077393,
    1.4667508602142334,
    1.621037483215332,
    1.443988561630249,
    1.4726371765136719,
    1.448469877243042,
    1.515365481376648,
    1.478008508682251,
    1.562800407409668,
    1.537540316581726,
    1.4927006959915161,
    1.453743577003479,
    1.5708788633346558,
    1.5267901420593262
  ],
  "best_epoch": 21,
  "status": "ok",
  "grad_norm": [
    3.4334216965730113,
    2.918716912866147,
    2.7858049154708793,
    2.8135978281003364,
    2.9147829759541826,
    2.8612065075237014,
    2.796050427394974,
    2.884234227392554,
    2.7973443229928234,
    2.7373135230013537,
    2.8104058435057073,
    2.786628730618783,
    2.9129604422793967,
    2.7360632489273797,
    2.6932069584717095,
    2.7472150078229065,
    2.7373038421529676,
    2.646242168765515,
    2.729604962256334,
    2.761247250970299,
    2.6608267280898583,
    2.799018224584082,
    2.676937272418267,
    2.766161863185374,
    2.6779313008206835,
    2.736501883540845,
    2.8289412757010335,
    2.6331869893305235,
    2.7348429171301634,
    2.6928452511838623,
    2.7294454798670107,
    2.623144673273112
  ],
  "beta_std": [
    0.7879310250282288,
    0.5482150316238403,
    0.5928856134414673,
    0.731918215751648,
    0.6852188110351562,
    0.6091521978378296,
    0.6918196082115173,
    0.6243515610694885,
    0.6930735111236572,
    0.7823771238327026,
    0.7506994009017944,
    0.8108516931533813,
    0.6357640027999878,
    0.709758996963501,
    0.6969823241233826,
    0.7894107103347778,
    0.5617366433143616,
    0.8694961071014404,
    0.5926822423934937,
    0.685493528842926,
    0.707385778427124,
    0.6458574533462524,
    0.7349734902381897,
    0.6693249344825745,
    0.6702882051467896,
    0.7336297631263733,
    0.6351348757743835,
    0.6515864133834839,
    0.5146748423576355,
    0.7921187877655029,
    0.6275213956832886,
    0.8325783014297485
  ],
  "beta_mean": [
    -0.35105347633361816,
    -0.09390970319509506,
    -0.20140370726585388,
    -0.1977556198835373,
    -0.2575739026069641,
    0.133607879281044,
    -0.3046368658542633,
    -0.2184007465839386,
    -0.36019599437713623,
    -0.13424138724803925,
    -0.29087522625923157,
    -0.11120299994945526,
    -0.24721139669418335,
    -0.137193500995636,
    -0.1862955540418625,
    -0.22381460666656494,
    -0.1605728566646576,
    -0.4355193078517914,
    -0.05365995690226555,
    -0.0920458510518074,
    -0.026356512680649757,
    -0.23071911931037903,
    -0.19865432381629944,
    -0.16049033403396606,
    -0.20873217284679413,
    -0.2086223065853119,
    -0.38783422112464905,
    -0.19334784150123596,
    -0.1694401353597641,
    -0.2849678099155426,
    0.04273439198732376,
    0.014755438081920147
  ]
}