{
  "train_loss": [
    2.4836252847247655,
    1.9902922412024604,
    1.8468592649035984,
    1.8198765420913696,
    1.7582994344499376,
    1.7334224007924397,
    1.7420408515930175,
    1.6894153457217747,
    1.6525255095163982,
    1.5989924603568184,
    1.6103664882447986,
    1.5844315155877007,
    1.5375479713016087,
    1.528026295344035,
    1.5216147658030192,
    1.5002057242923312,
    1.464218190828959,
    1.4698059950934517,
    1.4675515370898777,
    1.4776901259952122,
    1.4544944251378378,
    1.4491329923205905,
    1.4945880615446303,
    1.4695346910688611,
    1.4520082980261908,
    1.4613560937245686,
    1.4606770807902019
  ],
  "val_loss": [
    1.812640905380249,
    1.7111669778823853,
    1.7613282203674316,
    1.6536551713943481,
    1.6597166061401367,
    1.6223950386047363,
    1.5214924812316895,
    1.6566362380981445,
    1.4531142711639404,
    1.4746993780136108,
    1.402037262916565,
    1.397159218788147,
    1.412960410118103,
    1.4905683994293213,
    1.3792904615402222,
    1.4174492359161377,
    1.3254913091659546,
    1.4215586185455322,
    1.3762145042419434,
    1.3338849544525146,
    1.4394153356552124,
    1.36683988571167,
    1.4078586101531982,
    1.3778876066207886,
    1.4546232223510742,
    1.4228358268737793,
    1.3376387357711792
  ],
  "best_epoch": 16,
  "status": "ok",
  "grad_norm": [
    3.397536726073754,
    3.2252878857753102,
    2.8047157978706383,
    2.8964914567251685,
    2.78071937140215,
    2.9329009907551824,
    2.8312932183195128,
    2.8711065128547832,
    2.7981842001337704,
    2.6781814973240747,
    2.746052205493469,
    2.738564649002337,
    2.711449314881377,
    2.675993235788981,
    2.6815757601483408,
    2.6768582598106523,
    2.669735840743959,
    2.6701805706952677,
    2.568736575821861,
    2.7009961202199158,
    2.6523626290686804,
    2.697873899755168,
    2.806919321748681,
    2.7503366617494067,
    2.796111539179569,
    2.7437670380573,
    2.720570768131538
  ],
  "beta_std": [
    0.9732027649879456,
    0.9200761318206787,
    0.767760694026947,
    0.583726704120636,
    0.736632764339447,
    0.7253971099853516,
    0.8283098936080933,
    0.6300207376480103,
    0.7162254452705383,
    0.7991597652435303,
    0.7007353901863098,
    0.7552293539047241,
    0.6377102136611938,
    0.9246695637702942,
    0.6986601948738098,
    0.7728208303451538,
    0.7063938975334167,
    0.6114172339439392,
    0.7503693103790283,
    0.6809223890304565,
    0.7422816157341003,
    0.759279191493988,
    0.8107275366783142,
    0.6669361591339111,
    0.8011264204978943,
    0.7918955683708191,
    0.6687529683113098
  ],
  "beta_mean": [
    -0.44664135575294495,
    -0.27486371994018555,
    -0.20982611179351807,
    -0.06679447740316391,
    0.0017270384123548865,
    -0.09376798570156097,
    -0.40230536460876465,
    -0.021354861557483673,
    -0.32951924204826355,
    -0.21576006710529327,
    -0.21282818913459778,
    0.022120362147688866,
    -0.16085010766983032,
    -0.1558876782655716,
    -0.015765469521284103,
    -0.29678696393966675,
    -0.34219202399253845,
    -0.3379432260990143,
    -0.00858884397894144,
    -0.11851752549409866,
    0.03563524782657623,
    -0.09213608503341675,
    -0.1268530637025833,
    -0.30755898356437683,
    -0.07844027131795883,
    -0.1771821826696396,
    -0.14584776759147644
  ]
}