{
  "train_loss": [
    2.3945097002453273,
    1.9971045447455513,
    1.9271371601952447,
    1.8717357054816353,
    1.831166306813558,
    1.7427152423858643,
    1.7871192904578315,
    1.7312923458947076,
    1.679314354578654,
    1.6605684689415825,
    1.6273589029312134,
    1.5944285258187187,
    1.5884192464616564,
    1.5870189149114822,
    1.5539099516338772,
    1.5363620518578422,
    1.5693217724694146,
    1.5312630240122478,
    1.5266050009197658,
    1.501686546113756,
    1.491826322555542,
    1.5158886059655083,
    1.474158183839586,
    1.5005098213619656,
    1.4801597216924032,
    1.4919266859690348,
    1.4573343743218317,
    1.4890264307657877,
    1.4523909208509658,
    1.447972295443217,
    1.4241948074764677,
    1.4480075701607598,
    1.4521165708965726,
    1.4061130817201402,
    1.4575690602196587,
    1.3776564013163248,
    1.394879311773512,
    1.3916699604458278
  ],
  "val_loss": [
    1.9025565385818481,
    1.8065452575683594,
    1.774084448814392,
    1.6870479583740234,
    1.6418310403823853,
    1.6527639627456665,
    1.588174819946289,
    1.594788670539856,
    1.5998032093048096,
    1.5927320718765259,
    1.518131136894226,
    1.5486185550689697,
    1.559216022491455,
    1.4960938692092896,
    1.5245524644851685,
    1.6197830438613892,
    1.6439167261123657,
    1.4612630605697632,
    1.5541921854019165,
    1.4664193391799927,
    1.5157032012939453,
    1.5054619312286377,
    1.5103439092636108,
    1.5619499683380127,
    1.4295763969421387,
    1.4727133512496948,
    1.5005964040756226,
    1.4006274938583374,
    1.6069152355194092,
    1.4356365203857422,
    1.4305652379989624,
    1.4341742992401123,
    1.4855570793151855,
    1.47517991065979,
    1.4459983110427856,
    1.4657213687896729,
    1.495909333229065,
    1.5046448707580566
  ],
  "best_epoch": 27,
  "status": "ok",
  "grad_norm": [
    3.3931628736461747,
    3.245170721454078,
    2.9486479403300554,
    2.9894404120556275,
    2.8705359869758182,
    2.7863603491638473,
    3.025636141967302,
    3.044025926987344,
    2.658046202051727,
    2.7996463514652317,
    2.7056361981963413,
    2.9331492062378484,
    2.8755929490918737,
    2.883295641511529,
    2.8089594755282703,
    2.8415973572499893,
    2.9482019723633477,
    2.8167819147837205,
    2.7656619405000327,
    2.8145062188253682,
    2.7484122298765885,
    2.8768850621604454,
    2.7111791127015175,
    2.828870960811312,
    2.85294047522707,
    2.778401026885943,
    2.7932689754454465,
    2.758696459742109,
    2.9103332624754668,
    2.7929900550993514,
    2.7409258410961206,
    2.851002048171467,
    2.756324771678312,
    2.7314563406403463,
    2.8365634073535198,
    2.688020861508909,
    2.7656704577353692,
    2.747787286104686
  ],
  "beta_std": [
    0.7405659556388855,
    0.6269264817237854,
    0.8815026879310608,
    0.6376537084579468,
    0.7366076707839966,
    0.7622650861740112,
    0.7815892696380615,
    0.6519740223884583,
    0.6144292950630188,
    0.8633791208267212,
    0.7530257105827332,
    0.7914260625839233,
    0.6767305731773376,
    0.6387357115745544,
    0.788724422454834,
    0.7585439085960388,
    0.6740579605102539,
    0.8298283219337463,
    0.7823924422264099,
    0.7444559335708618,
    0.842093288898468,
    0.8245355486869812,
    0.6688937544822693,
    0.5793473720550537,
    0.60158371925354,
    0.6075805425643921,
    0.7172286510467529,
    0.7700455784797668,
    0.6862798929214478,
    0.7946407198905945,
    0.8237490057945251,
    0.7041748762130737,
    0.698712944984436,
    0.6691113114356995,
    0.7532864212989807,
    0.66316157579422,
    0.7342463731765747,
    0.6498854756355286
  ],
  "beta_mean": [
    -0.11106590181589127,
    -0.14370763301849365,
    -0.05291958525776863,
    -0.014265334233641624,
    -0.23123596608638763,
    -0.3024127185344696,
    -0.11177802085876465,
    -0.28944605588912964,
    -0.0391109362244606,
    0.10123252868652344,
    -0.13875457644462585,
    -0.15811248123645782,
    -0.29034489393234253,
    -0.12548084557056427,
    -0.1886223554611206,
    0.013138530775904655,
    -0.17779462039470673,
    -0.06390039622783661,
    -0.14453457295894623,
    -0.1858680546283722,
    -0.11332395672798157,
    0.0517074353992939,
    -0.19145382940769196,
    -0.35041600465774536,
    -0.1205371767282486,
    -0.28042978048324585,
    -0.029428835958242416,
    -0.3087589740753174,
    0.07041523605585098,
    -0.15205493569374084,
    -0.1535063087940216,
    -0.11466645449399948,
    -0.0774032324552536,
    -0.21481512486934662,
    -0.21257998049259186,
    -0.039503660053014755,
    -0.13086725771427155,
    -0.22660227119922638
  ]
}