{
  "train_loss": [
    0.6372992145279307,
    0.6184416986394812,
    0.613750083623109,
    0.6110710143159936,
    0.6094818625038053,
    0.6053464740588341,
    0.6038907466700048,
    0.6024688346886341,
    0.6033799154375806,
    0.6013934361493146,
    0.5991713526219498,
    0.6000169170933005,
    0.5936870112536866,
    0.5978207836622074,
    0.5929795105369002
  ],
  "val_loss": [
    0.6125742197036743,
    0.6048172116279602,
    0.6180252432823181,
    0.6127722263336182,
    0.602552056312561,
    0.6069942116737366,
    0.6043058037757874,
    0.6022092700004578,
    0.6070843935012817,
    0.6090781688690186,
    0.6061031222343445,
    0.6088405847549438,
    0.6073405146598816,
    0.60347980260849,
    0.6131393909454346
  ],
  "best_epoch": 4,
  "status": "underfit",
  "grad_norm": [
    0.22601038991006506,
    0.22346791728999488,
    0.224943108282162,
    0.21269934684405636,
    0.22292193608896976,
    0.22210889660568742,
    0.22711433827686905,
    0.2196047896120413,
    0.22314709296125074,
    0.23616700384898562,
    0.22298946002979586,
    0.22756137126597248,
    0.22936573016165926,
    0.24233290348960113,
    0.2271150224743355
  ],
  "beta_std": [
    0.4351363778114319,
    0.23465444147586823,
    0.2939475476741791,
    0.32862868905067444,
    0.31865447759628296,
    0.3147594928741455,
    0.33255502581596375,
    0.46405845880508423,
    0.3060382306575775,
    0.33127880096435547,
    0.44881734251976013,
    0.4830435812473297,
    0.4412853717803955,
    0.5203259587287903,
    0.3906531035900116
  ],
  "beta_mean": [
    -0.32835614681243896,
    -0.07565248012542725,
    0.04576004296541214,
    -0.25488999485969543,
    -0.17134572565555573,
    -0.1938912570476532,
    0.037626758217811584,
    -0.10488102585077286,
    0.021576492115855217,
    -0.07636673003435135,
    -0.23455893993377686,
    0.03502346947789192,
    -0.12114626914262772,
    -0.0744985044002533,
    -0.3023909032344818
  ]
}