{
  "train_loss": [
    0.638467951056398,
    0.6190894241097533,
    0.6177689503151693,
    0.6147264513262996,
    0.6107711016395946,
    0.6107976475174044,
    0.6092662581102347,
    0.6107063343495498,
    0.6063153023484312,
    0.6059122847039022,
    0.6043180658787857,
    0.6033196548768032,
    0.6035254417525397
  ],
  "val_loss": [
    0.6508946418762207,
    0.6368399858474731,
    0.6327869892120361,
    0.6450502276420593,
    0.6446024775505066,
    0.6479324102401733,
    0.6365605592727661,
    0.6385114192962646,
    0.6398067474365234,
    0.6333111524581909,
    0.6367054581642151,
    0.6457529067993164,
    0.6441356539726257
  ],
  "best_epoch": 2,
  "status": "underfit",
  "grad_norm": [
    0.23364949135070257,
    0.22711230480706576,
    0.23166465102656694,
    0.2240939311961152,
    0.21843556056158447,
    0.226565877204733,
    0.21785777389436614,
    0.22000275138465972,
    0.22743294539357253,
    0.22817681074451268,
    0.22891763319506583,
    0.22426139914542384,
    0.22640263316683112
  ],
  "beta_std": [
    0.26520881056785583,
    0.26401326060295105,
    0.3156643211841583,
    0.265667200088501,
    0.37250643968582153,
    0.31719163060188293,
    0.39114832878112793,
    0.3007156550884247,
    0.40178701281547546,
    0.31450510025024414,
    0.38474851846694946,
    0.4285593628883362,
    0.4361812472343445
  ],
  "beta_mean": [
    -0.09026767313480377,
    0.030647505074739456,
    -0.10673549771308899,
    -0.07526469230651855,
    -0.2275393158197403,
    -0.19392645359039307,
    -0.20968513190746307,
    -0.24881918728351593,
    -0.2159966677427292,
    0.013046927750110626,
    -0.11304480582475662,
    0.03993622958660126,
    -0.06365545839071274
  ]
}