{
  "train_loss": [
    0.6362209264143014,
    0.6194818202948864,
    0.6157349463451056,
    0.6102344799041748,
    0.60754966582781,
    0.6069193349649876,
    0.6070114560186127,
    0.6057637933742853,
    0.6052587228056825,
    0.6016492093639609,
    0.6006113033824497,
    0.602700101269616,
    0.5978544312936288
  ],
  "val_loss": [
    0.6179015636444092,
    0.6205978989601135,
    0.6150223612785339,
    0.6203932166099548,
    0.6194197535514832,
    0.6147667765617371,
    0.6203545928001404,
    0.6214516162872314,
    0.6195642352104187,
    0.625073254108429,
    0.6194964051246643,
    0.6145954132080078,
    0.6168025732040405
  ],
  "best_epoch": 2,
  "status": "underfit",
  "grad_norm": [
    0.21932407815284477,
    0.2278582044649051,
    0.2128196639758676,
    0.21068722993055394,
    0.22632839491391002,
    0.22045179529547532,
    0.2159016923122508,
    0.22120477276102268,
    0.2176646540414286,
    0.2207237521155567,
    0.21342028789830314,
    0.2303540555373025,
    0.22474574276476667
  ],
  "beta_std": [
    0.4339781701564789,
    0.43562933802604675,
    0.31490087509155273,
    0.542081356048584,
    0.5350218415260315,
    0.46704384684562683,
    0.475900799036026,
    0.32888948917388916,
    0.45551207661628723,
    0.39565008878707886,
    0.38874685764312744,
    0.4828552007675171,
    0.6012332439422607
  ],
  "beta_mean": [
    -0.10922525823116302,
    -0.17526279389858246,
    -0.13492155075073242,
    -0.14184366166591644,
    0.009710241109132767,
    0.05679954215884209,
    -0.21110723912715912,
    -0.28191277384757996,
    -0.11112287640571594,
    -0.24952077865600586,
    -0.28017064929008484,
    -0.18278537690639496,
    -0.19362525641918182
  ]
}