{
  "train_loss": [
    0.636033040623606,
    0.6144062506711041,
    0.6113095922823305,
    0.6081456467251719,
    0.6085960503272069,
    0.6094180287549525,
    0.6049520474304387,
    0.6050229134088682,
    0.6071711327705854,
    0.6041830374282083,
    0.5997402588526408,
    0.6006735202118203,
    0.5997037881980708,
    0.5966138137417075,
    0.5987828521375302
  ],
  "val_loss": [
    0.6180989742279053,
    0.6079806089401245,
    0.608929455280304,
    0.6082033514976501,
    0.6054141521453857,
    0.6133105754852295,
    0.6136623024940491,
    0.6127550005912781,
    0.6151304244995117,
    0.6204862594604492,
    0.6120704412460327,
    0.616907000541687,
    0.6163966059684753,
    0.6174160838127136,
    0.615479588508606
  ],
  "best_epoch": 4,
  "status": "underfit",
  "grad_norm": [
    0.22215197074428472,
    0.22335217963728998,
    0.2238587413733661,
    0.2230691424706428,
    0.215137921179073,
    0.21474607210608143,
    0.21601010834101067,
    0.2172592972241866,
    0.2348689940624356,
    0.2175752203361856,
    0.2236011453602444,
    0.22767479590744014,
    0.2254284253216441,
    0.218997465685468,
    0.23108547632948256
  ],
  "beta_std": [
    0.5740846991539001,
    0.3489200174808502,
    0.44907915592193604,
    0.6508289575576782,
    0.44399988651275635,
    0.6175832748413086,
    0.4371635913848877,
    0.33015796542167664,
    0.3109913468360901,
    0.6276077032089233,
    0.6082454323768616,
    0.5773543119430542,
    0.5743777751922607,
    0.6001699566841125,
    0.5441808104515076
  ],
  "beta_mean": [
    -0.29331475496292114,
    -0.07683452218770981,
    -0.20829954743385315,
    -0.11371318250894547,
    -0.259998083114624,
    -0.28540146350860596,
    -0.010595484636723995,
    -0.24589309096336365,
    -0.14746028184890747,
    -0.12081281840801239,
    -0.16633938252925873,
    -0.15132249891757965,
    -0.23602376878261566,
    -0.20309805870056152,
    -0.2276456505060196
  ]
}