{
  "train_loss": [
    0.6402273879227814,
    0.6152728602032602,
    0.6113292488934081,
    0.6098413889790759,
    0.6091660311486986,
    0.6040479962619735,
    0.6064263118049245,
    0.6053896913116361,
    0.603095369397858,
    0.6030250647921621,
    0.5999292519798985,
    0.6011634667125749,
    0.5978830028757637,
    0.5967857292552053,
    0.5974294984193496
  ],
  "val_loss": [
    0.6250748634338379,
    0.6168159246444702,
    0.6247860193252563,
    0.620733380317688,
    0.6129199266433716,
    0.6323339939117432,
    0.6175004839897156,
    0.6245412826538086,
    0.6205174922943115,
    0.6216616630554199,
    0.621187686920166,
    0.6142699718475342,
    0.6122912764549255,
    0.6239244937896729,
    0.619517982006073
  ],
  "best_epoch": 4,
  "status": "underfit",
  "grad_norm": [
    0.22701611402337843,
    0.2375922230283627,
    0.2222731757055635,
    0.22138756218218247,
    0.21735575673657978,
    0.2175483310043885,
    0.23148090346859193,
    0.2233260304150534,
    0.2226449136301916,
    0.2210603878182523,
    0.21782022866910103,
    0.2298631581849014,
    0.2230916272608318,
    0.22318152781732947,
    0.22825549538021772
  ],
  "beta_std": [
    0.5268710255622864,
    0.45177581906318665,
    0.3795318603515625,
    0.3082309365272522,
    0.2503241300582886,
    0.3629243075847626,
    0.3973487615585327,
    0.4894724488258362,
    0.33769065141677856,
    0.4061860740184784,
    0.34982535243034363,
    0.3286690413951874,
    0.36960965394973755,
    0.47835320234298706,
    0.42752012610435486
  ],
  "beta_mean": [
    -0.11142977327108383,
    -0.09650909900665283,
    -0.03580961003899574,
    -0.0333239771425724,
    -0.09812352806329727,
    0.13992828130722046,
    -0.2719990313053131,
    -0.12946577370166779,
    -0.030443327501416206,
    -0.06007904186844826,
    -0.03293436020612717,
    -0.0949438139796257,
    -0.07722444087266922,
    -0.2255382090806961,
    -0.20480681955814362
  ]
}