{
  "train_loss": [
    0.6413265498479207,
    0.6179796715047624,
    0.6112701734436883,
    0.6089223768976,
    0.6075121624204848,
    0.6044086692598131,
    0.6062650783326891,
    0.6016543707847595,
    0.605531405766805,
    0.601958657529619,
    0.6015016043980916,
    0.5978986417982314,
    0.5980414759847853,
    0.600466135819753,
    0.5963346033626132,
    0.5979475412898594,
    0.5987747410668267,
    0.5974905585712856,
    0.5968504001829359
  ],
  "val_loss": [
    0.6231458783149719,
    0.6201703548431396,
    0.6187959313392639,
    0.6193596124649048,
    0.6192156076431274,
    0.6255756616592407,
    0.616157591342926,
    0.6226085424423218,
    0.6129694581031799,
    0.6241310834884644,
    0.6163102984428406,
    0.6221807599067688,
    0.6200138926506042,
    0.6237332820892334,
    0.622885525226593,
    0.6228623390197754,
    0.6266679763793945,
    0.6204314231872559,
    0.624102771282196
  ],
  "best_epoch": 8,
  "status": "underfit",
  "grad_norm": [
    0.22770964223669474,
    0.22601904792554064,
    0.22171346962454322,
    0.2162909865855224,
    0.22659470642227098,
    0.22311499542512514,
    0.2207358590525113,
    0.20983330549016666,
    0.22606542235508126,
    0.20718038703201355,
    0.22418473092652266,
    0.2224382344863075,
    0.22535285727979362,
    0.22701793732293335,
    0.22353356561991072,
    0.21857655716834773,
    0.22669036947341972,
    0.21906677463734756,
    0.22746677676751625
  ],
  "beta_std": [
    0.3086215853691101,
    0.35360050201416016,
    0.4230293929576874,
    0.4874458312988281,
    0.4435010254383087,
    0.3597968518733978,
    0.38885483145713806,
    0.48246148228645325,
    0.34223270416259766,
    0.37107762694358826,
    0.4516218304634094,
    0.2800205647945404,
    0.42587506771087646,
    0.32898691296577454,
    0.43954360485076904,
    0.366137832403183,
    0.44704514741897583,
    0.31117039918899536,
    0.3147249221801758
  ],
  "beta_mean": [
    -0.15726400911808014,
    -0.298627644777298,
    -0.08613701164722443,
    -0.16284754872322083,
    -0.16912204027175903,
    0.07621235400438309,
    -0.20544922351837158,
    0.008510399609804153,
    -0.05538181960582733,
    0.041620731353759766,
    0.0051051233895123005,
    -0.23985959589481354,
    0.0837799683213234,
    -0.013013450428843498,
    -0.17229577898979187,
    -0.06788534671068192,
    0.13376100361347198,
    0.033929433673620224,
    -0.040077898651361465
  ]
}