{
  "train_loss": [
    0.6351309436692132,
    0.6139100354512532,
    0.6144617707994249,
    0.6084543772803412,
    0.6052836842007108,
    0.6104317905637953,
    0.6046681089401245,
    0.6047015380859375,
    0.6022732874022589,
    0.6005982271830241,
    0.6010222749180264,
    0.6023841863738166,
    0.5983728996912638
  ],
  "val_loss": [
    0.6331037878990173,
    0.6073098182678223,
    0.6025026440620422,
    0.6092173457145691,
    0.614037275314331,
    0.608567476272583,
    0.6144405007362366,
    0.6068807244300842,
    0.6125167012214661,
    0.6043493747711182,
    0.6147080063819885,
    0.6067110300064087,
    0.6056812405586243
  ],
  "best_epoch": 2,
  "status": "underfit",
  "grad_norm": [
    0.23781637629216548,
    0.21821663634556054,
    0.22265493696897512,
    0.2099332983695767,
    0.2209594203215111,
    0.22207535114427587,
    0.21334868271541652,
    0.21659623651481427,
    0.21902389872777947,
    0.2117204644757046,
    0.21134119569694532,
    0.21625438771440297,
    0.2166611718869593
  ],
  "beta_std": [
    0.3259792923927307,
    0.17029742896556854,
    0.2534526586532593,
    0.38003426790237427,
    0.3011568784713745,
    0.2690925598144531,
    0.4234285056591034,
    0.3303595185279846,
    0.4491090178489685,
    0.3060690462589264,
    0.3594321310520172,
    0.4698012173175812,
    0.30493730306625366
  ],
  "beta_mean": [
    -0.4837470054626465,
    -0.2733934819698334,
    -0.11787187308073044,
    -0.13585056364536285,
    -0.3410828113555908,
    -0.40191832184791565,
    -0.3385966420173645,
    -0.3832164406776428,
    -0.2838338613510132,
    -0.2935975193977356,
    -0.2556755542755127,
    -0.34862780570983887,
    -0.11657067388296127
  ]
}