{
  "train_loss": [
    0.7781469962889688,
    0.7136970346434075,
    0.6720364431679597,
    0.6750185285953053,
    0.6575844240606877,
    0.6537741776795415,
    0.6518367602114092,
    0.6441843417652866,
    0.6420954636663024,
    0.6383509336019817,
    0.6343422604862012,
    0.6277672381777513,
    0.6281686388261137,
    0.6309238609514738,
    0.6230170006640473
  ],
  "val_loss": [
    0.7354127168655396,
    0.7264449000358582,
    0.7190131545066833,
    0.7204591035842896,
    0.7100260257720947,
    0.711736798286438,
    0.7383238077163696,
    0.7337508797645569,
    0.7273328304290771,
    0.7293950915336609,
    0.7292514443397522,
    0.734734058380127,
    0.7385265231132507,
    0.7324324250221252,
    0.7460609674453735
  ],
  "best_epoch": 4,
  "status": "ok",
  "grad_norm": [
    0.8333343269576371,
    0.8394210515184386,
    0.7032513410062968,
    0.7747679599209256,
    0.6447604540118579,
    0.7184766770241501,
    0.6872995648540434,
    0.6689375434738034,
    0.661738176014873,
    0.6761059142872733,
    0.6673706967067508,
    0.6645066633233834,
    0.681513386626653,
    0.6905460928502237,
    0.6698035401075538
  ],
  "beta_std": [
    0.2386380136013031,
    0.1311364471912384,
    0.29380080103874207,
    0.1849663406610489,
    0.2796412408351898,
    0.19631947576999664,
    0.2290945053100586,
    0.20926913619041443,
    0.25322020053863525,
    0.22441811859607697,
    0.21176664531230927,
    0.20564593374729156,
    0.24358327686786652,
    0.24468182027339935,
    0.18179193139076233
  ],
  "beta_mean": [
    -0.13041487336158752,
    -0.023546384647488594,
    -0.056756213307380676,
    -0.033901650458574295,
    0.03554393723607063,
    -0.03727138787508011,
    -0.13365048170089722,
    -0.04813667759299278,
    -0.15386195480823517,
    -0.15945188701152802,
    -0.02086661010980606,
    -0.05179106071591377,
    -0.03138146921992302,
    -0.11476262658834457,
    -0.0034661474637687206
  ]
}