{
  "train_loss": [
    0.7764383381849144,
    0.704304572497195,
    0.6790997326164915,
    0.662941589913173,
    0.6486854081282839,
    0.6480423441407276,
    0.6448873178931007,
    0.6489512622147275,
    0.6445384194279274,
    0.641383035991624,
    0.6325622436038235,
    0.6327089518692062,
    0.627990381766481,
    0.6234819930896425,
    0.6197866313081039
  ],
  "val_loss": [
    0.7317423224449158,
    0.7021975517272949,
    0.6978396773338318,
    0.6885225176811218,
    0.6869829297065735,
    0.7025474905967712,
    0.7196359038352966,
    0.6975885033607483,
    0.7222198843955994,
    0.702387809753418,
    0.6920782923698425,
    0.6945574283599854,
    0.7284804582595825,
    0.7162314057350159,
    0.7190104722976685
  ],
  "best_epoch": 4,
  "status": "underfit",
  "grad_norm": [
    0.8531051775217873,
    0.7100716251340631,
    0.711373159213664,
    0.698654608451024,
    0.6699944100940308,
    0.6871836007300516,
    0.6900902400782326,
    0.6732173790348477,
    0.6539366363612714,
    0.6484072958352528,
    0.6547506299442509,
    0.6472344772222544,
    0.663849667514432,
    0.6675332493491477,
    0.6387218724677112
  ],
  "beta_std": [
    0.20782572031021118,
    0.29201123118400574,
    0.20568472146987915,
    0.21413582563400269,
    0.24311818182468414,
    0.21093152463436127,
    0.19862666726112366,
    0.19168305397033691,
    0.27005988359451294,
    0.2336185723543167,
    0.24144606292247772,
    0.23949208855628967,
    0.29246070981025696,
    0.228607177734375,
    0.27054300904273987
  ],
  "beta_mean": [
    -0.05804538354277611,
    -0.09723330289125443,
    -0.1577833741903305,
    -0.1523146778345108,
    -0.13320334255695343,
    -0.08827304095029831,
    -0.08951647579669952,
    -0.13033345341682434,
    -0.1116027683019638,
    -0.025548309087753296,
    -0.1285126507282257,
    -0.03372613340616226,
    0.03987443447113037,
    -0.038658205419778824,
    -0.20393718779087067
  ]
}