{
  "train_loss": [
    0.7714737599160936,
    0.7130889747407702,
    0.6862959595786201,
    0.6808330158127679,
    0.6734785044987996,
    0.6747429960038926,
    0.6633560028076172,
    0.6566899218559266,
    0.6553765810860528,
    0.6531905183792114,
    0.6424829994837443,
    0.6353486484951443,
    0.642866278913286,
    0.6500983799298604,
    0.6348300001356337,
    0.6441605280770196,
    0.6354856321016947,
    0.6367699756622315
  ],
  "val_loss": [
    0.7003956437110901,
    0.7047098278999329,
    0.6820043921470642,
    0.6887954473495483,
    0.6808014512062073,
    0.7396814823150635,
    0.6894810795783997,
    0.6672537326812744,
    0.6796069145202637,
    0.6671379804611206,
    0.6915788650512695,
    0.6725592613220215,
    0.6768193244934082,
    0.6762534976005554,
    0.6710379123687744,
    0.6762024760246277,
    0.6770849823951721,
    0.6749753355979919
  ],
  "best_epoch": 7,
  "status": "underfit",
  "grad_norm": [
    0.8003082834643784,
    0.7373919204720258,
    0.7062326192866005,
    0.7173230372269427,
    0.6951855700434005,
    0.6609703537301972,
    0.653113015699115,
    0.6564949520655268,
    0.6419905447541558,
    0.6294018928244792,
    0.6163497896089888,
    0.6026259320855665,
    0.6279066177881015,
    0.6928618970970207,
    0.5948727835839569,
    0.6209741611834899,
    0.602298329098875,
    0.6278816283362714
  ],
  "beta_std": [
    0.10474737733602524,
    0.16145844757556915,
    0.16848570108413696,
    0.1774592399597168,
    0.20867815613746643,
    0.3114470839500427,
    0.20710405707359314,
    0.20582464337348938,
    0.2368774563074112,
    0.24161282181739807,
    0.2436084747314453,
    0.22050030529499054,
    0.2061665654182434,
    0.22772422432899475,
    0.2723595201969147,
    0.23319536447525024,
    0.2549362778663635,
    0.22439783811569214
  ],
  "beta_mean": [
    -0.06115085631608963,
    -0.07023876160383224,
    -0.04618076607584953,
    -0.0885356068611145,
    -0.2069796770811081,
    -0.016393471509218216,
    -0.07007301598787308,
    -0.15117691457271576,
    -0.01613178849220276,
    -0.11467328667640686,
    0.00586576946079731,
    -0.07406390458345413,
    -0.12603464722633362,
    -0.0763450637459755,
    -0.07130270451307297,
    -0.018317529931664467,
    -0.06609809398651123,
    -0.0769297331571579
  ]
}