{
  "train_loss": [
    0.7761218127939437,
    0.7193649293051826,
    0.6930278317663404,
    0.6823897450235155,
    0.6755083849165174,
    0.6689898927476671,
    0.6700761088265313,
    0.6701159820026822,
    0.6562139776017931,
    0.6563856570985582,
    0.6563891118367513,
    0.6551995240847269,
    0.6611799597210354,
    0.6519336305194431,
    0.6410842883057064,
    0.6453161876466539,
    0.6360534366501702,
    0.638746705532074
  ],
  "val_loss": [
    0.6688454747200012,
    0.6592199802398682,
    0.6531025171279907,
    0.6607233285903931,
    0.664358377456665,
    0.6452082395553589,
    0.6489948034286499,
    0.6423041820526123,
    0.6585977077484131,
    0.6679657101631165,
    0.65886390209198,
    0.6576113104820251,
    0.6579848527908325,
    0.6695582866668701,
    0.6501299142837524,
    0.6461368203163147,
    0.6559142470359802,
    0.6635873317718506
  ],
  "best_epoch": 7,
  "status": "underfit",
  "grad_norm": [
    0.8159970296811221,
    0.7488411589229387,
    0.7077302845158961,
    0.6892370757610331,
    0.7142046176244355,
    0.6724277715448002,
    0.6952223580753548,
    0.67734633488671,
    0.6619415437535057,
    0.6538449894985028,
    0.6636409665434883,
    0.7071108093125619,
    0.6491846480089815,
    0.6252568553326417,
    0.6427073149275722,
    0.6641665451864746,
    0.6374930162175121,
    0.6530999623267947
  ],
  "beta_std": [
    0.293822705745697,
    0.1776292622089386,
    0.19043396413326263,
    0.15547697246074677,
    0.13990627229213715,
    0.34303340315818787,
    0.18357837200164795,
    0.23425044119358063,
    0.20266129076480865,
    0.17548303306102753,
    0.17707855999469757,
    0.19087918102741241,
    0.2097875028848648,
    0.19775472581386566,
    0.28556448221206665,
    0.24491667747497559,
    0.23953144252300262,
    0.19982510805130005
  ],
  "beta_mean": [
    -0.13220244646072388,
    -0.05405212193727493,
    -0.04488033801317215,
    -0.06089109927415848,
    -0.08294892311096191,
    -0.06777691841125488,
    -0.09646928310394287,
    -0.09543817490339279,
    -0.031909339129924774,
    -0.1268233358860016,
    -0.10494648665189743,
    -0.14557155966758728,
    -0.06971170008182526,
    -0.0509006567299366,
    -0.026235774159431458,
    -0.040615204721689224,
    -0.10968618094921112,
    -0.12837553024291992
  ]
}