{
  "train_loss": [
    1.9945803048875597,
    1.4421233749389648,
    1.4300960042741564,
    1.3420550786124334,
    1.2851463169521755,
    1.2707394536336263,
    1.244078607029385,
    1.198560018274519,
    1.1721505906846788,
    1.1178325385517545,
    1.1109655978944566,
    1.0949080891079372,
    1.0716743638780382,
    1.0654675727420384,
    1.0432104290856254,
    1.0398572227689955,
    1.080076116985745,
    1.0132207690344917,
    1.0419343407948811,
    0.9996476342942979,
    1.060772950384352,
    1.0260671195718978,
    0.9972639213667975,
    1.0106357298956976,
    0.98005705303616,
    0.9906794955995348,
    1.017820659743415
  ],
  "val_loss": [
    1.4006315469741821,
    1.2965898513793945,
    1.2606663703918457,
    1.264042854309082,
    1.3139339685440063,
    1.2164013385772705,
    1.230494737625122,
    1.2099366188049316,
    1.2143833637237549,
    1.182174563407898,
    1.182602882385254,
    1.2145048379898071,
    1.2131776809692383,
    1.2497791051864624,
    1.2016656398773193,
    1.2043859958648682,
    1.1669124364852905,
    1.1838361024856567,
    1.2024236917495728,
    1.2041317224502563,
    1.2278305292129517,
    1.217484712600708,
    1.2323535680770874,
    1.2206226587295532,
    1.2821171283721924,
    1.2081776857376099,
    1.2386040687561035
  ],
  "best_epoch": 16,
  "status": "ok"
}