{
  "train_loss": [
    3.9145068760091215,
    2.667340432164891,
    2.07535829998198,
    1.8424201203581967,
    1.8146766607993854,
    1.7113862340412442,
    1.7360671250457937,
    1.7242837944268639,
    1.6259475243605184,
    1.6521606750769409,
    1.5858288970934291,
    1.6099964261325308,
    1.5688860308286015,
    1.5309730391113126,
    1.4411649793183723,
    1.4397766571196298,
    1.5408674667751978
  ],
  "val_loss": [
    3.1311540603637695,
    2.1987361907958984,
    1.8929660320281982,
    1.8935500383377075,
    1.8282480239868164,
    1.8389195203781128,
    1.786587119102478,
    2.007359027862549,
    1.856571912765503,
    1.8421423435211182,
    1.9171154499053955,
    1.8975378274917603,
    1.8364633321762085,
    1.886292576789856,
    1.906421422958374,
    2.0239274501800537,
    1.9527769088745117
  ],
  "best_epoch": 6,
  "status": "ok",
  "grad_norm": [
    2.7146519864270737,
    2.5529738821862837,
    2.8375533433467615,
    2.687757919110073,
    2.8465140326198624,
    2.5512578196575952,
    2.585080366468959,
    2.545989587802348,
    2.4484191470622862,
    2.4324958865368873,
    2.362253043982527,
    2.306480202186705,
    2.504625388592306,
    2.3329128676876385,
    2.2100824865709123,
    2.4119444952254114,
    2.506375477491708
  ],
  "beta_std": [
    1.2663649320602417,
    1.1881245374679565,
    0.7170938849449158,
    0.8004446029663086,
    0.7241845726966858,
    0.6946461796760559,
    0.8725835680961609,
    0.6748180985450745,
    0.7921527624130249,
    0.7347221970558167,
    0.7882497906684875,
    0.8247265815734863,
    0.8209108710289001,
    0.7848801016807556,
    0.7975698709487915,
    0.8341565132141113,
    0.8619783520698547
  ],
  "beta_mean": [
    -0.1108313798904419,
    0.0531892403960228,
    -0.20902982354164124,
    -0.18373629450798035,
    -0.19248877465724945,
    -0.06789398938417435,
    -0.20214517414569855,
    -0.2966356873512268,
    -0.09679286181926727,
    -0.1888362318277359,
    -0.20474708080291748,
    -0.23882390558719635,
    -0.1029193252325058,
    -0.2007523775100708,
    -0.1395379602909088,
    -0.321811705827713,
    -0.2273278683423996
  ]
}