{
  "train_loss": [
    3.7685473705905905,
    2.4705784774961925,
    2.1389196940830777,
    2.0401270043552597,
    1.9374724975248583,
    1.8947882917192247,
    1.8982506652537927,
    1.8500256411342664,
    1.8234669694554508,
    1.8584560777594983,
    1.7926077239908058,
    1.8836364924502211,
    1.7458415469344781,
    1.7374829840497905,
    1.7211142629722889,
    1.6835698638102905,
    1.6345510972059774,
    1.6234252739385142
  ],
  "val_loss": [
    3.3014752864837646,
    2.3322913646698,
    2.2573108673095703,
    2.1041107177734375,
    2.20436692237854,
    2.0919690132141113,
    2.144120216369629,
    2.087326765060425,
    2.151559829711914,
    2.1459827423095703,
    2.2460339069366455,
    2.092740774154663,
    2.141319751739502,
    2.155806303024292,
    2.1485917568206787,
    2.1907966136932373,
    2.1369028091430664,
    2.204664468765259
  ],
  "best_epoch": 7,
  "status": "ok",
  "grad_norm": [
    3.186747503874884,
    2.820479908854998,
    2.845287150353663,
    2.884292329274245,
    2.779306883228391,
    2.543046992857259,
    2.836760013137753,
    2.6569784136540724,
    2.6389203863247515,
    2.9076921432571665,
    2.5192437090833266,
    2.9977950906820134,
    2.6373444459495943,
    2.730102894424616,
    2.828780151521638,
    2.6800838618317955,
    2.502378776635418,
    2.5288185345808656
  ],
  "beta_std": [
    1.175307035446167,
    0.9915283918380737,
    0.7656201720237732,
    0.8234133124351501,
    0.9504128694534302,
    0.7731479406356812,
    0.7871623635292053,
    0.7346640825271606,
    0.883399486541748,
    0.7311944365501404,
    1.0207059383392334,
    0.8386622071266174,
    0.7806599140167236,
    0.8542014956474304,
    0.8804396390914917,
    0.8655326962471008,
    0.8773881196975708,
    0.9432655572891235
  ],
  "beta_mean": [
    -0.3269610106945038,
    -0.3449150025844574,
    -0.254566490650177,
    -0.2758747637271881,
    -0.46277347207069397,
    -0.365233451128006,
    -0.36034128069877625,
    -0.3651488125324249,
    -0.28700029850006104,
    -0.38207104802131653,
    -0.40242820978164673,
    -0.30985480546951294,
    -0.3298082649707794,
    -0.3152516484260559,
    -0.3892778754234314,
    -0.27294743061065674,
    -0.29356926679611206,
    -0.3179177939891815
  ]
}