{
  "train_loss": [
    3.777267055446599,
    2.5630459412425552,
    2.057767007356328,
    1.9947656941792322,
    1.8776110205250263,
    1.7595177396895394,
    1.7406626482939773,
    1.6405545451473487,
    1.672946593658724,
    1.6424418525630926,
    1.7105338800521124,
    1.661847441645166,
    1.556785588632095,
    1.4836902272403916,
    1.5394142785039888,
    1.5163679755463892,
    1.5154770437011373,
    1.444250380100847,
    1.4225780993632449,
    1.4202256278386192,
    1.4420305148544226,
    1.4148539231747996,
    1.3444507808642052,
    1.3605813150232882,
    1.386444798672821,
    1.3168298270967271,
    1.3352299046083913,
    1.3357296022428136,
    1.328117705526806,
    1.3060690732229323,
    1.3602681165379462,
    1.2513211368162886,
    1.2722420465378534,
    1.2486294981033084
  ],
  "val_loss": [
    3.081167697906494,
    2.6814815998077393,
    2.4152305126190186,
    2.225630521774292,
    2.1336255073547363,
    2.20234751701355,
    2.1381843090057373,
    2.1581974029541016,
    2.192307472229004,
    2.205026626586914,
    2.2091293334960938,
    2.17757248878479,
    2.230576753616333,
    2.08052134513855,
    2.1952261924743652,
    2.0567190647125244,
    2.1916980743408203,
    2.2837629318237305,
    2.2589428424835205,
    2.0886857509613037,
    2.145246744155884,
    2.1222591400146484,
    2.135979413986206,
    2.0544371604919434,
    2.130605697631836,
    2.1541812419891357,
    2.2317941188812256,
    2.1671814918518066,
    2.2012457847595215,
    2.344663143157959,
    2.1653358936309814,
    2.164050579071045,
    2.148749589920044,
    2.205362319946289
  ],
  "best_epoch": 23,
  "status": "ok",
  "grad_norm": [
    2.8088868315636537,
    2.7890893915948487,
    2.8789960649845843,
    2.9721631868446576,
    2.749337157155882,
    2.6127115846565134,
    2.548811951397019,
    2.397385467630495,
    2.50544287537702,
    2.5377020658941896,
    3.0038798150351633,
    2.770484370267652,
    2.4584267841517367,
    2.359451194697349,
    2.4168224125303284,
    2.525697026037929,
    2.5265295309006737,
    2.4985240824204253,
    2.244138796080151,
    2.3226222657579605,
    2.4052306385738227,
    2.4538592767499745,
    2.2230281530349396,
    2.3595108574096915,
    2.333702901436415,
    2.389161975916974,
    2.4185816380657856,
    2.3928628673718007,
    2.4253185729753386,
    2.411815763043912,
    2.40934813195465,
    2.2762492520018296,
    2.2330632464110094,
    2.1727893093484076
  ],
  "beta_std": [
    1.5213916301727295,
    1.2544445991516113,
    0.7716799974441528,
    0.8165725469589233,
    0.8143041133880615,
    0.8971273303031921,
    0.944830060005188,
    1.0056654214859009,
    0.9562963247299194,
    0.9990947246551514,
    0.8008999824523926,
    0.9494604468345642,
    1.0065852403640747,
    0.8814713954925537,
    0.8783082365989685,
    0.8405871987342834,
    1.0097196102142334,
    0.9713833928108215,
    0.9280024170875549,
    0.9401818513870239,
    0.7892656326293945,
    0.9868091940879822,
    0.9369263052940369,
    0.9893020391464233,
    1.1339631080627441,
    0.8585172295570374,
    1.025482177734375,
    0.9682663083076477,
    0.9711925983428955,
    0.9446686506271362,
    0.9408559799194336,
    0.9500046372413635,
    0.8939263820648193,
    1.092221975326538
  ],
  "beta_mean": [
    -0.3023304343223572,
    -0.17830128967761993,
    -0.14092206954956055,
    -0.05162198096513748,
    -0.10586386919021606,
    -0.177959144115448,
    -0.18791690468788147,
    -0.3201090097427368,
    -0.11277001351118088,
    -0.07061108946800232,
    -0.10919362306594849,
    -0.14504991471767426,
    -0.1275588870048523,
    -0.06539153307676315,
    -0.040851954370737076,
    -0.21987846493721008,
    -0.076621413230896,
    -0.4199385344982147,
    0.015877066180109978,
    -0.18009412288665771,
    0.005063499789685011,
    -0.1719532459974289,
    -0.2241339236497879,
    -0.25986820459365845,
    -0.27865755558013916,
    -0.19061318039894104,
    -0.16258250176906586,
    -0.16365483403205872,
    -0.2048887461423874,
    -0.29779964685440063,
    -0.1852940171957016,
    -0.17072831094264984,
    -0.2648709714412689,
    -0.16834168136119843
  ]
}