{
  "train_loss": [
    3.8188796994907785,
    2.3613841841820955,
    1.9599526274501602,
    1.9039264649760967,
    1.7794228648923152,
    1.6859787489010905,
    1.6742723555791945,
    1.7057645942618787,
    1.6678946337191696,
    1.6074589669298964,
    1.5914000318704549,
    1.5557684719968004,
    1.5725586381899257,
    1.4930450316189097,
    1.5477410498119535,
    1.4790507368489998,
    1.466310443521357,
    1.4576968068168277,
    1.4217170436366076,
    1.5005299812541797,
    1.4839482511522548,
    1.4073384943462552,
    1.3643579264076389,
    1.3802949652379872
  ],
  "val_loss": [
    3.329892635345459,
    2.2439136505126953,
    2.2303054332733154,
    2.051154851913452,
    1.9764083623886108,
    2.095618486404419,
    2.1416893005371094,
    2.0656826496124268,
    2.177328586578369,
    2.0498616695404053,
    1.948411464691162,
    2.0230042934417725,
    1.9918614625930786,
    1.8784456253051758,
    2.0097107887268066,
    2.0340399742126465,
    1.9776347875595093,
    2.006959915161133,
    2.0364673137664795,
    2.112886428833008,
    1.9845722913742065,
    2.0295205116271973,
    2.112165689468384,
    2.0224180221557617
  ],
  "best_epoch": 13,
  "status": "ok",
  "grad_norm": [
    2.801216592072183,
    2.7292023712850444,
    2.7596769943419077,
    2.8072633320796614,
    2.587297176140504,
    2.4301548896468463,
    2.4846682325038985,
    2.613866677940052,
    2.499242300754068,
    2.3500038003185266,
    2.513016676941652,
    2.352066456512417,
    2.6831126449446763,
    2.4171997608250626,
    2.3337286941860524,
    2.3571836176822436,
    2.412784835889027,
    2.299132644154661,
    2.364172913990255,
    2.562981055873354,
    2.529230127728335,
    2.3023896519950995,
    2.271385540969302,
    2.3820929023099495
  ],
  "beta_std": [
    1.0848866701126099,
    0.9846317768096924,
    0.776472270488739,
    0.7743973731994629,
    0.7743876576423645,
    0.783717691898346,
    0.8029085397720337,
    0.7477536201477051,
    0.8584744930267334,
    0.639840841293335,
    0.855010449886322,
    0.8105325698852539,
    0.7567406296730042,
    0.761888861656189,
    0.9416349530220032,
    0.8459024429321289,
    0.7370953559875488,
    0.7790176272392273,
    0.7759374380111694,
    0.8026885986328125,
    0.9256975650787354,
    0.8249347805976868,
    0.8707156777381897,
    0.8792195916175842
  ],
  "beta_mean": [
    -0.40066567063331604,
    -0.25459542870521545,
    -0.2818540930747986,
    -0.11623429507017136,
    -0.2817966938018799,
    -0.20257529616355896,
    -0.0815972238779068,
    -0.25797438621520996,
    -0.21016159653663635,
    -0.20025956630706787,
    -0.07518791407346725,
    -0.14154410362243652,
    -0.1483411341905594,
    -0.1547461301088333,
    -0.24397985637187958,
    -0.1756918728351593,
    -0.11303888261318207,
    -0.2602960169315338,
    -0.09849876165390015,
    -0.06463184952735901,
    -0.05351884663105011,
    0.030512414872646332,
    -0.16683955490589142,
    -0.10223747044801712
  ]
}