{
  "train_loss": [
    3.823414887430446,
    2.437649335450326,
    2.039002891030171,
    1.8965873604729062,
    1.8406028174488993,
    1.7988614614318017,
    1.7094904362749892,
    1.6510754572290953,
    1.754531630042459,
    1.6789142636755428,
    1.7052317600942253,
    1.6033537133751001,
    1.6206405798053525,
    1.5578802486125574,
    1.5228535604585054,
    1.5355318982044315,
    1.517788102567331,
    1.5259031041138837
  ],
  "val_loss": [
    2.7613589763641357,
    1.9986631870269775,
    1.7934274673461914,
    1.8584568500518799,
    1.919353723526001,
    1.7311660051345825,
    1.7413116693496704,
    1.6572190523147583,
    1.7886276245117188,
    1.8510794639587402,
    1.7889351844787598,
    1.7831714153289795,
    1.7894997596740723,
    1.7194260358810425,
    1.6828404664993286,
    1.8643895387649536,
    1.7949105501174927,
    1.825474500656128
  ],
  "best_epoch": 7,
  "status": "ok",
  "grad_norm": [
    2.7303907331049273,
    2.798693054912648,
    3.1303024474425265,
    2.7113787849500484,
    2.8000119255056304,
    2.466858819943735,
    2.4163475651984787,
    2.459912395415947,
    2.523279461292046,
    2.6741576287353555,
    2.757044199789764,
    2.444427259196917,
    2.5675816886010394,
    2.4349772093564894,
    2.5871134065453014,
    2.525485588032573,
    2.4625129973125772,
    2.5080684400862188
  ],
  "beta_std": [
    1.3996968269348145,
    0.7046215534210205,
    0.6922836899757385,
    0.7691690921783447,
    0.6576988697052002,
    0.8276286721229553,
    0.6971140503883362,
    0.8751627802848816,
    0.7804526090621948,
    0.6447039842605591,
    0.6961156725883484,
    0.7966024279594421,
    0.6685224771499634,
    0.6894747614860535,
    0.8292220830917358,
    0.6204149723052979,
    0.836788535118103,
    0.8830006122589111
  ],
  "beta_mean": [
    -0.652195930480957,
    -0.2856302857398987,
    -0.4057508111000061,
    -0.13062554597854614,
    -0.22380121052265167,
    -0.4251469075679779,
    -0.4436784088611603,
    -0.33690303564071655,
    -0.43334633111953735,
    -0.20431965589523315,
    -0.30582395195961,
    -0.5420658588409424,
    -0.3695255219936371,
    -0.35979726910591125,
    -0.2868804633617401,
    -0.32297706604003906,
    -0.5029290318489075,
    -0.4241269528865814
  ]
}