{
  "train_loss": [
    3.7619940104668372,
    2.3597474509085656,
    2.0220388679547643,
    1.8999039715920447,
    1.8244759487727331,
    1.726914848870431,
    1.6900578980543175,
    1.6807448488244123,
    1.6659025770196028,
    1.5854417158632863,
    1.5530524599849502,
    1.6805340505781627,
    1.6344245393800627,
    1.557600623626017,
    1.4966384764431284,
    1.4968985446186023,
    1.4882386341657228,
    1.4812596068630954,
    1.5003922207285216,
    1.4105685319489634,
    1.3794281512431277,
    1.4366514425969719,
    1.4064895484993518,
    1.379252530009298,
    1.358908948173869,
    1.3466646346916147
  ],
  "val_loss": [
    3.1193714141845703,
    2.009934663772583,
    2.029025077819824,
    2.0936665534973145,
    1.8685576915740967,
    2.0349974632263184,
    1.84294593334198,
    2.0757834911346436,
    1.7521402835845947,
    1.7437931299209595,
    1.9878365993499756,
    1.7136235237121582,
    1.8624958992004395,
    1.7006489038467407,
    1.7788572311401367,
    1.6824599504470825,
    1.7472121715545654,
    1.6983627080917358,
    1.8319295644760132,
    1.7515381574630737,
    1.7769978046417236,
    1.8785780668258667,
    1.7815794944763184,
    1.8734136819839478,
    1.9273767471313477,
    1.9149551391601562
  ],
  "best_epoch": 15,
  "status": "ok",
  "grad_norm": [
    2.604032038513877,
    2.7679370057638595,
    3.0582315720238475,
    2.892262245288294,
    2.6955182034363268,
    2.543094333187902,
    2.505552554147169,
    2.793305533124284,
    2.534361644868988,
    2.4215838896209005,
    2.5285996407059907,
    2.860650392022925,
    2.522570031858178,
    2.357689453756796,
    2.3820296776946113,
    2.42405176717941,
    2.4209104422912016,
    2.379685712712241,
    2.5814552736483423,
    2.476966812857362,
    2.334016753597004,
    2.6432879118869446,
    2.3807456754175904,
    2.325605253270205,
    2.3369353762890763,
    2.305372522057766
  ],
  "beta_std": [
    1.3598923683166504,
    0.7142465114593506,
    0.7424417734146118,
    0.8243170976638794,
    0.6993759870529175,
    0.8351104855537415,
    0.6407518982887268,
    0.603338897228241,
    0.7390854358673096,
    0.82634037733078,
    0.705594003200531,
    0.7094908952713013,
    0.7847994565963745,
    0.7348566055297852,
    0.7051981091499329,
    0.7827739119529724,
    0.901336133480072,
    0.7157400250434875,
    0.9100774526596069,
    0.8517032265663147,
    0.8859705328941345,
    0.7983033061027527,
    0.7857533097267151,
    0.8103896379470825,
    1.025490164756775,
    0.9626325964927673
  ],
  "beta_mean": [
    -0.13728708028793335,
    -0.19658610224723816,
    -0.2133999466896057,
    -0.20649106800556183,
    -0.27752694487571716,
    0.01557148713618517,
    -0.15252655744552612,
    -0.00846678763628006,
    -0.23252812027931213,
    -0.1091550886631012,
    -0.11367730796337128,
    -0.35418546199798584,
    -0.0801101103425026,
    -0.28616002202033997,
    0.06490382552146912,
    -0.11337222903966904,
    -0.36722883582115173,
    -0.20821872353553772,
    -0.31058958172798157,
    -0.1296994984149933,
    -0.29059985280036926,
    -0.19117505848407745,
    -0.12999701499938965,
    -0.14249597489833832,
    -0.4046993553638458,
    -0.1276530921459198
  ]
}