{
  "train_loss": [
    3.983547883779824,
    2.5579562435885403,
    2.072657936824963,
    1.8954517176362122,
    1.860377589591236,
    1.7918364923286871,
    1.7361930987191578,
    1.677900767650734,
    1.6690495644026602,
    1.6189450893272348,
    1.6047322871733685,
    1.6036580709102743,
    1.5939976828438895,
    1.61518826208958,
    1.5995915568604762,
    1.5313828032032972
  ],
  "val_loss": [
    2.3424630165100098,
    1.6044528484344482,
    1.67588210105896,
    1.4754987955093384,
    1.5378732681274414,
    1.3957734107971191,
    1.4519153833389282,
    1.4158130884170532,
    1.4267934560775757,
    1.411765694618225,
    1.4809027910232544,
    1.4442862272262573,
    1.4555293321609497,
    1.4051395654678345,
    1.4632364511489868,
    1.4656487703323364
  ],
  "best_epoch": 5,
  "status": "ok",
  "grad_norm": [
    2.6305856123400697,
    2.5177756845653176,
    2.8969382592114994,
    2.8770243130200432,
    2.6131975447428437,
    2.657829132315995,
    2.431331245141364,
    2.3014809812384494,
    2.47218648441456,
    2.3746713039175567,
    2.2542228024451676,
    2.3308672148379017,
    2.411781600219715,
    2.3161918193398523,
    2.3142633260063477,
    2.3223708143102093
  ],
  "beta_std": [
    1.4479390382766724,
    1.0122642517089844,
    0.7575141191482544,
    0.9589908719062805,
    0.8998901844024658,
    0.7793871164321899,
    0.7950071096420288,
    0.8006176352500916,
    0.768352746963501,
    0.9535086750984192,
    0.7732506394386292,
    0.7952774167060852,
    0.7002941966056824,
    0.7316580414772034,
    0.8562359809875488,
    0.7909572720527649
  ],
  "beta_mean": [
    -0.3329036831855774,
    -0.013500938192009926,
    -0.09559647738933563,
    -0.03398467227816582,
    -0.1842728853225708,
    -0.13195045292377472,
    -0.14934861660003662,
    -0.019871074706315994,
    -0.036302100867033005,
    -0.05453586205840111,
    -0.1281193047761917,
    -0.17989806830883026,
    -0.2936597466468811,
    -0.21785400807857513,
    -0.018185121938586235,
    -0.06784234941005707
  ]
}