{
  "train_loss": [
    4.103120396196707,
    2.743544036839284,
    2.2318845433172454,
    1.9600768667770352,
    1.9870710102608955,
    1.8861937668858741,
    1.828522514053483,
    1.833590280171695,
    1.7282390513387667,
    1.7426867306637925,
    1.679606379294882,
    1.691416886388039,
    1.6824849352004037,
    1.6311611391249157,
    1.6300170183722393,
    1.62656707612295,
    1.5660164415701177,
    1.5655013374190212,
    1.5857368704953703,
    1.538432884648814,
    1.5582941148827136,
    1.5250824384408204
  ],
  "val_loss": [
    3.0351366996765137,
    2.267608404159546,
    1.8785585165023804,
    1.8181389570236206,
    1.8232141733169556,
    1.7893218994140625,
    1.815200924873352,
    1.7103230953216553,
    1.7389068603515625,
    1.7363265752792358,
    1.8205891847610474,
    1.6950948238372803,
    1.7699626684188843,
    1.7566777467727661,
    1.8140623569488525,
    1.7166976928710938,
    1.7924381494522095,
    1.8205846548080444,
    1.708812952041626,
    1.895810842514038,
    1.8316951990127563,
    1.7871499061584473
  ],
  "best_epoch": 11,
  "status": "ok",
  "grad_norm": [
    2.7597314244291056,
    2.237452250424433,
    2.5039229592780132,
    2.5921847779782796,
    2.916718745909776,
    2.6226235071421082,
    2.396622696699571,
    2.4805389065236487,
    2.390658150311284,
    2.6036662472807017,
    2.3932425851418873,
    2.3959615603385296,
    2.4260204817177247,
    2.4634014566817792,
    2.4099405508008855,
    2.27091547956502,
    2.327209817062182,
    2.349333917323249,
    2.6691178796014263,
    2.4849477385499563,
    2.379742526957344,
    2.379608496087907
  ],
  "beta_std": [
    1.174883246421814,
    1.0304722785949707,
    0.7076277136802673,
    0.7333228588104248,
    0.8765786290168762,
    0.7319639921188354,
    0.8306184411048889,
    0.7929352521896362,
    0.8054448366165161,
    0.6920647621154785,
    0.7154732346534729,
    0.8663793802261353,
    0.8284769654273987,
    0.9890669584274292,
    0.8456465005874634,
    0.7449374794960022,
    0.8817673921585083,
    0.801017701625824,
    0.8167977333068848,
    0.9451623558998108,
    0.9435537457466125,
    0.809004545211792
  ],
  "beta_mean": [
    -0.07395871728658676,
    -0.10118427872657776,
    -0.20349743962287903,
    -0.27124935388565063,
    -0.3299245536327362,
    -0.23323063552379608,
    -0.06421937048435211,
    -0.3492771089076996,
    -0.3735862374305725,
    -0.22130204737186432,
    -0.2291382998228073,
    -0.2515659034252167,
    -0.15117815136909485,
    -0.39841678738594055,
    -0.07998812943696976,
    -0.19686101377010345,
    -0.09777963161468506,
    -0.19090721011161804,
    -0.2594534158706665,
    -0.3398745059967041,
    -0.2745090126991272,
    -0.39043092727661133
  ]
}