{
  "train_loss": [
    3.795729983690915,
    2.5755595836509655,
    2.0117133247609043,
    1.8851017665430532,
    1.7618371261761032,
    1.8031919708057327,
    1.7048561751437026,
    1.7040720991536873,
    1.6575506682298622,
    1.6595286682349484,
    1.6198527145277617,
    1.5450221811022078,
    1.5561909583690756
  ],
  "val_loss": [
    3.041581153869629,
    2.1738288402557373,
    2.03657865524292,
    2.0531632900238037,
    2.1100013256073,
    2.0588254928588867,
    2.100975751876831,
    2.044963836669922,
    2.1112868785858154,
    2.097130298614502,
    2.1132068634033203,
    2.0902163982391357,
    2.1610658168792725
  ],
  "best_epoch": 2,
  "status": "ok",
  "grad_norm": [
    2.836358474523075,
    2.540272911661505,
    2.816940860490496,
    2.751478809261523,
    2.5360579363368947,
    2.8465746224907673,
    2.326061845545349,
    2.5664867613950606,
    2.4599848943169675,
    2.4796237074373493,
    2.5260630446660657,
    2.4188164251731754,
    2.4056034526987813
  ],
  "beta_std": [
    1.3393267393112183,
    0.8649135231971741,
    0.6217623353004456,
    0.5887398719787598,
    0.7161615490913391,
    0.7258909344673157,
    0.713068962097168,
    0.7471944689750671,
    0.692719042301178,
    0.7278955578804016,
    0.7988339066505432,
    0.853299617767334,
    0.6781871914863586
  ],
  "beta_mean": [
    -0.2855457067489624,
    -0.1675483137369156,
    -0.19611573219299316,
    -0.38172656297683716,
    -0.17063364386558533,
    -0.2244735211133957,
    -0.24195843935012817,
    -0.017607826739549637,
    -0.14636893570423126,
    -0.12225881218910217,
    -0.3617211878299713,
    -0.06407296657562256,
    -0.20024056732654572
  ]
}