{
  "train_loss": [
    3.7764292531002677,
    2.454821291423979,
    2.0786794645716005,
    1.9851004585387215,
    1.8428855988444115,
    1.8038353390163846,
    1.7752476000731765,
    1.7766252007343872,
    1.7160288190084791,
    1.6726233769976904,
    1.639109190629453,
    1.654580549858595,
    1.622110357900866,
    1.5989527550954667,
    1.5950075477158943,
    1.5724931728272211,
    1.5828692283219492,
    1.5375853866135993,
    1.4730244655998386
  ],
  "val_loss": [
    2.746431827545166,
    2.201291561126709,
    2.0160367488861084,
    1.9452742338180542,
    2.004925012588501,
    1.9407891035079956,
    2.0200564861297607,
    2.0742313861846924,
    1.8016225099563599,
    1.9888825416564941,
    1.901813268661499,
    2.046886920928955,
    1.9354658126831055,
    1.840364694595337,
    1.9580562114715576,
    1.8467998504638672,
    2.2834811210632324,
    1.9631963968276978,
    1.8592256307601929
  ],
  "best_epoch": 8,
  "status": "ok",
  "grad_norm": [
    2.670386693656494,
    2.6699486973063222,
    2.8531603216660195,
    2.732896954701498,
    2.4853756761326484,
    2.6847097916726486,
    2.319202678493705,
    2.5702943851727293,
    2.482183853181405,
    2.3427051366254603,
    2.553007322317554,
    2.431557362298149,
    2.474459926420768,
    2.3767052642131428,
    2.581825189683982,
    2.399074778402567,
    2.764813707876029,
    2.5070227639036022,
    2.3325260792734417
  ],
  "beta_std": [
    1.3242558240890503,
    0.989022970199585,
    0.8225132822990417,
    0.834906816482544,
    0.7738006711006165,
    0.7737186551094055,
    0.8745999932289124,
    0.8898369073867798,
    0.7914506196975708,
    0.7382478713989258,
    0.9151231646537781,
    0.8600440621376038,
    0.7379620671272278,
    0.9147540330886841,
    0.9362196326255798,
    0.8918002247810364,
    0.86782306432724,
    0.9466995596885681,
    0.842885434627533
  ],
  "beta_mean": [
    -0.3638610541820526,
    -0.05857718735933304,
    -0.16618098318576813,
    -0.07494039088487625,
    -0.150607630610466,
    -0.14045587182044983,
    -0.31128525733947754,
    -0.0973537489771843,
    -0.29030147194862366,
    -0.1339706927537918,
    -0.2193881869316101,
    -0.16702507436275482,
    -0.19250276684761047,
    -0.287936270236969,
    -0.312279611825943,
    -0.3210721015930176,
    -0.305054247379303,
    -0.18099913001060486,
    -0.3445284366607666
  ]
}