{
  "train_loss": [
    3.9552333154916224,
    2.5557785023367052,
    2.0919955284957714,
    1.9544742583147252,
    1.8995897467174228,
    1.8950299213803004,
    1.8220554398300968,
    1.7882894485715837,
    1.767600761789854,
    1.6613095331083891,
    1.7261431041488302,
    1.7408113555302696,
    1.6436046415986387,
    1.629877195336651
  ],
  "val_loss": [
    3.4158875942230225,
    2.1473288536071777,
    2.1524202823638916,
    1.9969021081924438,
    2.0898008346557617,
    2.083906412124634,
    2.0519442558288574,
    2.1414079666137695,
    2.1052422523498535,
    2.0498223304748535,
    2.1188652515411377,
    2.063481569290161,
    2.1287670135498047,
    2.04081392288208
  ],
  "best_epoch": 3,
  "status": "ok",
  "grad_norm": [
    2.980152042594008,
    3.024846012347325,
    3.0750978138266833,
    2.6759848784736966,
    2.5939417153399513,
    2.725631623536306,
    2.895718801151184,
    2.7609723391284318,
    2.716686359964328,
    2.4539204744144105,
    2.667099649989365,
    2.6807347087377926,
    2.529299428250387,
    2.64355607185196
  ],
  "beta_std": [
    1.2494103908538818,
    0.7902470827102661,
    0.8007389903068542,
    0.7137914299964905,
    0.7359921336174011,
    0.8668625950813293,
    0.6913007497787476,
    0.7586599588394165,
    0.7085776925086975,
    0.7686550617218018,
    0.6585853099822998,
    0.6702433824539185,
    0.7088385224342346,
    0.720381498336792
  ],
  "beta_mean": [
    -0.19966797530651093,
    -0.3137858510017395,
    -0.35824599862098694,
    -0.27180635929107666,
    -0.33204934000968933,
    -0.2830002009868622,
    -0.23468025028705597,
    -0.33616116642951965,
    -0.3065882623195648,
    -0.3101024925708771,
    -0.443036288022995,
    -0.2499009668827057,
    -0.3360633850097656,
    -0.2878560423851013
  ]
}