{
  "train_loss": [
    3.675864704612161,
    2.2856679465495,
    1.8656938243615113,
    1.8968905980895165,
    1.739777102762339,
    1.7076458520089148,
    1.6532316405216312,
    1.6496056964337962,
    1.6229594221461117,
    1.5403197257697177,
    1.5320229084313322,
    1.5138967777866355,
    1.4761655210367406,
    1.4433860722042264,
    1.426024636984412,
    1.4481434251716077,
    1.4196708683524273
  ],
  "val_loss": [
    2.832598924636841,
    1.9184558391571045,
    2.0761830806732178,
    1.8441399335861206,
    1.7745068073272705,
    1.8382917642593384,
    1.6943261623382568,
    1.8070908784866333,
    1.8216100931167603,
    1.7999544143676758,
    1.9278335571289062,
    1.74217689037323,
    1.9146697521209717,
    1.7859477996826172,
    1.8614908456802368,
    1.8472964763641357,
    1.8318217992782593
  ],
  "best_epoch": 6,
  "status": "ok",
  "grad_norm": [
    3.192476519532282,
    2.962126726686724,
    2.628161024980385,
    3.0132154570757828,
    2.5496107315530105,
    2.59505105895334,
    2.6427574765831268,
    2.4537258672636804,
    2.5556479634281533,
    2.3743955891488358,
    2.491933838692925,
    2.350601039125935,
    2.33568447146942,
    2.383649420710402,
    2.411410819104919,
    2.5111427184329065,
    2.48894199801572
  ],
  "beta_std": [
    1.1991569995880127,
    0.6906774640083313,
    0.6341730356216431,
    0.7238276600837708,
    0.8005198240280151,
    0.7164900898933411,
    0.8105394840240479,
    0.8067165613174438,
    0.8257111310958862,
    0.8123870491981506,
    0.7922073006629944,
    0.7390872240066528,
    0.7779565453529358,
    0.8658137917518616,
    0.8580660223960876,
    0.7991405725479126,
    0.7461044192314148
  ],
  "beta_mean": [
    0.212581068277359,
    -0.3345243036746979,
    -0.12014077603816986,
    -0.27230924367904663,
    -0.08794046938419342,
    -0.036752499639987946,
    -0.231944277882576,
    0.0015934474067762494,
    -0.16091695427894592,
    -0.11176153272390366,
    0.040778324007987976,
    -0.08536992967128754,
    0.06466604024171829,
    -0.09845700860023499,
    0.06538774073123932,
    -0.024703044444322586,
    -0.1623462587594986
  ]
}