{
  "train_loss": [
    3.7453981667689455,
    2.474422703524566,
    1.9536546384936828,
    1.905710587966469,
    1.799282121279883,
    1.7230163442304616,
    1.7079887571248338,
    1.7128909920889235,
    1.681319585192501,
    1.745575588036016,
    1.5991971154872522,
    1.607900969295545,
    1.5336812677837552,
    1.5276379828550377,
    1.567388190704138,
    1.5732647802283704,
    1.4414286078238974,
    1.4641798231877436,
    1.4935733001518683,
    1.4356594504682927,
    1.3787186678304695,
    1.4161653951182116,
    1.4264153104250124,
    1.3650416041177416,
    1.3629601626169114,
    1.358871335345331,
    1.348388105022664,
    1.2829628882764958,
    1.3225910341928875,
    1.3056983585530668,
    1.3080267619654165,
    1.2108352422173603,
    1.25295204775674
  ],
  "val_loss": [
    3.260460138320923,
    2.3974409103393555,
    2.1175754070281982,
    2.1012372970581055,
    2.1246700286865234,
    2.1095240116119385,
    2.155606746673584,
    2.063103437423706,
    1.9795829057693481,
    1.9690433740615845,
    2.3187813758850098,
    1.9885473251342773,
    2.1554994583129883,
    2.009096622467041,
    1.9656991958618164,
    1.982474684715271,
    1.9752434492111206,
    2.0619332790374756,
    1.997463345527649,
    1.984078049659729,
    2.0245108604431152,
    1.9464693069458008,
    1.8810614347457886,
    1.9759795665740967,
    2.040280342102051,
    2.023332357406616,
    2.108527898788452,
    2.0014569759368896,
    2.036998748779297,
    1.9875234365463257,
    1.9729623794555664,
    1.9803812503814697,
    2.013356924057007
  ],
  "best_epoch": 22,
  "status": "ok",
  "grad_norm": [
    2.6401556730943363,
    2.9158873032491326,
    2.69874183759477,
    2.8733005477128013,
    2.791904945759358,
    2.6521313704319676,
    2.5231927899694426,
    2.5414055420932438,
    2.650676282915551,
    2.658728524056094,
    2.4106650103443252,
    2.54885972747766,
    2.4194689619367296,
    2.4561993939495035,
    2.502194520175178,
    2.5736558213204708,
    2.305586203237563,
    2.2959676035245193,
    2.4769257762850083,
    2.3225079980430343,
    2.340308571777904,
    2.5176647020415563,
    2.27142193383071,
    2.29732058106996,
    2.515664212454994,
    2.570364585319321,
    2.304260071044078,
    2.2894666538350816,
    2.4360264559236775,
    2.3022326740900745,
    2.253099616007169,
    2.2196170030580524,
    2.4115031010849486
  ],
  "beta_std": [
    1.1888329982757568,
    1.0280370712280273,
    0.7081586122512817,
    0.8206916451454163,
    0.8307915329933167,
    0.8274170160293579,
    0.799949586391449,
    0.7234603762626648,
    0.9269313216209412,
    0.7974966764450073,
    0.8539767861366272,
    0.7946561574935913,
    0.8308153748512268,
    0.8294316530227661,
    0.8834941387176514,
    0.8064081072807312,
    0.9792057275772095,
    0.8073680400848389,
    0.776162326335907,
    0.7505306601524353,
    0.8874403834342957,
    0.7881916165351868,
    0.9102302193641663,
    0.7567446827888489,
    0.8850255608558655,
    0.7859290242195129,
    0.8119826912879944,
    0.8863215446472168,
    0.907903790473938,
    0.9715867042541504,
    0.8045879006385803,
    0.9539521932601929,
    0.7768210768699646
  ],
  "beta_mean": [
    -0.348245769739151,
    -0.18907828629016876,
    -0.3340817391872406,
    -0.319703072309494,
    -0.38612380623817444,
    -0.3719997704029083,
    -0.32436513900756836,
    -0.14570021629333496,
    -0.34584274888038635,
    -0.28220081329345703,
    -0.4728771150112152,
    -0.2532646954059601,
    -0.41112878918647766,
    -0.27182310819625854,
    -0.25505223870277405,
    -0.3954545259475708,
    -0.2177104502916336,
    -0.3117235004901886,
    -0.3093194365501404,
    -0.3347150385379791,
    -0.35097914934158325,
    -0.3005751669406891,
    -0.35981854796409607,
    -0.27595967054367065,
    -0.40360474586486816,
    -0.41283416748046875,
    -0.28103384375572205,
    -0.3751864433288574,
    -0.39598900079727173,
    -0.4129004180431366,
    -0.263255774974823,
    -0.335012823343277,
    -0.374319851398468
  ]
}