{
  "train_loss": [
    3.8361615485885516,
    2.5062121079892528,
    2.1132181563885575,
    1.9446438559058572,
    1.8368044202289884,
    1.8494791497989578,
    1.7594149595215207,
    1.7242364337384837,
    1.719485340475225,
    1.6923849836769018,
    1.6930147363485393,
    1.5939649838168606,
    1.5731595178850655,
    1.6240541402444817,
    1.6072568774493643,
    1.5978295905790092,
    1.492148141471707,
    1.5120981620823175,
    1.5178432094266896,
    1.4866763091141404
  ],
  "val_loss": [
    2.9098782539367676,
    1.9714325666427612,
    1.8784408569335938,
    1.8576421737670898,
    1.7019827365875244,
    1.7055927515029907,
    1.7354543209075928,
    1.960953950881958,
    1.7143052816390991,
    1.691145420074463,
    1.7466531991958618,
    1.7610162496566772,
    1.7321528196334839,
    1.7289282083511353,
    1.7012449502944946,
    1.7424416542053223,
    1.8692598342895508,
    1.6973129510879517,
    1.7462564706802368,
    1.742647409439087
  ],
  "best_epoch": 9,
  "status": "ok",
  "grad_norm": [
    2.621955479221074,
    2.4432947752193566,
    2.7637353142208716,
    2.5743631083953638,
    2.5352314522912875,
    2.697414228487188,
    2.490501491073205,
    2.458654518079178,
    2.4372206624543717,
    2.3423937872942027,
    2.596922088314524,
    2.2727450245462015,
    2.3601477977201593,
    2.42781433102753,
    2.52074516746612,
    2.432625617085186,
    2.229089125380608,
    2.4662907647566734,
    2.2695258127698574,
    2.3647189293892548
  ],
  "beta_std": [
    0.9315041303634644,
    0.9181753993034363,
    0.6951047778129578,
    0.6029168367385864,
    0.7390146851539612,
    0.7180593013763428,
    0.6291802525520325,
    0.6602196097373962,
    0.6621608138084412,
    0.7150818705558777,
    0.7414994239807129,
    0.7403115034103394,
    0.7170141339302063,
    0.6985299587249756,
    0.7763670086860657,
    0.7589073777198792,
    0.8831159472465515,
    0.7662616968154907,
    0.8014406561851501,
    0.670335590839386
  ],
  "beta_mean": [
    -0.2284894734621048,
    -0.12495864927768707,
    -0.21266983449459076,
    -0.2828875780105591,
    -0.28926587104797363,
    -0.16956889629364014,
    -0.21348786354064941,
    -0.08319413661956787,
    -0.2044793963432312,
    -0.2170533686876297,
    -0.26891466975212097,
    -0.14091108739376068,
    -0.1325264573097229,
    -0.3340304493904114,
    -0.1811172515153885,
    -0.294872522354126,
    -0.10005978494882584,
    -0.20474231243133545,
    -0.08367567509412766,
    -0.2146037518978119
  ]
}