{
  "train_loss": [
    3.345694497869669,
    2.1889286008821864,
    1.9463428818449682,
    1.7402406149710656,
    1.7988462523808555,
    1.6900793084211632,
    1.6824128679137111,
    1.6565360844540757,
    1.5990013889714974,
    1.562058952660247,
    1.5499607281349683,
    1.6043056982174482,
    1.5192207863001055,
    1.5915443305255605,
    1.5998696372622536,
    1.547311345195554,
    1.506028221578014,
    1.4891171498633837,
    1.4777332344293053,
    1.4880909422357607
  ],
  "val_loss": [
    2.4735260009765625,
    2.1350414752960205,
    1.9531526565551758,
    1.9446110725402832,
    1.8358336687088013,
    1.857430100440979,
    1.8732967376708984,
    1.8479442596435547,
    1.7239960432052612,
    1.7027552127838135,
    1.8964052200317383,
    1.8996576070785522,
    1.872768521308899,
    1.8729534149169922,
    1.7596206665039062,
    1.7644315958023071,
    1.7134106159210205,
    1.8018101453781128,
    1.7850285768508911,
    1.76009202003479
  ],
  "best_epoch": 9,
  "status": "ok",
  "grad_norm": [
    2.695771191921119,
    2.9446166878116786,
    2.875446916818467,
    2.687132014503125,
    2.9048544613780782,
    2.5457578711069746,
    2.5634258305428683,
    2.439705788643778,
    2.402344866207773,
    2.4236526800981584,
    2.3113281754618344,
    2.379369434769686,
    2.3724728399312864,
    2.5086406010583153,
    2.8364243946607175,
    2.3843237139084974,
    2.3101716476887497,
    2.3519159006883563,
    2.234907449912162,
    2.513819024476351
  ],
  "beta_std": [
    1.2872834205627441,
    0.9179402589797974,
    0.8603622913360596,
    0.7827591896057129,
    0.900404691696167,
    0.6812534332275391,
    0.9486629366874695,
    0.845475435256958,
    0.6967595815658569,
    0.7459216117858887,
    0.841035008430481,
    0.9249218702316284,
    0.8731337189674377,
    0.7810783982276917,
    0.9075923562049866,
    0.8413117527961731,
    0.9171314239501953,
    0.8966243267059326,
    0.9655022025108337,
    0.8450843095779419
  ],
  "beta_mean": [
    -0.2776944637298584,
    -0.27094659209251404,
    -0.2235029935836792,
    -0.12257658690214157,
    -0.31787848472595215,
    -0.320377379655838,
    -0.17071011662483215,
    -0.11659670621156693,
    -0.28942155838012695,
    -0.37072357535362244,
    -0.1808648407459259,
    -0.16792377829551697,
    -0.13937132060527802,
    -0.23473311960697174,
    -0.169647216796875,
    -0.24522721767425537,
    -0.24480107426643372,
    -0.027229176834225655,
    -0.1944444626569748,
    -0.06646748632192612
  ]
}