{
  "train_loss": [
    3.93800950050354,
    2.6667711686114877,
    2.000987312420696,
    1.8338507508474684,
    1.7258207900724174,
    1.7296655651122805,
    1.6943401884870464,
    1.6313178128396033,
    1.6398151545297532,
    1.6047599748148669,
    1.5436032615821649,
    1.54152171682068,
    1.5089632037545548,
    1.4793705361770664,
    1.5079016188104677,
    1.4425381749125024,
    1.43532395362854,
    1.4156457799362216,
    1.4109849956841156,
    1.4179654253853693,
    1.3740424620591594,
    1.3254205861599808,
    1.405683543947008
  ],
  "val_loss": [
    2.590749979019165,
    1.5863051414489746,
    1.4675700664520264,
    1.5165802240371704,
    1.5309990644454956,
    1.4455980062484741,
    1.3813068866729736,
    1.4113483428955078,
    1.3474379777908325,
    1.3747203350067139,
    1.4187595844268799,
    1.3576865196228027,
    1.3303923606872559,
    1.4202357530593872,
    1.3746087551116943,
    1.4064866304397583,
    1.34267258644104,
    1.4000736474990845,
    1.3708186149597168,
    1.3870396614074707,
    1.4074125289916992,
    1.4701414108276367,
    1.4722352027893066
  ],
  "best_epoch": 12,
  "status": "ok",
  "grad_norm": [
    2.8782109135385037,
    2.346524950764377,
    2.6083476566329002,
    2.5208968908160716,
    2.1831989819582573,
    2.4715171351983223,
    2.474004372224831,
    2.291440817103696,
    2.302812405022848,
    2.5209413141323416,
    2.307183493125956,
    2.429340238573366,
    2.376284270816918,
    2.5960353007438686,
    2.362019583266928,
    2.5533771098205165,
    2.348268700181144,
    2.2189519993362152,
    2.316812999496608,
    2.3811178542520497,
    2.2604421994391948,
    2.2921402273130007,
    2.624474852982233
  ],
  "beta_std": [
    0.7358528971672058,
    0.8194975852966309,
    0.46435320377349854,
    0.616856038570404,
    0.5846719145774841,
    0.6449083685874939,
    0.4564947783946991,
    0.5446135401725769,
    0.6074861288070679,
    0.5723780393600464,
    0.6633837223052979,
    0.656839907169342,
    0.6626860499382019,
    0.567115068435669,
    0.6380501985549927,
    0.5836777091026306,
    0.6577681303024292,
    0.5445119142532349,
    0.6496915817260742,
    0.5770832300186157,
    0.7840462923049927,
    0.6890149712562561,
    0.6490654945373535
  ],
  "beta_mean": [
    -0.22154457867145538,
    -0.3463769257068634,
    -0.27098092436790466,
    -0.4610369801521301,
    -0.35073408484458923,
    -0.2552866041660309,
    -0.25210151076316833,
    -0.3483944833278656,
    -0.17886102199554443,
    -0.3208916187286377,
    -0.3252088725566864,
    -0.3422337472438812,
    -0.26474136114120483,
    -0.3244289457798004,
    -0.2612045705318451,
    -0.33217811584472656,
    -0.2320960909128189,
    -0.009348458610475063,
    -0.3617965281009674,
    -0.36836448311805725,
    -0.23444855213165283,
    -0.39767807722091675,
    -0.40058913826942444
  ]
}