{
  "train_loss": [
    3.862045079337226,
    2.591763377719455,
    2.0386000686221655,
    1.9749005370669894,
    1.9283254549238418,
    1.8235221412446765,
    1.8658552731408014,
    1.7967503706614176,
    1.7217150343788994,
    1.635543958346049,
    1.706354873445299,
    1.6300144555833604,
    1.7071846188439264,
    1.6610159513685439,
    1.5325114623705547
  ],
  "val_loss": [
    3.1134161949157715,
    2.1215462684631348,
    1.7595367431640625,
    2.0456361770629883,
    1.6582832336425781,
    1.8629913330078125,
    1.6879348754882812,
    1.7553412914276123,
    1.7697741985321045,
    1.7252283096313477,
    1.8119080066680908,
    1.8236708641052246,
    1.7524288892745972,
    1.7711676359176636,
    1.7752296924591064
  ],
  "best_epoch": 4,
  "status": "ok",
  "grad_norm": [
    3.0476973738285897,
    2.891231121642225,
    2.905041626290026,
    2.750117141800301,
    2.919457550711202,
    2.602070899990641,
    2.807688499502345,
    2.7371408488278046,
    2.5018596150551686,
    2.623675787519133,
    2.5970450226467,
    2.862441509467499,
    2.7525115684384263,
    2.651731982353466,
    2.34361017881588
  ],
  "beta_std": [
    1.6609305143356323,
    0.9134059548377991,
    0.9375975131988525,
    0.7869092226028442,
    0.8544536232948303,
    0.8330800533294678,
    0.815875232219696,
    0.8590592741966248,
    0.9780934453010559,
    0.9080424308776855,
    0.9323415756225586,
    0.9360989928245544,
    0.8989512920379639,
    0.9115321636199951,
    0.8939924240112305
  ],
  "beta_mean": [
    0.5337215065956116,
    0.04117507487535477,
    -0.048005830496549606,
    0.01200956106185913,
    -0.051471348851919174,
    0.0677325502038002,
    -0.28929993510246277,
    -0.17807713150978088,
    -0.056037988513708115,
    -0.053389180451631546,
    0.1074489876627922,
    -0.15749365091323853,
    -0.3834287226200104,
    -0.16433832049369812,
    -0.08018051087856293
  ]
}