{
  "train_loss": [
    3.7279191462198895,
    2.3473901897006564,
    2.0815400303734672,
    1.925734936396281,
    1.864665395948622,
    1.822327110502455,
    1.7921778424580892,
    1.7020847426520453,
    1.7989545122782389,
    1.6797025696436565,
    1.6971033191680909,
    1.68876571337382,
    1.6296853722466362,
    1.6829469850328234,
    1.587705101437039,
    1.596071965959337,
    1.548131651348538,
    1.5449466864267984,
    1.5587366167704264,
    1.5189347032705942,
    1.4728419733047486,
    1.4569323311911688
  ],
  "val_loss": [
    2.467195987701416,
    1.8388299942016602,
    1.7725632190704346,
    1.805761456489563,
    1.7116072177886963,
    1.73215651512146,
    1.6760715246200562,
    1.8515106439590454,
    1.6850686073303223,
    1.7510137557983398,
    1.6342873573303223,
    1.623464822769165,
    1.7219445705413818,
    1.7784342765808105,
    1.64240300655365,
    1.725287914276123,
    1.6316769123077393,
    1.6961597204208374,
    1.705959439277649,
    1.7458245754241943,
    1.7029305696487427,
    1.6501234769821167
  ],
  "best_epoch": 11,
  "status": "ok",
  "grad_norm": [
    2.9695810928712323,
    3.0929226437653154,
    2.9336455562036914,
    2.654449745817862,
    2.7969543991841017,
    2.7239598016606896,
    2.9460860004079272,
    2.759469781837742,
    2.8834208575169478,
    2.529121465427851,
    2.573281121435507,
    3.062019770485023,
    2.6928609087689814,
    2.5344669200638417,
    2.374900074391956,
    2.5014560098212657,
    2.3894578862392106,
    2.4799915884187906,
    2.721032229748875,
    2.414959014281584,
    2.4105510995854194,
    2.404361722782307
  ],
  "beta_std": [
    1.270586609840393,
    0.8916598558425903,
    0.7064493298530579,
    0.8741194605827332,
    0.9439958930015564,
    0.8185704350471497,
    0.7802576422691345,
    0.7864850163459778,
    0.8082082867622375,
    0.7460618019104004,
    0.7859703302383423,
    0.8765101432800293,
    0.761342465877533,
    0.8813736438751221,
    0.8429135680198669,
    0.6509274244308472,
    0.832947313785553,
    0.8070402145385742,
    0.8250124454498291,
    0.8066768050193787,
    0.7164340615272522,
    0.911872148513794
  ],
  "beta_mean": [
    -0.18247570097446442,
    -0.23476898670196533,
    -0.28580349683761597,
    -0.10128632187843323,
    -0.2764374911785126,
    -0.37781643867492676,
    -0.2380685657262802,
    -0.10507902503013611,
    -0.3079167902469635,
    -0.2633800506591797,
    -0.1681070327758789,
    -0.2680284082889557,
    -0.151688352227211,
    -0.3296359181404114,
    -0.2190849483013153,
    -0.28914353251457214,
    -0.29075732827186584,
    -0.16061730682849884,
    -0.2859099805355072,
    -0.23201385140419006,
    -0.2695125639438629,
    -0.2822602391242981
  ]
}