{
  "train_loss": [
    3.635544702741835,
    2.342561692661709,
    2.017551612854004,
    1.9003832462098864,
    1.8607007365756565,
    1.8185641765594482,
    1.8065732065836588,
    1.834904696146647,
    1.7294139332241483,
    1.6926789622836642,
    1.701658624013265,
    1.665181516011556,
    1.6496285618676079,
    1.6463985453711616,
    1.634232988887363,
    1.5616398435168797,
    1.6043529899915059,
    1.5349952398406135,
    1.5311291631062824
  ],
  "val_loss": [
    3.0463836193084717,
    2.4324607849121094,
    2.281625747680664,
    2.0658493041992188,
    2.1102466583251953,
    2.1941213607788086,
    2.0504682064056396,
    2.181156873703003,
    2.031290054321289,
    2.0768048763275146,
    2.3026394844055176,
    2.0955896377563477,
    2.148869276046753,
    2.1468868255615234,
    2.244819402694702,
    2.074902057647705,
    2.096783399581909,
    2.091367721557617,
    2.2646214962005615
  ],
  "best_epoch": 8,
  "status": "ok",
  "grad_norm": [
    2.8888280742664745,
    2.356704257188224,
    2.5716827414661463,
    2.522547573152166,
    2.612911766540449,
    2.46814184431707,
    2.7427317818250323,
    2.7507973327649706,
    2.6267766275572355,
    2.5931356826195,
    2.650179446245035,
    2.694095136499654,
    2.4104211000121833,
    2.55467714046075,
    2.504837915192226,
    2.652395817883693,
    2.4550339915882624,
    2.5236927106494225,
    2.49138417465108
  ],
  "beta_std": [
    0.9933559894561768,
    0.8088789582252502,
    0.6623114943504333,
    0.7528294920921326,
    0.7605777978897095,
    0.7350497841835022,
    0.758138120174408,
    0.8429283499717712,
    0.7382901310920715,
    0.74967360496521,
    0.7186599373817444,
    0.7656808495521545,
    0.8889786601066589,
    0.7073179483413696,
    0.7689971327781677,
    0.8401492834091187,
    0.7987213134765625,
    0.7349059581756592,
    0.8116763830184937
  ],
  "beta_mean": [
    -0.1974271535873413,
    -0.16030845046043396,
    -0.22850941121578217,
    -0.061605848371982574,
    -0.02123294770717621,
    -0.27730536460876465,
    0.04087360203266144,
    -0.14187943935394287,
    -0.28252220153808594,
    -0.22585393488407135,
    -0.1870693415403366,
    -0.12580765783786774,
    -0.20915590226650238,
    -0.0020372176077216864,
    -0.05211604759097099,
    -0.18263877928256989,
    -0.0686371773481369,
    -0.13219614326953888,
    -0.31103387475013733
  ]
}