{
  "train_loss": [
    3.830062458780077,
    2.500280220243666,
    2.082091520892249,
    1.932983898586697,
    1.8250957075754801,
    1.844478759765625,
    1.7638458432091606,
    1.6621092992358737,
    1.6495143604278564,
    1.671429661909739,
    1.6666354974110922,
    1.5921296585930718,
    1.6084540918138293,
    1.604263178507487,
    1.5849004655414158,
    1.604646884335412,
    1.5265693389044868,
    1.5576557932959663
  ],
  "val_loss": [
    2.8178772926330566,
    2.2669668197631836,
    1.958530306816101,
    1.9136558771133423,
    2.1544647216796875,
    1.864118218421936,
    2.073458194732666,
    1.824648141860962,
    2.004915237426758,
    1.9203085899353027,
    1.9098483324050903,
    1.8836987018585205,
    1.8931875228881836,
    1.9122041463851929,
    1.937163233757019,
    1.9088727235794067,
    1.8956308364868164,
    2.045788049697876
  ],
  "best_epoch": 7,
  "status": "ok",
  "grad_norm": [
    2.9603000799171375,
    3.1663726276917203,
    3.2572521965417502,
    2.8437169093896935,
    3.0149146760422574,
    2.7712264217710287,
    2.6290875345986677,
    2.525724352645127,
    2.5006912178762195,
    2.6177512178163416,
    2.5308714676829895,
    2.4211603677490263,
    2.7696301379113484,
    2.7037695474147134,
    2.801642914089336,
    2.4480346605365044,
    2.421207693264943,
    2.5932060090269973
  ],
  "beta_std": [
    1.2577749490737915,
    0.8782198429107666,
    1.025829553604126,
    0.935563325881958,
    0.8483859300613403,
    0.9340747594833374,
    0.7817609906196594,
    0.8651155829429626,
    0.8934465646743774,
    0.78802090883255,
    0.8493913412094116,
    0.7200762629508972,
    0.7950855493545532,
    0.8565729856491089,
    0.8669489026069641,
    0.7133007645606995,
    0.7096214294433594,
    0.8836627006530762
  ],
  "beta_mean": [
    0.09392765164375305,
    -0.19873011112213135,
    -0.3075772523880005,
    -0.16040106117725372,
    -0.17818401753902435,
    -0.11775264889001846,
    -0.2653420567512512,
    -0.11907891929149628,
    -0.17700311541557312,
    -0.10906911641359329,
    -0.14163975417613983,
    -0.07225101441144943,
    -0.0818823054432869,
    -0.05044678598642349,
    -0.15118981897830963,
    -0.03700339421629906,
    -0.08046729117631912,
    -0.1433936357498169
  ]
}