{
  "train_loss": [
    3.723583566877577,
    2.518663359747993,
    2.0481394174363876,
    2.031939622031318,
    1.8615635712941487,
    1.8405213557349311,
    1.8841350237528482,
    1.8140305190616184,
    1.7968170478608874,
    1.7971766665246751,
    1.6855221213234794,
    1.8098921706941393,
    1.6600369622972277,
    1.6796823904249403,
    1.7195453919304742,
    1.6058791637420655,
    1.652325719197591,
    1.6604190233018663,
    1.6561007499694824,
    1.5678359572092693,
    1.6278174220191108,
    1.6355025831858316
  ],
  "val_loss": [
    2.821131944656372,
    2.2551417350769043,
    2.0736823081970215,
    2.149075984954834,
    2.0150465965270996,
    2.134733200073242,
    2.0475199222564697,
    2.0430760383605957,
    2.0228114128112793,
    2.1308212280273438,
    2.03025221824646,
    2.0124433040618896,
    2.0719618797302246,
    2.0166378021240234,
    2.134218692779541,
    2.144564628601074,
    2.153008460998535,
    2.1109554767608643,
    2.126136302947998,
    2.083575963973999,
    2.050830602645874,
    2.1859238147735596
  ],
  "best_epoch": 11,
  "status": "ok",
  "grad_norm": [
    3.0059981244087455,
    2.619439056411244,
    2.976826395618001,
    2.7358235311398356,
    2.4904212581913736,
    2.6412950378046447,
    2.77660143878242,
    2.770199173036952,
    2.5833860249853546,
    2.85780472717616,
    2.6651593127928455,
    2.936418459490553,
    2.631141311606235,
    2.793468042977778,
    2.6731500195937214,
    2.592957868545445,
    2.93879731014561,
    2.6517502141588514,
    2.871088384380081,
    2.624774018243994,
    2.888548483990391,
    2.9130826246987542
  ],
  "beta_std": [
    1.0362086296081543,
    0.8260614275932312,
    0.7202512621879578,
    0.6919648051261902,
    0.6997207999229431,
    0.767534077167511,
    0.6867873072624207,
    0.7353652119636536,
    0.7368161082267761,
    0.7147877812385559,
    0.7425422668457031,
    0.7622349858283997,
    0.7388442754745483,
    0.6550304293632507,
    0.6159641742706299,
    0.6639102101325989,
    0.7768363356590271,
    0.6977371573448181,
    0.7831291556358337,
    0.7851583361625671,
    0.6739541292190552,
    0.78643798828125
  ],
  "beta_mean": [
    -0.029187770560383797,
    -0.18199482560157776,
    -0.028863530606031418,
    -0.019695840775966644,
    -0.03768682852387428,
    -0.17216509580612183,
    -0.21903583407402039,
    -0.07323969900608063,
    -0.1523580551147461,
    -0.16277386248111725,
    -0.09032845497131348,
    -0.2722729742527008,
    -0.40382492542266846,
    -0.3939284086227417,
    -0.28995007276535034,
    -0.33135005831718445,
    -0.19728496670722961,
    -0.19974254071712494,
    -0.07771549373865128,
    -0.18837647140026093,
    -0.28026431798934937,
    0.06203781068325043
  ]
}