{
  "train_loss": [
    0.7915924846638016,
    0.7419446940031665,
    0.7146562515643605,
    0.6899840419543417,
    0.6761941135557075,
    0.6711576840891476,
    0.6565378604506888,
    0.6720945674076415,
    0.6523987306767737,
    0.6592177064516391,
    0.6528679973200748,
    0.6520454179752639,
    0.6319971810167992
  ],
  "val_loss": [
    0.7154282331466675,
    0.7253910899162292,
    0.6512330174446106,
    0.7043394446372986,
    0.6916526556015015,
    0.7143882513046265,
    0.6939191818237305,
    0.705126166343689,
    0.6903368234634399,
    0.6956272721290588,
    0.707112193107605,
    0.6788593530654907,
    0.6784641146659851
  ],
  "best_epoch": 2,
  "status": "ok",
  "grad_norm": [
    0.9855116440867333,
    0.9742835765432557,
    0.880603559634137,
    0.9379605635365033,
    0.8743599628750143,
    0.8531944948588923,
    0.8752376685361676,
    0.9192990690334649,
    0.9137711715199832,
    0.8561037246632391,
    0.9071391716912497,
    0.8739012685698359,
    0.8736889546886827
  ],
  "beta_std": [
    0.27676287293434143,
    0.15506036579608917,
    0.20317476987838745,
    0.22172784805297852,
    0.26801612973213196,
    0.21962599456310272,
    0.22413745522499084,
    0.23743002116680145,
    0.18263204395771027,
    0.21746882796287537,
    0.24786710739135742,
    0.17612409591674805,
    0.30845847725868225
  ],
  "beta_mean": [
    -0.04615180939435959,
    -0.06814591586589813,
    -0.11261322349309921,
    -0.00629331823438406,
    -0.09950296580791473,
    -0.14384719729423523,
    -0.003011651337146759,
    -0.08984798938035965,
    -0.14037510752677917,
    -0.11549438536167145,
    -0.06602435559034348,
    -0.0896691381931305,
    -0.1264960914850235
  ]
}