{
  "train_loss": [
    0.8210194289614583,
    0.7654850591414156,
    0.7222712570742557,
    0.7289746380549426,
    0.7066924572130393,
    0.6965798559453752,
    0.690794367281317,
    0.6830698757631737,
    0.6865041685801501,
    0.6754939165449979,
    0.6639853083735539,
    0.6602685781389649,
    0.6633328151145177,
    0.6552512873543633,
    0.6683619109162113,
    0.6697891715674372,
    0.652676663036235,
    0.649486325846778,
    0.643669658571656,
    0.6413130988433348,
    0.6455024038002505,
    0.6331267824228745
  ],
  "val_loss": [
    0.7371885180473328,
    0.6864966750144958,
    0.6794593334197998,
    0.6821432709693909,
    0.6832696795463562,
    0.691162109375,
    0.7084463834762573,
    0.6821801662445068,
    0.6734764575958252,
    0.6801583170890808,
    0.6885708570480347,
    0.6621395945549011,
    0.6684587597846985,
    0.7065973281860352,
    0.6860007047653198,
    0.7005857825279236,
    0.7138384580612183,
    0.670566737651825,
    0.6858515739440918,
    0.70644211769104,
    0.7128795981407166,
    0.6932411789894104
  ],
  "best_epoch": 11,
  "status": "ok",
  "grad_norm": [
    0.9865863945710576,
    0.8987416093163868,
    0.8829403911404562,
    0.8975224126965873,
    0.862894212040569,
    0.8944135245352888,
    0.8586927039444908,
    0.9032184603349411,
    0.8855052802078186,
    0.8616434902633574,
    0.8581156203345846,
    0.8963592307180125,
    0.8649100042248689,
    0.8954766571250055,
    0.9613369525736779,
    0.9246272192493105,
    0.8859108786656797,
    0.8908879751499654,
    0.8948880434690811,
    0.9171785785933169,
    0.8521662538623973,
    0.8700866295634728
  ],
  "beta_std": [
    0.21260103583335876,
    0.14663030207157135,
    0.25108420848846436,
    0.17714455723762512,
    0.13129405677318573,
    0.28750401735305786,
    0.18148714303970337,
    0.15441587567329407,
    0.18135620653629303,
    0.1994996964931488,
    0.16888192296028137,
    0.20739872753620148,
    0.21952645480632782,
    0.15994220972061157,
    0.22939029335975647,
    0.2067124843597412,
    0.2641080319881439,
    0.2636118531227112,
    0.2278699278831482,
    0.17320004105567932,
    0.2189902812242508,
    0.22084718942642212
  ],
  "beta_mean": [
    0.06048005074262619,
    -0.041706692427396774,
    -0.008847154676914215,
    -0.01857994869351387,
    0.008561555296182632,
    -0.06208856403827667,
    -0.03295880928635597,
    -0.036454543471336365,
    -0.1166703850030899,
    0.025314534083008766,
    -0.1357503980398178,
    0.019865170121192932,
    -0.14452572166919708,
    -0.010977624915540218,
    -0.05322820693254471,
    -0.1441929191350937,
    -0.057249587029218674,
    -0.11407112330198288,
    -0.004506457597017288,
    0.03788472339510918,
    -0.1476748138666153,
    -0.06585825234651566
  ]
}