{
  "train_loss": [
    0.8124180917293705,
    0.7372452206083993,
    0.7071369740558646,
    0.7106830845938789,
    0.6819628311946379,
    0.6758086179432116,
    0.7005760206833308,
    0.670999079224659,
    0.6602930145096361,
    0.6580665634947214,
    0.6351804992887709,
    0.6317131510812637,
    0.6180153343691464,
    0.6233277678071407,
    0.6180193130454125,
    0.6628800576053865,
    0.64240936948542,
    0.6490589934622335
  ],
  "val_loss": [
    0.7747599482536316,
    0.7899285554885864,
    0.8155847787857056,
    0.7878580093383789,
    0.7637119293212891,
    0.7707699537277222,
    0.7744100689888,
    0.745561420917511,
    0.7821304202079773,
    0.7857030034065247,
    0.7756174206733704,
    0.7747442722320557,
    0.7675449848175049,
    0.7471895813941956,
    0.7776862382888794,
    0.7752072215080261,
    0.7763935327529907,
    0.7866901755332947
  ],
  "best_epoch": 7,
  "status": "ok",
  "grad_norm": [
    1.1971347493479378,
    1.0359993239299057,
    0.999151988278899,
    1.0597891526925718,
    0.939409896435828,
    0.9715516400069285,
    1.1043428665810948,
    0.9293208462361976,
    0.9012187268515397,
    0.8351911086214163,
    0.8741649324485349,
    0.8532642523014715,
    0.9176473442276855,
    0.8907715495476609,
    0.8648587343606492,
    1.1481151595373489,
    0.9472284165153032,
    0.9145743825908509
  ],
  "beta_std": [
    0.29134923219680786,
    0.3639298975467682,
    0.26977264881134033,
    0.16212332248687744,
    0.23480342328548431,
    0.1992187798023224,
    0.21560943126678467,
    0.19745038449764252,
    0.20940351486206055,
    0.22902387380599976,
    0.20035938918590546,
    0.2567371726036072,
    0.20907415449619293,
    0.22093234956264496,
    0.23383153975009918,
    0.2796404957771301,
    0.23755861818790436,
    0.1457139253616333
  ],
  "beta_mean": [
    -0.07762783765792847,
    -0.18013623356819153,
    0.08213838189840317,
    -0.058530405163764954,
    -0.032244663685560226,
    -0.1310516893863678,
    -0.17352406680583954,
    -0.025967158377170563,
    0.03969656676054001,
    -0.07980383187532425,
    -0.13149304687976837,
    -0.15520934760570526,
    -0.12644349038600922,
    -0.05993974953889847,
    -0.17135529220104218,
    -0.10097336769104004,
    -0.05308006703853607,
    -0.0699695274233818
  ]
}