{
  "train_loss": [
    0.8177526228051436,
    0.7447551944381312,
    0.7196740723806515,
    0.7047988302874983,
    0.6813146190894277,
    0.6756164483717311,
    0.6707102470648916,
    0.6697748249804067,
    0.6708892642545421,
    0.6526380942160623,
    0.6549955667250338,
    0.6467318332264995,
    0.6566190365741127,
    0.6383685781244646,
    0.6387533134954018,
    0.6421999429541024,
    0.6283904449702703,
    0.6257604753901387,
    0.6167362876942283,
    0.6235679676518803,
    0.6356622602385387,
    0.6275149172230771,
    0.6150854540707772,
    0.6037177661845559,
    0.6170651969853898
  ],
  "val_loss": [
    0.8487763404846191,
    0.7594622373580933,
    0.7585569620132446,
    0.7467536926269531,
    0.8079240322113037,
    0.7473466992378235,
    0.7500019073486328,
    0.7355951070785522,
    0.7606930732727051,
    0.7764283418655396,
    0.7598472237586975,
    0.7673320174217224,
    0.7487238049507141,
    0.7455267310142517,
    0.732118546962738,
    0.7579978704452515,
    0.7441982626914978,
    0.7585672736167908,
    0.7465008497238159,
    0.7635380029678345,
    0.7604960799217224,
    0.7393333911895752,
    0.7787616848945618,
    0.8042069673538208,
    0.7767794132232666
  ],
  "best_epoch": 14,
  "status": "ok",
  "grad_norm": [
    1.086707528423689,
    0.940070036915848,
    0.9914916730283622,
    1.001090297811455,
    0.9419956200883354,
    0.9272824508359936,
    0.8950906428111011,
    0.8979959609141984,
    0.9221254551757313,
    0.952098764907528,
    0.9370443064456876,
    0.9280157336685273,
    0.9473753554748997,
    0.9446609671446272,
    0.9067462877730293,
    0.9106672400625585,
    0.9629908118534212,
    0.9428454304333681,
    0.9260414941426696,
    0.9861993045023852,
    0.9047577519696594,
    0.9171921428353585,
    0.9482600146403539,
    0.9287891606630166,
    1.0031826866719864
  ],
  "beta_std": [
    0.33844423294067383,
    0.1695082038640976,
    0.14411509037017822,
    0.18363986909389496,
    0.31127220392227173,
    0.1868603229522705,
    0.19324009120464325,
    0.19257137179374695,
    0.16612806916236877,
    0.27505600452423096,
    0.19848699867725372,
    0.28274983167648315,
    0.21773368120193481,
    0.2513922154903412,
    0.1906999796628952,
    0.23494473099708557,
    0.1843789517879486,
    0.25703802704811096,
    0.2427763193845749,
    0.18834784626960754,
    0.17713002860546112,
    0.23791760206222534,
    0.29289335012435913,
    0.21409839391708374,
    0.2553015351295471
  ],
  "beta_mean": [
    -0.2539994418621063,
    -0.08927759528160095,
    -0.10200444608926773,
    -0.024386638775467873,
    -0.02881065383553505,
    -0.03543185442686081,
    0.0028751022182404995,
    -0.0011718414025381207,
    -0.12646391987800598,
    -0.05864068865776062,
    -0.14512032270431519,
    -0.12420498579740524,
    -0.09844931960105896,
    -0.08922986686229706,
    -0.12456174939870834,
    -0.25097906589508057,
    -0.03210945054888725,
    -0.11267052590847015,
    -0.16916921734809875,
    -0.1091151013970375,
    -0.18243718147277832,
    -0.18407592177391052,
    -0.06778687983751297,
    -0.174321711063385,
    -0.1361381858587265
  ]
}