{
  "train_loss": [
    0.7780884955459171,
    0.7187825877931383,
    0.6952629470295376,
    0.6867644529342651,
    0.6640861309369405,
    0.653206329981486,
    0.6441866199175517,
    0.6432895858552721,
    0.6235100035137601,
    0.6148194262716505,
    0.6355384789837731,
    0.6253635553783841,
    0.6154807849460178,
    0.6340775741471185
  ],
  "val_loss": [
    0.7103683948516846,
    0.7661973834037781,
    0.6435317993164062,
    0.6287301182746887,
    0.6382983326911926,
    0.6472749710083008,
    0.677118182182312,
    0.6326197981834412,
    0.6611564755439758,
    0.6333033442497253,
    0.6575119495391846,
    0.642339825630188,
    0.7451360821723938,
    0.6929760575294495
  ],
  "best_epoch": 3,
  "status": "ok",
  "grad_norm": [
    1.1108747494571136,
    1.014935594149533,
    1.003110854463075,
    1.0019089064865594,
    0.9764794502824229,
    0.9693930265690159,
    0.9891347758552842,
    0.9100325370327411,
    0.9533285221835068,
    0.9875691504390466,
    1.0013670055556005,
    0.9354636002733494,
    0.9436678411054336,
    1.0850732065377489
  ],
  "beta_std": [
    0.2980932891368866,
    0.2348211109638214,
    0.19461555778980255,
    0.21610715985298157,
    0.19852370023727417,
    0.18815478682518005,
    0.3084457218647003,
    0.28142601251602173,
    0.30155912041664124,
    0.17833934724330902,
    0.25915011763572693,
    0.2609384059906006,
    0.37996846437454224,
    0.2729695737361908
  ],
  "beta_mean": [
    -0.07628057897090912,
    0.016952691599726677,
    -0.06318045407533646,
    -0.14549577236175537,
    -0.10502675175666809,
    -0.1369825154542923,
    0.007291342131793499,
    -0.004887416027486324,
    -0.01474940124899149,
    -0.10824733972549438,
    -0.09600268304347992,
    -0.11908023804426193,
    0.04755084216594696,
    -0.19174914062023163
  ]
}