{
  "train_loss": [
    0.7966641983456082,
    0.7160087038146125,
    0.6881487665176391,
    0.6702098621262444,
    0.6582595542801751,
    0.6515782384872436,
    0.6558056888050503,
    0.6539399413267771,
    0.6246390866703457,
    0.6307999134063721,
    0.6226614732212491,
    0.6083733494281769,
    0.6148612981637319,
    0.596337134944068
  ],
  "val_loss": [
    0.7663900852203369,
    0.6943361759185791,
    0.6983855962753296,
    0.6897439360618591,
    0.6954516768455505,
    0.6948356032371521,
    0.7495448589324951,
    0.7153893113136292,
    0.7413336634635925,
    0.7220783233642578,
    0.7052233219146729,
    0.7100427150726318,
    0.7172823548316956,
    0.7068991661071777
  ],
  "best_epoch": 3,
  "status": "ok",
  "grad_norm": [
    1.067537916784661,
    0.9721240093254496,
    1.0013073064298514,
    0.9538566929699399,
    0.9550768791005634,
    0.9192174149047527,
    0.99426677200274,
    0.8324346378929443,
    0.8358182394119836,
    0.9530412885661097,
    0.9211695878694387,
    0.9241429392254005,
    0.9714995988643218,
    0.9450957957112952
  ],
  "beta_std": [
    0.22334349155426025,
    0.15968133509159088,
    0.16517747938632965,
    0.22187800705432892,
    0.1337190717458725,
    0.20363593101501465,
    0.15154090523719788,
    0.16924285888671875,
    0.2887238562107086,
    0.17072871327400208,
    0.15898551046848297,
    0.1991450935602188,
    0.17212289571762085,
    0.20736739039421082
  ],
  "beta_mean": [
    0.16653087735176086,
    -0.0892973318696022,
    -0.0833197608590126,
    -0.076689712703228,
    -0.14018891751766205,
    -0.06675680726766586,
    -0.09542471170425415,
    -0.05895945057272911,
    0.015930047258734703,
    -0.04524409398436546,
    -0.07240352034568787,
    -0.1701032519340515,
    -0.11601651459932327,
    -0.0930747538805008
  ]
}