{
  "train_loss": [
    1.8221606049853691,
    1.665171370961745,
    1.6103861639606558,
    1.5782621723866601,
    1.5941788252334148,
    1.5639871627963775,
    1.5450187972182186,
    1.533915981725875,
    1.512839987333755,
    1.518386692935728,
    1.504498814746418,
    1.51243616758499,
    1.5150473149431611,
    1.4945693722012912,
    1.4943279329563908,
    1.503064167011551,
    1.5241924423455728,
    1.4868527329688417
  ],
  "val_loss": [
    1.737404465675354,
    1.6678109169006348,
    1.623325228691101,
    1.6098237037658691,
    1.6123385429382324,
    1.602779507637024,
    1.6209757328033447,
    1.577134370803833,
    1.595546007156372,
    1.5998215675354004,
    1.592464804649353,
    1.6191917657852173,
    1.595238208770752,
    1.6115792989730835,
    1.612608790397644,
    1.5908492803573608,
    1.6018580198287964,
    1.6128896474838257
  ],
  "best_epoch": 7,
  "status": "underfit",
  "grad_norm": [
    0.9760557223932113,
    0.555113826829076,
    0.5282790060049691,
    0.7284986890872522,
    0.5866244673037208,
    0.6035569384216372,
    0.5897804685116541,
    0.5369622964169469,
    0.5167890611440059,
    0.5552374407473164,
    0.4892725869747173,
    0.5874224442692736,
    0.5646942437557327,
    0.5306115464311517,
    0.5775010851584622,
    0.6162019497516658,
    0.6355000055157266,
    0.5291043475029809
  ],
  "beta_std": [
    0.43000370264053345,
    0.48280876874923706,
    0.3525339663028717,
    0.33798447251319885,
    0.3005475103855133,
    0.4056505858898163,
    0.3976573050022125,
    0.28221115469932556,
    0.33869585394859314,
    0.30353713035583496,
    0.3104219138622284,
    0.3218584954738617,
    0.3422528803348541,
    0.28737497329711914,
    0.28849729895591736,
    0.3957551419734955,
    0.3134126663208008,
    0.32212212681770325
  ],
  "beta_mean": [
    0.06940950453281403,
    0.00867481715977192,
    -0.024039005860686302,
    0.01746458001434803,
    -0.12718521058559418,
    -0.09179582446813583,
    -0.08584050834178925,
    -0.038291752338409424,
    -0.03689612075686455,
    -0.07257133722305298,
    -0.027302168309688568,
    -0.018235061317682266,
    -0.100801981985569,
    -0.007964836433529854,
    -0.07528271526098251,
    -0.11926931887865067,
    0.005418828222900629,
    -0.10906822979450226
  ]
}