{
  "train_loss": [
    1.2923412402052628,
    1.1014073515774911,
    1.089471525616116,
    1.0898228181593599,
    1.0721972923250924,
    1.047280951884755,
    1.0523103982245017,
    1.0347627998095508,
    1.0403178238171582,
    1.039271226012916,
    1.0387573848690903,
    1.0427765313923707,
    1.0329334098972076,
    1.026660437946431,
    1.0206479987345243,
    1.0297498795024136,
    1.0352000223684032,
    1.039361706505045
  ],
  "val_loss": [
    1.0748074054718018,
    1.1119287014007568,
    1.0780280828475952,
    1.0867396593093872,
    1.0790889263153076,
    1.0766050815582275,
    1.0775245428085327,
    1.046885371208191,
    1.07844877243042,
    1.0497210025787354,
    1.0754055976867676,
    1.0622916221618652,
    1.0632483959197998,
    1.0888526439666748,
    1.0869770050048828,
    1.0659788846969604,
    1.0632902383804321,
    1.106512427330017
  ],
  "best_epoch": 7,
  "status": "underfit",
  "grad_norm": [
    1.9399517390353995,
    1.2773247286779488,
    1.221055739168323,
    1.267495641838332,
    1.1902492940254075,
    1.0577833545630384,
    1.1020707296489258,
    1.008397319294088,
    1.1147160389167259,
    1.1042282231807572,
    1.0485229237547313,
    1.0805491156328195,
    1.0055485910789848,
    1.0018582406140735,
    1.0105750136749592,
    1.0580002917651687,
    1.087175662354809,
    1.1181858630452277
  ],
  "beta_std": [
    0.26918306946754456,
    0.19259780645370483,
    0.2845742404460907,
    0.19220685958862305,
    0.20794951915740967,
    0.2715778946876526,
    0.16525252163410187,
    0.20866180956363678,
    0.3205246329307556,
    0.1890651285648346,
    0.278374046087265,
    0.19735769927501678,
    0.16865137219429016,
    0.2394273728132248,
    0.22347475588321686,
    0.24341242015361786,
    0.18658342957496643,
    0.24892397224903107
  ],
  "beta_mean": [
    -0.05296243354678154,
    -0.013762996532022953,
    -0.07866350561380386,
    -0.13179367780685425,
    0.015455428510904312,
    -0.03942456841468811,
    -0.0058749946765601635,
    -0.11681706458330154,
    -0.10588245838880539,
    -0.15315355360507965,
    -0.1447274088859558,
    -0.09108538180589676,
    -0.05105927959084511,
    -0.14424338936805725,
    0.012623841874301434,
    -0.10730583220720291,
    -0.12185615301132202,
    0.07437921315431595
  ]
}