{
  "train_loss": [
    1.3116864229782284,
    1.126140437683864,
    1.1046463348990994,
    1.0858503868147644,
    1.0884937624066895,
    1.0721906037358513,
    1.0832348767498083,
    1.0615065205166911,
    1.0644857490829558,
    1.0593991621474774,
    1.0528717494708055,
    1.0632411607524805,
    1.048117564254337,
    1.0596421830138267,
    1.0496403315192775,
    1.042110294988978,
    1.04173845982691,
    1.0294879413348192,
    1.027329337610836,
    1.0398599324588886,
    1.041668217586495,
    1.0371906702978568,
    1.024771228115461,
    1.025182228869165,
    1.0156983860752038,
    1.0177345128644977
  ],
  "val_loss": [
    1.0709189176559448,
    1.0631558895111084,
    1.0401313304901123,
    1.0588948726654053,
    1.0217546224594116,
    1.0028672218322754,
    1.0367517471313477,
    1.0290182828903198,
    1.0245696306228638,
    1.03350031375885,
    1.0583255290985107,
    1.032067060470581,
    1.0229078531265259,
    1.0822287797927856,
    1.0215988159179688,
    0.9941961169242859,
    1.0790239572525024,
    0.9958010315895081,
    1.019225835800171,
    1.0608718395233154,
    1.0393842458724976,
    1.0009416341781616,
    1.000853419303894,
    1.0472604036331177,
    1.0200202465057373,
    1.038396954536438
  ],
  "best_epoch": 15,
  "status": "ok",
  "grad_norm": [
    1.828780423828873,
    1.304876933925306,
    1.235776994379966,
    1.2550496349041076,
    1.2472085991492339,
    1.2144196528862583,
    1.1837765900407602,
    1.1261911667440792,
    1.121624288507587,
    1.1383455823149184,
    1.0922469599824005,
    1.1592161390946736,
    1.121363319760856,
    1.1573004004035496,
    1.1110880274270882,
    1.0835673382129831,
    1.0983602067023084,
    1.0586769110022118,
    1.0496385108379442,
    1.1265981553537041,
    1.0756955419342675,
    1.1438418875969574,
    1.0591997063324636,
    1.0581854838386466,
    1.0145895122001427,
    1.0648508850771679
  ],
  "beta_std": [
    0.20754438638687134,
    0.2305215746164322,
    0.265586793422699,
    0.141429141163826,
    0.2247697412967682,
    0.21950191259384155,
    0.20009540021419525,
    0.13834433257579803,
    0.24072255194187164,
    0.21922567486763,
    0.1506006270647049,
    0.14189569652080536,
    0.27354896068573,
    0.3275688886642456,
    0.2095690667629242,
    0.2181244194507599,
    0.21094568073749542,
    0.2633073627948761,
    0.3007745146751404,
    0.2303076982498169,
    0.21563076972961426,
    0.1945822834968567,
    0.268793523311615,
    0.22194668650627136,
    0.2838028073310852,
    0.21251466870307922
  ],
  "beta_mean": [
    -0.07126384228467941,
    -0.07388919591903687,
    -0.014788071624934673,
    -0.037988852709531784,
    -0.026846930384635925,
    -0.022581208497285843,
    -0.03556256741285324,
    -0.1101067066192627,
    -0.1481991410255432,
    -0.050504542887210846,
    -0.096900574862957,
    -0.11389707773923874,
    -0.04701587185263634,
    -0.16708910465240479,
    -0.034726884216070175,
    -0.06285329163074493,
    -0.14582082629203796,
    -0.08805950731039047,
    -0.03550678864121437,
    -0.04841650649905205,
    -0.0924469456076622,
    -0.08517780154943466,
    -0.03675183653831482,
    -0.07270143181085587,
    -0.052469272166490555,
    0.005902736913412809
  ]
}