{
  "train_loss": [
    1.300466065741422,
    1.1117692212472883,
    1.0870352120148508,
    1.0710327935915942,
    1.075121911004273,
    1.059703963012026,
    1.0568628639366195,
    1.0567798686864083,
    1.0396536113225925,
    1.0565639588986224,
    1.0398937163157769,
    1.030139672547056,
    1.0440280754524365,
    1.0397579210125214,
    1.0277800688130116,
    1.0286897096299288,
    1.024525331837392,
    1.0211706614912601,
    1.0227413733800252,
    1.0258165913715698,
    1.0143047594048127,
    1.0176181808549758,
    1.0261017817781684,
    1.0168339798464412,
    1.013723184407106,
    1.0181451122384322,
    1.0073177053775006,
    1.0124244512312595,
    1.0125982445164732,
    1.0149021052477654,
    1.0138974177488806,
    1.0105718463903282,
    1.0189859340065404,
    1.0176968190823381
  ],
  "val_loss": [
    1.1863508224487305,
    1.0622594356536865,
    1.0477021932601929,
    1.0816084146499634,
    1.0571902990341187,
    1.065838098526001,
    1.0859707593917847,
    1.0908117294311523,
    1.0343787670135498,
    1.0622400045394897,
    1.0578984022140503,
    1.0603675842285156,
    1.0492902994155884,
    1.0309313535690308,
    1.0196658372879028,
    1.0238994359970093,
    1.0391179323196411,
    1.0423915386199951,
    1.0698926448822021,
    1.042921781539917,
    1.032432198524475,
    1.0976097583770752,
    1.034818410873413,
    1.0182466506958008,
    1.0466103553771973,
    1.0996798276901245,
    1.0581609010696411,
    1.0969010591506958,
    1.053097128868103,
    1.0373612642288208,
    1.0559077262878418,
    1.049891471862793,
    1.0730520486831665,
    1.0282682180404663
  ],
  "best_epoch": 23,
  "status": "ok",
  "grad_norm": [
    1.6826836190931824,
    1.303532704823933,
    1.3670292523626009,
    1.2537826534298142,
    1.2354355914914545,
    1.2063934058251777,
    1.2437249627639135,
    1.224995264559692,
    1.0911895194497725,
    1.1576007830507022,
    1.113396658928349,
    1.0711327685572416,
    1.1190635852104458,
    1.0894687614942793,
    1.0976288585110983,
    1.0957361772292629,
    1.0901508275656575,
    1.0556904385649206,
    1.0260539140854643,
    1.0752615782374664,
    1.0576290575000609,
    1.07851648955267,
    1.0883631512006926,
    1.0690311619139206,
    1.0142817661836652,
    1.0577720284632075,
    1.0108141201116931,
    1.043457091879624,
    1.0481998909030756,
    1.070331213023946,
    1.0826393598196018,
    1.0718077846543295,
    1.1377441209167762,
    1.120641962597695
  ],
  "beta_std": [
    0.28430238366127014,
    0.24422726035118103,
    0.20190180838108063,
    0.30236804485321045,
    0.21659889817237854,
    0.25982779264450073,
    0.1521427035331726,
    0.3127734065055847,
    0.24497899413108826,
    0.21693381667137146,
    0.24913419783115387,
    0.25786787271499634,
    0.21866531670093536,
    0.20115669071674347,
    0.20888842642307281,
    0.18040524423122406,
    0.24701449275016785,
    0.22475042939186096,
    0.2208702117204666,
    0.2176729291677475,
    0.29853928089141846,
    0.3273451626300812,
    0.2629983127117157,
    0.22130751609802246,
    0.22155191004276276,
    0.24324801564216614,
    0.21128807961940765,
    0.2624785900115967,
    0.16914409399032593,
    0.24831163883209229,
    0.2193824201822281,
    0.2574373781681061,
    0.26429522037506104,
    0.22328299283981323
  ],
  "beta_mean": [
    -0.054262932389974594,
    -0.14690090715885162,
    -0.13357818126678467,
    -0.08820498734712601,
    -0.20560024678707123,
    -0.11771084368228912,
    -0.018454208970069885,
    -0.058712370693683624,
    -0.03652704507112503,
    -0.06095944717526436,
    -0.06812746077775955,
    -0.10048957169055939,
    -0.1512916535139084,
    -0.09974896907806396,
    -0.08302108198404312,
    -0.09462375193834305,
    -0.13425083458423615,
    -0.011638290248811245,
    -0.13626578450202942,
    -0.07209526002407074,
    -0.05707433074712753,
    -0.02490169368684292,
    -0.08426916599273682,
    -0.06881732493638992,
    -0.09099646657705307,
    -0.18378517031669617,
    -0.08318672329187393,
    -0.10940511524677277,
    -0.05181101709604263,
    0.02692398801445961,
    -0.11622175574302673,
    -0.09079576283693314,
    0.06504513323307037,
    -0.0791090801358223
  ]
}