{
  "train_loss": [
    1.2447174078679224,
    1.1051347339641282,
    1.0847091531892965,
    1.0694554837544759,
    1.05792673250388,
    1.0651230769687228,
    1.0484854176169947,
    1.0564165240561056,
    1.0463493305200722,
    1.0461812640909562,
    1.0272917745824446,
    1.0304010058285897,
    1.0323401605176648
  ],
  "val_loss": [
    1.081889033317566,
    1.0940905809402466,
    1.0349935293197632,
    1.0472713708877563,
    1.0478096008300781,
    1.0812220573425293,
    1.0900588035583496,
    1.0919411182403564,
    1.1462258100509644,
    1.077835202217102,
    1.054904580116272,
    1.0502499341964722,
    1.0644950866699219
  ],
  "best_epoch": 2,
  "status": "underfit",
  "grad_norm": [
    1.5930441885910753,
    1.23371051989917,
    1.2722099405870926,
    1.1192079987774808,
    1.0517582279955746,
    1.1383403854140814,
    1.0745279260589722,
    1.0659136508038023,
    1.0556096299272704,
    1.0802659869416398,
    1.0134794879504676,
    0.9969799566778295,
    1.070468870777901
  ],
  "beta_std": [
    0.2813718616962433,
    0.28135374188423157,
    0.24564239382743835,
    0.19826611876487732,
    0.24035997688770294,
    0.15097492933273315,
    0.2356588989496231,
    0.27486181259155273,
    0.20891481637954712,
    0.2019241899251938,
    0.17492283880710602,
    0.22285574674606323,
    0.21167534589767456
  ],
  "beta_mean": [
    -0.09912041574716568,
    -0.18886739015579224,
    -0.06624595820903778,
    -0.009766226634383202,
    -0.036985501646995544,
    -0.11221547424793243,
    -0.06901899725198746,
    -0.10991603136062622,
    -0.10749758780002594,
    0.0050848727114498615,
    -0.10794222354888916,
    -0.10914046317338943,
    -0.10779593884944916
  ]
}