{
  "train_loss": [
    1.2880107084910075,
    1.1144851609559088,
    1.11483816266757,
    1.0874313092371177,
    1.0747068351332905,
    1.0635943117058069,
    1.063865746043579,
    1.0638140844043933,
    1.0591460354286328,
    1.0674143593771417,
    1.0492635191811455,
    1.0548133749989739,
    1.0729719039013512,
    1.0525102188294393,
    1.0541320091102555
  ],
  "val_loss": [
    0.996208131313324,
    0.9685351848602295,
    1.0046930313110352,
    1.0076149702072144,
    0.9496085047721863,
    0.973540186882019,
    0.9708731174468994,
    0.986171305179596,
    0.9796736240386963,
    0.9895585179328918,
    0.9725492000579834,
    1.0209360122680664,
    0.9819895029067993,
    0.9765486717224121,
    0.9790533781051636
  ],
  "best_epoch": 4,
  "status": "underfit",
  "grad_norm": [
    1.861878116341348,
    1.28310617601578,
    1.4148009624089672,
    1.1920514290772524,
    1.1621504764867456,
    1.1426097073182115,
    1.1154623150713014,
    1.1141644258235215,
    1.1405311001173803,
    1.1803526776071638,
    1.0682372061416134,
    1.1355826400647826,
    1.2410230157717768,
    1.102337098736643,
    1.1890598950970175
  ],
  "beta_std": [
    0.2593003809452057,
    0.22859810292720795,
    0.21952897310256958,
    0.14813555777072906,
    0.24720881879329681,
    0.2956610918045044,
    0.23031936585903168,
    0.2644185423851013,
    0.22084015607833862,
    0.17579028010368347,
    0.18835735321044922,
    0.1934659332036972,
    0.20242105424404144,
    0.14876726269721985,
    0.19808171689510345
  ],
  "beta_mean": [
    -0.08500160276889801,
    -0.0932295173406601,
    -0.1537601202726364,
    -0.05715399608016014,
    -0.09517905861139297,
    -0.09258807450532913,
    0.0148004787042737,
    -0.03822359815239906,
    0.012440177612006664,
    -0.05596424266695976,
    -0.12074191123247147,
    -0.0711570680141449,
    -0.04892370104789734,
    -0.07222596555948257,
    -0.03599786385893822
  ]
}