{
  "train_loss": [
    1.2384876681433783,
    1.1120582384533353,
    1.1088907664616903,
    1.0827113371955024,
    1.084097919040256,
    1.0787639908260769,
    1.06087949985928,
    1.0699394412570529,
    1.0533916461202832,
    1.074517826186286,
    1.0813618924882678,
    1.0479978359010484,
    1.056343049844106,
    1.036472130033705,
    1.0373348540200127,
    1.0307041762669882,
    1.0405926162931654,
    1.0332790040969848,
    1.0397605588701035,
    1.037539937708113,
    1.0381614090601603,
    1.0453329895337422,
    1.034277166472541,
    1.0450660111109416,
    1.044024228307936,
    1.036018710454305,
    1.026463456524743,
    1.0227558103137546
  ],
  "val_loss": [
    1.0722163915634155,
    1.0435190200805664,
    1.041502594947815,
    1.0659257173538208,
    1.0394788980484009,
    1.0671074390411377,
    1.0336776971817017,
    1.0100603103637695,
    1.0217570066452026,
    1.0042930841445923,
    1.0360510349273682,
    1.0357505083084106,
    1.015669584274292,
    1.0259790420532227,
    1.026397943496704,
    0.999390721321106,
    0.9953786730766296,
    0.9907683730125427,
    1.0761483907699585,
    1.06430184841156,
    1.028906226158142,
    1.0105223655700684,
    1.0015339851379395,
    1.0118988752365112,
    1.0217450857162476,
    1.040968418121338,
    1.0064995288848877,
    1.0209110975265503
  ],
  "best_epoch": 17,
  "status": "underfit",
  "grad_norm": [
    1.5658123636109529,
    1.2038708434318444,
    1.2589489479641358,
    1.1327354549750794,
    1.1331204640908397,
    1.136438451878793,
    1.0452020070258632,
    1.1428476523772122,
    1.078181813446175,
    1.1260609761219866,
    1.195278072960022,
    1.0909074637573128,
    1.0811435659814557,
    1.044042303815831,
    1.0467530793551978,
    1.0216272754240816,
    1.0033478675837402,
    1.0111118221047588,
    1.0805581265685245,
    1.0851623220615978,
    1.0836231559729748,
    1.0966100383787405,
    1.0370387337332876,
    1.0888002532692505,
    1.1316559019593742,
    1.0921840797576166,
    0.9766349573922936,
    1.0058384703605867
  ],
  "beta_std": [
    0.2561466693878174,
    0.22414393723011017,
    0.2466970533132553,
    0.14021646976470947,
    0.2015063613653183,
    0.2584370970726013,
    0.20532739162445068,
    0.19195854663848877,
    0.2818509638309479,
    0.20060300827026367,
    0.22366712987422943,
    0.22990526258945465,
    0.222856804728508,
    0.2508156895637512,
    0.25851166248321533,
    0.22392453253269196,
    0.19669315218925476,
    0.2817458510398865,
    0.2524626851081848,
    0.14512141048908234,
    0.2011977732181549,
    0.25588423013687134,
    0.26038888096809387,
    0.21883174777030945,
    0.29795515537261963,
    0.29238200187683105,
    0.20473943650722504,
    0.2543935477733612
  ],
  "beta_mean": [
    -0.17195846140384674,
    -0.13662226498126984,
    -0.046228814870119095,
    -0.06624753028154373,
    -0.07316947728395462,
    -0.1422054022550583,
    -0.08461014926433563,
    -0.0998481959104538,
    -0.17456907033920288,
    -0.13552477955818176,
    -0.006029867101460695,
    -0.0910106971859932,
    -0.05502599477767944,
    -0.04120083898305893,
    -0.0767626091837883,
    -0.09798850864171982,
    -0.05505680292844772,
    -0.09484978020191193,
    -0.08211840689182281,
    0.038004450500011444,
    -0.1552114337682724,
    -0.08377514779567719,
    -0.07146985828876495,
    -0.15318527817726135,
    -0.15262731909751892,
    -0.1722506433725357,
    -0.1181100606918335,
    -0.06537500768899918
  ]
}