{
  "train_loss": [
    1.6079448334376016,
    1.5360054630703397,
    1.5247951108252096,
    1.5206230899186162,
    1.5128345181649192,
    1.5130462973856786,
    1.5068389775181374,
    1.504198752369797,
    1.4987193943324841,
    1.4971887808515314,
    1.4908877645737943,
    1.4931887503395305,
    1.4929618695465445,
    1.4917472052713583,
    1.4941304868285419,
    1.4855749331022563,
    1.4902443594960442,
    1.4911099999132211,
    1.4898017643487942,
    1.4888339387045966,
    1.4861947712703059,
    1.477340830864265,
    1.4846185087460524,
    1.4874236316011662,
    1.4791224738450077,
    1.4828520774004752,
    1.483796270186441,
    1.4834013488278752,
    1.4735906578643978,
    1.4743573623791075,
    1.4781852488768727,
    1.4737072757531329,
    1.4730647610502634,
    1.470673793073286,
    1.4728684755236086,
    1.4728649656396162,
    1.4700345796730085,
    1.4730569162145692,
    1.4624501527819718,
    1.4668803279162848,
    1.4727190976951554,
    1.466926157042297,
    1.4754153574837578
  ],
  "val_loss": [
    1.4682512283325195,
    1.4676082134246826,
    1.4635103940963745,
    1.4581434726715088,
    1.4433786869049072,
    1.4738292694091797,
    1.45590341091156,
    1.4464839696884155,
    1.451145052909851,
    1.4629931449890137,
    1.4584749937057495,
    1.4397011995315552,
    1.43636155128479,
    1.4566699266433716,
    1.4291924238204956,
    1.4330552816390991,
    1.4315038919448853,
    1.4459906816482544,
    1.4373281002044678,
    1.432624340057373,
    1.4302538633346558,
    1.4329246282577515,
    1.4529306888580322,
    1.4252524375915527,
    1.459625005722046,
    1.4474434852600098,
    1.4431796073913574,
    1.4216277599334717,
    1.4320507049560547,
    1.4377002716064453,
    1.438144326210022,
    1.4124786853790283,
    1.41008460521698,
    1.4398249387741089,
    1.421511173248291,
    1.428084135055542,
    1.426975965499878,
    1.4217039346694946,
    1.4232441186904907,
    1.4267877340316772,
    1.4325637817382812,
    1.4367902278900146,
    1.432299017906189
  ],
  "best_epoch": 32,
  "status": "underfit",
  "grad_norm": [
    0.6624800873236718,
    0.5627726765614501,
    0.5459412186108413,
    0.5449015222308831,
    0.5286388216988028,
    0.5259131964566555,
    0.49227041372417746,
    0.49354504074572375,
    0.4628330861201375,
    0.4850978788035069,
    0.46244677872469186,
    0.4428564002829226,
    0.47056761358405863,
    0.46276441226430964,
    0.46021405519703373,
    0.45664486258450987,
    0.46516444376911936,
    0.4846593552619572,
    0.47373594462369817,
    0.45759206197605273,
    0.4768746354716911,
    0.43745888020328333,
    0.4711761126399838,
    0.45505650915816176,
    0.47395553819670805,
    0.4705367579776253,
    0.49640498591968896,
    0.47105314970841206,
    0.4462405663443965,
    0.45834553203967476,
    0.4901645721059633,
    0.45723317301756655,
    0.49725262355718197,
    0.4670844390693323,
    0.4810751203261746,
    0.46153316773112185,
    0.4609859316759165,
    0.49274240112023715,
    0.45112626235875364,
    0.4520235984226988,
    0.4744437600235991,
    0.47238502708103514,
    0.4954366628960655
  ],
  "beta_std": [
    0.2379256933927536,
    0.1415276825428009,
    0.1905483454465866,
    0.29002299904823303,
    0.30527463555336,
    0.2430981546640396,
    0.254766583442688,
    0.2276182621717453,
    0.23381546139717102,
    0.24692822992801666,
    0.2732284963130951,
    0.33639439940452576,
    0.2983085811138153,
    0.13569070398807526,
    0.24196839332580566,
    0.2736719846725464,
    0.23288506269454956,
    0.3259170651435852,
    0.22817592322826385,
    0.31441205739974976,
    0.1778625249862671,
    0.22175158560276031,
    0.2786337733268738,
    0.2243843674659729,
    0.20788313448429108,
    0.19873063266277313,
    0.23647305369377136,
    0.19663098454475403,
    0.24298731982707977,
    0.22124041616916656,
    0.17267709970474243,
    0.1906927525997162,
    0.258279025554657,
    0.2217339128255844,
    0.2898450195789337,
    0.2736642062664032,
    0.21308618783950806,
    0.19239306449890137,
    0.2629798650741577,
    0.2437671571969986,
    0.2442774623632431,
    0.1926782727241516,
    0.2687242329120636
  ],
  "beta_mean": [
    -0.036162521690130234,
    -0.12565182149410248,
    -0.09165677428245544,
    -0.055832281708717346,
    -0.0940055400133133,
    -0.1367425173521042,
    -0.08635014295578003,
    -0.1179717481136322,
    0.05082672834396362,
    -0.11640073359012604,
    -0.0927494540810585,
    -0.07538214325904846,
    -0.05647236853837967,
    -0.001774416770786047,
    -0.035240307450294495,
    -0.04776176065206528,
    -0.039478499442338943,
    -0.013286408968269825,
    -0.026918333023786545,
    -0.04817900061607361,
    -0.13280582427978516,
    -0.13542403280735016,
    -0.1731751561164856,
    -0.10992347449064255,
    0.00479906564578414,
    0.00191722740419209,
    -0.039550427347421646,
    -0.061542630195617676,
    -0.08532000333070755,
    0.038756415247917175,
    0.010219696909189224,
    -0.023632962256669998,
    -0.07116212695837021,
    -0.04087018221616745,
    0.02305276319384575,
    0.04730887711048126,
    -0.031861573457717896,
    -0.028218550607562065,
    -0.09430409967899323,
    -0.011689725331962109,
    0.02650468610227108,
    0.04794028773903847,
    -0.06141942739486694
  ]
}