{
  "train_loss": [
    1.6313965794914647,
    1.541120373854163,
    1.5278236864324202,
    1.519717440382082,
    1.5213331259621514,
    1.5195638787955568,
    1.513023639673378,
    1.505583206338492,
    1.5098681062285664,
    1.5081760786011902,
    1.5038231415776482,
    1.497505139997828,
    1.5018950512255842,
    1.495404745403089,
    1.4910547171419823,
    1.4949875966010735,
    1.4996049441510473,
    1.4877720384430466,
    1.483671184422677,
    1.488890706224051,
    1.486956973494145,
    1.4873869350779125,
    1.4902474660761873,
    1.4787528074554532,
    1.4798144917460212,
    1.4790136096073172,
    1.4849361612364562,
    1.476797098667301,
    1.4793076817194621,
    1.4745957548855342,
    1.478191113611411,
    1.4726580383903103,
    1.4762521331909804,
    1.4796689887632404,
    1.4762942313590246,
    1.4696451624652795,
    1.4760557504564698,
    1.4725658148352863,
    1.4689286596454374,
    1.4727907636988233,
    1.4700840463972928,
    1.4735651040216635
  ],
  "val_loss": [
    1.466451644897461,
    1.4729580879211426,
    1.4552562236785889,
    1.4621773958206177,
    1.4795958995819092,
    1.439664363861084,
    1.4583873748779297,
    1.460745930671692,
    1.4421275854110718,
    1.456893801689148,
    1.44019615650177,
    1.4316208362579346,
    1.4476454257965088,
    1.4336613416671753,
    1.4505645036697388,
    1.4513154029846191,
    1.4386368989944458,
    1.4383877515792847,
    1.428003191947937,
    1.432698369026184,
    1.4194824695587158,
    1.426377773284912,
    1.4363266229629517,
    1.4242454767227173,
    1.4270893335342407,
    1.4287792444229126,
    1.435912013053894,
    1.4224177598953247,
    1.4291787147521973,
    1.422437071800232,
    1.4177100658416748,
    1.4103690385818481,
    1.412864327430725,
    1.4193079471588135,
    1.4098889827728271,
    1.417486310005188,
    1.4214636087417603,
    1.4099663496017456,
    1.426237940788269,
    1.4237518310546875,
    1.4202301502227783,
    1.4128212928771973
  ],
  "best_epoch": 31,
  "status": "underfit",
  "grad_norm": [
    0.6525960424852235,
    0.549722141497075,
    0.5423924167230536,
    0.4822141795400234,
    0.5604974497622726,
    0.5169016467184471,
    0.5298759061549254,
    0.4792787825548392,
    0.509399712247722,
    0.5145976473019112,
    0.4860620456465425,
    0.4773916338535362,
    0.5067559893761926,
    0.4928209285903957,
    0.49051581459797094,
    0.5112322695893882,
    0.5119321087064536,
    0.4875674616614151,
    0.48469346007203135,
    0.5063079374644921,
    0.4943132465438295,
    0.490213964504027,
    0.5150791992781115,
    0.5040346079874011,
    0.48051181742472027,
    0.49126182965809,
    0.5211350650407075,
    0.494281846461235,
    0.5138904432188236,
    0.5043617172662823,
    0.49075536591098046,
    0.48395994587718055,
    0.4931310875742064,
    0.47106479929877176,
    0.5036694071271423,
    0.4705301808024455,
    0.491862080718326,
    0.5023408624954232,
    0.47469386502809713,
    0.46218319660788415,
    0.47581039259675945,
    0.4869219731437606
  ],
  "beta_std": [
    0.271825909614563,
    0.2978125810623169,
    0.3009330630302429,
    0.20487749576568604,
    0.250347375869751,
    0.21260955929756165,
    0.23978959023952484,
    0.3178722858428955,
    0.2233315408229828,
    0.1854773908853531,
    0.30024147033691406,
    0.23330658674240112,
    0.26451820135116577,
    0.1689424216747284,
    0.24970422685146332,
    0.17814069986343384,
    0.2080686390399933,
    0.22445440292358398,
    0.17626166343688965,
    0.2646397054195404,
    0.16328684985637665,
    0.19617819786071777,
    0.25017812848091125,
    0.2320583611726761,
    0.17514358460903168,
    0.15616723895072937,
    0.2132316380739212,
    0.21080328524112701,
    0.2868172228336334,
    0.19134949147701263,
    0.1958170384168625,
    0.21580833196640015,
    0.21405598521232605,
    0.21768835186958313,
    0.2207895666360855,
    0.25224050879478455,
    0.2208860069513321,
    0.14193949103355408,
    0.1991235315799713,
    0.28402945399284363,
    0.2061895728111267,
    0.2845579981803894
  ],
  "beta_mean": [
    -0.02113007754087448,
    -0.19416961073875427,
    -0.15622125566005707,
    -0.16581977903842926,
    -0.05560780689120293,
    -0.13069650530815125,
    -0.14267703890800476,
    -0.14056885242462158,
    0.026778772473335266,
    -0.0031432583928108215,
    0.00021410390036180615,
    -0.1051299199461937,
    -0.1151195541024208,
    -0.06180310994386673,
    -0.11551613360643387,
    -0.06313006579875946,
    -0.030897390097379684,
    -0.08256753534078598,
    -0.0334257036447525,
    -0.09359744936227798,
    -0.041683610528707504,
    -0.13174284994602203,
    0.007212034426629543,
    -0.09907187521457672,
    -0.08718293905258179,
    -0.09701122343540192,
    -0.10106511414051056,
    0.019388938322663307,
    -0.008129656314849854,
    -0.018429523333907127,
    -0.07960545271635056,
    0.03259870409965515,
    -0.05302544683218002,
    -0.09812785685062408,
    -0.09287914633750916,
    -0.1183825135231018,
    -0.07171697169542313,
    0.0044615729711949825,
    0.005297250580042601,
    0.023618992418050766,
    -0.06575103104114532,
    -0.12726141512393951
  ]
}