{
  "train_loss": [
    1.5973250356194568,
    1.5315767790141859,
    1.5194953989006623,
    1.510946398283306,
    1.5054962810717132,
    1.505045977168613,
    1.500221550367032,
    1.5023914225338495,
    1.4992403565233912,
    1.4977844347312437,
    1.4940313259202835,
    1.4916436305798981,
    1.4958771316628707,
    1.4886067698294656,
    1.4944099916770444,
    1.492030480033473,
    1.4892166217725877,
    1.4841637952704179,
    1.487972995802673,
    1.487087623417726,
    1.484939044762773,
    1.4820791100897983
  ],
  "val_loss": [
    1.5039522647857666,
    1.4708107709884644,
    1.4676626920700073,
    1.4625884294509888,
    1.4638530015945435,
    1.4624155759811401,
    1.486633539199829,
    1.4577852487564087,
    1.4563368558883667,
    1.4747097492218018,
    1.4670181274414062,
    1.4532002210617065,
    1.4579941034317017,
    1.4632948637008667,
    1.4703209400177002,
    1.4685481786727905,
    1.4566947221755981,
    1.4584447145462036,
    1.4584648609161377,
    1.4707403182983398,
    1.4533867835998535,
    1.4661073684692383
  ],
  "best_epoch": 11,
  "status": "underfit",
  "grad_norm": [
    0.6628895304844826,
    0.5365582934677032,
    0.528886725408272,
    0.4905330689509961,
    0.5016912657554095,
    0.49404315738267607,
    0.49017121262927577,
    0.4841669738920865,
    0.4795800184001071,
    0.4757517189349643,
    0.4647647909859862,
    0.4507845818558687,
    0.4776004413224006,
    0.4527538720351852,
    0.45796446056182716,
    0.47171571394886724,
    0.47884401661959486,
    0.4785506689750465,
    0.45618255578139716,
    0.4673058196746178,
    0.44699268440586143,
    0.44707137574895744
  ],
  "beta_std": [
    0.13376636803150177,
    0.2337922304868698,
    0.21241231262683868,
    0.19170314073562622,
    0.19424419105052948,
    0.12172506749629974,
    0.21632221341133118,
    0.23961666226387024,
    0.1677410751581192,
    0.20215710997581482,
    0.24302740395069122,
    0.19426573812961578,
    0.1127350851893425,
    0.24021854996681213,
    0.231874480843544,
    0.24002596735954285,
    0.24246661365032196,
    0.23392482101917267,
    0.23604264855384827,
    0.24401262402534485,
    0.22027812898159027,
    0.17315207421779633
  ],
  "beta_mean": [
    -0.034961096942424774,
    -0.1751546710729599,
    0.07109437882900238,
    -0.044866789132356644,
    -0.01919073425233364,
    -0.05615545064210892,
    -0.08803094923496246,
    -0.16347409784793854,
    -0.015950126573443413,
    -0.09433892369270325,
    -0.026858123019337654,
    -0.11844540387392044,
    -0.1140621155500412,
    -0.10766972601413727,
    -0.006587630603462458,
    -0.06698188930749893,
    -0.15593178570270538,
    -0.1933305561542511,
    -0.1231575757265091,
    -0.14209240674972534,
    0.006800225004553795,
    -0.09750095754861832
  ]
}