{
  "train_loss": [
    1.6296751387356319,
    1.5397248405601547,
    1.528627567709538,
    1.5212982474711902,
    1.5146082382034838,
    1.5157134376771269,
    1.5037166171603733,
    1.505952708149514,
    1.4995048138133267,
    1.5058931630954409,
    1.5069035953945584,
    1.4993843587797289,
    1.5028442853514912,
    1.4960263332288866,
    1.492392030124776,
    1.4943742673438891,
    1.4961173630039595,
    1.4906258790255986,
    1.492780520846272,
    1.4889743222967227,
    1.4874371465326053,
    1.4844427481868812,
    1.4799709917090789,
    1.4795743532348098,
    1.4813278999105532,
    1.48530264703851,
    1.4824092884788735,
    1.484977266886081,
    1.4779998130129095,
    1.4821629905421831,
    1.4853980015314114,
    1.4827868305172835,
    1.4767976180294105,
    1.472363054822063,
    1.4785422183198538,
    1.4761052519257305,
    1.4744300512124224,
    1.4781282078034697,
    1.4762553066119812,
    1.4798940479825116,
    1.47422600383647,
    1.467677874871862,
    1.4729355391284875,
    1.4732234421389843,
    1.4682845503544948,
    1.4740299660141705,
    1.4708768409316302,
    1.4762070940251937,
    1.469170680101852,
    1.4717774956965306
  ],
  "val_loss": [
    1.520537257194519,
    1.5334210395812988,
    1.5264596939086914,
    1.5168837308883667,
    1.5171862840652466,
    1.4996658563613892,
    1.5308477878570557,
    1.5075945854187012,
    1.5003753900527954,
    1.5179346799850464,
    1.4994146823883057,
    1.4988170862197876,
    1.5090407133102417,
    1.505266547203064,
    1.505922555923462,
    1.4974647760391235,
    1.4955554008483887,
    1.4938985109329224,
    1.4956804513931274,
    1.4995495080947876,
    1.5101829767227173,
    1.4946013689041138,
    1.4957162141799927,
    1.5141444206237793,
    1.4859439134597778,
    1.4842859506607056,
    1.4916958808898926,
    1.4833691120147705,
    1.4814540147781372,
    1.487241268157959,
    1.5043916702270508,
    1.483896255493164,
    1.4871981143951416,
    1.4774874448776245,
    1.4873836040496826,
    1.4828726053237915,
    1.4934685230255127,
    1.4796934127807617,
    1.482080340385437,
    1.4833285808563232,
    1.488396406173706,
    1.49399733543396,
    1.4748820066452026,
    1.4932010173797607,
    1.4741469621658325,
    1.4725290536880493,
    1.4807031154632568,
    1.4721088409423828,
    1.4807196855545044,
    1.48221755027771
  ],
  "best_epoch": 45,
  "status": "underfit",
  "grad_norm": [
    0.6517314500658695,
    0.5716484974108678,
    0.5452657293483313,
    0.5096698451507323,
    0.4913168917801105,
    0.5471774695207007,
    0.4658834881485915,
    0.4721099467664697,
    0.45858121969639903,
    0.5145230223513905,
    0.4802509459079914,
    0.47966504630091356,
    0.49312952270927946,
    0.4670118384473706,
    0.4728758358203167,
    0.49541703918408764,
    0.4974811972198594,
    0.48631138075753527,
    0.49870076754691334,
    0.4749002294951389,
    0.47444296940237507,
    0.45642816834904026,
    0.4467762769837635,
    0.4643498375443411,
    0.4870458212020608,
    0.501841448030877,
    0.47497669605108145,
    0.5118032662696137,
    0.47852963414443356,
    0.4914433105843661,
    0.48707868857745434,
    0.5141543010622501,
    0.46537737505093235,
    0.4752549925861662,
    0.5169241914943677,
    0.47650674755810674,
    0.4796804689572988,
    0.49520002466705243,
    0.4985752685726814,
    0.5098873504802786,
    0.4924252832739153,
    0.4770664205040922,
    0.4824250822724867,
    0.46942238439278033,
    0.4756560690651584,
    0.5180132772815237,
    0.48453990259273344,
    0.4987386328860234,
    0.4760674922696482,
    0.4799504264554002
  ],
  "beta_std": [
    0.25665801763534546,
    0.2661220133304596,
    0.16018898785114288,
    0.21305257081985474,
    0.23541752994060516,
    0.24630343914031982,
    0.28786253929138184,
    0.26961836218833923,
    0.24079428613185883,
    0.1980174481868744,
    0.20379258692264557,
    0.21072396636009216,
    0.2144729644060135,
    0.27072784304618835,
    0.22916825115680695,
    0.24307788908481598,
    0.2057792693376541,
    0.2203526645898819,
    0.24295978248119354,
    0.23145559430122375,
    0.21255414187908173,
    0.22963900864124298,
    0.21287879347801208,
    0.22557571530342102,
    0.29648926854133606,
    0.25842660665512085,
    0.23808270692825317,
    0.20484428107738495,
    0.17329278588294983,
    0.28052181005477905,
    0.21402186155319214,
    0.23000626266002655,
    0.2107461541891098,
    0.19363850355148315,
    0.19945961236953735,
    0.16937345266342163,
    0.24299277365207672,
    0.19526338577270508,
    0.16191379725933075,
    0.21421320736408234,
    0.19445011019706726,
    0.2798011898994446,
    0.2432260811328888,
    0.18764802813529968,
    0.19314107298851013,
    0.18817801773548126,
    0.19244647026062012,
    0.21410685777664185,
    0.27482008934020996,
    0.2223179042339325
  ],
  "beta_mean": [
    0.02667723409831524,
    -0.11927824467420578,
    -0.10913384705781937,
    -0.017902886494994164,
    -0.061458926647901535,
    -0.10178834944963455,
    0.04918166995048523,
    0.03687306120991707,
    -0.12529440224170685,
    0.013091317377984524,
    -0.10412269830703735,
    -0.04161382094025612,
    -0.11845365911722183,
    0.06146208941936493,
    -0.03942384198307991,
    0.006091562565416098,
    -0.031052155420184135,
    -0.025217359885573387,
    -0.009401282295584679,
    0.02176421694457531,
    -0.03745062276721001,
    -0.10635631531476974,
    -0.09722258150577545,
    -0.050994787365198135,
    -0.04212251678109169,
    0.04311685264110565,
    -0.08314509689807892,
    -0.12038005888462067,
    -0.02298538200557232,
    -0.11893312633037567,
    -0.04594174772500992,
    -0.06861287355422974,
    -0.05615168809890747,
    -0.06514868140220642,
    0.07525226473808289,
    -0.09602408856153488,
    -0.016056224703788757,
    -0.06633579730987549,
    0.05990827828645706,
    -0.010761336423456669,
    -0.10741399973630905,
    -0.13055142760276794,
    -0.05366087704896927,
    -0.04691615700721741,
    -0.10073306411504745,
    -0.07257035374641418,
    -0.04532252997159958,
    -0.08677520602941513,
    -0.13818304240703583,
    -0.08482348173856735
  ]
}