{
  "train_loss": [
    1.6114195494121974,
    1.5189452453189427,
    1.516825838194953,
    1.5108869626786974,
    1.5090470175213284,
    1.5068742650349936,
    1.5003388441933525,
    1.4979772356881036,
    1.4966981372833252,
    1.4922978011237251,
    1.4970120344161988,
    1.4919933962292142,
    1.4923750825458102,
    1.4862845047844782,
    1.4927446796629165,
    1.4834159444173176,
    1.4897686783472697,
    1.4828994019826254,
    1.4885690115822685,
    1.484865761121114,
    1.4837434406280519,
    1.4906907948387993,
    1.4834805170694987,
    1.4837644536760117,
    1.478819868935479,
    1.4798777219984267,
    1.4771876862843831,
    1.478560872607761,
    1.4757523474163479,
    1.4832085115644666,
    1.477977098888821,
    1.471991825527615,
    1.4681407664616903,
    1.469828263706631,
    1.4710832449595133,
    1.4739538496865165
  ],
  "val_loss": [
    1.5610140562057495,
    1.549932599067688,
    1.5457684993743896,
    1.5547611713409424,
    1.5529218912124634,
    1.5455728769302368,
    1.5369669198989868,
    1.540216088294983,
    1.5495810508728027,
    1.5454117059707642,
    1.5422457456588745,
    1.5414230823516846,
    1.530470848083496,
    1.5302140712738037,
    1.5547690391540527,
    1.5377737283706665,
    1.532583236694336,
    1.5335693359375,
    1.5258913040161133,
    1.524196982383728,
    1.5154006481170654,
    1.5162901878356934,
    1.5298347473144531,
    1.523813009262085,
    1.5355305671691895,
    1.5029650926589966,
    1.5150610208511353,
    1.5146386623382568,
    1.509076714515686,
    1.5142592191696167,
    1.5169638395309448,
    1.5160516500473022,
    1.5309975147247314,
    1.5275943279266357,
    1.5203338861465454,
    1.51521897315979
  ],
  "best_epoch": 25,
  "status": "underfit",
  "grad_norm": [
    0.6869720205401925,
    0.5599983776730344,
    0.5249870565371689,
    0.5203002764399205,
    0.4960069574256782,
    0.4901222777457838,
    0.4770907545005825,
    0.4599326418820009,
    0.47393109830876023,
    0.4941496534087101,
    0.48372275070441445,
    0.47402681974050487,
    0.46657034734344593,
    0.44738806933576863,
    0.4636513355099778,
    0.4267777370724078,
    0.4585172592376807,
    0.44441546883304367,
    0.4626988684101784,
    0.4754279924160503,
    0.4574860890742682,
    0.47949971197002045,
    0.4690998913776358,
    0.48493405087094765,
    0.46658388140929896,
    0.4777175917696357,
    0.45104462561341063,
    0.48112152191221963,
    0.4532514968280934,
    0.48329643372080927,
    0.48193714570108626,
    0.4693080315590086,
    0.44775494199150745,
    0.4670823719372755,
    0.4769159631710889,
    0.469762996319205
  ],
  "beta_std": [
    0.19716878235340118,
    0.10134003311395645,
    0.1517505645751953,
    0.19159844517707825,
    0.15644532442092896,
    0.2192734181880951,
    0.13976247608661652,
    0.18871429562568665,
    0.16234362125396729,
    0.2449297457933426,
    0.18596254289150238,
    0.1947270631790161,
    0.14135631918907166,
    0.2298492193222046,
    0.16025108098983765,
    0.1408788412809372,
    0.1772686094045639,
    0.16537588834762573,
    0.1509716659784317,
    0.2058379352092743,
    0.14868158102035522,
    0.1827913522720337,
    0.26238682866096497,
    0.1736094057559967,
    0.3295690715312958,
    0.1965029090642929,
    0.1484847515821457,
    0.159462109208107,
    0.21713173389434814,
    0.2373456209897995,
    0.17319762706756592,
    0.1349102109670639,
    0.22675518691539764,
    0.18864218890666962,
    0.1999281495809555,
    0.18486838042736053
  ],
  "beta_mean": [
    -0.16553479433059692,
    -0.10648932307958603,
    -0.09621870517730713,
    -0.12192261964082718,
    -0.13023126125335693,
    -0.09045131504535675,
    -0.09214915335178375,
    -0.13944481313228607,
    0.042422324419021606,
    0.06038676202297211,
    -0.13060443103313446,
    -0.035108521580696106,
    -0.04260972887277603,
    0.006752501707524061,
    -0.09283744543790817,
    -0.03710547089576721,
    -0.10552818328142166,
    -0.09376499056816101,
    -0.027471328154206276,
    -0.14635919034481049,
    -0.0004839118628297001,
    -0.023882800713181496,
    -0.07339861989021301,
    -0.12160394340753555,
    -0.06538718938827515,
    -0.023037146776914597,
    -0.030821342021226883,
    -0.055861059576272964,
    0.046467896550893784,
    -0.039211515337228775,
    -0.043042782694101334,
    -0.06199231371283531,
    -0.11333102732896805,
    -0.08281552791595459,
    -0.08685050904750824,
    -0.027229487895965576
  ]
}