{
  "train_loss": [
    1.6067318153381347,
    1.5357123971515232,
    1.5139084813859727,
    1.5131135014428032,
    1.508308754709032,
    1.504174826727973,
    1.5030397373835245,
    1.4961603300306532,
    1.4978548792733086,
    1.491785120010376,
    1.4942041193644207,
    1.4912018083996244,
    1.483013723479377,
    1.488660193655226,
    1.4829744469324748,
    1.484221766895718,
    1.4794938174353705,
    1.4829547262191773,
    1.4800996077855428,
    1.474709773487515,
    1.4767420417997572,
    1.4787534461551242,
    1.4786702966690064,
    1.4786731296115452,
    1.4791665013631186
  ],
  "val_loss": [
    1.491253137588501,
    1.4717179536819458,
    1.4667656421661377,
    1.4620423316955566,
    1.444861888885498,
    1.4676921367645264,
    1.4482401609420776,
    1.442798376083374,
    1.448804497718811,
    1.4491699934005737,
    1.4632678031921387,
    1.4447568655014038,
    1.4517091512680054,
    1.4478000402450562,
    1.4372549057006836,
    1.4436190128326416,
    1.4542901515960693,
    1.450254201889038,
    1.438398003578186,
    1.4465632438659668,
    1.4558964967727661,
    1.4411921501159668,
    1.4421206712722778,
    1.451651692390442,
    1.4362727403640747
  ],
  "best_epoch": 14,
  "status": "underfit",
  "grad_norm": [
    0.6583059023667581,
    0.5946020065193464,
    0.5123347031693112,
    0.5166925974462424,
    0.4956653958569948,
    0.5030604555740591,
    0.4814606369317533,
    0.5107490293686058,
    0.49552921269378447,
    0.4699036684400881,
    0.48103977515546964,
    0.47365137982854166,
    0.4557678478053585,
    0.4926010310228975,
    0.4552609648672296,
    0.45539218292249645,
    0.47275089807521464,
    0.4731868304707904,
    0.4428174306349537,
    0.47129701504543986,
    0.4318009716181156,
    0.4655777932777574,
    0.4827665340791055,
    0.47365135105282213,
    0.4814289120665451
  ],
  "beta_std": [
    0.2240215539932251,
    0.2694000005722046,
    0.17276176810264587,
    0.30531275272369385,
    0.21023452281951904,
    0.14852987229824066,
    0.22670812904834747,
    0.25422385334968567,
    0.28050392866134644,
    0.20745384693145752,
    0.26149076223373413,
    0.23372739553451538,
    0.2233581840991974,
    0.247463196516037,
    0.3045177757740021,
    0.2490825206041336,
    0.2795271873474121,
    0.261697918176651,
    0.25599053502082825,
    0.2129921019077301,
    0.24937520921230316,
    0.17611469328403473,
    0.2336292415857315,
    0.1851094514131546,
    0.1845894753932953
  ],
  "beta_mean": [
    -0.028241146355867386,
    -0.09081365913152695,
    -0.0712050199508667,
    -0.08674781024456024,
    -0.018186748027801514,
    -0.0628134161233902,
    0.008583297953009605,
    0.003812844166532159,
    -0.1130320131778717,
    -0.09964772313833237,
    -0.11495348811149597,
    0.01119451317936182,
    -0.109336718916893,
    -0.03681487590074539,
    -0.10501409322023392,
    0.025816036388278008,
    -0.04197971895337105,
    -0.18704013526439667,
    -0.031388502568006516,
    -0.08229616284370422,
    -0.15108758211135864,
    -0.056356579065322876,
    -0.1815769374370575,
    -0.05226052924990654,
    -0.08211517333984375
  ]
}