{
  "train_loss": [
    2.491525826649359,
    2.0495745146901982,
    2.0043134964836966,
    1.9590795117093807,
    1.9424343799568757,
    1.849260548876043,
    1.8483794531069304,
    1.7781244582460638,
    1.7753012159414459,
    1.7574946221134118,
    1.7085819097150836,
    1.7438415457909566,
    1.6916683755283468,
    1.682251011614214,
    1.6622231117326614,
    1.6546949467742653,
    1.6144272668738113,
    1.5964392269145675,
    1.5846913928874056,
    1.5641759785155804,
    1.5504016093482749,
    1.563133040087962,
    1.542794249266909,
    1.5224729936164723,
    1.529156932245221,
    1.5290571843810945,
    1.5001237200854118,
    1.4977278071397926,
    1.44678209558565,
    1.5022384876117372,
    1.4910096534650925,
    1.5133363341169748,
    1.45381966674537,
    1.4303477249229164,
    1.4476251709252073,
    1.493698381150675,
    1.4522830139126695,
    1.4537179511890077,
    1.4209507961858783
  ],
  "val_loss": [
    1.9474550485610962,
    1.9143359661102295,
    1.874800205230713,
    1.7863978147506714,
    1.7764586210250854,
    1.6949994564056396,
    1.669890284538269,
    1.6678353548049927,
    1.7296640872955322,
    1.7009068727493286,
    1.5905685424804688,
    1.6440790891647339,
    1.5438835620880127,
    1.5458852052688599,
    1.542886734008789,
    1.5034260749816895,
    1.5009030103683472,
    1.4993001222610474,
    1.516507625579834,
    1.499284029006958,
    1.4859613180160522,
    1.4535622596740723,
    1.483258605003357,
    1.536568284034729,
    1.511601448059082,
    1.4649134874343872,
    1.4813050031661987,
    1.4818880558013916,
    1.4469027519226074,
    1.5400511026382446,
    1.4671189785003662,
    1.4587574005126953,
    1.4555201530456543,
    1.4697647094726562,
    1.4641259908676147,
    1.4645358324050903,
    1.4663326740264893,
    1.4606162309646606,
    1.460507869720459
  ],
  "best_epoch": 28,
  "status": "ok",
  "grad_norm": [
    3.164712016427095,
    3.1003023724385756,
    3.0891964810405277,
    2.983236703220487,
    3.2343715456527513,
    2.870622203943623,
    2.8238934512638725,
    2.7171196262295223,
    2.8337670679399434,
    2.9322422039040377,
    2.65334061172177,
    3.043319566805941,
    2.850078908714192,
    2.8151868951392816,
    2.7354818439675297,
    2.910627973538948,
    2.8032668905169005,
    2.7904452810504745,
    2.7486971003520972,
    2.6054997234397606,
    2.6899844824230414,
    2.778910466886976,
    2.711909462723377,
    2.653352385347379,
    2.7867044952459183,
    2.765994718523788,
    2.6150304075265494,
    2.6683308792582343,
    2.511463382479648,
    2.687290404355704,
    2.6550618722401853,
    2.760725693620924,
    2.6478220531449255,
    2.5878713379536618,
    2.568608510282121,
    2.7806929708759194,
    2.6477617135317173,
    2.568175056058486,
    2.741195147670316
  ],
  "beta_std": [
    0.7562739253044128,
    0.6750047206878662,
    0.6385341286659241,
    0.7632206678390503,
    0.7481739521026611,
    0.7206491231918335,
    0.7954216003417969,
    0.7466802000999451,
    0.7667195796966553,
    0.6665812134742737,
    0.8208317756652832,
    0.6307780742645264,
    0.746301531791687,
    0.7184727191925049,
    0.6630991697311401,
    0.7824282646179199,
    0.86253821849823,
    0.8148077726364136,
    0.66712486743927,
    0.7695098519325256,
    0.6372300982475281,
    0.8237460255622864,
    0.7096046805381775,
    0.642143964767456,
    0.7353373765945435,
    0.79366534948349,
    0.6620376706123352,
    0.7002726197242737,
    0.7525754570960999,
    0.8145046830177307,
    0.6700183153152466,
    0.6640852093696594,
    0.6742566823959351,
    0.7911694049835205,
    0.6377459764480591,
    0.7110618352890015,
    0.6280348896980286,
    0.7326021194458008,
    0.7933588027954102
  ],
  "beta_mean": [
    -0.14987698197364807,
    -0.22056657075881958,
    -0.4503837525844574,
    -0.19475311040878296,
    -0.3915785551071167,
    -0.17453698813915253,
    -0.30964404344558716,
    -0.22702232003211975,
    -0.05550549924373627,
    -0.17952796816825867,
    -0.2226993590593338,
    -0.08797052502632141,
    -0.1677325814962387,
    -0.35892993211746216,
    -0.1938643455505371,
    -0.2859913110733032,
    -0.2314491719007492,
    -0.15340155363082886,
    -0.30073875188827515,
    -0.41624414920806885,
    -0.23836833238601685,
    -0.2893308699131012,
    -0.11205653846263885,
    -0.15806910395622253,
    -0.2536592483520508,
    -0.19426991045475006,
    -0.43958142399787903,
    -0.3152754604816437,
    -0.1816246658563614,
    -0.34795624017715454,
    -0.04053252935409546,
    -0.28880923986434937,
    -0.18272745609283447,
    -0.11891257017850876,
    -0.17570935189723969,
    -0.06580112129449844,
    -0.20585279166698456,
    -0.28010302782058716,
    -0.34138163924217224
  ]
}