{
  "train_loss": [
    2.5244239471948635,
    2.057448743240178,
    1.9762376086196007,
    1.898131150585866,
    1.8592665606493142,
    1.8161326036397476,
    1.8054302639431423,
    1.765756427307575,
    1.7199863476502268,
    1.6968015360692787,
    1.6738776689384416,
    1.6261223685950563,
    1.6089023686570731,
    1.5688869698284662,
    1.5572531420724434,
    1.559828904609234,
    1.5280682647716233,
    1.5529383164121393,
    1.537885575991625,
    1.5400754523137856,
    1.5300999394076609,
    1.4876937162109285,
    1.4683227585073102,
    1.4748314160631415,
    1.4797135261624876,
    1.4682496814839323,
    1.4292793323840314,
    1.4752205343134919,
    1.4494040385045504,
    1.43313305580128,
    1.4042421635410243,
    1.3815815873173942,
    1.4293573380074305,
    1.4284581389064677,
    1.4060764531364218,
    1.3931548580649304,
    1.3734081000612492,
    1.4096911499514218,
    1.3865367661860952,
    1.409670755709821,
    1.4076814940658926,
    1.3984282790847689,
    1.3770675167145088,
    1.3575383058068349,
    1.3647597948988976,
    1.3563505208143714,
    1.371793631168834,
    1.3651663013926723,
    1.372161745230357
  ],
  "val_loss": [
    1.7999447584152222,
    1.827775001525879,
    1.734485387802124,
    1.6902563571929932,
    1.678476333618164,
    1.6956835985183716,
    1.7468806505203247,
    1.6802173852920532,
    1.65961754322052,
    1.5584068298339844,
    1.605085015296936,
    1.6214226484298706,
    1.537880301475525,
    1.6344588994979858,
    1.566120982170105,
    1.4634153842926025,
    1.480970859527588,
    1.5688021183013916,
    1.5975466966629028,
    1.4873473644256592,
    1.5413122177124023,
    1.4261853694915771,
    1.4390755891799927,
    1.5013562440872192,
    1.4822397232055664,
    1.4587364196777344,
    1.4517695903778076,
    1.5458717346191406,
    1.572009801864624,
    1.4584051370620728,
    1.4195867776870728,
    1.4900189638137817,
    1.4657554626464844,
    1.4811302423477173,
    1.5346273183822632,
    1.4664897918701172,
    1.4335623979568481,
    1.4637420177459717,
    1.372116208076477,
    1.647292971611023,
    1.4769271612167358,
    1.5056664943695068,
    1.4795994758605957,
    1.4971692562103271,
    1.4002436399459839,
    1.4651788473129272,
    1.4943162202835083,
    1.505414605140686,
    1.498873233795166
  ],
  "best_epoch": 38,
  "status": "ok",
  "grad_norm": [
    3.644189107091423,
    3.29606294651524,
    3.1117329366184485,
    2.917557151673802,
    2.7468767998103134,
    2.841805084813303,
    2.8621741838167933,
    2.849274961362911,
    2.8328318732531574,
    2.8390537390221815,
    2.949005025017781,
    2.8587642053359503,
    2.796751778651995,
    2.8502740202085426,
    2.7896300281176565,
    2.767364169508347,
    2.8066702332180515,
    2.8419315589371306,
    2.9564573458088343,
    2.891010061579573,
    2.8824040936872453,
    2.720699105879278,
    2.60718543975953,
    2.827461171809502,
    2.709972609419601,
    2.778064837246258,
    2.7125907937310223,
    2.8222723229605657,
    2.80025765725808,
    2.710256315775615,
    2.6063037240007483,
    2.683312689867104,
    2.8527467161584465,
    2.8618370610095454,
    2.8207856792335018,
    2.743275968313446,
    2.656233537596824,
    2.8220210437094133,
    2.7476963471775733,
    2.9684497823822134,
    2.8862057336260634,
    2.800408646099241,
    2.69932320515209,
    2.70656920141527,
    2.664135689893014,
    2.67960742751724,
    2.8206864492308803,
    2.7680595969037745,
    2.7778419080713066
  ],
  "beta_std": [
    0.6614011526107788,
    0.6143998503684998,
    0.7514800429344177,
    0.7046253085136414,
    0.8012431859970093,
    0.6911184191703796,
    0.7712302803993225,
    0.5554628372192383,
    0.8206542134284973,
    0.7441377639770508,
    0.8461342453956604,
    0.7587908506393433,
    0.8457337021827698,
    0.668986976146698,
    0.6504546999931335,
    0.8628831505775452,
    0.7521107196807861,
    0.7017291188240051,
    0.6065313220024109,
    0.687974214553833,
    0.6904200315475464,
    0.7242482304573059,
    0.6446473598480225,
    0.7843343615531921,
    0.6706302762031555,
    0.7490112781524658,
    0.8307616710662842,
    0.8844444155693054,
    0.6562454700469971,
    0.731281578540802,
    0.6953983306884766,
    0.7524399161338806,
    0.8741660714149475,
    0.682379424571991,
    0.8851062059402466,
    0.8651270270347595,
    0.7695655822753906,
    0.8069989085197449,
    0.7203724980354309,
    0.6349728107452393,
    0.8093976974487305,
    0.8896111249923706,
    0.88315349817276,
    0.887582540512085,
    0.8983806371688843,
    0.8289442658424377,
    0.7517262697219849,
    0.6482594013214111,
    0.7334092259407043
  ],
  "beta_mean": [
    -0.1298547238111496,
    1.3805188245896716e-05,
    -0.1788238137960434,
    -0.20446662604808807,
    -0.24525025486946106,
    -0.10190768539905548,
    -0.36337870359420776,
    -0.24908411502838135,
    -0.14093202352523804,
    -0.2776583731174469,
    -0.2527419626712799,
    -0.1848074495792389,
    -0.21262826025485992,
    -0.16238507628440857,
    -0.22903992235660553,
    -0.20848526060581207,
    -0.2195475697517395,
    -0.1476246416568756,
    -0.31471794843673706,
    -0.019814150407910347,
    -0.2920443117618561,
    -0.23683378100395203,
    -0.1941421926021576,
    -0.11704041063785553,
    -0.14415720105171204,
    -0.24102520942687988,
    -0.14630959928035736,
    -0.19901423156261444,
    -0.15166637301445007,
    -0.18509691953659058,
    -0.30668574571609497,
    -0.14115896821022034,
    -0.18112190067768097,
    -0.12885937094688416,
    -0.3270519971847534,
    -0.0028221099637448788,
    -0.08888932317495346,
    -0.049129463732242584,
    -0.07685639709234238,
    -0.016853833571076393,
    -0.21055644750595093,
    -0.23234157264232635,
    -0.1775442659854889,
    -0.20971563458442688,
    -0.25093039870262146,
    -0.16649317741394043,
    -0.23333768546581268,
    -0.1720082312822342,
    -0.09726603329181671
  ]
}