{
  "train_loss": [
    2.4615340010603965,
    1.9889055636333444,
    1.9125169374231707,
    1.8278671194238272,
    1.7949003165507178,
    1.787958341258311,
    1.7325713378504703,
    1.7271049080118102,
    1.6436143992239969,
    1.6361822797541032,
    1.6059438611750017,
    1.5988653541308397,
    1.5514404173622354,
    1.5478378023459898,
    1.5547477550116198,
    1.549655801873458,
    1.514886808283845,
    1.5176977217824836,
    1.5053949053803382,
    1.4658548127838045,
    1.476561615704096,
    1.4984454359645731,
    1.4427674040320324,
    1.4563219709981952,
    1.481748619748835,
    1.444556314903393,
    1.4256881541536566,
    1.4399145528168706,
    1.4163770196591203,
    1.3916390220045347,
    1.3928214026055141,
    1.3929212806935896,
    1.4221279633951467,
    1.393561344063073,
    1.4046125076528182,
    1.3822371958570872,
    1.39455572727828,
    1.392231510089852,
    1.356010301629005,
    1.3777657141601831,
    1.3682731705938864,
    1.3401866325858043,
    1.3931591511609263,
    1.3643599593848512,
    1.3447961633804946
  ],
  "val_loss": [
    2.0539345741271973,
    1.8686206340789795,
    1.9201759099960327,
    1.7632111310958862,
    1.7701547145843506,
    1.746338129043579,
    1.8615660667419434,
    1.66830313205719,
    1.5996114015579224,
    1.6048853397369385,
    1.5475165843963623,
    1.521454095840454,
    1.5811678171157837,
    1.5995081663131714,
    1.5286422967910767,
    1.5537837743759155,
    1.50938081741333,
    1.5527572631835938,
    1.5600721836090088,
    1.5111461877822876,
    1.525671124458313,
    1.554604411125183,
    1.6991218328475952,
    1.4632817506790161,
    1.5785845518112183,
    1.5815231800079346,
    1.498382329940796,
    1.4747532606124878,
    1.4634907245635986,
    1.458584189414978,
    1.590388536453247,
    1.4651620388031006,
    1.6372041702270508,
    1.5068973302841187,
    1.4360889196395874,
    1.529655933380127,
    1.4830591678619385,
    1.4693049192428589,
    1.51814603805542,
    1.552564263343811,
    1.5712592601776123,
    1.4366916418075562,
    1.5097395181655884,
    1.5070828199386597,
    1.4622198343276978
  ],
  "best_epoch": 34,
  "status": "ok",
  "grad_norm": [
    3.2077835846264953,
    3.057627074682828,
    2.908994171904547,
    2.979046205766437,
    2.9588430324831703,
    3.059561230331905,
    2.948189239511768,
    3.008418909018935,
    2.856231838456453,
    2.8872518026795033,
    2.80712308522617,
    2.812173231968078,
    2.741902303222051,
    2.7792699602343016,
    2.8963677961137297,
    2.8677599999285524,
    2.652696680661602,
    2.686866679470201,
    2.732618667895452,
    2.6650100849241443,
    2.825948539444955,
    2.7403391559907755,
    2.7493893031204717,
    2.6699731287153003,
    2.7876071722208304,
    2.688215572466286,
    2.605359261209577,
    2.7406830749374462,
    2.6105283640984016,
    2.5884859251127765,
    2.709958315644155,
    2.651679685573126,
    2.836792104157815,
    2.713985049870501,
    2.7315463173431884,
    2.5965026393711756,
    2.7278840439033805,
    2.7281216168050393,
    2.648446541826907,
    2.7725208062354927,
    2.6648753257063533,
    2.6670489297360556,
    2.866310334316681,
    2.7052233797636696,
    2.7339700607726094
  ],
  "beta_std": [
    0.8440964818000793,
    0.8913571834564209,
    0.8750798106193542,
    0.7784676551818848,
    0.7263603806495667,
    0.8127902150154114,
    0.9554554224014282,
    0.6807916760444641,
    0.8149294257164001,
    0.6193438172340393,
    0.7594552636146545,
    0.6776040196418762,
    0.7987585663795471,
    0.6832305192947388,
    0.7769995331764221,
    0.6481068730354309,
    0.8994705080986023,
    0.7516347169876099,
    0.7353290915489197,
    0.8859230875968933,
    0.7600035071372986,
    0.8465442061424255,
    0.6731236577033997,
    0.8455270528793335,
    0.6797911524772644,
    0.8816808462142944,
    0.790815532207489,
    0.7074007391929626,
    0.8979895114898682,
    0.765353798866272,
    0.7594010233879089,
    0.6531019806861877,
    0.7607616186141968,
    0.7588571310043335,
    0.8009517192840576,
    0.8563734292984009,
    0.7659648656845093,
    0.7551491856575012,
    0.8456563949584961,
    0.7654847502708435,
    0.7928893566131592,
    0.8082501292228699,
    0.8046345710754395,
    0.8287883996963501,
    0.7723469138145447
  ],
  "beta_mean": [
    -0.25819796323776245,
    -0.2330554574728012,
    -0.3019709885120392,
    -0.26946941018104553,
    0.007914113812148571,
    -0.06402085721492767,
    0.09443376213312149,
    -0.0923336073756218,
    -0.14955787360668182,
    -0.21878458559513092,
    -0.15747395157814026,
    -0.20190830528736115,
    -0.21337944269180298,
    -0.2914935052394867,
    -0.19488753378391266,
    -0.11082489043474197,
    -0.032772332429885864,
    -0.006914197932928801,
    -0.20398448407649994,
    -0.2004251480102539,
    -0.17342901229858398,
    -0.09660735726356506,
    0.007411370985209942,
    -0.17739495635032654,
    -0.047618865966796875,
    -0.19373570382595062,
    -0.18363317847251892,
    -0.2827516496181488,
    0.002825481118634343,
    -0.23495303094387054,
    -0.07060503214597702,
    -0.26972725987434387,
    -0.13448309898376465,
    -0.4142310917377472,
    -0.31459394097328186,
    -0.10437477380037308,
    -0.24961894750595093,
    -0.25258487462997437,
    -0.5159847140312195,
    -0.09807680547237396,
    -0.16747280955314636,
    -0.3300855755805969,
    -0.2081248015165329,
    -0.13413861393928528,
    -0.2564590573310852
  ]
}