{
  "train_loss": [
    2.5496273787537516,
    2.007555312385336,
    1.9270477764230025,
    1.8677399438724183,
    1.8410051581734106,
    1.777801773199561,
    1.7471355174159446,
    1.7338738708886487,
    1.7378054966006362,
    1.6830022876304493,
    1.677761059086225,
    1.6349421860878928,
    1.6400154042662236,
    1.6267149589354533,
    1.5758903768885206,
    1.5998042459097521,
    1.6226779165602567,
    1.5748358486967478,
    1.5230869059255945,
    1.5301395479280349,
    1.5174424261516994,
    1.5200424607037104,
    1.488412004716215,
    1.5031083599726358,
    1.4968206895025153,
    1.5168363083733454,
    1.4799355676996777,
    1.510987550668549,
    1.4548004640054981,
    1.4608505472941706,
    1.4721501155764039,
    1.4246549357587135,
    1.3968267192896346,
    1.4372504723420618,
    1.4208439312761987,
    1.4345708430998507,
    1.3917936623723883,
    1.380316247995834,
    1.4274669484088296,
    1.3930737245013143,
    1.374539151777301,
    1.3843445792393378,
    1.3768165780786883,
    1.4023587109192073,
    1.3637954458158617,
    1.3684929685983045,
    1.3601923772047835,
    1.3627800072564018,
    1.3576019115057605,
    1.3665976851446586
  ],
  "val_loss": [
    1.7482830286026,
    1.722826361656189,
    1.7265640497207642,
    1.638020634651184,
    1.61567223072052,
    1.5679256916046143,
    1.56358802318573,
    1.4723957777023315,
    1.5070996284484863,
    1.5816781520843506,
    1.493567705154419,
    1.452472448348999,
    1.4659913778305054,
    1.4677258729934692,
    1.5216346979141235,
    1.5031511783599854,
    1.3979358673095703,
    1.417292833328247,
    1.4639790058135986,
    1.3934414386749268,
    1.5246793031692505,
    1.3988349437713623,
    1.388924479484558,
    1.386305809020996,
    1.5131516456604004,
    1.376494288444519,
    1.3335226774215698,
    1.3995622396469116,
    1.3461029529571533,
    1.384913444519043,
    1.403497576713562,
    1.365356683731079,
    1.3176791667938232,
    1.3295238018035889,
    1.3273206949234009,
    1.3024773597717285,
    1.3464308977127075,
    1.4186536073684692,
    1.3867645263671875,
    1.355322241783142,
    1.3520995378494263,
    1.3569989204406738,
    1.29536771774292,
    1.276525616645813,
    1.3595937490463257,
    1.2954589128494263,
    1.3580715656280518,
    1.3920241594314575,
    1.3431706428527832,
    1.2869806289672852
  ],
  "best_epoch": 43,
  "status": "ok",
  "grad_norm": [
    3.2298331867268018,
    3.0174094070945094,
    2.7829176037599987,
    2.7686428161569885,
    2.7211997036173328,
    2.6057605982361713,
    2.7323989000885587,
    2.6780762052568967,
    2.948902165324706,
    2.6726267087510864,
    2.6379642440695052,
    2.5579908185914797,
    2.652628521049334,
    2.5905807541407486,
    2.5084700604192656,
    2.543652500203483,
    2.879220803283073,
    2.5199525469026733,
    2.455892435479603,
    2.515878942851288,
    2.4971584926481762,
    2.5197823790319642,
    2.452910130728905,
    2.5220930340071517,
    2.584440412430446,
    2.58810122427346,
    2.5671433398412034,
    2.6645305834077866,
    2.5394376814214192,
    2.5291649930223348,
    2.4827715412860702,
    2.484090652788123,
    2.483403794807027,
    2.574916236739948,
    2.61572498731258,
    2.7959785535717057,
    2.6824681964296873,
    2.5263695109628768,
    2.7969256915005527,
    2.5838627969332686,
    2.6541989413620932,
    2.619786691894299,
    2.580613275688795,
    2.7135078797481693,
    2.606125983327207,
    2.637210260102636,
    2.5966105634179275,
    2.6301733497329436,
    2.50901713257875,
    2.719131577985876
  ],
  "beta_std": [
    0.5575253367424011,
    0.5825647711753845,
    0.809971809387207,
    0.5914093852043152,
    0.5887817740440369,
    0.7267231345176697,
    0.5827627778053284,
    0.7231979966163635,
    0.6008203625679016,
    0.6750062108039856,
    0.6184384226799011,
    0.6563235521316528,
    0.6641560196876526,
    0.7711793780326843,
    0.6731200218200684,
    0.7143357992172241,
    0.6066318154335022,
    0.6376174688339233,
    0.7089955806732178,
    0.6788617968559265,
    0.7234652042388916,
    0.6331663727760315,
    0.6265305876731873,
    0.711811900138855,
    0.5968673825263977,
    0.8105606436729431,
    0.7737496495246887,
    0.683729887008667,
    0.6075499057769775,
    0.7707772850990295,
    0.5743984580039978,
    0.5559324622154236,
    0.7153671979904175,
    0.6694958209991455,
    0.6856826543807983,
    0.6543724536895752,
    0.8426917791366577,
    0.6227876543998718,
    0.8139976263046265,
    0.755272626876831,
    0.6454289555549622,
    0.5803415775299072,
    0.7596732974052429,
    0.8211951851844788,
    0.545311689376831,
    0.6908149719238281,
    0.6716233491897583,
    0.6452009081840515,
    0.748472273349762,
    0.7748525738716125
  ],
  "beta_mean": [
    -0.29839104413986206,
    -0.21238259971141815,
    -0.05024687945842743,
    -0.17087945342063904,
    -0.10539501160383224,
    0.09270082414150238,
    -0.2026786059141159,
    -0.47201231122016907,
    -0.05643371492624283,
    -0.2217187136411667,
    -0.3006652295589447,
    -0.091942198574543,
    -0.13305708765983582,
    -0.2119651585817337,
    -0.023973988369107246,
    -0.26147282123565674,
    -0.1428273469209671,
    -0.286443829536438,
    -0.37204471230506897,
    -0.30950477719306946,
    0.16979855298995972,
    -0.17868536710739136,
    -0.3323376476764679,
    -0.3689475655555725,
    -0.21919088065624237,
    -0.07038947939872742,
    -0.269035667181015,
    -0.21572408080101013,
    -0.23188416659832,
    -0.15807503461837769,
    -0.002545401453971863,
    -0.08468102663755417,
    -0.16666848957538605,
    -0.09147513657808304,
    -0.11393686383962631,
    -0.2521677315235138,
    -0.14851807057857513,
    -0.17163079977035522,
    -0.2985514998435974,
    -0.18100078403949738,
    -0.09828007221221924,
    -0.11807527393102646,
    -0.13378581404685974,
    -0.3286580443382263,
    -0.08002685010433197,
    -0.21488462388515472,
    -0.4676358699798584,
    0.048477862030267715,
    -0.18052715063095093,
    -0.2242620885372162
  ]
}