{
  "train_loss": [
    2.504582526446783,
    2.0309943297871373,
    1.9551523641396684,
    1.8584964301572209,
    1.8381446319156223,
    1.7948614911029213,
    1.7473441529971117,
    1.7333320875614011,
    1.7046314082508198,
    1.6705610114092018,
    1.6420588378460086,
    1.644254524638081,
    1.608042504857158,
    1.5926457118430333,
    1.5587808415485405,
    1.543314047222249,
    1.5884354236669709,
    1.5284487575397157,
    1.5479304629877995,
    1.5253318685118915,
    1.4995423770647998,
    1.4891900653448717,
    1.457367253721806,
    1.4631334795868187,
    1.48938454795302,
    1.4766569995322423,
    1.448294965677094,
    1.4399311051173518,
    1.4517272679289879,
    1.4085497083719711,
    1.4317138428715934,
    1.430368631095217,
    1.3946872644814832,
    1.41600470319826,
    1.3993793712582505,
    1.4156226266894425,
    1.4025769359465927,
    1.3720589316518683,
    1.4328682321135762,
    1.395935046463682
  ],
  "val_loss": [
    1.8946690559387207,
    1.8372749090194702,
    1.791644811630249,
    1.7635143995285034,
    1.745849847793579,
    1.7268620729446411,
    1.7208212614059448,
    1.7082605361938477,
    1.663085699081421,
    1.5948437452316284,
    1.6348570585250854,
    1.5866416692733765,
    1.5304133892059326,
    1.5849676132202148,
    1.6438697576522827,
    1.484278678894043,
    1.522306203842163,
    1.5575894117355347,
    1.5607272386550903,
    1.4781907796859741,
    1.5681300163269043,
    1.4386777877807617,
    1.4864612817764282,
    1.5648378133773804,
    1.4640668630599976,
    1.566998839378357,
    1.5518865585327148,
    1.4665015935897827,
    1.4708925485610962,
    1.403648018836975,
    1.4525173902511597,
    1.4255807399749756,
    1.4755234718322754,
    1.6450740098953247,
    1.455614686012268,
    1.434068202972412,
    1.467247724533081,
    1.4415096044540405,
    1.50211501121521,
    1.6019511222839355
  ],
  "best_epoch": 29,
  "status": "ok",
  "grad_norm": [
    3.252560284919018,
    2.918308840390152,
    3.097065346199323,
    2.8732551936729664,
    2.863635610161824,
    2.83821039687761,
    2.856507167882915,
    2.729773741687246,
    2.774970749113955,
    2.604272974386061,
    2.6867711380496364,
    2.7722504240065473,
    2.6786781468950642,
    2.652512068028924,
    2.5871045598398976,
    2.646454691157011,
    2.789690454180044,
    2.6924253325647745,
    2.748879440738689,
    2.750542507651493,
    2.6087508587415944,
    2.6057478363040985,
    2.510573101621947,
    2.7170969532922786,
    2.816277201206343,
    2.6840833907461397,
    2.6221251287823244,
    2.7130678874094882,
    2.70904403642741,
    2.549787829021554,
    2.661227060976459,
    2.6411079989306026,
    2.6103546094644803,
    2.5895834515406735,
    2.566133452654073,
    2.7080798289665395,
    2.789169404710029,
    2.6215554546109856,
    2.8502770212071415,
    2.798016485700434
  ],
  "beta_std": [
    0.7094475030899048,
    1.0383124351501465,
    0.777527391910553,
    0.8355875015258789,
    0.6987517476081848,
    0.8218210339546204,
    0.7885909676551819,
    0.7887066006660461,
    0.5965694189071655,
    0.7650787234306335,
    0.7645503282546997,
    0.76544588804245,
    0.7369461059570312,
    0.9369739294052124,
    0.7709649801254272,
    0.899877667427063,
    0.8306930661201477,
    0.7872203588485718,
    0.730735719203949,
    0.9220637679100037,
    0.805115282535553,
    0.7919813990592957,
    0.7950345873832703,
    0.6798913478851318,
    0.7888593673706055,
    0.7325280904769897,
    0.6760739684104919,
    0.7833353281021118,
    0.7614105343818665,
    0.8003952503204346,
    0.7380619049072266,
    0.7582077383995056,
    0.6695286631584167,
    0.6923872828483582,
    0.7209939956665039,
    0.9275773167610168,
    0.6509783267974854,
    0.82733553647995,
    0.7278860807418823,
    0.6975043416023254
  ],
  "beta_mean": [
    -0.23076359927654266,
    -0.291512668132782,
    -0.10954981297254562,
    -0.18167127668857574,
    -0.23438693583011627,
    -0.17855383455753326,
    -0.1536293476819992,
    -0.3660789132118225,
    -0.12108232825994492,
    -0.2960900366306305,
    -0.4096137583255768,
    -0.051638200879096985,
    -0.16692808270454407,
    -0.29600000381469727,
    -0.2284400910139084,
    -0.11531469970941544,
    -0.18583747744560242,
    -0.34579846262931824,
    -0.1784319132566452,
    -0.2507432997226715,
    -0.3675345182418823,
    -0.24092724919319153,
    -0.03446254879236221,
    -0.02658228762447834,
    -0.15446306765079498,
    -0.2077791690826416,
    -0.14657172560691833,
    -0.38474276661872864,
    -0.3281598687171936,
    -0.1434565782546997,
    -0.4263995289802551,
    0.031919848173856735,
    -0.28274771571159363,
    -0.2889937162399292,
    -0.3785165846347809,
    -0.19025439023971558,
    -0.19781862199306488,
    -0.19790279865264893,
    -0.2430698722600937,
    -0.28819143772125244
  ]
}