{
  "train_loss": [
    2.4484713053563882,
    2.0185754419070236,
    1.9448953140548795,
    1.8418183753922668,
    1.8143379479402688,
    1.7899073057286223,
    1.7611795367413794,
    1.7177421315232215,
    1.6562305903016474,
    1.6910017622005173,
    1.587513195199576,
    1.607543109787835,
    1.576727470738149,
    1.5512816751491256,
    1.5382735285284923,
    1.5437008063277307,
    1.512006518269143,
    1.5084266926670633,
    1.5163250621159872,
    1.458936478575768,
    1.4821522377108969,
    1.4530808251643041,
    1.4391864268263879,
    1.4269573129687394,
    1.4154138457984256,
    1.4032513013638948,
    1.4170445193184746,
    1.4328783167454235,
    1.4327393695485522,
    1.3802476430357549,
    1.3767979403545982,
    1.4109664121427035,
    1.4034814787189862
  ],
  "val_loss": [
    2.0815534591674805,
    1.975541591644287,
    1.8866193294525146,
    1.7925865650177002,
    1.7691013813018799,
    1.7335151433944702,
    1.698378086090088,
    1.5610719919204712,
    1.6273030042648315,
    1.5561413764953613,
    1.5532357692718506,
    1.5942834615707397,
    1.4977670907974243,
    1.5215167999267578,
    1.5593675374984741,
    1.5247471332550049,
    1.553351879119873,
    1.5497063398361206,
    1.4637813568115234,
    1.4944723844528198,
    1.4608323574066162,
    1.4976557493209839,
    1.4367914199829102,
    1.493862509727478,
    1.46721351146698,
    1.4829250574111938,
    1.5589513778686523,
    1.46476149559021,
    1.4800182580947876,
    1.436320424079895,
    1.461585521697998,
    1.471537709236145,
    1.4523200988769531
  ],
  "best_epoch": 22,
  "status": "ok",
  "grad_norm": [
    3.297912058217335,
    3.176262355192312,
    3.1652521830764,
    2.7511668320352274,
    3.0138848796563606,
    3.0092976016769817,
    2.852540075766885,
    2.900611922942937,
    2.821295207668476,
    2.986964064202807,
    2.700868264688321,
    2.8447657381194316,
    2.6692922260146372,
    2.665768296075108,
    2.6449547435925904,
    2.8265245560849825,
    2.814769070391709,
    2.746341580319653,
    2.9019647396954316,
    2.671424452236074,
    2.914586400754838,
    2.6951290238306482,
    2.772569261495858,
    2.810121258044848,
    2.6877323221321254,
    2.7511733159128715,
    2.7721952827214644,
    2.788003832978721,
    2.8453901176282876,
    2.7366149003033815,
    2.846397160176542,
    2.8678448625443567,
    2.7515228705680768
  ],
  "beta_std": [
    0.7420742511749268,
    0.7492120862007141,
    0.6586543917655945,
    0.872124969959259,
    0.8600093722343445,
    0.8732526302337646,
    0.7010962963104248,
    0.8747664093971252,
    0.9468046426773071,
    0.7871421575546265,
    0.8740507960319519,
    0.6243857145309448,
    0.8321865200996399,
    0.6857190728187561,
    0.7653144001960754,
    0.7677231431007385,
    0.7790613174438477,
    0.8013938069343567,
    0.955321192741394,
    0.7276978492736816,
    0.8209057450294495,
    0.6886252760887146,
    0.7392244935035706,
    0.8137390613555908,
    0.6010110378265381,
    0.778935968875885,
    0.7852730751037598,
    0.7802437543869019,
    0.774411141872406,
    0.722413182258606,
    0.7368799448013306,
    0.7361481189727783,
    0.7763687968254089
  ],
  "beta_mean": [
    -0.12686076760292053,
    -0.17451070249080658,
    -0.15131698548793793,
    -0.30949702858924866,
    -0.29511570930480957,
    -0.23019175231456757,
    -0.2350618988275528,
    -0.10710614174604416,
    -0.2455155998468399,
    -0.1380709409713745,
    -0.32064947485923767,
    -0.12353433668613434,
    -0.16977137327194214,
    0.03619072586297989,
    -0.38931143283843994,
    -0.33504796028137207,
    -0.08110702782869339,
    -0.3990004360675812,
    -0.24827498197555542,
    -0.1755116879940033,
    -0.1268019676208496,
    -0.20391063392162323,
    -0.04490291327238083,
    -0.24847650527954102,
    -0.2166062742471695,
    -0.009554174728691578,
    -0.17107689380645752,
    -0.32354605197906494,
    -0.40781471133232117,
    -0.17436885833740234,
    -0.21022266149520874,
    0.005792432930320501,
    -0.08193907141685486
  ]
}