{
  "train_loss": [
    2.6515541709096806,
    2.0371086810485663,
    1.9561364863211648,
    1.93592667270125,
    1.8492312985693502,
    1.8072573996426766,
    1.7908542276683606,
    1.7523032820015623,
    1.7531282837627924,
    1.6878428947716428,
    1.6609584515833715,
    1.6366598052030419,
    1.6641417686283937,
    1.6290682479512621,
    1.6041164178736727,
    1.6143335311175786,
    1.5356084915908457,
    1.5790777652026617,
    1.5446372234054475,
    1.5409279077094897,
    1.5156860468401547,
    1.4997039668044152,
    1.5158944173723634,
    1.4852338146745112,
    1.4798462140211586,
    1.4666266459191752,
    1.4794896613505848,
    1.4857444479869821,
    1.47211473749395,
    1.4718616797073543,
    1.4288800417470653,
    1.4519935263806616,
    1.446070609176368,
    1.445804639280888,
    1.417520553800795,
    1.4289568760520535,
    1.412413266583493,
    1.3937679078565006,
    1.3775554646943744,
    1.3723784360550997,
    1.4005150780482598,
    1.3976583316869904,
    1.3833122093775119,
    1.3988392119658621,
    1.3783870173058315,
    1.3769007857640585,
    1.4075257028613175,
    1.3818590195694862,
    1.3845865240989372,
    1.3654865131601255
  ],
  "val_loss": [
    2.0040996074676514,
    1.999340534210205,
    1.9572733640670776,
    1.9412671327590942,
    1.9976922273635864,
    1.806628942489624,
    1.7151271104812622,
    1.6911565065383911,
    1.842862606048584,
    1.644060492515564,
    1.6679147481918335,
    1.7068430185317993,
    1.7104870080947876,
    1.5700128078460693,
    1.5559313297271729,
    1.617005467414856,
    1.5570911169052124,
    1.610238790512085,
    1.4919695854187012,
    1.5891571044921875,
    1.5660983324050903,
    1.5002344846725464,
    1.5044821500778198,
    1.4947974681854248,
    1.571010947227478,
    1.4862782955169678,
    1.5201663970947266,
    1.5703256130218506,
    1.6062908172607422,
    1.533260464668274,
    1.530669927597046,
    1.5136399269104004,
    1.5286145210266113,
    1.4817076921463013,
    1.4609758853912354,
    1.4740647077560425,
    1.4961833953857422,
    1.5146417617797852,
    1.4403233528137207,
    1.4502081871032715,
    1.4682785272598267,
    1.5025523900985718,
    1.4256327152252197,
    1.4378448724746704,
    1.601881980895996,
    1.577041745185852,
    1.4799277782440186,
    1.601919174194336,
    1.4745299816131592,
    1.6185462474822998
  ],
  "best_epoch": 42,
  "status": "ok",
  "grad_norm": [
    3.3352411379915816,
    3.0739785502498593,
    2.855405092729364,
    3.063756592033542,
    2.897822169299997,
    2.9850092938296187,
    2.88815185844993,
    2.8591091716549575,
    2.9910181758777843,
    2.784786399293491,
    2.727274357683856,
    2.7180562573739495,
    2.876381830011963,
    2.7645213644091267,
    2.9452017848869247,
    2.9292066881968504,
    2.704725819441966,
    2.7419009374563887,
    2.822245628049998,
    2.7518749446405213,
    2.6896712973999466,
    2.7053438089419,
    2.66936744705742,
    2.645873141656469,
    2.7402419346672917,
    2.644098423944533,
    2.7031295108599562,
    2.7506669913001045,
    2.718965783484226,
    2.7060845686559474,
    2.6524811335850993,
    2.873436034004032,
    2.709871178630789,
    2.893417560551517,
    2.680687988090983,
    2.858002084596571,
    2.7635270994021877,
    2.7216692119968524,
    2.674129270372824,
    2.7224732452121785,
    2.7939462454731325,
    2.774640108037927,
    2.758523335564858,
    2.930427672943242,
    2.71621530212122,
    2.713176880659722,
    2.933474634334319,
    2.7492691492504546,
    2.726862048120591,
    2.81582562404503
  ],
  "beta_std": [
    0.5819026231765747,
    0.7661338448524475,
    0.6830331683158875,
    0.714566707611084,
    0.6884483695030212,
    0.74883633852005,
    0.6652243137359619,
    0.7447739839553833,
    0.6313046813011169,
    0.8115271329879761,
    0.71283358335495,
    0.5581656098365784,
    0.6785115003585815,
    0.7331215739250183,
    0.7484192252159119,
    0.5649366974830627,
    0.7335396409034729,
    0.7567426562309265,
    0.6699935793876648,
    0.7657149434089661,
    0.719605565071106,
    0.8090922236442566,
    0.6381803750991821,
    0.8192469477653503,
    0.7414935231208801,
    0.6523995995521545,
    0.7322447299957275,
    0.8371808528900146,
    0.6752733588218689,
    0.7204177975654602,
    0.7022199034690857,
    0.659227192401886,
    0.8038318753242493,
    0.8326982855796814,
    0.8250289559364319,
    0.7763397097587585,
    0.8362091779708862,
    0.8070094585418701,
    0.8639785051345825,
    0.712312638759613,
    0.6340529322624207,
    0.6372153162956238,
    0.7126829028129578,
    0.7082757949829102,
    0.7526862621307373,
    0.636225700378418,
    0.7981861233711243,
    0.8191465139389038,
    0.7414204478263855,
    0.6735774874687195
  ],
  "beta_mean": [
    -0.27864110469818115,
    -0.16825498640537262,
    -0.12717826664447784,
    -0.1013810783624649,
    -0.10660714656114578,
    -0.17296721041202545,
    -0.31978997588157654,
    -0.2706860899925232,
    0.026193471625447273,
    -0.3023534417152405,
    -0.310232549905777,
    -0.16583669185638428,
    -0.17538051307201385,
    -0.24119119346141815,
    -0.06683807075023651,
    -0.18886542320251465,
    -0.23498432338237762,
    -0.015032215975224972,
    -0.3600219786167145,
    -0.3448597490787506,
    -0.2975068688392639,
    -0.12521201372146606,
    -0.17635445296764374,
    -0.14693596959114075,
    -0.20369189977645874,
    -0.12287692725658417,
    -0.38882213830947876,
    0.031984467059373856,
    -0.09112702310085297,
    -0.22585372626781464,
    -0.2040235698223114,
    -0.31608110666275024,
    0.018553579226136208,
    -0.2738204300403595,
    -0.06341655552387238,
    -0.16154484450817108,
    -0.24591797590255737,
    -0.03651633486151695,
    -0.3160131275653839,
    -0.18971312046051025,
    -0.15687109529972076,
    -0.2884846031665802,
    -0.1944333016872406,
    -0.09875185042619705,
    0.019300419837236404,
    -0.014609143137931824,
    -0.2379026710987091,
    -0.010722692124545574,
    -0.1629636585712433,
    -0.15923085808753967
  ]
}