{
  "train_loss": [
    2.486278784846702,
    1.9620535083681518,
    1.8726342462796217,
    1.7909556491472567,
    1.7873002461662069,
    1.7791533426374022,
    1.7138227852603845,
    1.7373610362393117,
    1.719687625120955,
    1.675580384048105,
    1.656262811331721,
    1.6256869768399245,
    1.6085938778258206,
    1.54733786610832,
    1.5446691455617982,
    1.5191011562682035,
    1.4948816504673652,
    1.5282423892495227,
    1.4865662791993883,
    1.4559510696422286,
    1.4415336867940356,
    1.4380857135259617,
    1.475025997273406,
    1.4390610584459806,
    1.4674961182387949,
    1.4286196902202584,
    1.420490641914613,
    1.4339940385930023,
    1.402286042748836,
    1.4055476481454414,
    1.4084266841341877,
    1.3865114280076054,
    1.364482053929602,
    1.4272152650844283,
    1.3988389135661878,
    1.3663216139140881,
    1.3584978111724408,
    1.3690122103551674,
    1.334065975975572,
    1.3538030720593637,
    1.3422784836250439,
    1.3255071439241108,
    1.357035909507707
  ],
  "val_loss": [
    1.827079176902771,
    1.8233360052108765,
    1.8149809837341309,
    1.7823138236999512,
    1.8205816745758057,
    1.7660868167877197,
    1.9504711627960205,
    1.7515467405319214,
    1.663712739944458,
    1.698675274848938,
    1.6152281761169434,
    1.744393229484558,
    1.5961334705352783,
    1.543932557106018,
    1.6218483448028564,
    1.5377273559570312,
    1.5123218297958374,
    1.5173935890197754,
    1.5353630781173706,
    1.4872519969940186,
    1.497426152229309,
    1.476901650428772,
    1.4637634754180908,
    1.5211068391799927,
    1.5333651304244995,
    1.6333160400390625,
    1.5024384260177612,
    1.5325411558151245,
    1.4496930837631226,
    1.512866735458374,
    1.483757734298706,
    1.5132426023483276,
    1.4133672714233398,
    1.587484359741211,
    1.485584020614624,
    1.5597401857376099,
    1.4792861938476562,
    1.463489294052124,
    1.456763505935669,
    1.4345736503601074,
    1.4653756618499756,
    1.47052800655365,
    1.5908100605010986
  ],
  "best_epoch": 32,
  "status": "ok",
  "grad_norm": [
    3.431609673304102,
    2.7776260514578293,
    2.914097756211917,
    2.725482510135269,
    2.701491027003767,
    2.7034285097478943,
    2.654454004443843,
    2.8300030158768688,
    2.799118195552365,
    2.69938851464097,
    2.731829958714152,
    2.717706233807049,
    2.6432582345325453,
    2.670047565011309,
    2.748423684369969,
    2.607723426559262,
    2.6448969243124236,
    2.8165075035067515,
    2.75176582377946,
    2.628740382058276,
    2.6794474003163673,
    2.540990179846262,
    2.929449634983201,
    2.6209333870235154,
    2.6568197434452094,
    2.6818820660355747,
    2.682102641103984,
    2.7832061510475627,
    2.659197212862466,
    2.6634751710672524,
    2.668437703671775,
    2.6560636291741977,
    2.591697151846828,
    2.89317794018189,
    2.723755353589533,
    2.748063337636729,
    2.674982822076458,
    2.7428544707345517,
    2.571863935593777,
    2.644630646540271,
    2.6906777124771937,
    2.647127655028982,
    2.7753779555308853
  ],
  "beta_std": [
    0.7607849836349487,
    0.58205246925354,
    0.6439709663391113,
    0.7219781875610352,
    0.5781529545783997,
    0.5961279273033142,
    0.5787124633789062,
    0.7799158692359924,
    0.6978617906570435,
    0.6447693705558777,
    0.6791446805000305,
    0.644023597240448,
    0.6610206365585327,
    0.648007869720459,
    0.6811573505401611,
    0.5866376161575317,
    0.5854465365409851,
    0.6743969321250916,
    0.5749987959861755,
    0.6859316229820251,
    0.6033714413642883,
    0.758601725101471,
    0.585554301738739,
    0.5885953903198242,
    0.5858531594276428,
    0.543450117111206,
    0.6425576210021973,
    0.5436148643493652,
    0.6072973608970642,
    0.675729513168335,
    0.6714252829551697,
    0.6102340221405029,
    0.7924559116363525,
    0.7029169797897339,
    0.6674705743789673,
    0.8253448605537415,
    0.7889509201049805,
    0.703071117401123,
    0.6144019961357117,
    0.7053601741790771,
    0.7572027444839478,
    0.7495509386062622,
    0.5762795805931091
  ],
  "beta_mean": [
    -0.18389618396759033,
    -0.4315545856952667,
    -0.2368992567062378,
    -0.017819372937083244,
    -0.1672498732805252,
    -0.21521614491939545,
    -0.29066964983940125,
    -0.2634965777397156,
    -0.32857781648635864,
    -0.3960462510585785,
    -0.05666986107826233,
    -0.130700945854187,
    -0.31553393602371216,
    -0.19609606266021729,
    -0.031980231404304504,
    -0.3407052755355835,
    -0.1710754930973053,
    -0.2583644688129425,
    -0.3257082998752594,
    -0.23010414838790894,
    -0.04225503280758858,
    -0.1949135810136795,
    -0.1367499679327011,
    -0.19325505197048187,
    -0.20159359276294708,
    -0.03887343779206276,
    -0.09296861290931702,
    -0.37111133337020874,
    -0.24454015493392944,
    -0.18209530413150787,
    -0.06084116920828819,
    -0.1600593626499176,
    -0.09547797590494156,
    -0.33847007155418396,
    -0.20346657931804657,
    -0.42585089802742004,
    -0.28892630338668823,
    -0.1847926378250122,
    -0.211530402302742,
    -0.23668885231018066,
    -0.3057985007762909,
    -0.3050019145011902,
    -0.1912802904844284
  ]
}