{
  "train_loss": [
    2.510967052247789,
    2.015896239598592,
    1.9261925394270156,
    1.8610873135460748,
    1.7843751094606188,
    1.736276411904229,
    1.6915614931318494,
    1.66329952483707,
    1.6450704849031237,
    1.6151644270155165,
    1.5800931486553615,
    1.6041890180375842,
    1.574905565685696,
    1.562338190820482,
    1.5230956682629055,
    1.5453790364795261,
    1.5289826560550266,
    1.509951715681288,
    1.492378593550788,
    1.4750233737097846,
    1.5074863137139214,
    1.4834540095859103,
    1.462987867143419,
    1.5004479945500693,
    1.44195814037323,
    1.4543297849231296,
    1.4416303039126925,
    1.4185679308573405,
    1.4481226372188991,
    1.4169827449586656,
    1.3916505443784926,
    1.3803561112615796,
    1.4462038036982219,
    1.4119120484458076
  ],
  "val_loss": [
    2.056119680404663,
    1.9780853986740112,
    1.908859372138977,
    1.8353502750396729,
    1.9515968561172485,
    1.6712933778762817,
    1.6584181785583496,
    1.536571979522705,
    1.5937108993530273,
    1.6464958190917969,
    1.5473803281784058,
    1.5595245361328125,
    1.5430842638015747,
    1.5179033279418945,
    1.5360573530197144,
    1.5584343671798706,
    1.4858919382095337,
    1.4659526348114014,
    1.5339701175689697,
    1.4934101104736328,
    1.5079615116119385,
    1.4935755729675293,
    1.5032655000686646,
    1.4367954730987549,
    1.4881951808929443,
    1.514737606048584,
    1.48252272605896,
    1.4934216737747192,
    1.5121675729751587,
    1.455127239227295,
    1.5075491666793823,
    1.5542551279067993,
    1.4630646705627441,
    1.4391024112701416
  ],
  "best_epoch": 23,
  "status": "ok",
  "grad_norm": [
    3.312370508301819,
    3.1092240257639565,
    3.063175679104271,
    2.9428094697757485,
    2.9196325273744326,
    2.8981167238058494,
    2.8273653382358304,
    2.803048597453491,
    2.810622552647668,
    2.6972175169989976,
    2.6514580619278694,
    2.869829813801244,
    2.747540942451366,
    2.637225515903432,
    2.733832809222148,
    2.653556089975694,
    2.7093075019894526,
    2.6169531513694113,
    2.569899866792762,
    2.6017741413349462,
    2.654807814651589,
    2.6499427594601483,
    2.560518106301006,
    2.75912288035499,
    2.5740418439413983,
    2.5982762151936125,
    2.664576559995013,
    2.46443616684369,
    2.5561449163856937,
    2.597045881667899,
    2.612742207094727,
    2.552603877579471,
    2.856047817506027,
    2.5700833852709795
  ],
  "beta_std": [
    0.7564240097999573,
    1.1045094728469849,
    0.5405957698822021,
    0.9973879456520081,
    0.6156966686248779,
    0.6639633178710938,
    0.606818437576294,
    0.7762769460678101,
    0.9085879325866699,
    0.6606868505477905,
    0.7378102540969849,
    0.7067241668701172,
    0.798008918762207,
    0.7064347267150879,
    0.7690097093582153,
    0.6871451735496521,
    0.7114889621734619,
    0.7250495553016663,
    0.8001539707183838,
    0.8105106949806213,
    0.6835495233535767,
    0.7618620991706848,
    0.76522296667099,
    0.7587635517120361,
    0.7185279130935669,
    0.7304480075836182,
    0.7933530211448669,
    0.7312796115875244,
    0.7070841193199158,
    0.7106372714042664,
    0.8547576069831848,
    0.7737966179847717,
    0.800442636013031,
    0.7790502905845642
  ],
  "beta_mean": [
    -0.1555459350347519,
    -0.2966807186603546,
    -0.190652996301651,
    -0.029061222448945045,
    0.013562185689806938,
    -0.18191371858119965,
    -0.2763090133666992,
    -0.1963040828704834,
    -0.11163236200809479,
    -0.25002381205558777,
    -0.20563846826553345,
    -0.22959347069263458,
    -0.021157024428248405,
    -0.22528016567230225,
    -0.49479740858078003,
    -0.16659484803676605,
    -0.25258973240852356,
    -0.30149200558662415,
    -0.1395067572593689,
    -0.3386285603046417,
    -0.27794885635375977,
    -0.2896829843521118,
    -0.2791290283203125,
    -0.14830820262432098,
    -0.24664349853992462,
    -0.08079666644334793,
    -0.2109033614397049,
    -0.2142023742198944,
    -0.31160175800323486,
    -0.34294840693473816,
    -0.17035724222660065,
    -0.37394505739212036,
    -0.26416799426078796,
    -0.3170885145664215
  ]
}