{
  "train_loss": [
    2.467516509797838,
    1.929481988588969,
    1.9202734960979886,
    1.8049641732109918,
    1.7825413668950398,
    1.7534123488532172,
    1.7309461810853746,
    1.6918632446924846,
    1.6808266582489013,
    1.6425470604366725,
    1.5985853288438585,
    1.5951974969440037,
    1.5501884492238363,
    1.573333749347263,
    1.4833056070539687,
    1.499311683124966,
    1.5102691094080607,
    1.482724428706699,
    1.4579327402114868,
    1.4586675856908162,
    1.4575176944732666,
    1.428953424665663,
    1.4744020609325832,
    1.4248271550072564,
    1.426584427303738,
    1.4247741185294258,
    1.4126329285303751,
    1.4108774522145588,
    1.3880305407842,
    1.4048906682332356,
    1.3812196904288399,
    1.3804793527391221,
    1.3816426518758138,
    1.3682447645399305,
    1.384801282564799
  ],
  "val_loss": [
    1.8676464557647705,
    2.0348238945007324,
    1.6971876621246338,
    1.856407642364502,
    1.7610673904418945,
    1.5868256092071533,
    1.6361615657806396,
    1.6479101181030273,
    1.591498851776123,
    1.507365107536316,
    1.5497863292694092,
    1.4279340505599976,
    1.5095287561416626,
    1.603088140487671,
    1.3878740072250366,
    1.4144988059997559,
    1.3123542070388794,
    1.3192846775054932,
    1.3621931076049805,
    1.4056692123413086,
    1.3809665441513062,
    1.4319748878479004,
    1.395861029624939,
    1.342287540435791,
    1.3112152814865112,
    1.380456566810608,
    1.3541120290756226,
    1.3144948482513428,
    1.4113813638687134,
    1.4735522270202637,
    1.3823691606521606,
    1.4218900203704834,
    1.3537096977233887,
    1.4334325790405273,
    1.3630082607269287
  ],
  "best_epoch": 24,
  "status": "ok",
  "grad_norm": [
    3.3851494159949733,
    2.933599975907794,
    2.985732804004906,
    2.890408027043809,
    2.82157016984932,
    2.768589394842991,
    2.749196580570943,
    2.607581248995529,
    2.667864597085491,
    2.672566759674966,
    2.680410497743701,
    2.6787175712717275,
    2.6785026876066373,
    2.767079301521888,
    2.5702926447641965,
    2.5391491335891914,
    2.6595353194572398,
    2.599634023427612,
    2.6135840387022458,
    2.634170274258913,
    2.6345250526222164,
    2.5816142757277687,
    2.730308532840812,
    2.5849196551823574,
    2.623749690776691,
    2.60762053614537,
    2.607737185622075,
    2.6445432255573844,
    2.5970512556232284,
    2.73105669212058,
    2.5492363680212633,
    2.5529285416701097,
    2.719783397284122,
    2.6086314046671433,
    2.688787013118448
  ],
  "beta_std": [
    0.8866228461265564,
    0.7906678915023804,
    0.7841885089874268,
    0.7504352331161499,
    0.7908446788787842,
    0.7387415766716003,
    0.8312913179397583,
    0.6648481488227844,
    0.858747661113739,
    0.7254924178123474,
    0.8358251452445984,
    0.7950330972671509,
    0.8551548719406128,
    0.7103443741798401,
    0.6820619106292725,
    0.566908597946167,
    0.8369356393814087,
    0.6671779155731201,
    0.8063264489173889,
    0.7218484282493591,
    0.6991143822669983,
    0.9465125203132629,
    0.6994796395301819,
    0.717677116394043,
    0.7219813466072083,
    0.8575082421302795,
    0.9026244878768921,
    0.7960649728775024,
    0.8194625377655029,
    0.8986886739730835,
    0.7199021577835083,
    0.8121811747550964,
    0.7021747827529907,
    0.8443101644515991,
    0.846962571144104
  ],
  "beta_mean": [
    -0.4131312370300293,
    -0.3225882947444916,
    -0.2998409867286682,
    -0.2395661473274231,
    -0.36926376819610596,
    -0.11483609676361084,
    -0.18003596365451813,
    -0.05481956526637077,
    -0.09050187468528748,
    -0.1394839584827423,
    -0.1959756463766098,
    -0.2242027223110199,
    -0.4514698386192322,
    -0.060184281319379807,
    -0.041755590587854385,
    -0.15906502306461334,
    -0.04463357478380203,
    -0.09987160563468933,
    -0.20405833423137665,
    -0.05479956418275833,
    -0.11665572971105576,
    -0.2811177670955658,
    -0.20565645396709442,
    -0.2258521467447281,
    -0.2596621513366699,
    -0.13836385309696198,
    -0.16731372475624084,
    -0.3733595609664917,
    -0.32162588834762573,
    -0.41818568110466003,
    -0.2533418536186218,
    -0.1361875683069229,
    -0.14892354607582092,
    -0.1918783038854599,
    -0.18996195495128632
  ]
}