{
  "train_loss": [
    2.385414111879137,
    2.005264261669583,
    1.9045956626468235,
    1.877706630176968,
    1.8117843542099,
    1.8017461143069797,
    1.7315433837042915,
    1.6998489248487685,
    1.6859506057103475,
    1.7039654856787787,
    1.6490029318067763,
    1.6361911078559028,
    1.625744666841295,
    1.5731561210420397,
    1.5768775997161866,
    1.585107041252984,
    1.5733130368126764,
    1.5432747298346625,
    1.5368380704455906,
    1.492421019130283,
    1.5027838320202298,
    1.5100709561241998,
    1.4696083295610216,
    1.4515008756849501,
    1.4478951102362738,
    1.4672037283579509,
    1.4335668130450778,
    1.4333458170360989,
    1.4233085316552057,
    1.4502414157655503,
    1.3738318623436823,
    1.4029701552920872,
    1.392463554488288,
    1.4463427025477091,
    1.420366986327701,
    1.3742828126483493,
    1.4093037247127957,
    1.407054369714525,
    1.3944429137971666,
    1.3685728608237373,
    1.3695035690731472,
    1.386373526149326,
    1.370756360583835,
    1.3538007007175021,
    1.3691782057020399,
    1.3821681529151069,
    1.39030547369851,
    1.366269200430976,
    1.3465646439658272,
    1.3442408899731106
  ],
  "val_loss": [
    2.1052167415618896,
    2.018458366394043,
    1.9810972213745117,
    1.947174072265625,
    1.9576325416564941,
    1.8928611278533936,
    1.747435212135315,
    1.8143256902694702,
    1.8920477628707886,
    1.7559210062026978,
    1.658606767654419,
    1.6483361721038818,
    1.7095756530761719,
    1.6418393850326538,
    1.6723942756652832,
    1.6773290634155273,
    1.6612497568130493,
    1.582393765449524,
    1.6081761121749878,
    1.5713448524475098,
    1.5370204448699951,
    1.561348795890808,
    1.5491852760314941,
    1.5622483491897583,
    1.6436347961425781,
    1.555661916732788,
    1.5074948072433472,
    1.5677120685577393,
    1.4983620643615723,
    1.516778588294983,
    1.580060601234436,
    1.541442632675171,
    1.533258080482483,
    1.5818781852722168,
    1.5202383995056152,
    1.4905383586883545,
    1.5538008213043213,
    1.4883732795715332,
    1.618804931640625,
    1.4811055660247803,
    1.5906232595443726,
    1.5519914627075195,
    1.524659276008606,
    1.4873757362365723,
    1.5169003009796143,
    1.5355006456375122,
    1.5697723627090454,
    1.5591670274734497,
    1.5608614683151245,
    1.5379480123519897
  ],
  "best_epoch": 39,
  "status": "ok",
  "grad_norm": [
    3.43276237931805,
    3.0036153039586138,
    2.8281940740061167,
    2.941378108927627,
    2.7701330056350137,
    3.027156407848948,
    2.8331004614497854,
    2.6725310280760866,
    2.800883198040658,
    2.9129893821451125,
    2.793189232895737,
    2.8051143976477295,
    2.8399609704653854,
    2.7767325027158085,
    2.805892564127344,
    2.8488790962327464,
    2.860751093258701,
    2.9092017645041772,
    2.928254313125115,
    2.7674923130629514,
    2.7863608402492077,
    2.8103463210082005,
    2.6718413304570956,
    2.6862202762467837,
    2.695349094922232,
    2.8005036445591616,
    2.784809358795344,
    2.7739028098765983,
    2.864110129907343,
    2.855183256738988,
    2.658764840953663,
    2.744890132439529,
    2.833721604287851,
    2.943602412298821,
    2.9221002731992987,
    2.7081109572639157,
    2.8665102615533757,
    2.8415504041608886,
    2.8018863020400344,
    2.7807376809198776,
    2.8438255466349833,
    2.8546431922741524,
    2.8417003381966275,
    2.7450404353225286,
    2.7188054515368854,
    2.7321795678899266,
    2.756960392380953,
    2.787450226805622,
    2.7270364470983433,
    2.8480745490048855
  ],
  "beta_std": [
    0.6993279457092285,
    0.6457929611206055,
    0.6137415766716003,
    0.7658543586730957,
    0.6524877548217773,
    0.6370406150817871,
    0.6146543025970459,
    0.6493247747421265,
    0.7400184273719788,
    0.60821133852005,
    0.7295131683349609,
    0.8308431506156921,
    0.7037648558616638,
    0.7089976668357849,
    0.7578952312469482,
    0.6245784759521484,
    0.650825023651123,
    0.6753333210945129,
    0.7084964513778687,
    0.6504170894622803,
    0.6197256445884705,
    0.8175336122512817,
    0.7961869239807129,
    0.7568427920341492,
    0.6481070518493652,
    0.6678485870361328,
    0.7084086537361145,
    0.7573102712631226,
    0.7574283480644226,
    0.6663535833358765,
    0.5494624376296997,
    0.7204015254974365,
    0.6919730305671692,
    0.6739678978919983,
    0.6817969679832458,
    0.6925652623176575,
    0.6070903539657593,
    0.786790668964386,
    0.67057865858078,
    0.7219091057777405,
    0.6158903241157532,
    0.7980266809463501,
    0.6222456097602844,
    0.7588778138160706,
    0.7243574261665344,
    0.7315965294837952,
    0.8750011920928955,
    0.6988570094108582,
    0.7561609148979187,
    0.6472498178482056
  ],
  "beta_mean": [
    -0.05350674316287041,
    -0.17552077770233154,
    -0.3763250410556793,
    -0.12243042886257172,
    -0.33940866589546204,
    -0.09396327286958694,
    -0.11248327791690826,
    -0.24819675087928772,
    0.02492992766201496,
    -0.08346940577030182,
    -0.09646617621183395,
    -0.27730846405029297,
    -0.2873181700706482,
    -0.11407233029603958,
    -0.3629533052444458,
    -0.212740957736969,
    -0.15439651906490326,
    -0.2364996075630188,
    -0.08958720415830612,
    -0.07229900360107422,
    -0.13910916447639465,
    -0.2728000283241272,
    -0.19140420854091644,
    -0.10397053509950638,
    -0.07444112747907639,
    -0.186090350151062,
    -0.11915833503007889,
    -0.3417922854423523,
    -0.19009801745414734,
    -0.23565644025802612,
    -0.17180246114730835,
    -0.038584623485803604,
    -0.05341294780373573,
    -0.3244158923625946,
    -0.1980167180299759,
    0.029691457748413086,
    -0.21962977945804596,
    -0.1289888620376587,
    -0.30145102739334106,
    -0.08916644006967545,
    -0.2061145305633545,
    -0.1258017122745514,
    -0.2205457240343094,
    -0.24625013768672943,
    -0.1533408761024475,
    -0.26009368896484375,
    -0.27914300560951233,
    -0.2463207095861435,
    -0.24872225522994995,
    -0.06337613612413406
  ]
}