{
  "train_loss": [
    2.5681754110081125,
    1.928008034115746,
    1.8637966113836586,
    1.8380020463818054,
    1.852409669655521,
    1.802297933950446,
    1.7837884326640712,
    1.7801164034542853,
    1.746339955243394,
    1.6988576641699085,
    1.657576960122504,
    1.6637875189316245,
    1.679114171761234,
    1.6502372484899162,
    1.6551831665493193,
    1.6606535541227345,
    1.629741450069713,
    1.5970788293414646,
    1.6395834666531102,
    1.6432842196250448,
    1.6180854454062152,
    1.6084021451521893,
    1.5974782743151226,
    1.5908869903914782,
    1.571164681797936,
    1.5572432150375817,
    1.5447660115300392,
    1.547137149175008,
    1.5493058785289324,
    1.5328336921138288,
    1.5188175770701193,
    1.5300675760861697,
    1.5185167460755156,
    1.5286431350945886,
    1.5170539205036466,
    1.4870994621934264,
    1.4974772652801203,
    1.4917159423265869,
    1.4703624568558604,
    1.4561643393942558,
    1.48906488451017,
    1.454474728015545,
    1.465223233878207,
    1.4285042621651474,
    1.446630062105434,
    1.4383104379485254,
    1.433998979570644,
    1.4099064988073577,
    1.4268955692412362,
    1.3838497424071607
  ],
  "val_loss": [
    1.8373230695724487,
    1.772909164428711,
    1.7006222009658813,
    1.7890146970748901,
    1.7370531558990479,
    1.6783567667007446,
    1.691239356994629,
    1.7085528373718262,
    1.6042460203170776,
    1.5527597665786743,
    1.570719838142395,
    1.5496360063552856,
    1.5494384765625,
    1.5580483675003052,
    1.6337097883224487,
    1.596305251121521,
    1.5265129804611206,
    1.552234172821045,
    1.723713755607605,
    1.5661416053771973,
    1.622367262840271,
    1.512974500656128,
    1.5456931591033936,
    1.5096784830093384,
    1.4860085248947144,
    1.4635590314865112,
    1.4634977579116821,
    1.4842156171798706,
    1.4529227018356323,
    1.478261947631836,
    1.4543615579605103,
    1.5156265497207642,
    1.4648305177688599,
    1.546787142753601,
    1.407230257987976,
    1.4270306825637817,
    1.418354868888855,
    1.484080195426941,
    1.417604923248291,
    1.4601304531097412,
    1.330331802368164,
    1.3862837553024292,
    1.421032428741455,
    1.3906691074371338,
    1.4010179042816162,
    1.40187668800354,
    1.361423134803772,
    1.3832725286483765,
    1.3282406330108643,
    1.3781300783157349
  ],
  "best_epoch": 48,
  "status": "ok",
  "grad_norm": [
    2.7653184417013126,
    2.4089156417305064,
    2.3719435676347405,
    2.2799070992226795,
    2.5132195772095764,
    2.3586374995425436,
    2.333784353796989,
    2.3044109980318677,
    2.2720044126046277,
    2.208773589734667,
    2.2592907540416802,
    2.281786679343153,
    2.3715889373282226,
    2.2911881681306965,
    2.2486391327277553,
    2.337947781044341,
    2.1514809456488555,
    2.2519498806154687,
    2.3276129304303135,
    2.277061916923033,
    2.2597715950889055,
    2.209296095768809,
    2.255521234295418,
    2.2416186952526655,
    2.2685965493887124,
    2.1689180403578368,
    2.207510929443463,
    2.261106857961961,
    2.2923260852271046,
    2.261695189768765,
    2.262993637589313,
    2.3263160648828602,
    2.295298352333485,
    2.4645685646544537,
    2.3394634112002954,
    2.284132002487227,
    2.36424293996789,
    2.419764988748062,
    2.3379923556836024,
    2.2941632822128963,
    2.3873606570152077,
    2.3167197600665923,
    2.275198432862462,
    2.2583612236730404,
    2.2821667083700192,
    2.434202925369147,
    2.2494769185776686,
    2.2061317446964,
    2.4024517013616076,
    2.2401707673464624
  ],
  "beta_std": [
    0.8510778546333313,
    0.7109194397926331,
    0.6801149249076843,
    0.8381887078285217,
    0.726798415184021,
    0.9149645566940308,
    0.7628768086433411,
    0.7222622036933899,
    0.6991757750511169,
    0.7924158573150635,
    0.8002633452415466,
    0.9211491942405701,
    0.789126992225647,
    0.8233498334884644,
    0.8879654407501221,
    0.7792155742645264,
    0.846538782119751,
    0.7926718592643738,
    0.6691370010375977,
    0.7901628613471985,
    0.8186858296394348,
    0.7126342058181763,
    0.8958405256271362,
    0.6440619826316833,
    0.7842766642570496,
    0.7774178385734558,
    0.7966514229774475,
    0.8287138342857361,
    0.793302595615387,
    0.8047119975090027,
    0.7392249703407288,
    0.8433704972267151,
    0.774707555770874,
    0.7492868304252625,
    0.8000009655952454,
    0.7697563171386719,
    0.680277407169342,
    0.801342248916626,
    0.8495172262191772,
    0.7473219633102417,
    0.7160646915435791,
    0.8310165405273438,
    0.8434606194496155,
    0.7702215909957886,
    0.9498112201690674,
    0.790290892124176,
    0.8984758853912354,
    0.7179329991340637,
    0.7586641907691956,
    0.8392623662948608
  ],
  "beta_mean": [
    -0.06060382351279259,
    -0.3127071261405945,
    -0.09157279133796692,
    -0.43422091007232666,
    -0.044199999421834946,
    -0.08974544703960419,
    -0.2780471444129944,
    -0.34945759177207947,
    -0.30953365564346313,
    -0.33104249835014343,
    -0.40219956636428833,
    -0.2637453079223633,
    -0.4572213292121887,
    -0.4203032851219177,
    -0.24698954820632935,
    -0.3569999635219574,
    -0.30473122000694275,
    -0.17187438905239105,
    -0.40650323033332825,
    -0.33013954758644104,
    -0.44565272331237793,
    -0.09796144813299179,
    -0.29966169595718384,
    -0.3381573259830475,
    -0.2327529937028885,
    -0.25878703594207764,
    -0.2546083331108093,
    -0.2193251997232437,
    -0.2523459792137146,
    -0.3271127939224243,
    -0.18067923188209534,
    -0.3219050168991089,
    -0.40872982144355774,
    -0.36759307980537415,
    -0.22723288834095,
    -0.25136199593544006,
    -0.15727557241916656,
    -0.42915818095207214,
    -0.22366668283939362,
    -0.10734087228775024,
    -0.22193293273448944,
    -0.10864327847957611,
    -0.3843228220939636,
    -0.08183415234088898,
    -0.11394201219081879,
    -0.12455800920724869,
    -0.16151753067970276,
    -0.32052701711654663,
    -0.23062334954738617,
    -0.4218025803565979
  ]
}