{
  "train_loss": [
    2.5071837724741894,
    1.9443749178023566,
    1.8727281906166855,
    1.783781984117296,
    1.763764369190415,
    1.7446953976235422,
    1.7185433296930221,
    1.7073945230367233,
    1.6994331755065053,
    1.6419459810602963,
    1.6360297912372754,
    1.62885590275399,
    1.5880314741545523,
    1.5651423635396287,
    1.5612386214219525,
    1.539556162914181,
    1.5413601064357627,
    1.5402529030970706,
    1.508461976808215,
    1.4975179678728792,
    1.4915174810794476,
    1.503277945356304,
    1.4831856843835913,
    1.4603595531446323,
    1.459591781849764,
    1.4782786641261474,
    1.4780613786238932,
    1.464310388283935,
    1.4512291250856015,
    1.47788125625273,
    1.437117468175434,
    1.4501226922552062,
    1.448541565330661,
    1.4534812014659786,
    1.4400823585570806,
    1.4582047890643683
  ],
  "val_loss": [
    1.8761732578277588,
    1.8641170263290405,
    1.8482764959335327,
    1.7818446159362793,
    1.7474955320358276,
    1.5868721008300781,
    1.7643165588378906,
    1.6591682434082031,
    1.6123037338256836,
    1.5686513185501099,
    1.5983091592788696,
    1.605376124382019,
    1.5108050107955933,
    1.6126255989074707,
    1.5101540088653564,
    1.5205930471420288,
    1.5443497896194458,
    1.4514565467834473,
    1.501331090927124,
    1.4580556154251099,
    1.5510910749435425,
    1.4622219800949097,
    1.4961971044540405,
    1.4812448024749756,
    1.421744704246521,
    1.3721235990524292,
    1.3714485168457031,
    1.4316306114196777,
    1.4446135759353638,
    1.473500370979309,
    1.4463398456573486,
    1.4332444667816162,
    1.468454360961914,
    1.4000552892684937,
    1.4598698616027832,
    1.4292278289794922
  ],
  "best_epoch": 25,
  "status": "ok",
  "grad_norm": [
    2.891730775306958,
    2.454139269254095,
    2.4661967756854697,
    2.403814248001039,
    2.4767617792774512,
    2.443890264531193,
    2.4403750433948,
    2.441022843282484,
    2.433495947637879,
    2.3761868921690406,
    2.4484615689768767,
    2.4967755332057884,
    2.4078564053856213,
    2.467594716044798,
    2.4490786164372094,
    2.4330691707726295,
    2.447542280335696,
    2.4539402016503034,
    2.3554644488192116,
    2.3715159124623786,
    2.332497347287414,
    2.4245723957154413,
    2.361885344060901,
    2.3534139550983486,
    2.321604841484155,
    2.390787011999142,
    2.3848046156302747,
    2.3298944663524397,
    2.283974510703561,
    2.3363526946013784,
    2.328229296177812,
    2.368217869693361,
    2.392018633184784,
    2.326914955477676,
    2.34764732622479,
    2.4918902252327992
  ],
  "beta_std": [
    0.6520441174507141,
    0.7148622870445251,
    0.6566223502159119,
    0.7038936614990234,
    0.8566100597381592,
    0.9190757870674133,
    0.5978072285652161,
    0.8361928462982178,
    0.8075539469718933,
    0.7275444269180298,
    0.6744986772537231,
    0.8649232387542725,
    0.7134115099906921,
    0.7756056189537048,
    0.5980538725852966,
    0.7433118224143982,
    0.7159384489059448,
    0.7624403238296509,
    0.6878783702850342,
    0.7709077596664429,
    0.8090668320655823,
    0.7873961329460144,
    0.7911747097969055,
    0.7398748397827148,
    0.7477365136146545,
    0.8063015341758728,
    0.8111276626586914,
    0.8294405341148376,
    0.7891932129859924,
    0.7340483069419861,
    0.7723668813705444,
    0.7921820282936096,
    0.727825403213501,
    0.7935928702354431,
    0.7410696148872375,
    0.7990804314613342
  ],
  "beta_mean": [
    -0.25321367383003235,
    -0.07479366660118103,
    -0.34184467792510986,
    -0.3180348873138428,
    -0.18970009684562683,
    -0.22249527275562286,
    -0.33437448740005493,
    -0.28122007846832275,
    -0.038856569677591324,
    -0.17378424108028412,
    -0.35420167446136475,
    -0.2525750994682312,
    -0.3224292993545532,
    -0.22468774020671844,
    -0.05548443645238876,
    -0.2315804809331894,
    -0.2911868393421173,
    -0.2244012951850891,
    -0.1877618432044983,
    -0.3056267201900482,
    0.037560395896434784,
    -0.24886587262153625,
    -0.4234485924243927,
    -0.22516976296901703,
    -0.21024222671985626,
    -0.17359133064746857,
    -0.08808485418558121,
    -0.2549682557582855,
    -0.23437409102916718,
    -0.2033892124891281,
    -0.2300165742635727,
    -0.22543257474899292,
    -0.19194050133228302,
    -0.07112618535757065,
    -0.12565843760967255,
    -0.23539134860038757
  ]
}