{
  "train_loss": [
    2.5361361625243206,
    1.8915039437157768,
    1.8736418234788372,
    1.863958593831311,
    1.8159293119058588,
    1.8177337850843156,
    1.750240111945708,
    1.7266674467765826,
    1.6878263299967966,
    1.6771017712530365,
    1.6385797779576308,
    1.620562325583564,
    1.6351737399760828,
    1.5930978385769592,
    1.5922129106629732,
    1.6029503784482442,
    1.5706366686053286,
    1.6045837521282724,
    1.5911971644749716,
    1.545145710471536,
    1.5468658418612145,
    1.5333440645481724,
    1.5178959003111132,
    1.5246118330901441,
    1.5048300206255751,
    1.4778896575071374,
    1.4668235236014369,
    1.4600091737414163,
    1.4832696495142654,
    1.458994339815343,
    1.4580369091898946,
    1.4270273264303228,
    1.426547208286467,
    1.412467935620522,
    1.4090608978487738,
    1.4114280101663672,
    1.4102704760709317,
    1.4281964149604849,
    1.4008818601534752,
    1.3906195702195978,
    1.4274719945427512,
    1.4014404326609744,
    1.4178736535329668,
    1.3745403841779886,
    1.37948316641135,
    1.3857122284484829,
    1.3662224882043679
  ],
  "val_loss": [
    1.9666224718093872,
    1.8679711818695068,
    1.7986100912094116,
    1.8933820724487305,
    1.9258452653884888,
    1.8124656677246094,
    1.775506615638733,
    1.7089048624038696,
    1.67489755153656,
    1.7487484216690063,
    1.6561405658721924,
    1.6224504709243774,
    1.581341028213501,
    1.6101526021957397,
    1.6699682474136353,
    1.6643306016921997,
    1.5607573986053467,
    1.5749986171722412,
    1.5660133361816406,
    1.6756880283355713,
    1.584522008895874,
    1.6208115816116333,
    1.5694503784179688,
    1.589248538017273,
    1.5587364435195923,
    1.6021614074707031,
    1.5464932918548584,
    1.4550241231918335,
    1.4592719078063965,
    1.457174301147461,
    1.5225279331207275,
    1.5034866333007812,
    1.592777132987976,
    1.5240780115127563,
    1.5208693742752075,
    1.4856929779052734,
    1.429120421409607,
    1.49211847782135,
    1.5556199550628662,
    1.5301928520202637,
    1.493070125579834,
    1.5863462686538696,
    1.5173934698104858,
    1.510081171989441,
    1.4644606113433838,
    1.5256984233856201,
    1.632382869720459
  ],
  "best_epoch": 36,
  "status": "ok",
  "grad_norm": [
    2.694652726195673,
    2.496975563124271,
    2.4629840095520463,
    2.4647020592634017,
    2.3480194890133674,
    2.4415526122374756,
    2.2934471147746853,
    2.3693123874107305,
    2.3165245027529804,
    2.349909812275233,
    2.2972088614117387,
    2.2652193998165173,
    2.2983089692972114,
    2.2367950932014566,
    2.220044145077691,
    2.3170080806304574,
    2.2754534671321975,
    2.34455636134611,
    2.271929918291486,
    2.1943942991851513,
    2.27202241854985,
    2.357869358362225,
    2.2692685241914234,
    2.2887622055642365,
    2.305190294580457,
    2.2438819005775907,
    2.348025860725795,
    2.238928308822229,
    2.393117095977979,
    2.3088440842787645,
    2.3957352462662094,
    2.295186369998037,
    2.27281157262459,
    2.2182146049227023,
    2.39682494931138,
    2.311763926819349,
    2.2713469430408413,
    2.4157504952951196,
    2.2025981414728615,
    2.2453579539890702,
    2.4367483667911825,
    2.3265043749103884,
    2.3603735429116712,
    2.239650480153776,
    2.3039413701233222,
    2.301840941994748,
    2.2787527693519243
  ],
  "beta_std": [
    0.7379843592643738,
    0.8586195111274719,
    0.8600281476974487,
    0.7219343185424805,
    0.5979526042938232,
    0.5282268524169922,
    0.7502775192260742,
    0.8064938187599182,
    0.8225739002227783,
    0.7579218745231628,
    0.8580209016799927,
    0.9410965442657471,
    0.7411350011825562,
    0.7017492651939392,
    0.7750130295753479,
    0.7758227586746216,
    0.7838155627250671,
    0.7701831459999084,
    0.8653047680854797,
    0.869373083114624,
    0.7430430054664612,
    0.8178361058235168,
    0.6620721220970154,
    0.5854963064193726,
    0.7853084802627563,
    0.710594892501831,
    0.5904569625854492,
    0.7938834428787231,
    0.8276665210723877,
    0.8119769096374512,
    0.7185938954353333,
    0.6675246953964233,
    0.803347110748291,
    0.7740681767463684,
    0.9536914825439453,
    0.9479546546936035,
    0.7575732469558716,
    0.8340126276016235,
    0.7527467012405396,
    0.7530800700187683,
    0.739473819732666,
    0.7713690400123596,
    0.7086655497550964,
    0.6345446109771729,
    0.7347719669342041,
    0.6721397042274475,
    0.8046592473983765
  ],
  "beta_mean": [
    -0.0981932282447815,
    -0.23776210844516754,
    -0.1386270970106125,
    -0.0031832510139793158,
    -0.2624007761478424,
    -0.13875038921833038,
    -0.26032593846321106,
    -0.3206208646297455,
    -0.15133674442768097,
    -0.21430353820323944,
    -0.10153353214263916,
    -0.26994433999061584,
    -0.19101324677467346,
    -0.14390289783477783,
    -0.09379224479198456,
    -0.46431300044059753,
    -0.1693820208311081,
    -0.2773771286010742,
    -0.09188496321439743,
    -0.22818826138973236,
    -0.20561158657073975,
    -0.2076019048690796,
    0.005671049002557993,
    -0.24042539298534393,
    -0.20134574174880981,
    -0.41241875290870667,
    -0.09534764289855957,
    -0.023182736709713936,
    -0.11579962819814682,
    -0.08818057179450989,
    -0.23272807896137238,
    -0.18821024894714355,
    -0.3103561997413635,
    -0.14648397266864777,
    -0.05127813667058945,
    -0.2460831254720688,
    -0.17493443191051483,
    -0.0818023681640625,
    -0.0661298856139183,
    -0.08992943167686462,
    -0.2117481827735901,
    -0.1467495709657669,
    -0.16736319661140442,
    -0.09379278868436813,
    -0.19230826199054718,
    -0.2637636363506317,
    -0.03025856614112854
  ]
}