{
  "train_loss": [
    2.4813213786300348,
    1.8342387012343289,
    1.7933899213397313,
    1.7608954925926363,
    1.714504067427447,
    1.70788276892941,
    1.6781274246791051,
    1.677718493186968,
    1.603418124722245,
    1.6282452925532853,
    1.5929693293949914,
    1.6387086601754706,
    1.597301866678424,
    1.5903312356023291,
    1.546411497847023,
    1.539644936477246,
    1.5549310984795326,
    1.548077182218331,
    1.5331950824006615,
    1.5287197373080956,
    1.5369901253793246,
    1.528697406137341,
    1.5069194940752995,
    1.5124628809844556,
    1.5304731744216953,
    1.5223925742432645,
    1.5183292215913873,
    1.4923953910533534,
    1.5179735758407316,
    1.5121460455615505,
    1.502450569957292,
    1.4996424223019693,
    1.4820712985635616,
    1.497892915040187,
    1.4779307185927757,
    1.4911516005219787
  ],
  "val_loss": [
    1.7620470523834229,
    1.7311558723449707,
    1.7036454677581787,
    1.6748539209365845,
    1.6978825330734253,
    1.611153244972229,
    1.6563434600830078,
    1.5965596437454224,
    1.6086738109588623,
    1.4997713565826416,
    1.5075221061706543,
    1.521036982536316,
    1.4905999898910522,
    1.5500260591506958,
    1.4927674531936646,
    1.5321598052978516,
    1.5105831623077393,
    1.500923752784729,
    1.5173012018203735,
    1.554154634475708,
    1.4863181114196777,
    1.4724241495132446,
    1.538341760635376,
    1.4651000499725342,
    1.5768656730651855,
    1.4549442529678345,
    1.501842737197876,
    1.6296172142028809,
    1.4712893962860107,
    1.5341836214065552,
    1.4624853134155273,
    1.5138574838638306,
    1.459261178970337,
    1.4781651496887207,
    1.4976303577423096,
    1.5244991779327393
  ],
  "best_epoch": 25,
  "status": "ok",
  "grad_norm": [
    2.6306256209610757,
    2.3644521861995917,
    2.2912357299651935,
    2.2507195971805123,
    2.2048446484975246,
    2.2747484288860105,
    2.2545488604510204,
    2.3309688278506893,
    2.1236001945427825,
    2.219314663523508,
    2.1558534728717116,
    2.335023011431671,
    2.138299605904437,
    2.2733460635608047,
    2.119168213014834,
    2.102569203708573,
    2.185145570643318,
    2.178591709140072,
    2.171269245223109,
    2.1892903684233342,
    2.168292579127579,
    2.0970927548542058,
    2.0744171011100905,
    2.087838195878593,
    2.1887416485827176,
    2.084251629362192,
    2.134803905755061,
    2.1452054729075303,
    2.149949995859626,
    2.1869452690878974,
    2.0659830965040853,
    2.1585828648423497,
    2.0813059545150594,
    2.1562081528172685,
    2.1024765717162914,
    2.194185158519399
  ],
  "beta_std": [
    0.7556793689727783,
    0.6537251472473145,
    0.5968160033226013,
    0.7684135437011719,
    0.6675756573677063,
    0.8386760950088501,
    0.8134034276008606,
    0.8471699357032776,
    0.8326461911201477,
    0.7594122290611267,
    0.7976558804512024,
    0.707703709602356,
    0.9108734130859375,
    0.9017108678817749,
    0.6951274275779724,
    0.7423408627510071,
    0.7294038534164429,
    0.7051163911819458,
    0.7066386342048645,
    0.8479923605918884,
    0.841768741607666,
    0.7296022176742554,
    0.719915509223938,
    0.8477712869644165,
    0.7918736338615417,
    0.7735651135444641,
    0.7759156823158264,
    0.6524040102958679,
    0.6442568302154541,
    0.7206074595451355,
    0.7605723142623901,
    0.6940797567367554,
    0.8227204084396362,
    0.7824861407279968,
    0.7426755428314209,
    0.700598955154419
  ],
  "beta_mean": [
    -0.14365267753601074,
    -0.1372639238834381,
    -0.1275482028722763,
    -0.18585646152496338,
    -0.37757718563079834,
    -0.10163643211126328,
    -0.0943061038851738,
    -0.32121655344963074,
    -0.2643202841281891,
    -0.250618577003479,
    -0.17163211107254028,
    -0.2122260332107544,
    -0.2319091111421585,
    -0.2715372145175934,
    -0.1454564929008484,
    -0.2967931628227234,
    -0.18501728773117065,
    -0.1275382936000824,
    -0.245367169380188,
    -0.4796546697616577,
    -0.1878228336572647,
    -0.1906755417585373,
    -0.1976851522922516,
    -0.2787892818450928,
    -0.29923996329307556,
    -0.33015987277030945,
    -0.2668909728527069,
    -0.2615220844745636,
    -0.18435771763324738,
    -0.28384119272232056,
    -0.07761185616254807,
    -0.25016072392463684,
    -0.17162200808525085,
    -0.3079967796802521,
    -0.2231896072626114,
    -0.19117502868175507
  ]
}