{
  "train_loss": [
    2.4877040773292247,
    1.909200234207707,
    1.8280130143068274,
    1.8272478192301294,
    1.7524544206606287,
    1.729427320021891,
    1.7029985691144083,
    1.6979727143873704,
    1.6926013195055143,
    1.6537228135024609,
    1.6591050861103465,
    1.6437324608264325,
    1.6281798455720586,
    1.6321346167804434,
    1.6340438753028577,
    1.6062237722803405,
    1.5972783770961285,
    1.5954716512675728,
    1.5791008612466237,
    1.6051931782914939,
    1.5616916179656983,
    1.6172675404148578,
    1.5847131935106653,
    1.5662113919550058,
    1.5628525158715627,
    1.5284562662345211,
    1.5428847895728217,
    1.5175373039007727,
    1.4843769314608066,
    1.4956510271885497,
    1.488055737542998,
    1.447704224521611,
    1.4848335853239305,
    1.4433427492236874,
    1.4441416527949222,
    1.4465285505026646,
    1.432871936454254,
    1.4257900593772768,
    1.4094498627310166,
    1.3957488348694886,
    1.3861956376878042,
    1.3930142644311294,
    1.3691624895515355,
    1.3938491808313902,
    1.4167883051225658,
    1.379553880496901,
    1.3972043356387254,
    1.3930361219003897,
    1.382242872763653,
    1.3994895206287064
  ],
  "val_loss": [
    1.9207141399383545,
    1.8267844915390015,
    1.7251824140548706,
    1.698987603187561,
    1.7722328901290894,
    1.6181049346923828,
    1.605481505393982,
    1.6628230810165405,
    1.5845730304718018,
    1.6143275499343872,
    1.590829849243164,
    1.662180781364441,
    1.584047555923462,
    1.5793499946594238,
    1.5921052694320679,
    1.605798363685608,
    1.6870007514953613,
    1.5048696994781494,
    1.5710471868515015,
    1.534454107284546,
    1.6069772243499756,
    1.6690441370010376,
    1.6086304187774658,
    1.688720703125,
    1.5579898357391357,
    1.5129973888397217,
    1.5083279609680176,
    1.4766806364059448,
    1.485074520111084,
    1.5409290790557861,
    1.4331434965133667,
    1.4202035665512085,
    1.4425920248031616,
    1.4301499128341675,
    1.4029581546783447,
    1.390710711479187,
    1.4888657331466675,
    1.5057059526443481,
    1.4528615474700928,
    1.3945614099502563,
    1.3926825523376465,
    1.351281762123108,
    1.42771315574646,
    1.4507759809494019,
    1.395107388496399,
    1.4655253887176514,
    1.396647334098816,
    1.3696587085723877,
    1.5025979280471802,
    1.4164005517959595
  ],
  "best_epoch": 41,
  "status": "ok",
  "grad_norm": [
    2.829716212953812,
    2.4150854406702162,
    2.4510442992706185,
    2.426703717174167,
    2.3260023322227696,
    2.2731854705878844,
    2.3093268263892273,
    2.42343396413895,
    2.2704881953083196,
    2.2766862941982215,
    2.2257415631546738,
    2.2971559376709183,
    2.182607237203274,
    2.2336330722996793,
    2.2838097683133087,
    2.1701061991882975,
    2.2106537674350166,
    2.2356423924696434,
    2.0941501604428105,
    2.2705969455013286,
    2.149243047478595,
    2.409615448544996,
    2.248275820441409,
    2.2142740169815016,
    2.265407745826434,
    2.166841122496291,
    2.2035366032811483,
    2.2427796488130034,
    2.1931459591368756,
    2.224559226556024,
    2.3007821320300823,
    2.1567248686996203,
    2.2654708668038435,
    2.2695626131141324,
    2.32565905092328,
    2.3586823273294497,
    2.2900291527833,
    2.3220923723044504,
    2.2338798053843174,
    2.2673860851108003,
    2.2533382042710715,
    2.312264430234925,
    2.195416045137712,
    2.257117537923272,
    2.4675456039809083,
    2.2204564179219926,
    2.324687625097129,
    2.269650379694757,
    2.285737310970206,
    2.292304290559936
  ],
  "beta_std": [
    0.6824374198913574,
    0.6434347629547119,
    0.7026380896568298,
    0.745297908782959,
    0.6788684725761414,
    0.6539983749389648,
    0.7688565254211426,
    0.8216337561607361,
    0.8222556114196777,
    0.7469338774681091,
    0.7721818685531616,
    0.7646799087524414,
    0.8222825527191162,
    0.6511262655258179,
    0.9674779176712036,
    0.7523472309112549,
    0.8222922086715698,
    0.7803035974502563,
    0.748134195804596,
    0.7836381196975708,
    0.6637392640113831,
    0.6533777713775635,
    0.7531331181526184,
    0.5765674114227295,
    0.7484458088874817,
    0.6359718441963196,
    0.669668972492218,
    0.8136604428291321,
    0.6880843043327332,
    0.9015527367591858,
    0.6340917348861694,
    0.6847367882728577,
    0.7026483416557312,
    0.7628729939460754,
    0.7742325067520142,
    0.7505553364753723,
    0.6526225805282593,
    0.6262784004211426,
    0.5864859819412231,
    0.7545819282531738,
    0.7536923289299011,
    0.7447789311408997,
    0.6888047456741333,
    0.6028591990470886,
    0.8645630478858948,
    0.7998985052108765,
    0.8761731386184692,
    0.8428071141242981,
    0.7626999616622925,
    0.7257199883460999
  ],
  "beta_mean": [
    -0.2797265946865082,
    -0.25395020842552185,
    -0.31548118591308594,
    -0.1304318904876709,
    -0.08735809475183487,
    -0.23274943232536316,
    -0.25241920351982117,
    -0.12544623017311096,
    -0.19479790329933167,
    -0.1578322798013687,
    -0.1439981311559677,
    -0.027303582057356834,
    -0.09257917106151581,
    -0.32227590680122375,
    -0.08050278574228287,
    -0.28825193643569946,
    -0.16776929795742035,
    -0.16810207068920135,
    -0.15439926087856293,
    -0.14763905107975006,
    -0.21814796328544617,
    -0.21490874886512756,
    0.012457516975700855,
    -0.347689688205719,
    -0.08508872985839844,
    -0.251552551984787,
    -0.2735782265663147,
    -0.18195828795433044,
    -0.31776630878448486,
    -0.225583016872406,
    -0.20957869291305542,
    -0.12266850471496582,
    -0.14683331549167633,
    -0.26091840863227844,
    -0.13662800192832947,
    -0.09630190581083298,
    -0.34437841176986694,
    -0.07468105852603912,
    -0.1764322966337204,
    -0.25175854563713074,
    -0.2898474335670471,
    -0.11434973776340485,
    -0.16565799713134766,
    -0.176774263381958,
    -0.22776678204536438,
    0.05073656886816025,
    -0.12421532720327377,
    -0.20491410791873932,
    -0.12999792397022247,
    -0.337500661611557
  ]
}