{
  "train_loss": [
    2.564430391205682,
    1.9577182966868083,
    1.8667955244912042,
    1.8580003539191352,
    1.8015729281107584,
    1.7746632209353976,
    1.722542354265849,
    1.7348094121085273,
    1.6878216341866388,
    1.6777443714141846,
    1.6897608904308743,
    1.6588594756656223,
    1.6455964198642308,
    1.6345114238527085,
    1.606969528834025,
    1.5855619916915893,
    1.6032460732989842,
    1.5829133154551187,
    1.5836504613028632,
    1.5900807927449545,
    1.5569230329725476,
    1.5546612366570367,
    1.5186315940221151,
    1.5255822651121351,
    1.5127205346425374,
    1.5328228420681425,
    1.4785231304168702,
    1.5008361935085721,
    1.4796878121693928,
    1.4742867612838746,
    1.4490956466462876,
    1.4365954678853352,
    1.4758306970596313,
    1.4355626888275146,
    1.4290838625166151,
    1.4507763906055027,
    1.4213734829160902,
    1.3941461182700263,
    1.4293097498151992,
    1.4048320004145305,
    1.4096028298272028,
    1.4091346662309434,
    1.4020315657721625,
    1.420493979136149,
    1.4175002117156983,
    1.405870074696011,
    1.402103481080797,
    1.4264147010379367,
    1.384828704410129,
    1.3784644888771904
  ],
  "val_loss": [
    2.077699661254883,
    1.9639500379562378,
    1.9449094533920288,
    1.9050534963607788,
    1.8799824714660645,
    1.8453238010406494,
    1.8179419040679932,
    1.814516544342041,
    1.7852699756622314,
    1.7916330099105835,
    1.803987979888916,
    1.8278437852859497,
    1.7457956075668335,
    1.7591779232025146,
    1.7101820707321167,
    1.809606909751892,
    1.6878907680511475,
    1.6558994054794312,
    1.6665010452270508,
    1.679226040840149,
    1.6534037590026855,
    1.637704610824585,
    1.6381169557571411,
    1.6368794441223145,
    1.5634498596191406,
    1.5537023544311523,
    1.6737971305847168,
    1.5946635007858276,
    1.5384050607681274,
    1.5799787044525146,
    1.5694345235824585,
    1.5564372539520264,
    1.522598147392273,
    1.4981558322906494,
    1.5765535831451416,
    1.5139038562774658,
    1.5065323114395142,
    1.5152407884597778,
    1.5823416709899902,
    1.4921231269836426,
    1.585183024406433,
    1.5329886674880981,
    1.537896752357483,
    1.5221693515777588,
    1.5490913391113281,
    1.5129661560058594,
    1.6101224422454834,
    1.667075753211975,
    1.5460458993911743,
    1.5328513383865356
  ],
  "best_epoch": 39,
  "status": "ok",
  "grad_norm": [
    2.7740052209857424,
    2.4469243667600216,
    2.3604877911673925,
    2.4033181161599937,
    2.3653017167654626,
    2.403798290609515,
    2.3025981617912303,
    2.363038552721184,
    2.27770775540932,
    2.2441947021204234,
    2.354657846949477,
    2.29603560386867,
    2.278510815609458,
    2.239937428118283,
    2.150282627345197,
    2.2736146593248723,
    2.2632366522964693,
    2.269091871664304,
    2.418630164399833,
    2.273498609297562,
    2.394870392544929,
    2.3772356327532953,
    2.3028197924034437,
    2.276799573976749,
    2.2298527706110036,
    2.3189489004414217,
    2.29100472388241,
    2.4012868307116286,
    2.3291544478028885,
    2.306049372110542,
    2.27558933180298,
    2.192894318898243,
    2.41445710687093,
    2.1901758759626357,
    2.2265336881534967,
    2.280706629090954,
    2.2137323678047984,
    2.2486492228318977,
    2.324432731910455,
    2.21979526264287,
    2.265501334297073,
    2.2255608025501674,
    2.236225238072155,
    2.2981619523887526,
    2.1990593189747756,
    2.2061894443470877,
    2.155376342905354,
    2.41710128767146,
    2.1808299741623567,
    2.253334538437811
  ],
  "beta_std": [
    0.6042819023132324,
    0.8229010105133057,
    0.773050844669342,
    0.669994592666626,
    0.7647709250450134,
    0.7896618247032166,
    0.7209113240242004,
    0.9344302415847778,
    0.8532881736755371,
    0.9182581901550293,
    0.7708195447921753,
    0.8403743505477905,
    0.856079638004303,
    0.7301910519599915,
    0.7609073519706726,
    0.7295668721199036,
    0.7895855903625488,
    0.8632749915122986,
    0.838490903377533,
    0.8401163816452026,
    0.8947883248329163,
    0.805106520652771,
    0.8441130518913269,
    0.7694535851478577,
    0.8495282530784607,
    0.9436277747154236,
    0.8835914731025696,
    0.762066662311554,
    0.7267252206802368,
    0.7324519157409668,
    0.8337304592132568,
    0.8166883587837219,
    0.74969083070755,
    0.8527642488479614,
    0.798856794834137,
    0.8313657641410828,
    0.8500073552131653,
    0.7630526423454285,
    0.8051826357841492,
    0.8460274934768677,
    0.7702495455741882,
    0.7978714108467102,
    0.8142340779304504,
    0.7877705097198486,
    0.8924212455749512,
    0.8085286617279053,
    0.7714025378227234,
    0.8029031157493591,
    0.6966211795806885,
    0.8776196241378784
  ],
  "beta_mean": [
    -0.3244003653526306,
    -0.10163211077451706,
    -0.058235008269548416,
    -0.23701055347919464,
    -0.26129400730133057,
    -0.07853192090988159,
    -0.23554278910160065,
    -0.11736062914133072,
    -0.36974772810935974,
    -0.16423971951007843,
    -0.2033231109380722,
    -0.27760180830955505,
    -0.3783761262893677,
    -0.11795668303966522,
    -0.038500454276800156,
    -0.19868740439414978,
    -0.33826759457588196,
    -0.26292848587036133,
    -0.1819400042295456,
    -0.14058168232440948,
    -0.015571958385407925,
    -0.03595612198114395,
    -0.2515356242656708,
    -0.05020198971033096,
    -0.24181851744651794,
    -0.330778568983078,
    -0.19565458595752716,
    -0.2383178472518921,
    -0.24003808200359344,
    -0.2434166967868805,
    -0.2128906548023224,
    -0.11762575060129166,
    -0.3281804323196411,
    -0.21478740870952606,
    -0.14742912352085114,
    -0.27709832787513733,
    -0.3174769878387451,
    -0.21414484083652496,
    0.029111240059137344,
    -0.25015750527381897,
    -0.2041107714176178,
    -0.16644659638404846,
    -0.2894436717033386,
    -0.20293335616588593,
    -0.3574123680591583,
    -0.16136907041072845,
    -0.11670047044754028,
    -0.013986758887767792,
    -0.1376987248659134,
    -0.27859288454055786
  ]
}