{
  "train_loss": [
    2.6494510165320504,
    1.9573988675011529,
    1.8813334987428454,
    1.8113203947279188,
    1.7918341566721598,
    1.783348565419515,
    1.7344097404479981,
    1.7275350409613714,
    1.7301833171844483,
    1.7210274916754829,
    1.6931883124245537,
    1.6566595435672336,
    1.657319987932841,
    1.6594956194559733,
    1.6308897857666016,
    1.6347342119216919,
    1.6086745762295194,
    1.6015281295776367,
    1.5851572034623889,
    1.5792287137773302,
    1.587211439980401,
    1.5433167883555095,
    1.5316791055467394,
    1.5188032839033339,
    1.5010620853636,
    1.4982286524242825,
    1.4846879081726074,
    1.4750878582000733,
    1.471394235504998,
    1.4646021075778537,
    1.4516338702307807,
    1.4566423482894897,
    1.4445796858469646,
    1.4417187912199232,
    1.4109098493787977,
    1.4195323735343086,
    1.4282936469184029,
    1.4201867682139078,
    1.420463356865777,
    1.422937069998847,
    1.4430875935024685
  ],
  "val_loss": [
    1.7038474082946777,
    1.703716516494751,
    1.6441633701324463,
    1.655568242073059,
    1.5871621370315552,
    1.6269458532333374,
    1.646673321723938,
    1.5778363943099976,
    1.5849931240081787,
    1.614185094833374,
    1.5776646137237549,
    1.5507045984268188,
    1.5485339164733887,
    1.5868297815322876,
    1.5233700275421143,
    1.4888938665390015,
    1.5159865617752075,
    1.4872626066207886,
    1.4655840396881104,
    1.555505394935608,
    1.4277839660644531,
    1.4933098554611206,
    1.5264763832092285,
    1.5583581924438477,
    1.409695029258728,
    1.4172441959381104,
    1.4156363010406494,
    1.3630818128585815,
    1.3641327619552612,
    1.44889497756958,
    1.3248748779296875,
    1.4250754117965698,
    1.3450857400894165,
    1.4218376874923706,
    1.3626738786697388,
    1.417368769645691,
    1.329819917678833,
    1.3677492141723633,
    1.3836147785186768,
    1.3913229703903198,
    1.4013434648513794
  ],
  "best_epoch": 30,
  "status": "ok",
  "grad_norm": [
    2.7762575342358744,
    2.5595936971220987,
    2.4764435097109447,
    2.4525464068447085,
    2.416849035860843,
    2.3699678507040334,
    2.364044826760043,
    2.365652864839441,
    2.38563152032945,
    2.2807654923925065,
    2.2730957722781606,
    2.190086746094845,
    2.3056512105087426,
    2.2959320582380345,
    2.20006346040044,
    2.2549920629807207,
    2.3167326004752535,
    2.2902213859164733,
    2.229402008403393,
    2.3281676453710953,
    2.3447662278471695,
    2.23375021256439,
    2.270744625422803,
    2.2928926533570535,
    2.2670959703296347,
    2.3716117692752525,
    2.385540908377831,
    2.330416002108026,
    2.337634517877119,
    2.3308753982179105,
    2.3491451009909845,
    2.33076444835642,
    2.2941032877925265,
    2.3286487438911547,
    2.2124851924449564,
    2.3121750738657396,
    2.295100030107145,
    2.2592793603686823,
    2.287818400552097,
    2.377828224841266,
    2.3933824287537586
  ],
  "beta_std": [
    0.7151279449462891,
    0.7402200698852539,
    0.8015739321708679,
    0.7361128330230713,
    0.6817700862884521,
    0.8213122487068176,
    0.6671706438064575,
    0.7619720697402954,
    0.7698040008544922,
    0.6146013736724854,
    0.8347729444503784,
    0.7235230207443237,
    0.7561915516853333,
    0.7444108724594116,
    0.7828846573829651,
    0.7396920919418335,
    0.6087896823883057,
    0.6881113052368164,
    0.7204043865203857,
    0.8003689646720886,
    0.8738093972206116,
    0.7384107708930969,
    0.7070630788803101,
    0.7433143854141235,
    0.7846693992614746,
    0.7900101542472839,
    0.7215179204940796,
    0.76692134141922,
    0.7295994758605957,
    0.7840096950531006,
    0.899167537689209,
    0.6751494407653809,
    0.7316822409629822,
    0.8201850056648254,
    0.6806323528289795,
    0.7290882468223572,
    0.7340415716171265,
    0.7926731109619141,
    0.7654858827590942,
    0.7194187045097351,
    0.7502332329750061
  ],
  "beta_mean": [
    -0.19244904816150665,
    -0.1653352975845337,
    -0.08202037215232849,
    -0.006575565319508314,
    -0.13114690780639648,
    -0.24081148207187653,
    -0.239438995718956,
    -0.20024597644805908,
    -0.1831473708152771,
    -0.22045086324214935,
    -0.3377370536327362,
    -0.3747020661830902,
    -0.35611459612846375,
    -0.17192035913467407,
    -0.20523065328598022,
    -0.25761252641677856,
    -0.14442531764507294,
    -0.02775360830128193,
    -0.19676117599010468,
    -0.03411860764026642,
    -0.30730724334716797,
    -0.34517598152160645,
    -0.17992572486400604,
    -0.23019056022167206,
    -0.10350356996059418,
    -0.1868188977241516,
    -0.0860004723072052,
    -0.2022673785686493,
    -0.09611086547374725,
    -0.06641136109828949,
    0.0029359054751694202,
    -0.22604893147945404,
    -0.11436599493026733,
    -0.09060284495353699,
    -0.08741677552461624,
    -0.13585636019706726,
    -0.2459128201007843,
    -0.16275806725025177,
    -0.17683571577072144,
    -0.15155574679374695,
    -0.3007318675518036
  ]
}