{
  "train_loss": [
    0.7911059417640953,
    0.7500999411365442,
    0.7227033319389611,
    0.7148977139679312,
    0.7109117627562138,
    0.7158010196755504,
    0.7101158965819063,
    0.7049279894187437,
    0.7067802256101753,
    0.6932691144106681,
    0.6917703327379728,
    0.6953299574545252,
    0.6901782508028879,
    0.6891606805756775
  ],
  "val_loss": [
    0.6363871097564697,
    0.6518295407295227,
    0.6439224481582642,
    0.5825023055076599,
    0.6194582581520081,
    0.587955892086029,
    0.5954106450080872,
    0.5961150527000427,
    0.6082376837730408,
    0.5872119069099426,
    0.6005313396453857,
    0.6346100568771362,
    0.6118274331092834,
    0.6173979640007019
  ],
  "best_epoch": 3,
  "status": "underfit",
  "grad_norm": [
    0.9139109828310567,
    0.9446169503373604,
    0.7893819010112932,
    0.810683429625635,
    0.768731922300576,
    0.7746128568337878,
    0.7918755933684528,
    0.7580575829849853,
    0.7661676564673747,
    0.7317379255438266,
    0.6871369593683969,
    0.7770028066802162,
    0.7014199182107445,
    0.7260737196853522
  ],
  "beta_std": [
    0.23038238286972046,
    0.1725514531135559,
    0.20875437557697296,
    0.30564025044441223,
    0.22647039592266083,
    0.2792684733867645,
    0.15198476612567902,
    0.24094383418560028,
    0.15656685829162598,
    0.18480221927165985,
    0.273333340883255,
    0.13695350289344788,
    0.1583264172077179,
    0.18227383494377136
  ],
  "beta_mean": [
    0.09552086144685745,
    -0.16569720208644867,
    -0.08405124396085739,
    0.061352767050266266,
    -0.01306718960404396,
    -0.09888716787099838,
    -0.02524033933877945,
    -0.16261953115463257,
    -0.04837905243039131,
    -0.059438493102788925,
    -0.09319740533828735,
    -0.020687894895672798,
    0.035675298422575,
    -0.009081482887268066
  ]
}