{
  "train_loss": [
    0.7651470731434069,
    0.7124088150855393,
    0.6917130104282446,
    0.6771200747238962,
    0.6821195505237022,
    0.6595107913017273,
    0.6611306716824136,
    0.6695544042643051,
    0.6613006124719542,
    0.6586595900574623,
    0.6465013520759448,
    0.646875179287983,
    0.6545047215969242,
    0.6425854290995682,
    0.6341907483513592,
    0.6366876661428931,
    0.6345848486437435,
    0.63672387102194,
    0.628189863851893
  ],
  "val_loss": [
    0.7349851727485657,
    0.7190480828285217,
    0.687282145023346,
    0.6628844738006592,
    0.6660255193710327,
    0.6692280769348145,
    0.6818603277206421,
    0.6771423816680908,
    0.6593592762947083,
    0.6801067590713501,
    0.6723394989967346,
    0.6663550734519958,
    0.676182746887207,
    0.6585044264793396,
    0.6928185820579529,
    0.6782962679862976,
    0.6792470812797546,
    0.6928296685218811,
    0.6640586256980896
  ],
  "best_epoch": 8,
  "status": "ok",
  "grad_norm": [
    0.9605018971832707,
    0.8934257592523897,
    0.7864244677480106,
    0.7983499042780968,
    0.7394541330654576,
    0.779888221853868,
    0.7714200561956742,
    0.7291656014062664,
    0.716806366781471,
    0.7732998333775708,
    0.7587513699194494,
    0.7285726622524495,
    0.741848975772669,
    0.7014081164985693,
    0.725493939254779,
    0.7392378641119363,
    0.7634827353119985,
    0.726801828204553,
    0.7264988696545659
  ],
  "beta_std": [
    0.28607675433158875,
    0.1904498189687729,
    0.23695319890975952,
    0.23749156296253204,
    0.2131470888853073,
    0.2387467324733734,
    0.130147323012352,
    0.1581207811832428,
    0.20789450407028198,
    0.2132285237312317,
    0.1771089881658554,
    0.24398595094680786,
    0.19994881749153137,
    0.20867300033569336,
    0.2291114628314972,
    0.23869241774082184,
    0.19243720173835754,
    0.2056386023759842,
    0.2164163589477539
  ],
  "beta_mean": [
    -0.15339818596839905,
    -0.10909947752952576,
    -0.16740542650222778,
    -0.04908640682697296,
    -0.043534040451049805,
    -0.030197329819202423,
    -0.08604350686073303,
    -0.028488527983427048,
    0.053219445049762726,
    -0.1115037128329277,
    -0.03018065169453621,
    -0.12116347253322601,
    0.014098198153078556,
    -0.015336724929511547,
    -0.23464851081371307,
    -0.16985775530338287,
    -0.09890741109848022,
    -0.1063874289393425,
    -0.10186094790697098
  ]
}