{
  "train_loss": [
    0.7894353709304542,
    0.7166801215194122,
    0.7083626888857948,
    0.7000614489728247,
    0.6959028354722854,
    0.6896443050507216,
    0.6883364840139422,
    0.6834895868050425,
    0.6715918682472051,
    0.6693640088686469,
    0.6816588959585853,
    0.6702666999443233,
    0.6717724412993381,
    0.6703337609837627,
    0.6726219442364765,
    0.6689092812203524,
    0.6699729531689694,
    0.6618806757006729
  ],
  "val_loss": [
    0.6875209808349609,
    0.6188547015190125,
    0.6176098585128784,
    0.5947043299674988,
    0.6393533945083618,
    0.5935022830963135,
    0.6315920352935791,
    0.5911280512809753,
    0.5945088267326355,
    0.627579391002655,
    0.6086142063140869,
    0.6207870244979858,
    0.615953803062439,
    0.5961188673973083,
    0.5940728783607483,
    0.5995398163795471,
    0.6133049726486206,
    0.6273432374000549
  ],
  "best_epoch": 7,
  "status": "underfit",
  "grad_norm": [
    0.9566146637844865,
    0.8735154393441863,
    0.8994429446088792,
    0.8490137383852318,
    0.7858014213384751,
    0.7880951380465824,
    0.782001112526087,
    0.7330367644040613,
    0.7307787214352787,
    0.7504748831930068,
    0.7844421376660832,
    0.7128023286593224,
    0.7315063999999086,
    0.7134545389939622,
    0.7398258041686718,
    0.7382203660233227,
    0.7310838989705984,
    0.7354119691889014
  ],
  "beta_std": [
    0.1783866286277771,
    0.20165948569774628,
    0.14070500433444977,
    0.16918161511421204,
    0.19003739953041077,
    0.19720545411109924,
    0.14074139297008514,
    0.25607171654701233,
    0.2247818559408188,
    0.25286439061164856,
    0.19268359243869781,
    0.2625610828399658,
    0.1854701042175293,
    0.2267397791147232,
    0.19379201531410217,
    0.21746131777763367,
    0.2761375308036804,
    0.17077338695526123
  ],
  "beta_mean": [
    -0.07399643957614899,
    0.06759629398584366,
    -0.13133619725704193,
    -0.04917876794934273,
    -0.0561319924890995,
    -0.10188272595405579,
    -0.0813315212726593,
    0.013251954689621925,
    -0.0994744524359703,
    -0.007882824167609215,
    -0.03507472947239876,
    0.05355699360370636,
    -0.11990091949701309,
    -0.10210788995027542,
    -0.036738067865371704,
    -0.19876424968242645,
    -0.13680164515972137,
    -0.15674316883087158
  ]
}