{
  "train_loss": [
    0.8080606276040886,
    0.7455334880198652,
    0.7447115091343373,
    0.7172690723792852,
    0.7190185392390915,
    0.7086311073331107,
    0.7110793133925276,
    0.6977627637651231,
    0.7002312059151499,
    0.6982751476276687,
    0.696625548496581,
    0.6954193768306085,
    0.6961116325227837,
    0.6912691370088454,
    0.694109682228133,
    0.6889424179938801,
    0.6729503920203761,
    0.680995081739816
  ],
  "val_loss": [
    0.815301775932312,
    0.7947692275047302,
    0.7798563241958618,
    0.784455418586731,
    0.7727544903755188,
    0.817513108253479,
    0.7976912260055542,
    0.7713975310325623,
    0.7762372493743896,
    0.7958946824073792,
    0.8022801280021667,
    0.7828185558319092,
    0.797958493232727,
    0.7779724597930908,
    0.7836800813674927,
    0.8114871978759766,
    0.7907582521438599,
    0.8158454298973083
  ],
  "best_epoch": 7,
  "status": "underfit",
  "grad_norm": [
    0.9160290316263818,
    0.8989274083620877,
    0.8820983731379913,
    0.8075976259628582,
    0.7815391780572114,
    0.785186218523769,
    0.7992704086073356,
    0.7772421014483585,
    0.8053512767398444,
    0.7459895363564742,
    0.733278915006836,
    0.7519146493776399,
    0.742604889950081,
    0.8195818994262574,
    0.761080168130848,
    0.7340450958297526,
    0.7799906274364528,
    0.7495640175641743
  ],
  "beta_std": [
    0.2049373835325241,
    0.1823706477880478,
    0.16745203733444214,
    0.1994563192129135,
    0.1554414927959442,
    0.2988705337047577,
    0.18208107352256775,
    0.24061979353427887,
    0.1426307111978531,
    0.17726726830005646,
    0.176752507686615,
    0.17892955243587494,
    0.19212941825389862,
    0.1989773064851761,
    0.22461703419685364,
    0.2712310254573822,
    0.21120552718639374,
    0.2686115801334381
  ],
  "beta_mean": [
    -0.14443622529506683,
    -0.06378236413002014,
    -0.13293646275997162,
    0.03280859440565109,
    -0.058316729962825775,
    -0.2066289186477661,
    -0.20866705477237701,
    -0.03265542536973953,
    -0.12655912339687347,
    -0.08139385282993317,
    -0.08912856131792068,
    -0.07431967556476593,
    -0.0069633000530302525,
    -0.055758893489837646,
    -0.09064240753650665,
    -0.13379594683647156,
    0.013785148970782757,
    -0.0808619037270546
  ]
}