{
  "train_loss": [
    0.812280652230246,
    0.7368254417285585,
    0.7174745081460964,
    0.7138717158635457,
    0.7066721791830677,
    0.6952505738763084,
    0.6877826856869703,
    0.696436621989423,
    0.6892623807394016,
    0.685624681690283,
    0.6912420408070435,
    0.6756438309825652,
    0.6873030349106817,
    0.6831558555190326,
    0.6816932374238968,
    0.6807116871131094,
    0.6774331846292954,
    0.6746943514807182,
    0.6820219589673985,
    0.6708916682388351,
    0.6621897330618741
  ],
  "val_loss": [
    0.7157629132270813,
    0.6862122416496277,
    0.711540937423706,
    0.7217544913291931,
    0.7030201554298401,
    0.6964520215988159,
    0.6797842979431152,
    0.7471874356269836,
    0.6967092156410217,
    0.7232256531715393,
    0.6677290797233582,
    0.7290819883346558,
    0.7027028203010559,
    0.7180822491645813,
    0.7081752419471741,
    0.6912059187889099,
    0.7015033960342407,
    0.6870166659355164,
    0.6957752704620361,
    0.6921384334564209,
    0.7235716581344604
  ],
  "best_epoch": 10,
  "status": "underfit",
  "grad_norm": [
    0.9240132973595978,
    0.9172151375341469,
    0.8734250325455681,
    0.8217371378272542,
    0.8776022017476113,
    0.8302833683184362,
    0.8323359736001068,
    0.8197693702264922,
    0.860826811223323,
    0.7964315036008759,
    0.7807265728048586,
    0.8029211290879334,
    0.8187164559879342,
    0.7623781680330618,
    0.8120968063388245,
    0.8422285466721721,
    0.7783974045663589,
    0.7618697627315881,
    0.8024739566228285,
    0.7766218067232218,
    0.774885717758829
  ],
  "beta_std": [
    0.2063370645046234,
    0.2136988788843155,
    0.12466850876808167,
    0.17131100594997406,
    0.18535295128822327,
    0.14847680926322937,
    0.14231808483600616,
    0.16982106864452362,
    0.17953069508075714,
    0.15806415677070618,
    0.13714635372161865,
    0.21595922112464905,
    0.23634852468967438,
    0.18164370954036713,
    0.18392734229564667,
    0.17449644207954407,
    0.16188982129096985,
    0.24846036732196808,
    0.16214017570018768,
    0.24351148307323456,
    0.16389106214046478
  ],
  "beta_mean": [
    0.10288194566965103,
    -0.17437522113323212,
    -0.030269132927060127,
    -0.15991581976413727,
    -0.1237996369600296,
    -0.13516396284103394,
    -0.0708930641412735,
    -0.16344381868839264,
    -0.0631769672036171,
    -0.05315983295440674,
    -0.06828215718269348,
    -0.17627191543579102,
    -0.10235793888568878,
    -0.16718491911888123,
    -0.13154374063014984,
    0.006111861206591129,
    -0.08883461356163025,
    -0.06473378837108612,
    0.013553954660892487,
    -0.11771940439939499,
    -0.19686028361320496
  ]
}