{
  "train_loss": [
    0.7735472830666436,
    0.7249705182181464,
    0.7084917985068427,
    0.7039358072280884,
    0.6926383149888781,
    0.6843422306378683,
    0.6835540362728967,
    0.6886532277531094,
    0.681256445672777,
    0.6767974464628431,
    0.6931829200320774,
    0.6778921757009294,
    0.6796285742123922,
    0.6784487392637465
  ],
  "val_loss": [
    0.7318172454833984,
    0.7252978682518005,
    0.7178078889846802,
    0.7028056383132935,
    0.7325708866119385,
    0.7214574813842773,
    0.7284511923789978,
    0.7058167457580566,
    0.7396587133407593,
    0.7336027026176453,
    0.711195170879364,
    0.725780189037323,
    0.7095924019813538,
    0.7058703899383545
  ],
  "best_epoch": 3,
  "status": "underfit",
  "grad_norm": [
    0.9532250206968552,
    0.8830823285498234,
    0.8645079012368406,
    0.8315154943429809,
    0.802994548385308,
    0.796856942643533,
    0.7906439225118987,
    0.8155030797780723,
    0.7581728630910685,
    0.759531021329455,
    0.9547633788700572,
    0.7414605499802727,
    0.7148102973683305,
    0.7717538608506964
  ],
  "beta_std": [
    0.15517432987689972,
    0.2499580681324005,
    0.21097972989082336,
    0.21224011480808258,
    0.17143987119197845,
    0.14569517970085144,
    0.26893967390060425,
    0.22776255011558533,
    0.21107269823551178,
    0.21960727870464325,
    0.15922285616397858,
    0.18031972646713257,
    0.19712933897972107,
    0.20922961831092834
  ],
  "beta_mean": [
    -0.015850229188799858,
    -0.03850540146231651,
    -0.13904988765716553,
    -0.014773563481867313,
    -0.12815076112747192,
    -0.021939717233181,
    -0.1447572112083435,
    -0.019001321867108345,
    -0.16866204142570496,
    -0.052664000540971756,
    -0.08762498199939728,
    -0.020824356004595757,
    -0.11095234006643295,
    -0.0910312607884407
  ]
}