{
  "train_loss": [
    0.7734069515864055,
    0.7564256310462951,
    0.7125902696185642,
    0.6958983755906423,
    0.6845268757078383,
    0.6885903197924296,
    0.6746532773176829,
    0.6776625415219201,
    0.6789972954326206,
    0.6730969906383091,
    0.6756185805002848,
    0.6691696666611565,
    0.669652089383867,
    0.6685874804920621,
    0.661010587281651,
    0.6644444637563494,
    0.6705295317437914,
    0.6669474218686422,
    0.6622146688037448,
    0.6629002385404374,
    0.6587246367136638,
    0.6536151842541165,
    0.6543537601894802,
    0.6572756409645081,
    0.6560387836562263,
    0.655911704911126,
    0.6528374089135064
  ],
  "val_loss": [
    0.712824285030365,
    0.7099115252494812,
    0.7058137059211731,
    0.7144853472709656,
    0.7241211533546448,
    0.7069122791290283,
    0.7014837861061096,
    0.7120020389556885,
    0.7063846588134766,
    0.7167080044746399,
    0.6962040066719055,
    0.7140427827835083,
    0.7126683592796326,
    0.6952822208404541,
    0.7228965163230896,
    0.7120150923728943,
    0.6932157278060913,
    0.718500554561615,
    0.7002502679824829,
    0.7039998173713684,
    0.7081097364425659,
    0.6966544985771179,
    0.7305475473403931,
    0.7090485692024231,
    0.6987725496292114,
    0.7040746808052063,
    0.7029596567153931
  ],
  "best_epoch": 16,
  "status": "underfit",
  "grad_norm": [
    0.9598762494797096,
    1.1511789793684373,
    0.8286690223521842,
    0.7966141095141842,
    0.7784246634870204,
    0.7546765814456537,
    0.7319183457314598,
    0.7825732416263398,
    0.7364357274862199,
    0.7559062344244939,
    0.7546255876171452,
    0.7640923442745549,
    0.7204425413537355,
    0.780079759237821,
    0.7577916943804494,
    0.7594982929554988,
    0.7499874537655062,
    0.7516479318297892,
    0.7301720784435106,
    0.7299470761087269,
    0.7323279104276498,
    0.7474283511914759,
    0.7615721691959054,
    0.7673327119094895,
    0.7349136205896163,
    0.7257769898348465,
    0.7569702622592882
  ],
  "beta_std": [
    0.19993244111537933,
    0.23274366557598114,
    0.17219723761081696,
    0.14913228154182434,
    0.10220527648925781,
    0.1604810357093811,
    0.16593602299690247,
    0.2601719796657562,
    0.20818015933036804,
    0.17624802887439728,
    0.1840965896844864,
    0.14652656018733978,
    0.23600420355796814,
    0.1807119995355606,
    0.20267778635025024,
    0.14779482781887054,
    0.2366674691438675,
    0.18580691516399384,
    0.24698281288146973,
    0.23985108733177185,
    0.2196228951215744,
    0.19187448918819427,
    0.1898183971643448,
    0.1816720962524414,
    0.2403709888458252,
    0.2709246575832367,
    0.28394123911857605
  ],
  "beta_mean": [
    -0.014166942797601223,
    -0.14444831013679504,
    -0.10338811576366425,
    -0.045824792236089706,
    -0.14856615662574768,
    -0.121299609541893,
    -0.15521714091300964,
    -0.18568213284015656,
    -0.08276159316301346,
    -0.18995846807956696,
    -0.054255519062280655,
    -0.03219275176525116,
    -0.06543653458356857,
    -0.1370396465063095,
    -0.04093334823846817,
    -0.07136350125074387,
    -0.07537487894296646,
    -0.06056097522377968,
    -0.10134158283472061,
    -0.19207711517810822,
    -0.12754514813423157,
    -0.05310641601681709,
    -0.14286227524280548,
    -0.16570638120174408,
    -0.08991587907075882,
    -0.02521788328886032,
    -0.21449382603168488
  ]
}