{
  "train_loss": [
    0.752987265214324,
    0.6873831051985423,
    0.6562318397627936,
    0.6660859891043769,
    0.6500858750608233,
    0.6498105905850728,
    0.6460668318006727,
    0.639986026234097,
    0.6475425266689724,
    0.6330755906105041,
    0.6333525387975905,
    0.6307795554796854,
    0.6232742342154185,
    0.6187967581219144,
    0.6245801496505737,
    0.6185977720154656,
    0.6195934573014578,
    0.6178332879808214,
    0.6071854522493151,
    0.6171101170116001,
    0.6036164512634278,
    0.5994000340567694,
    0.6009852870239152,
    0.6021477949619293
  ],
  "val_loss": [
    0.8936535716056824,
    0.8292701840400696,
    0.7800875306129456,
    0.7683764696121216,
    0.7983561158180237,
    0.772392988204956,
    0.7986472249031067,
    0.7882628440856934,
    0.7910019159317017,
    0.7872458696365356,
    0.7855717539787292,
    0.8039162755012512,
    0.7649815082550049,
    0.7581154704093933,
    0.7829332947731018,
    0.7767152786254883,
    0.7812855839729309,
    0.7760446667671204,
    0.801307201385498,
    0.7746480107307434,
    0.8007352352142334,
    0.8085074424743652,
    0.8467870950698853,
    0.7882593274116516
  ],
  "best_epoch": 13,
  "status": "ok",
  "grad_norm": [
    0.9410071410818481,
    0.9596188443768856,
    0.8538499737016112,
    0.8698401210262262,
    0.844992790391214,
    0.8146329591102187,
    0.7852748626922695,
    0.8209028730431456,
    0.8252917877847511,
    0.7613240134345695,
    0.8052840920280667,
    0.7459781957132718,
    0.8040179037005155,
    0.7931926895181618,
    0.7555300922891389,
    0.7753190163136556,
    0.8004746130477286,
    0.8049302880115577,
    0.7747121617253716,
    0.7935079508225203,
    0.7475003788790585,
    0.7689605525088578,
    0.7807816632784305,
    0.7473826138781293
  ],
  "beta_std": [
    0.27143481373786926,
    0.24473311007022858,
    0.1722102016210556,
    0.21393725275993347,
    0.2609119117259979,
    0.2120373696088791,
    0.21692772209644318,
    0.1933804452419281,
    0.20122434198856354,
    0.22259144484996796,
    0.20506040751934052,
    0.30798155069351196,
    0.25008127093315125,
    0.29665085673332214,
    0.2544899880886078,
    0.20943337678909302,
    0.18576744198799133,
    0.2257719337940216,
    0.27063098549842834,
    0.1924775391817093,
    0.25800564885139465,
    0.2295534908771515,
    0.2744753658771515,
    0.2639305591583252
  ],
  "beta_mean": [
    -0.16888733208179474,
    -0.03848909214138985,
    -0.1701280176639557,
    -0.07916222512722015,
    -0.14312900602817535,
    -0.17387326061725616,
    -0.1339249610900879,
    -0.07817277312278748,
    -0.06383372843265533,
    -0.13655704259872437,
    -0.2140590250492096,
    -0.17271026968955994,
    -0.1497219055891037,
    -0.05346173793077469,
    -0.05709364265203476,
    -0.08389590680599213,
    -0.13678662478923798,
    -0.13874192535877228,
    0.0480729378759861,
    -0.10771406441926956,
    -0.10182797908782959,
    -0.1150636300444603,
    -0.06508056074380875,
    -0.09426145255565643
  ]
}