{
  "train_loss": [
    0.6462310555106715,
    0.6224979407187791,
    0.6116855011348836,
    0.6067779718086733,
    0.608067613331198,
    0.6043159352547941,
    0.5970824405603241,
    0.5977558918584857,
    0.5923752923179091,
    0.5908278160485608,
    0.5908612008401525,
    0.5871459765880429
  ],
  "val_loss": [
    0.6182008385658264,
    0.6008539795875549,
    0.6185726523399353,
    0.6089540719985962,
    0.609036922454834,
    0.6156594157218933,
    0.6093387603759766,
    0.6096680760383606,
    0.6282820105552673,
    0.6186416745185852,
    0.6316515207290649,
    0.631258487701416
  ],
  "best_epoch": 1,
  "status": "underfit",
  "grad_norm": [
    0.27629683749134365,
    0.2584027728095612,
    0.2715803478082834,
    0.2589935046061077,
    0.2779597182926167,
    0.2802716588699353,
    0.28025453258236865,
    0.2730493762748537,
    0.28085249879314583,
    0.2882255941821075,
    0.29966987397487327,
    0.29619583850086423
  ],
  "beta_std": [
    0.3632117509841919,
    0.38241443037986755,
    0.42378711700439453,
    0.4309997856616974,
    0.33439141511917114,
    0.4055781960487366,
    0.3927152752876282,
    0.6093270182609558,
    0.4735652208328247,
    0.5375996232032776,
    0.4533326029777527,
    0.43183737993240356
  ],
  "beta_mean": [
    -0.010317286476492882,
    -0.009627314284443855,
    -0.28828299045562744,
    0.05850019305944443,
    0.08026096224784851,
    0.04646559804677963,
    -0.04424259066581726,
    -0.20518825948238373,
    -0.1538248211145401,
    -0.026251796633005142,
    -0.18751215934753418,
    -0.22485752403736115
  ]
}