{
  "train_loss": [
    0.6571406493549459,
    0.6314055174275448,
    0.6255845843978792,
    0.615479659169738,
    0.6114829444466976,
    0.6063853640444795,
    0.6079406371311835,
    0.6044426054564136,
    0.6016826498996445,
    0.5972639180763423,
    0.5905041373542875,
    0.5902178355964304,
    0.5889426274466932
  ],
  "val_loss": [
    0.6612727642059326,
    0.633484959602356,
    0.6274746060371399,
    0.639116108417511,
    0.6382429599761963,
    0.649218738079071,
    0.6388227343559265,
    0.6537989974021912,
    0.6504523158073425,
    0.6417827010154724,
    0.6474223732948303,
    0.6652660965919495,
    0.6583868265151978
  ],
  "best_epoch": 2,
  "status": "underfit",
  "grad_norm": [
    0.2603530263790133,
    0.2519221623532209,
    0.25636983576892014,
    0.2672609735789687,
    0.26548940367122825,
    0.26217247361983165,
    0.2806834637899084,
    0.2837100117772476,
    0.2923063327429243,
    0.29051856185642694,
    0.2917337758215359,
    0.3046780831723619,
    0.29737997429502666
  ],
  "beta_std": [
    0.6022564172744751,
    0.4514707028865814,
    0.26666226983070374,
    0.416415810585022,
    0.2809867858886719,
    0.4899061918258667,
    0.4141435921192169,
    0.49892130494117737,
    0.3968001902103424,
    0.44535502791404724,
    0.5742802023887634,
    0.6013954281806946,
    0.5199546813964844
  ],
  "beta_mean": [
    -0.22528685629367828,
    0.0011938812676817179,
    -0.10168943554162979,
    0.08604686707258224,
    -0.2440633922815323,
    -0.12106147408485413,
    -0.132132887840271,
    -0.1426447033882141,
    -0.10491036623716354,
    -0.11998298764228821,
    0.08082731813192368,
    0.05125047639012337,
    -0.1881006807088852
  ]
}