{
  "train_loss": [
    0.6519181061766998,
    0.6314078542503,
    0.6281585780500668,
    0.6191289666521619,
    0.6140860404396615,
    0.6099074539803622,
    0.6092909230962832,
    0.6066730859683969,
    0.6064553954726771,
    0.6022883921896505,
    0.5991899156709861,
    0.5972922476969267,
    0.594217063697458,
    0.5985893898400647,
    0.5878255563312107
  ],
  "val_loss": [
    0.6358399987220764,
    0.6151838898658752,
    0.6136455535888672,
    0.62059485912323,
    0.611267626285553,
    0.6207467913627625,
    0.6172553300857544,
    0.6261101961135864,
    0.6124809980392456,
    0.6165562272071838,
    0.6161970496177673,
    0.6218035817146301,
    0.6202134490013123,
    0.6272938847541809,
    0.6288642883300781
  ],
  "best_epoch": 4,
  "status": "underfit",
  "grad_norm": [
    0.2434957800003035,
    0.2565127300210273,
    0.25780757058389264,
    0.2579331605096949,
    0.2595546258278535,
    0.2731801180188647,
    0.27242991573437875,
    0.25972307032687697,
    0.2856371530163552,
    0.2751668227912223,
    0.2836070597126621,
    0.28825142482767296,
    0.28981618446932556,
    0.2897874185285618,
    0.2842163946251738
  ],
  "beta_std": [
    0.4646225571632385,
    0.3570241630077362,
    0.21367067098617554,
    0.2735021114349365,
    0.4015377163887024,
    0.5351117253303528,
    0.3693152666091919,
    0.4949973225593567,
    0.28361764550209045,
    0.5229008197784424,
    0.31669697165489197,
    0.42262765765190125,
    0.4567856192588806,
    0.4422057569026947,
    0.44492366909980774
  ],
  "beta_mean": [
    0.09114537388086319,
    -0.029606550931930542,
    -0.06189855560660362,
    -0.04780912399291992,
    -0.016450518742203712,
    -0.04475988820195198,
    -0.07370960712432861,
    -0.03322833031415939,
    -0.0991055816411972,
    0.03049951232969761,
    -0.2408544272184372,
    0.02137701027095318,
    -0.17509348690509796,
    -0.011126379482448101,
    -0.02597234956920147
  ]
}