{
  "train_loss": [
    0.6455933664639791,
    0.620917185359531,
    0.6151232176356846,
    0.6077370586925083,
    0.6064890428649055,
    0.6027234562238057,
    0.5996572013431125,
    0.595760150856442,
    0.5914369171990289,
    0.5925358803537157,
    0.5840102039443122,
    0.5904337378078037,
    0.5806024477746752,
    0.5799298276901245,
    0.579470745616489
  ],
  "val_loss": [
    0.6480125784873962,
    0.666361927986145,
    0.6266264915466309,
    0.6229578852653503,
    0.6194676160812378,
    0.6302369236946106,
    0.6206525564193726,
    0.620762825012207,
    0.632764458656311,
    0.6199917793273926,
    0.6548179388046265,
    0.6313298940658569,
    0.6388617157936096,
    0.6335700750350952,
    0.6310945749282837
  ],
  "best_epoch": 4,
  "status": "underfit",
  "grad_norm": [
    0.2542947891968932,
    0.2626748944183442,
    0.2683049706001973,
    0.2618864391333133,
    0.26765790469142653,
    0.27479257676493096,
    0.28175992288717533,
    0.289199402492683,
    0.2898469226285677,
    0.2870998089481329,
    0.2884391653480933,
    0.2992232195908385,
    0.2957362860233193,
    0.2958438392863601,
    0.3046646357426533
  ],
  "beta_std": [
    0.4318053722381592,
    0.6788732409477234,
    0.21782875061035156,
    0.38183435797691345,
    0.47305527329444885,
    0.29478558897972107,
    0.3328799903392792,
    0.5802989602088928,
    0.5095389485359192,
    0.46988192200660706,
    0.29320070147514343,
    0.3085929751396179,
    0.34973660111427307,
    0.5025818943977356,
    0.4730692505836487
  ],
  "beta_mean": [
    -0.2418687343597412,
    -0.5675859451293945,
    -0.15428148210048676,
    -0.24044448137283325,
    -0.1427510380744934,
    -0.1830405592918396,
    -0.05117166414856911,
    0.2231231927871704,
    0.012018781155347824,
    0.03573913127183914,
    -0.06772958487272263,
    0.029967162758111954,
    -0.3406723141670227,
    -0.10164440423250198,
    -0.12576980888843536
  ]
}