{
  "train_loss": [
    1.347819861361855,
    1.1389954392115276,
    1.1105332372341936,
    1.1061124954725567,
    1.0881113689127024,
    1.0800504198687815,
    1.0887172576000816,
    1.07333836951451,
    1.066066196926853,
    1.0640195347969992,
    1.092517947146767,
    1.07820113915449,
    1.0809552993830185,
    1.0674819686120016,
    1.064713930804827,
    1.0580664037961012,
    1.055299265496215,
    1.04753269047765,
    1.0516773739195706,
    1.0607847850503977,
    1.0535908337922124,
    1.0381751023677357,
    1.0437417506335074,
    1.0377804673763744,
    1.0524377916291443,
    1.0530774118468078,
    1.0411374503130104
  ],
  "val_loss": [
    1.091460943222046,
    1.0780792236328125,
    1.056359887123108,
    1.0703428983688354,
    1.062828779220581,
    1.0517293214797974,
    1.0489474534988403,
    1.0407956838607788,
    1.0484055280685425,
    1.0492722988128662,
    1.1407688856124878,
    1.0933891534805298,
    1.0581262111663818,
    1.0681772232055664,
    1.0532490015029907,
    1.0345327854156494,
    1.011683702468872,
    1.0108743906021118,
    1.0123895406723022,
    1.029581069946289,
    1.037123203277588,
    1.01535964012146,
    1.0219193696975708,
    1.0363670587539673,
    1.0428968667984009,
    1.027073621749878,
    1.0150309801101685
  ],
  "best_epoch": 16,
  "status": "underfit",
  "grad_norm": [
    1.9908002509595688,
    1.4061278901793666,
    1.2294878774470652,
    1.229570160353374,
    1.11158111003454,
    1.1081206036512363,
    1.1901058277898489,
    1.1034266681864984,
    1.0912012670525149,
    1.0675056897686386,
    1.212104556901459,
    1.1421744768094635,
    1.176155225274021,
    1.1471790476743873,
    1.1272737046003387,
    1.0990368668279074,
    1.095071588437314,
    1.0365271236647953,
    1.0882425393779043,
    1.1684582021063956,
    1.106358699357937,
    1.0514848902229583,
    1.0996181074220892,
    1.0146868186985123,
    1.139572648726639,
    1.140237028771114,
    1.0272615700773895
  ],
  "beta_std": [
    0.21997904777526855,
    0.2202698141336441,
    0.20027704536914825,
    0.21858462691307068,
    0.1748560518026352,
    0.17881393432617188,
    0.19536855816841125,
    0.1823127716779709,
    0.24495065212249756,
    0.22443126142024994,
    0.14138153195381165,
    0.26014602184295654,
    0.22833892703056335,
    0.22965343296527863,
    0.25462982058525085,
    0.21963244676589966,
    0.23151251673698425,
    0.22135263681411743,
    0.24745911359786987,
    0.2491147667169571,
    0.239679217338562,
    0.20654301345348358,
    0.20491521060466766,
    0.23049409687519073,
    0.29879558086395264,
    0.23058806359767914,
    0.26528483629226685
  ],
  "beta_mean": [
    -0.06835504621267319,
    -0.09616376459598541,
    -0.020435571670532227,
    -0.044416360557079315,
    -0.014445277862250805,
    -0.016578592360019684,
    -0.06827805191278458,
    -0.045675382018089294,
    -0.106655552983284,
    -0.11262468248605728,
    -0.0083477096632123,
    -0.22806839644908905,
    -0.022874275222420692,
    -0.1648498922586441,
    0.009827708825469017,
    -0.11480420082807541,
    -0.08034263551235199,
    -0.04346304014325142,
    -0.03148113191127777,
    0.01629604957997799,
    -0.09220399707555771,
    -0.08142212778329849,
    -0.07187087088823318,
    -0.0031564042437821627,
    0.03276816010475159,
    -0.0559842623770237,
    -0.05462704226374626
  ]
}