{
  "train_loss": [
    1.2870493541126362,
    1.1566937762812564,
    1.1116605101273074,
    1.098979546675208,
    1.0928784793162207,
    1.0845028849094234,
    1.0826858552296956,
    1.0966934450049148,
    1.0664073937120493,
    1.0583483840987,
    1.0647453451156617,
    1.0628665088352405,
    1.0737670593094408,
    1.0690435815833466,
    1.0487074952376516,
    1.0777481018311796,
    1.0575070257633052,
    1.046927486581412,
    1.0450510786290754
  ],
  "val_loss": [
    1.0603009462356567,
    1.0269261598587036,
    1.0331997871398926,
    1.0737335681915283,
    1.043057918548584,
    1.031414270401001,
    1.0390609502792358,
    1.0659704208374023,
    1.011781930923462,
    1.0244958400726318,
    1.0136250257492065,
    1.0134388208389282,
    1.028604507446289,
    1.0347455739974976,
    1.0249652862548828,
    1.0392135381698608,
    1.0116835832595825,
    1.0287495851516724,
    1.0123660564422607
  ],
  "best_epoch": 8,
  "status": "underfit",
  "grad_norm": [
    1.6395521880468116,
    1.4464533699155808,
    1.3131753306520697,
    1.2421627593914166,
    1.2587115768246573,
    1.2054400144584192,
    1.2149782676159802,
    1.2597397245147468,
    1.1556114143845475,
    1.1361186748590906,
    1.135677392754357,
    1.189843941072655,
    1.2298926119852933,
    1.2062237414873833,
    1.1155332858385787,
    1.211029511432668,
    1.1651365124675959,
    1.0467090091409794,
    1.0462680584950572
  ],
  "beta_std": [
    0.2711145579814911,
    0.25073739886283875,
    0.2132488340139389,
    0.25841718912124634,
    0.17127424478530884,
    0.2600839138031006,
    0.1757240891456604,
    0.1538730263710022,
    0.20262150466442108,
    0.18728066980838776,
    0.15959642827510834,
    0.275692880153656,
    0.27047207951545715,
    0.21795563399791718,
    0.24649275839328766,
    0.1823118031024933,
    0.2132563591003418,
    0.20650304853916168,
    0.18820859491825104
  ],
  "beta_mean": [
    -0.13794709742069244,
    -0.06446577608585358,
    -0.0523819625377655,
    -0.07532693445682526,
    -0.024529533460736275,
    -0.10005735605955124,
    0.023354751989245415,
    -0.028073199093341827,
    -0.05388902872800827,
    0.010742553509771824,
    0.0020740993786603212,
    0.013916500844061375,
    -0.11949477344751358,
    0.019812658429145813,
    -0.029436631128191948,
    -0.020633038133382797,
    -0.04494568705558777,
    0.016598790884017944,
    -0.046565987169742584
  ]
}