{
  "train_loss": [
    1.2797668886463545,
    1.1269698877501906,
    1.0858035396832473,
    1.0755950661430582,
    1.0598676714423108,
    1.064941851632637,
    1.0674884780526859,
    1.0495820636358875,
    1.032314365007724,
    1.0498896703106617,
    1.038295419146443,
    1.0367238157813312,
    1.0239389301880062,
    1.036619966699366,
    1.038418328037039,
    1.0313361222841586,
    1.0221801387915137,
    1.0072041197548136,
    1.0133238862690173,
    1.025754501415275,
    1.0083669031433196,
    1.0061499147526702,
    1.001568462751065,
    1.0100380326990495,
    1.0143165294747603,
    1.0073298365888539,
    1.0209994577106676,
    1.0094511357524938,
    1.0273078707087109,
    1.0101909129382574,
    1.0252675146387333
  ],
  "val_loss": [
    1.1659616231918335,
    1.0843408107757568,
    1.0952646732330322,
    1.1207990646362305,
    1.0852659940719604,
    1.0773518085479736,
    1.0519204139709473,
    1.0750691890716553,
    1.0568246841430664,
    1.0408821105957031,
    1.0501598119735718,
    1.0401098728179932,
    1.0514875650405884,
    1.0932049751281738,
    1.0642261505126953,
    1.098083734512329,
    1.0331565141677856,
    1.0469497442245483,
    1.05484139919281,
    1.0687249898910522,
    1.0104248523712158,
    1.0477337837219238,
    1.0575774908065796,
    1.017367959022522,
    1.0671473741531372,
    1.0303781032562256,
    1.0361040830612183,
    1.0382511615753174,
    1.0140975713729858,
    1.0113215446472168,
    1.0633227825164795
  ],
  "best_epoch": 20,
  "status": "underfit",
  "grad_norm": [
    1.728356588326109,
    1.3233831393933797,
    1.2056086562909334,
    1.1789366304642759,
    1.0726014907147572,
    1.1230573804564012,
    1.1242660418096626,
    1.0541109796608517,
    1.0199917202224664,
    1.1416283396932134,
    1.0802700549422213,
    1.041606712340033,
    0.9919347510068502,
    1.0473955385326177,
    1.0885767051632531,
    1.0811983253895616,
    1.0893495261183745,
    1.001721047136513,
    1.0623195605707794,
    1.0932676103583558,
    1.0194892472693189,
    1.0499197461806902,
    1.0550163533055053,
    1.0862121387928778,
    1.035697412725502,
    1.0360044861102826,
    1.0866308117674155,
    1.0723648659280842,
    1.170677509800167,
    1.1258690262318876,
    1.1550549227917728
  ],
  "beta_std": [
    0.3055676519870758,
    0.2783554196357727,
    0.2802806794643402,
    0.2767520248889923,
    0.2571023106575012,
    0.1503901332616806,
    0.2728038728237152,
    0.20915530622005463,
    0.1739313304424286,
    0.22872129082679749,
    0.2645455002784729,
    0.18110787868499756,
    0.22739404439926147,
    0.2696765959262848,
    0.1899930238723755,
    0.1965123862028122,
    0.19583669304847717,
    0.19877782464027405,
    0.20421679317951202,
    0.21761390566825867,
    0.19152382016181946,
    0.23860394954681396,
    0.23158665001392365,
    0.2307417094707489,
    0.2161603420972824,
    0.2889705300331116,
    0.19770574569702148,
    0.23971514403820038,
    0.25784578919410706,
    0.2468017190694809,
    0.19904817640781403
  ],
  "beta_mean": [
    -0.021330133080482483,
    -0.0389576330780983,
    -0.0838693156838417,
    -0.18443670868873596,
    -0.050554726272821426,
    -0.051406580954790115,
    -0.10360713303089142,
    -0.01691466011106968,
    -0.08398611843585968,
    -0.05432863160967827,
    -0.05910143256187439,
    -1.2550102837849408e-05,
    -0.08476440608501434,
    -0.017231706529855728,
    -0.07764216512441635,
    0.004031290300190449,
    -0.06269311904907227,
    -0.04889596253633499,
    -0.11857336014509201,
    -0.07923547178506851,
    -0.01913991943001747,
    -0.07741042226552963,
    -0.09364476799964905,
    -0.048966776579618454,
    -0.11737092584371567,
    -0.007004700601100922,
    0.009532826952636242,
    -0.08186046034097672,
    -0.05599812790751457,
    -0.11757247149944305,
    -0.034016869962215424
  ]
}