{
  "train_loss": [
    1.2687157380790042,
    1.1253628433517546,
    1.1029502656167014,
    1.0893832358142785,
    1.1093464935453314,
    1.0860808594463862,
    1.067664014777245,
    1.0677291546648706,
    1.051432387786999,
    1.0457347346746433,
    1.0595200679037307,
    1.0439935248915913,
    1.0376998041247765,
    1.034375979830647,
    1.031970480868691,
    1.045608204345257,
    1.0266028987176237,
    1.0276312400862488,
    1.0294868482902035,
    1.0143929492102728,
    1.0414761027536894,
    1.033941076136472,
    1.0238041576865125,
    1.0244346997751828,
    1.0134023304431758,
    1.0237319866119072,
    1.0389354012584129,
    1.0205967367462248,
    1.0430005841506156
  ],
  "val_loss": [
    1.1367926597595215,
    1.070509433746338,
    1.0614399909973145,
    1.1356568336486816,
    1.0923391580581665,
    1.0557478666305542,
    1.0529239177703857,
    1.1135681867599487,
    1.06373131275177,
    1.0593955516815186,
    1.0639017820358276,
    1.0365182161331177,
    1.0371757745742798,
    1.03801429271698,
    1.0799492597579956,
    1.064823865890503,
    1.0343064069747925,
    1.0653780698776245,
    1.029259443283081,
    1.0453838109970093,
    1.0703953504562378,
    1.0438624620437622,
    1.045677900314331,
    1.0541454553604126,
    1.0758392810821533,
    1.0560522079467773,
    1.0705331563949585,
    1.0452775955200195,
    1.0688323974609375
  ],
  "best_epoch": 18,
  "status": "underfit",
  "grad_norm": [
    1.8507106381358343,
    1.3040678126453784,
    1.2209267810217344,
    1.2842867563799718,
    1.3305880603101785,
    1.3035685806147792,
    1.1820814871987224,
    1.2071801325425204,
    1.1494119467019073,
    1.0884014857762712,
    1.1610032265440564,
    1.1030393515053856,
    1.0774499354773848,
    1.1074159348356376,
    1.0485438635321438,
    1.1738991583389369,
    1.0752884101534343,
    1.0804124171441538,
    1.1080530283211267,
    1.033216698366183,
    1.1583791727724944,
    1.158016136315352,
    1.1139745016639824,
    1.1086930007144642,
    1.0579101674459774,
    1.0945679608431371,
    1.2041226401947311,
    1.034265984042702,
    1.2560451915852004
  ],
  "beta_std": [
    0.2301972210407257,
    0.1922851800918579,
    0.22480280697345734,
    0.2497006207704544,
    0.20226654410362244,
    0.2761819064617157,
    0.2459697723388672,
    0.21376089751720428,
    0.26348400115966797,
    0.2612569332122803,
    0.3075299561023712,
    0.2866228222846985,
    0.2549704313278198,
    0.21252861618995667,
    0.22153626382350922,
    0.19118984043598175,
    0.22193564474582672,
    0.20013736188411713,
    0.23122960329055786,
    0.26667043566703796,
    0.2133781611919403,
    0.24508136510849,
    0.22414663434028625,
    0.17728206515312195,
    0.17164216935634613,
    0.20130649209022522,
    0.19560270011425018,
    0.22867988049983978,
    0.23400554060935974
  ],
  "beta_mean": [
    -0.0830475315451622,
    -0.09097462147474289,
    -0.058602165430784225,
    -0.22122111916542053,
    -0.04110072925686836,
    -0.08745571225881577,
    -0.07896828651428223,
    -0.06940466165542603,
    -0.000997534254565835,
    0.0013587058056145906,
    -0.05427422374486923,
    -0.12378798425197601,
    -0.04689799249172211,
    -0.002254684455692768,
    -0.13226981461048126,
    -0.09412159770727158,
    -0.099280945956707,
    -0.09505967795848846,
    -0.041727155447006226,
    -0.032728757709264755,
    -0.09713876992464066,
    -0.06729093939065933,
    -0.09595999121665955,
    0.006420194637030363,
    -0.08033069968223572,
    -0.07702666521072388,
    -0.05877463147044182,
    -0.049721766263246536,
    -0.08123345673084259
  ]
}