{
  "train_loss": [
    1.2708750802034523,
    1.1182223125368531,
    1.0862394521389789,
    1.078995412734517,
    1.0737987299969323,
    1.0689833000807734,
    1.0539647461517512,
    1.0306208591572723,
    1.0317819329590825,
    1.0364275751336973,
    1.0349307022317809,
    1.0332551542639035,
    1.032216619218302,
    1.023169663022136,
    1.026486210544207,
    1.0289405521175317,
    1.0386324074672677,
    1.0222326518359937,
    1.0128730442370588,
    1.0091797374703033,
    1.0164557089164243
  ],
  "val_loss": [
    1.063315987586975,
    1.0464041233062744,
    1.0529879331588745,
    1.0926135778427124,
    1.0438588857650757,
    1.0355578660964966,
    1.002479910850525,
    1.0213652849197388,
    1.0215259790420532,
    1.039020299911499,
    0.9950001239776611,
    1.0257465839385986,
    1.0314284563064575,
    1.0187373161315918,
    1.0020997524261475,
    1.025787591934204,
    1.012438416481018,
    1.0161559581756592,
    1.0175508260726929,
    1.0194405317306519,
    1.015014410018921
  ],
  "best_epoch": 10,
  "status": "underfit",
  "grad_norm": [
    1.6560254472978164,
    1.3206514565748437,
    1.2097358345106708,
    1.1696484328812993,
    1.1768265763950865,
    1.166237025495649,
    1.0636573381705903,
    1.0331841880184303,
    1.0602289222933834,
    1.045650394190098,
    1.0610114935788018,
    1.0324693707849613,
    1.0918101267135283,
    1.016320703792387,
    1.0834282829306445,
    1.0912994137733185,
    1.1310876868010311,
    1.046758231220047,
    1.0587866235393442,
    1.0414039001367545,
    1.067833493231579
  ],
  "beta_std": [
    0.2808900773525238,
    0.22461505234241486,
    0.26587924361228943,
    0.21847641468048096,
    0.15331849455833435,
    0.2618498206138611,
    0.2999364137649536,
    0.26939982175827026,
    0.1705920249223709,
    0.23913489282131195,
    0.24147500097751617,
    0.28949761390686035,
    0.2511436939239502,
    0.23916517198085785,
    0.23567891120910645,
    0.20829136669635773,
    0.19197838008403778,
    0.1996888369321823,
    0.17513462901115417,
    0.2862672805786133,
    0.19458143413066864
  ],
  "beta_mean": [
    0.03354673460125923,
    -0.024609161540865898,
    -0.02603110857307911,
    -0.1427210122346878,
    -0.01263275183737278,
    0.07191210985183716,
    0.06596777588129044,
    -0.16616739332675934,
    -0.01398303359746933,
    -0.08892115205526352,
    -0.019489116966724396,
    0.011683175340294838,
    -0.011749672703444958,
    -0.06842321157455444,
    -0.06384304165840149,
    -0.0859847217798233,
    -0.08565262705087662,
    -0.030817193910479546,
    -0.08837222307920456,
    -0.16072453558444977,
    -0.07177367806434631
  ]
}