{
  "train_loss": [
    1.2636776451200074,
    1.1203439343324182,
    1.1019764393951461,
    1.086520213746188,
    1.0822895584608379,
    1.0661701560159873,
    1.0553582407019988,
    1.0631015459557025,
    1.058661339408473,
    1.0522078462650901,
    1.0492060549914488,
    1.0481240216751544,
    1.0379863893218906,
    1.0357170921041254,
    1.0575214488046212,
    1.0389230386555544
  ],
  "val_loss": [
    1.0863882303237915,
    1.089373230934143,
    1.0505009889602661,
    1.0668330192565918,
    1.0511643886566162,
    1.0194847583770752,
    1.0756452083587646,
    1.0318715572357178,
    1.0207804441452026,
    1.0621492862701416,
    1.0226410627365112,
    1.0494391918182373,
    1.0464808940887451,
    1.0603567361831665,
    1.0320303440093994,
    1.0617594718933105
  ],
  "best_epoch": 5,
  "status": "underfit",
  "grad_norm": [
    1.541001859417514,
    1.23879439770738,
    1.2675640068674145,
    1.1414781948481822,
    1.181415042699659,
    1.1374420566541297,
    1.0830079982071121,
    1.1463623866890278,
    1.1092651656140318,
    1.1496958107010913,
    1.076181780016228,
    1.074144689632484,
    1.0322726273384355,
    1.0635262451959395,
    1.169516455403144,
    1.047644124497289
  ],
  "beta_std": [
    0.23559430241584778,
    0.2677209973335266,
    0.19519229233264923,
    0.23471683263778687,
    0.2590075731277466,
    0.22853803634643555,
    0.2393699586391449,
    0.18800252676010132,
    0.274505615234375,
    0.266990065574646,
    0.2326023429632187,
    0.25011593103408813,
    0.22411146759986877,
    0.23113121092319489,
    0.27475160360336304,
    0.22695018351078033
  ],
  "beta_mean": [
    -0.09765245020389557,
    -0.09032793343067169,
    -0.0584183968603611,
    0.004242574330419302,
    -0.1041736975312233,
    -0.04782430827617645,
    -0.01811087317764759,
    -0.0377839170396328,
    -0.0757063701748848,
    -0.11517728120088577,
    -0.09512785077095032,
    -0.05013551935553551,
    -0.11977441608905792,
    -0.0369015708565712,
    -0.044606246054172516,
    -0.009040121920406818
  ]
}