{
  "train_loss": [
    0.7701358309963293,
    0.7280950514475505,
    0.6956740193687684,
    0.6998592498288517,
    0.6901671401799073,
    0.6796765546073691,
    0.6760958967850222,
    0.6700917087382043,
    0.6725669648703079,
    0.671131706237793,
    0.6636058596839681,
    0.6608899033697028,
    0.6646556769755849
  ],
  "val_loss": [
    0.7376171946525574,
    0.7405106425285339,
    0.7035438418388367,
    0.7347843647003174,
    0.7316514253616333,
    0.7204657793045044,
    0.7121161818504333,
    0.7046260833740234,
    0.7232933044433594,
    0.7194421291351318,
    0.7247274518013,
    0.7290590405464172,
    0.7195515632629395
  ],
  "best_epoch": 2,
  "status": "underfit",
  "grad_norm": [
    1.036150660838945,
    1.0069981066915845,
    0.8665827348904176,
    0.840396018390123,
    0.874798680450851,
    0.7610900760391232,
    0.7772291243719485,
    0.7756492906682194,
    0.7853691001567024,
    0.7826396029495013,
    0.7299183178734993,
    0.7681032084794955,
    0.7485490723374005
  ],
  "beta_std": [
    0.21927447617053986,
    0.1768627017736435,
    0.17607739567756653,
    0.16058862209320068,
    0.2524637281894684,
    0.2724948227405548,
    0.21836631000041962,
    0.2082958072423935,
    0.24538186192512512,
    0.17629356682300568,
    0.3490995466709137,
    0.1797856241464615,
    0.21987754106521606
  ],
  "beta_mean": [
    -0.0766846239566803,
    -0.12153884023427963,
    -0.17717115581035614,
    -0.1987248659133911,
    -0.1428246945142746,
    -0.02662225067615509,
    -0.21836282312870026,
    -0.1356363743543625,
    -0.11241982877254486,
    -0.17116039991378784,
    -0.2004176527261734,
    -0.12007305026054382,
    -0.1899353712797165
  ]
}