{
  "train_loss": [
    0.7715358494527159,
    0.6951968579961543,
    0.6845501991252453,
    0.6725371674208613,
    0.6667105089990716,
    0.6625909128802562,
    0.6549798210183082,
    0.6625061493310315,
    0.6535346158624392,
    0.6516414688065735,
    0.6504991540155912,
    0.6446022359948409,
    0.6481596366564433,
    0.6415524848581058,
    0.6412808492588021,
    0.6374367299571372,
    0.6424993074567694,
    0.635964558347624
  ],
  "val_loss": [
    0.6389491558074951,
    0.7080862522125244,
    0.6327301859855652,
    0.6755689382553101,
    0.6343861818313599,
    0.6400694251060486,
    0.6183055639266968,
    0.6025323867797852,
    0.6154453754425049,
    0.6638036966323853,
    0.6286785006523132,
    0.6405749320983887,
    0.6091883182525635,
    0.6311153173446655,
    0.6113160252571106,
    0.6287617087364197,
    0.6217690110206604,
    0.6196296811103821
  ],
  "best_epoch": 7,
  "status": "underfit",
  "grad_norm": [
    1.0439155806649543,
    0.928784091560503,
    0.9089602907797213,
    0.9094876070869237,
    0.8329758494082967,
    0.8623112674096735,
    0.817319149294118,
    0.8080160372997104,
    0.7878470014785742,
    0.8293396209908327,
    0.7867414839644936,
    0.8249548180260946,
    0.7992648513148932,
    0.7643718644645799,
    0.7854746372292031,
    0.8040136152037777,
    0.8247236795181415,
    0.7876205607168003
  ],
  "beta_std": [
    0.22663545608520508,
    0.2546845078468323,
    0.19831857085227966,
    0.16985902190208435,
    0.1612791270017624,
    0.18503035604953766,
    0.3841005563735962,
    0.21953685581684113,
    0.2077288180589676,
    0.2431882917881012,
    0.24874794483184814,
    0.2117677479982376,
    0.2050725370645523,
    0.23172058165073395,
    0.24260897934436798,
    0.21140453219413757,
    0.30311819911003113,
    0.28028905391693115
  ],
  "beta_mean": [
    -0.1345776617527008,
    0.09501121193170547,
    -0.09824979305267334,
    -0.05532260239124298,
    -0.12000659853219986,
    -0.07980833202600479,
    0.02242106758058071,
    -0.12542884051799774,
    -0.10126416385173798,
    0.041059065610170364,
    -0.13635015487670898,
    0.009777492843568325,
    -0.0812147781252861,
    -0.10886125266551971,
    -0.03004848025739193,
    -0.08797121793031693,
    0.03950519114732742,
    0.09268735349178314
  ]
}