{
  "train_loss": [
    0.7560542941232871,
    0.6946705915774518,
    0.676514421624747,
    0.6584698865845886,
    0.6511931929323408,
    0.6451519340520714,
    0.6474043154716491,
    0.6379834244125768,
    0.6444882510558904,
    0.6456871523146044,
    0.649363317029518,
    0.6524043576480353,
    0.6521073423909862,
    0.6423669620982387,
    0.6383200744578713,
    0.6283313035546687
  ],
  "val_loss": [
    0.7209832668304443,
    0.7398841381072998,
    0.6897843480110168,
    0.7034690976142883,
    0.6838216185569763,
    0.654254138469696,
    0.693038284778595,
    0.689397394657135,
    0.6752691864967346,
    0.6732133030891418,
    0.7358294129371643,
    0.7182745933532715,
    0.7194380164146423,
    0.6764220595359802,
    0.678527295589447,
    0.6902737021446228
  ],
  "best_epoch": 5,
  "status": "underfit",
  "grad_norm": [
    0.9651618787090607,
    0.8749595197456201,
    0.8853625538142891,
    0.8348049690308701,
    0.8138009121550237,
    0.7712904817804516,
    0.7794237700874131,
    0.7565376132042168,
    0.7749925719681927,
    0.8003958784899594,
    0.8521863340684424,
    0.6861747321856526,
    0.6766165995570437,
    0.6808138853155299,
    0.7119194317382717,
    0.6972563595383332
  ],
  "beta_std": [
    0.18752971291542053,
    0.1862015724182129,
    0.18548132479190826,
    0.19007104635238647,
    0.17660030722618103,
    0.22921764850616455,
    0.295316606760025,
    0.17095646262168884,
    0.2444937527179718,
    0.24658609926700592,
    0.20964142680168152,
    0.20868134498596191,
    0.2516521215438843,
    0.28252726793289185,
    0.22004063427448273,
    0.24865801632404327
  ],
  "beta_mean": [
    -0.15891806781291962,
    0.007636657450348139,
    -0.08919311314821243,
    0.009690058417618275,
    -0.12180213630199432,
    -0.03582625091075897,
    -0.1810898631811142,
    -0.06477572023868561,
    -0.15187384188175201,
    0.05270637199282646,
    -0.18010695278644562,
    -0.18226219713687897,
    -0.023118330165743828,
    -0.03523333743214607,
    -0.09991630166769028,
    -0.12118543684482574
  ]
}