{
  "train_loss": [
    0.755080025530698,
    0.7107745487648144,
    0.6775466091312163,
    0.6867579678589838,
    0.6822191882830614,
    0.6820821139686986,
    0.6728221821366694,
    0.6721046443152846,
    0.6566189109721379,
    0.6556338912719174,
    0.6540564807534915,
    0.6557711751558627,
    0.6515163341321443,
    0.6412727530657897,
    0.6532790330976074,
    0.6496821026704465,
    0.6403534267659773
  ],
  "val_loss": [
    0.758043110370636,
    0.684127688407898,
    0.7086446285247803,
    0.6852333545684814,
    0.6826918721199036,
    0.6856889724731445,
    0.6451438069343567,
    0.6544496417045593,
    0.6651621460914612,
    0.6811182498931885,
    0.6534743309020996,
    0.6927217245101929,
    0.656724750995636,
    0.6927986741065979,
    0.6605474948883057,
    0.711906373500824,
    0.661916971206665
  ],
  "best_epoch": 6,
  "status": "underfit",
  "grad_norm": [
    0.9882752129576188,
    0.9590709692242599,
    0.9066521544035111,
    0.901890744248591,
    0.8624257379037663,
    0.7709454950234762,
    0.7418212252615822,
    0.8080674771536138,
    0.7966388088497502,
    0.8303076866207336,
    0.7964702061431782,
    0.8012148376139607,
    0.7623472178118886,
    0.8078685528471059,
    0.7633346062042335,
    0.7998401283132448,
    0.7892231413995374
  ],
  "beta_std": [
    0.06929533183574677,
    0.12307501584291458,
    0.14960260689258575,
    0.12434852123260498,
    0.23826313018798828,
    0.16051644086837769,
    0.23492109775543213,
    0.1957346349954605,
    0.17643938958644867,
    0.24603880941867828,
    0.20079641044139862,
    0.15907521545886993,
    0.26619234681129456,
    0.1702430099248886,
    0.2270328253507614,
    0.22829467058181763,
    0.23345205187797546
  ],
  "beta_mean": [
    -0.04618290439248085,
    0.05367923155426979,
    -0.14919346570968628,
    0.0359545573592186,
    0.02422768622636795,
    -0.12497616559267044,
    0.01905636116862297,
    -0.09845925122499466,
    -0.09429369121789932,
    -0.03982693701982498,
    0.03817417845129967,
    -0.17960737645626068,
    -0.015184255316853523,
    -0.06387551873922348,
    0.09464099258184433,
    -0.09590332210063934,
    -0.02903013862669468
  ]
}