{
  "train_loss": [
    0.7295535150815172,
    0.6864286774187758,
    0.6815957589456213,
    0.6553162623846043,
    0.6734073453479343,
    0.6455154222633407,
    0.6525245122881661,
    0.6502100166661,
    0.6437594480124134,
    0.6392473932316429,
    0.6357651500674019,
    0.6439195017786751,
    0.640777188908984,
    0.6307622376101756,
    0.6286955378069515,
    0.6242507501652367,
    0.6292796780839998,
    0.6333684374853882,
    0.6257757144225271,
    0.6399516460351776,
    0.642191523696944
  ],
  "val_loss": [
    0.7430258393287659,
    0.7124260067939758,
    0.7281861901283264,
    0.7204785943031311,
    0.7181517481803894,
    0.7144206166267395,
    0.7148195505142212,
    0.732106626033783,
    0.7281995415687561,
    0.7142354249954224,
    0.702478289604187,
    0.7338124513626099,
    0.7211583256721497,
    0.7109689712524414,
    0.7286695837974548,
    0.7308470010757446,
    0.725841760635376,
    0.7214876413345337,
    0.7083633542060852,
    0.720910906791687,
    0.7213581204414368
  ],
  "best_epoch": 10,
  "status": "underfit",
  "grad_norm": [
    1.0343745235914057,
    0.9908410007070582,
    0.9736134455928049,
    0.9061780292073377,
    0.9803896368267079,
    0.8714473544859396,
    0.8580976694463772,
    0.8429955142404453,
    0.8867388599043932,
    0.8653050880142447,
    0.8411969574760844,
    0.8611208267589346,
    0.7983850253839178,
    0.7911557651258422,
    0.8329542174312687,
    0.8003257380304346,
    0.8285512887831031,
    0.8528863767757477,
    0.831903464413701,
    0.8472181446607264,
    0.7863384695942757
  ],
  "beta_std": [
    0.21263039112091064,
    0.2654351592063904,
    0.16139313578605652,
    0.3006227910518646,
    0.20357349514961243,
    0.24780553579330444,
    0.25224217772483826,
    0.253024160861969,
    0.24133868515491486,
    0.1641606241464615,
    0.23180216550827026,
    0.17544446885585785,
    0.20654115080833435,
    0.20766787230968475,
    0.23816266655921936,
    0.21454575657844543,
    0.26634863018989563,
    0.2922104299068451,
    0.23212428390979767,
    0.26500287652015686,
    0.2215692400932312
  ],
  "beta_mean": [
    -0.07972797006368637,
    -0.07966998964548111,
    -0.08724170923233032,
    -0.08860047906637192,
    -0.21976172924041748,
    -0.19238586723804474,
    -0.1497955024242401,
    -0.020260194316506386,
    -0.006166549399495125,
    -0.034939996898174286,
    -0.12997618317604065,
    -0.08858124911785126,
    -0.13546422123908997,
    -0.08967166393995285,
    -0.13760575652122498,
    -0.049917906522750854,
    -0.23168933391571045,
    -0.08778487890958786,
    -0.06873653084039688,
    -0.1561814844608307,
    -0.04608398303389549
  ]
}