{
  "train_loss": [
    0.7683803249381439,
    0.69093986417815,
    0.6844307045072143,
    0.668939138922775,
    0.6752590262680723,
    0.672169262386902,
    0.659289958009943,
    0.6563159459515622,
    0.6621596724596637,
    0.6516021898476004,
    0.6493589870832119,
    0.650866326030932,
    0.6504579131923921,
    0.6450963475550825,
    0.6337279301916646,
    0.6339695873734547,
    0.6325707227514501,
    0.6318877109310084,
    0.6273821502819396,
    0.6292622220446492,
    0.6214114035639846,
    0.6307506288143626,
    0.6284482974476284,
    0.625690600830212,
    0.6246847705255475,
    0.6167580936387268,
    0.6133485835895204
  ],
  "val_loss": [
    0.6966095566749573,
    0.6537320613861084,
    0.659181535243988,
    0.6591764688491821,
    0.6494722962379456,
    0.6538466811180115,
    0.6388843059539795,
    0.6519066095352173,
    0.6553376913070679,
    0.6641096472740173,
    0.6568899154663086,
    0.6599249839782715,
    0.641794741153717,
    0.6372213959693909,
    0.64163738489151,
    0.6540851593017578,
    0.6338320970535278,
    0.6523286700248718,
    0.6571246385574341,
    0.6496090888977051,
    0.6839090585708618,
    0.6756352782249451,
    0.6721802949905396,
    0.6448801755905151,
    0.6677988767623901,
    0.6520777940750122,
    0.6680182218551636
  ],
  "best_epoch": 16,
  "status": "ok",
  "grad_norm": [
    1.0262644410869854,
    0.840948546739727,
    0.8379114137230574,
    0.8146455505713787,
    0.794678310312461,
    0.8707520454116799,
    0.8180460965887817,
    0.795628495896814,
    0.7923351434618714,
    0.8366923121361798,
    0.7772263303406874,
    0.7872043672642787,
    0.7675809478404909,
    0.7970426405090143,
    0.8138321147301466,
    0.7933199812643275,
    0.8143916381052116,
    0.7902269029940917,
    0.8080321445518562,
    0.8382386479419613,
    0.8204313974165172,
    0.8328042612861591,
    0.7987686547669547,
    0.8023571278641997,
    0.7757236047255168,
    0.8268913152282508,
    0.8062735812914855
  ],
  "beta_std": [
    0.16833871603012085,
    0.2137639820575714,
    0.2585194408893585,
    0.2112448364496231,
    0.21927839517593384,
    0.17360007762908936,
    0.22347649931907654,
    0.21845726668834686,
    0.1987699419260025,
    0.19542255997657776,
    0.23299135267734528,
    0.1584736853837967,
    0.25039154291152954,
    0.2763540744781494,
    0.21418383717536926,
    0.20984157919883728,
    0.2394588589668274,
    0.32589706778526306,
    0.2698171138763428,
    0.2448984533548355,
    0.2985636591911316,
    0.25184351205825806,
    0.2616000175476074,
    0.232310950756073,
    0.283526211977005,
    0.21230654418468475,
    0.2770223021507263
  ],
  "beta_mean": [
    -0.030740654096007347,
    -0.08746369928121567,
    0.005039641633629799,
    -0.10252350568771362,
    -0.08597966283559799,
    -0.07683894038200378,
    0.018743274733424187,
    0.07994959503412247,
    0.047571949660778046,
    -0.06876220554113388,
    -0.10336386412382126,
    -0.08580193668603897,
    -0.1053277924656868,
    -0.0008659265004098415,
    -0.008530410006642342,
    0.04340123385190964,
    -0.015333650633692741,
    -0.0672716423869133,
    -0.02892179787158966,
    -0.14223146438598633,
    0.0955783873796463,
    -0.13959527015686035,
    -0.010199686512351036,
    -0.008434529416263103,
    -0.015441368333995342,
    -0.13683462142944336,
    0.08516073226928711
  ]
}