{
  "train_loss": [
    0.7695342192120023,
    0.7109849957360161,
    0.6984377587901222,
    0.6914666961563958,
    0.6874994694126977,
    0.6764400907092625,
    0.6638923080762228,
    0.6672297198507521,
    0.668493580977122,
    0.6620181977483961,
    0.6816435528331333,
    0.6760073103904725,
    0.6676637324492136,
    0.669411124282413,
    0.6633053686353896,
    0.6554078682263692,
    0.6564847773445978,
    0.6606141771740384
  ],
  "val_loss": [
    0.7217435240745544,
    0.7153648734092712,
    0.7096713185310364,
    0.713529646396637,
    0.7060628533363342,
    0.6910024285316467,
    0.698893666267395,
    0.678941011428833,
    0.6879287362098694,
    0.691149890422821,
    0.7103452086448669,
    0.6946486830711365,
    0.7004430890083313,
    0.6950985789299011,
    0.6808621883392334,
    0.7052744626998901,
    0.6848384141921997,
    0.6905933618545532
  ],
  "best_epoch": 7,
  "status": "underfit",
  "grad_norm": [
    0.9725403463266284,
    0.864326289046643,
    0.8529690024254233,
    0.8080233117251285,
    0.7808693106256768,
    0.802837775650965,
    0.7356784172394304,
    0.7593655544105151,
    0.7095250737217638,
    0.7230561756329995,
    0.8163271383199688,
    0.6847820534073031,
    0.6837660268464352,
    0.6670606189781685,
    0.6673639769286164,
    0.7049483165186236,
    0.6956009890346361,
    0.7234785903930336
  ],
  "beta_std": [
    0.10695984959602356,
    0.16693323850631714,
    0.16305296123027802,
    0.15255174040794373,
    0.2009543776512146,
    0.2387998402118683,
    0.1455872505903244,
    0.17489643394947052,
    0.16661877930164337,
    0.15693624317646027,
    0.18446440994739532,
    0.14315973222255707,
    0.22034600377082825,
    0.18286094069480896,
    0.17653588950634003,
    0.14745453000068665,
    0.16081112623214722,
    0.18865790963172913
  ],
  "beta_mean": [
    -0.008282458409667015,
    -0.06590651720762253,
    -0.023259049281477928,
    -0.085322305560112,
    -0.0254230797290802,
    -0.031679123640060425,
    -0.04964499548077583,
    -0.08915040642023087,
    0.03902483731508255,
    -0.06911944597959518,
    -0.051723841577768326,
    -0.013046571984887123,
    -0.05518129840493202,
    -0.028458938002586365,
    -0.1048964411020279,
    0.0891946405172348,
    -0.14403706789016724,
    -0.03761020675301552
  ]
}