{
  "train_loss": [
    0.7495022762086656,
    0.6980019460254245,
    0.6902688360744053,
    0.6735028443336487,
    0.670483819855584,
    0.6686152651045058,
    0.6588305340872871,
    0.6532319259643554,
    0.6548500918282403,
    0.6540310011439854,
    0.6581381136576334,
    0.646519614537557,
    0.645086635960473,
    0.6485042418373955
  ],
  "val_loss": [
    0.7704586386680603,
    0.726402223110199,
    0.7097383737564087,
    0.695504367351532,
    0.743611216545105,
    0.7433386445045471,
    0.7751529216766357,
    0.6994377374649048,
    0.7086732387542725,
    0.7263265252113342,
    0.7092166543006897,
    0.725023090839386,
    0.7166352272033691,
    0.7060213685035706
  ],
  "best_epoch": 3,
  "status": "underfit",
  "grad_norm": [
    0.9531934428014347,
    0.90111231842869,
    0.8999022727289864,
    0.8852498403122334,
    0.8369999944275037,
    0.8475525996525032,
    0.7969101135946297,
    0.8178436821264832,
    0.7640877906462412,
    0.7829394631510505,
    0.7650104252812002,
    0.8057275283554112,
    0.7752443442778556,
    0.7876416868164604
  ],
  "beta_std": [
    0.2780993580818176,
    0.18581177294254303,
    0.2211277335882187,
    0.17120301723480225,
    0.17487123608589172,
    0.1979517638683319,
    0.1859079897403717,
    0.15291839838027954,
    0.22856220602989197,
    0.2681654393672943,
    0.15207767486572266,
    0.20636828243732452,
    0.19480252265930176,
    0.21417641639709473
  ],
  "beta_mean": [
    -0.10048265010118484,
    -0.05653999745845795,
    -0.06610673666000366,
    -0.08904848992824554,
    -0.08389569073915482,
    -0.06795254349708557,
    -0.09768344461917877,
    -0.08288974314928055,
    -0.07079870998859406,
    -0.17273031175136566,
    -0.12216698378324509,
    -0.10707041621208191,
    -0.11920200288295746,
    -0.0232625100761652
  ]
}