{
  "train_loss": [
    0.772381057050493,
    0.7238081866370307,
    0.7024310025639005,
    0.6988426047960917,
    0.6916502247916327,
    0.6867308024830289,
    0.6743393308851454,
    0.6974119377136231,
    0.6921938449806637,
    0.6774317840735118,
    0.6676037949985928,
    0.6727892173131307,
    0.6611758263773388,
    0.6652427002588908,
    0.6646154781977336,
    0.6595966204537286,
    0.6633275782797071,
    0.652072504705853,
    0.6659300503730774,
    0.6572956670125325
  ],
  "val_loss": [
    0.6057406067848206,
    0.6519673466682434,
    0.6530002951622009,
    0.5975419878959656,
    0.6564887762069702,
    0.6110311150550842,
    0.6025891304016113,
    0.6389690041542053,
    0.6785829663276672,
    0.5881041884422302,
    0.6122583746910095,
    0.6347576975822449,
    0.6175416111946106,
    0.6116907596588135,
    0.6140063405036926,
    0.6373858451843262,
    0.6400456428527832,
    0.6339787840843201,
    0.6105278730392456,
    0.6269157528877258
  ],
  "best_epoch": 9,
  "status": "underfit",
  "grad_norm": [
    0.9716843240116876,
    0.8980890564985892,
    0.8632585017643276,
    0.8392642956268168,
    0.8165190037516858,
    0.7660218988293995,
    0.7349712284073153,
    0.7803029861068477,
    0.7243419516240642,
    0.6882314954898784,
    0.7105123161395017,
    0.7541585119487911,
    0.7090656412346613,
    0.7473944008978151,
    0.7592416117191135,
    0.7370329310565981,
    0.7344920236577732,
    0.7205486559150925,
    0.7454990688555092,
    0.7361651273487894
  ],
  "beta_std": [
    0.23129498958587646,
    0.2561613917350769,
    0.18979662656784058,
    0.23800507187843323,
    0.24247778952121735,
    0.21018925309181213,
    0.22540625929832458,
    0.2512827515602112,
    0.2005913257598877,
    0.3337920904159546,
    0.26845866441726685,
    0.24832235276699066,
    0.20268802344799042,
    0.2626486122608185,
    0.21354560554027557,
    0.19102521240711212,
    0.2598782479763031,
    0.20844171941280365,
    0.2930445671081543,
    0.2691185772418976
  ],
  "beta_mean": [
    -0.01256492268294096,
    -0.033133767545223236,
    -0.05362017825245857,
    -0.14416973292827606,
    -0.13757628202438354,
    -0.17793357372283936,
    -0.16621015965938568,
    -0.09693130850791931,
    -0.07103853672742844,
    -0.12217824161052704,
    -0.15271826088428497,
    -0.10814975947141647,
    -0.18286675214767456,
    -0.14918029308319092,
    -0.11649886518716812,
    -0.16027633845806122,
    -0.21294641494750977,
    -0.2333301454782486,
    -0.1211262196302414,
    -0.2580258846282959
  ]
}