{
  "train_loss": [
    2.514428041999103,
    1.8914106142311766,
    1.8674595444104825,
    1.8327190865131846,
    1.783588115876181,
    1.731863436503717,
    1.6920644047385769,
    1.6681323329189368,
    1.6666881405958656,
    1.6505431174395377,
    1.6581275152462964,
    1.6172347614221405,
    1.6226830905222753,
    1.6181415515754656,
    1.6124000503863507,
    1.5825682167142456,
    1.5729028197617558,
    1.5642957945037306,
    1.5612215510307,
    1.5435116906193962,
    1.524446342758268,
    1.5251846172935084,
    1.5206610545777437,
    1.4879046557521263,
    1.4954538180256447,
    1.5102170020097878,
    1.4788544642297845,
    1.4838537941480938,
    1.4766356596193815
  ],
  "val_loss": [
    1.7558499574661255,
    1.7974662780761719,
    1.7601292133331299,
    1.6669137477874756,
    1.6162279844284058,
    1.5833501815795898,
    1.654242753982544,
    1.5729985237121582,
    1.6328288316726685,
    1.583565354347229,
    1.518358588218689,
    1.5381463766098022,
    1.530957579612732,
    1.5385382175445557,
    1.4646910429000854,
    1.4861202239990234,
    1.508989691734314,
    1.4858447313308716,
    1.4002305269241333,
    1.4576184749603271,
    1.4558255672454834,
    1.4885149002075195,
    1.4339914321899414,
    1.4158650636672974,
    1.4310752153396606,
    1.4749159812927246,
    1.429417610168457,
    1.493727207183838,
    1.4829083681106567
  ],
  "best_epoch": 18,
  "status": "ok",
  "grad_norm": [
    2.8967566395013487,
    2.4913409015053145,
    2.369568444109602,
    2.43874299994548,
    2.481399121481461,
    2.365218562521605,
    2.315100853017253,
    2.360042095651908,
    2.406410746590933,
    2.330455608210289,
    2.3763050949482225,
    2.265604508534622,
    2.378290662442422,
    2.2969872380314675,
    2.2974265896739725,
    2.25460691205689,
    2.2182282863495084,
    2.296714586459193,
    2.302047056698715,
    2.204062585653489,
    2.3210899871795285,
    2.3739224785690585,
    2.3952806551470704,
    2.3195859775626,
    2.375458469413541,
    2.4229853250371347,
    2.328298711367823,
    2.3147407531835738,
    2.264321514249405
  ],
  "beta_std": [
    0.7462512254714966,
    0.7842320203781128,
    0.6696392893791199,
    0.7124913334846497,
    0.7455258965492249,
    0.7535726428031921,
    0.7551109194755554,
    0.7899065017700195,
    0.7476537227630615,
    0.725163996219635,
    0.9728349447250366,
    0.8895715475082397,
    0.7880775332450867,
    0.739400327205658,
    0.7362058758735657,
    0.6127178072929382,
    0.7496673464775085,
    0.5275089740753174,
    0.7069646716117859,
    0.7639819383621216,
    0.6093703508377075,
    0.7384666204452515,
    0.8174540400505066,
    0.6739475727081299,
    0.7793115377426147,
    0.7101024985313416,
    0.7836861610412598,
    0.7757240533828735,
    0.7888579964637756
  ],
  "beta_mean": [
    -0.23235146701335907,
    -0.16052749752998352,
    -0.07765313237905502,
    -0.20219923555850983,
    -0.3174900412559509,
    -0.2813893258571625,
    -0.28199735283851624,
    -0.23509052395820618,
    -0.12888161838054657,
    -0.23375293612480164,
    -0.07464370876550674,
    -0.13951057195663452,
    -0.18810537457466125,
    -0.272800087928772,
    -0.262868195772171,
    -0.28926408290863037,
    -0.2528264820575714,
    -0.15503892302513123,
    -0.19746020436286926,
    -0.10383612662553787,
    -0.045040637254714966,
    -0.18683335185050964,
    -0.2607171833515167,
    -0.18240155279636383,
    -0.16201557219028473,
    -0.23890630900859833,
    -0.31958460807800293,
    -0.12905916571617126,
    -0.21769341826438904
  ]
}