{
  "train_loss": [
    2.5733996208927086,
    1.9351879079997192,
    1.8371959486900018,
    1.8210094304391515,
    1.7689857881947568,
    1.7257676622881526,
    1.7398299687926533,
    1.6700241871326291,
    1.662885205954836,
    1.66071080573121,
    1.6100136462429113,
    1.6098531887266372,
    1.5987880519398472,
    1.6029721772043328,
    1.5774008100353487,
    1.5696557929223043,
    1.5787619358754297,
    1.5524181274503295,
    1.506779925669843,
    1.5101832131893314,
    1.5130805840269166,
    1.4982724984486897,
    1.4851933934953478,
    1.4641648835466619,
    1.4666346595998396,
    1.480376084087885,
    1.4665230908589055,
    1.4692905947478891,
    1.4449033822790225,
    1.4323538857454445,
    1.456783616696185,
    1.46002083081251,
    1.4516650108147784,
    1.41222872756378,
    1.4276660184414065,
    1.4056836959214238,
    1.4170249978282996,
    1.4181997651384588,
    1.4038406929774592,
    1.4455058967021475,
    1.3992189816145868,
    1.4045075384218093,
    1.3875232821319536,
    1.4125573771460014,
    1.4213755502756575,
    1.3694126606545254,
    1.3935655028638785,
    1.4235197946202685,
    1.3851868278659576,
    1.3836473119746873
  ],
  "val_loss": [
    1.808798909187317,
    1.7530663013458252,
    1.716618537902832,
    1.8258274793624878,
    1.648869276046753,
    1.6934807300567627,
    1.6496431827545166,
    1.5752164125442505,
    1.5602929592132568,
    1.617039680480957,
    1.5307337045669556,
    1.5268161296844482,
    1.5356065034866333,
    1.5369845628738403,
    1.4833340644836426,
    1.4809541702270508,
    1.5723037719726562,
    1.5944867134094238,
    1.4985549449920654,
    1.4914348125457764,
    1.4755252599716187,
    1.48356032371521,
    1.4715274572372437,
    1.4811859130859375,
    1.4368764162063599,
    1.5021357536315918,
    1.4438763856887817,
    1.4405068159103394,
    1.4216114282608032,
    1.4754836559295654,
    1.5467262268066406,
    1.484365701675415,
    1.4228790998458862,
    1.452009677886963,
    1.4461580514907837,
    1.4254335165023804,
    1.5009377002716064,
    1.421471357345581,
    1.3499722480773926,
    1.4651376008987427,
    1.387560248374939,
    1.3176058530807495,
    1.426416039466858,
    1.5414530038833618,
    1.4082571268081665,
    1.384192943572998,
    1.4098565578460693,
    1.393887996673584,
    1.3465889692306519,
    1.4169479608535767
  ],
  "best_epoch": 41,
  "status": "ok",
  "grad_norm": [
    2.756144223927074,
    2.511908201717972,
    2.3180015308002226,
    2.2806443287500517,
    2.291341128650715,
    2.2425622665586213,
    2.3658300928462372,
    2.312583165337417,
    2.279902777990243,
    2.2679472499371003,
    2.2343099117913208,
    2.2427846269386458,
    2.2918577054588414,
    2.311327202545172,
    2.315534038442395,
    2.2749471105199195,
    2.334902470888979,
    2.3238033882331703,
    2.2370496096958403,
    2.394147607378904,
    2.348846921481008,
    2.3033221786370324,
    2.380463851675946,
    2.2730048930577933,
    2.350890846333588,
    2.334369581832018,
    2.3298397958558614,
    2.449264109469221,
    2.372506283751227,
    2.3464663233798175,
    2.328320241802738,
    2.305091342317592,
    2.3993546607421625,
    2.2161645042151106,
    2.3075372563320267,
    2.327155232767358,
    2.322293588712424,
    2.2578311876700687,
    2.243893589813053,
    2.4768280571101586,
    2.304804212770291,
    2.32131472905178,
    2.396224128350471,
    2.315690529562794,
    2.4092109379775235,
    2.2928457640022537,
    2.401354698046891,
    2.420403400379201,
    2.2521582881264335,
    2.348024288601389
  ],
  "beta_std": [
    0.768948495388031,
    0.8519111275672913,
    0.8689673542976379,
    0.7745611667633057,
    0.8028877973556519,
    0.825805127620697,
    0.6979069113731384,
    0.7214450240135193,
    0.8219828605651855,
    0.5925791263580322,
    0.7755737900733948,
    0.7592623233795166,
    0.7496519684791565,
    0.6452398896217346,
    0.7461841702461243,
    0.9039199948310852,
    0.6791122555732727,
    0.7604690790176392,
    0.7380847334861755,
    0.7333040833473206,
    0.7577297687530518,
    0.8119899034500122,
    0.660455584526062,
    0.7522720694541931,
    0.6736580729484558,
    0.706050455570221,
    0.7175635695457458,
    0.8353855609893799,
    0.7643516063690186,
    0.7277528643608093,
    0.5565497875213623,
    0.596286952495575,
    0.8736158013343811,
    0.7801082730293274,
    0.8277913928031921,
    0.7493730783462524,
    0.6483551859855652,
    0.7090287804603577,
    0.8738849759101868,
    0.7473165988922119,
    0.7559566497802734,
    0.7843440175056458,
    0.6154541373252869,
    0.6159689426422119,
    0.6793758273124695,
    0.7788551449775696,
    0.7857345938682556,
    0.7886053919792175,
    0.7283098101615906,
    0.8474025726318359
  ],
  "beta_mean": [
    -0.15634024143218994,
    -0.17066580057144165,
    -0.28816670179367065,
    -0.14869137108325958,
    -0.19959656894207,
    -0.29476308822631836,
    -0.17645205557346344,
    -0.10619371384382248,
    -0.19158819317817688,
    -0.1922219693660736,
    -0.28905782103538513,
    -0.2607872784137726,
    -0.3510764241218567,
    -0.31365102529525757,
    -0.3897787928581238,
    -0.1026831716299057,
    -0.29165327548980713,
    -0.1042865440249443,
    -0.33311429619789124,
    -0.406678169965744,
    -0.2142014056444168,
    -0.2782101333141327,
    -0.32498255372047424,
    -0.1309647560119629,
    -0.19465205073356628,
    -0.2946317791938782,
    -0.28035810589790344,
    -0.214680477976799,
    -0.3844762146472931,
    -0.062324486672878265,
    -0.18916109204292297,
    -0.21183757483959198,
    -0.24989113211631775,
    -0.2869952917098999,
    -0.023021366447210312,
    -0.31334325671195984,
    -0.2341030091047287,
    -0.07863135635852814,
    -0.2536267340183258,
    -0.253261536359787,
    -0.26757389307022095,
    -0.3360026180744171,
    -0.20605987310409546,
    0.03332238271832466,
    -0.25048497319221497,
    -0.22230206429958344,
    -0.23149879276752472,
    -0.13876888155937195,
    -0.3065997362136841,
    -0.1252395659685135
  ]
}