{
  "train_loss": [
    2.644357180455972,
    1.931785365991425,
    1.889395917089362,
    1.8365718784109193,
    1.790880539905258,
    1.7487810567387363,
    1.7224001820045605,
    1.718737847456458,
    1.7020149010384988,
    1.651200316384522,
    1.6942198240826702,
    1.6709297092337356,
    1.6498188013500636,
    1.6685564137341684,
    1.6295565039093731,
    1.6348796636179874,
    1.6188813930924175,
    1.6196819620243987,
    1.6189937352855304,
    1.606119231090211,
    1.5900150408382305,
    1.6084465926990175,
    1.5780587687408716,
    1.5929696625993963,
    1.6005865254597358,
    1.5797377202664202,
    1.5675994930769268,
    1.5471960946412113,
    1.5578909177110907,
    1.547164818780464,
    1.5473685554593628,
    1.530827456831235,
    1.5490030253282068,
    1.5266587696856226,
    1.5525054057996872,
    1.5233989250450803,
    1.5083928050214086,
    1.5029765010019491,
    1.5311737502945795,
    1.497925306398269,
    1.4971814894815634,
    1.4857442653667159,
    1.4912710734138712,
    1.4632540540249026
  ],
  "val_loss": [
    1.7145482301712036,
    1.7263435125350952,
    1.6814411878585815,
    1.5971310138702393,
    1.6148000955581665,
    1.457206130027771,
    1.5600712299346924,
    1.472079873085022,
    1.5124244689941406,
    1.4955322742462158,
    1.4342639446258545,
    1.4384429454803467,
    1.5011879205703735,
    1.438193440437317,
    1.4705281257629395,
    1.4608280658721924,
    1.491144061088562,
    1.5052343606948853,
    1.521756887435913,
    1.5413168668746948,
    1.4302632808685303,
    1.4953649044036865,
    1.4548107385635376,
    1.4584287405014038,
    1.419963002204895,
    1.3984109163284302,
    1.4739563465118408,
    1.4534380435943604,
    1.409491777420044,
    1.4410282373428345,
    1.437164068222046,
    1.4039984941482544,
    1.4394736289978027,
    1.3618890047073364,
    1.3667131662368774,
    1.377403736114502,
    1.4504510164260864,
    1.3892823457717896,
    1.5056442022323608,
    1.4062050580978394,
    1.376279592514038,
    1.3821958303451538,
    1.3961108922958374,
    1.3976675271987915
  ],
  "best_epoch": 33,
  "status": "ok",
  "grad_norm": [
    2.840470085252152,
    2.496105040829775,
    2.3928031761390383,
    2.335608012024029,
    2.274826024253466,
    2.2416108469374647,
    2.3799893580714127,
    2.2816155226741177,
    2.330526677041282,
    2.2461340161421495,
    2.2856089032414597,
    2.2838035099374414,
    2.189682169656971,
    2.2725399634665293,
    2.1644491367841012,
    2.166445784372241,
    2.1422145095755267,
    2.164875009279746,
    2.2222349845033667,
    2.1978660066836704,
    2.154202675341977,
    2.1648625912411186,
    2.2376392860745207,
    2.114629417738033,
    2.227324139759264,
    2.147324076658814,
    2.1341239004747528,
    2.1718980432795165,
    2.155949521286256,
    2.264498943570467,
    2.1717961607946394,
    2.2004436836287877,
    2.260298917149881,
    2.1811941210685792,
    2.2274433191438643,
    2.2290220223569146,
    2.249476120542451,
    2.1633996875363386,
    2.179370376470222,
    2.1645474012902195,
    2.192295481076528,
    2.2344563547909866,
    2.241992408798278,
    2.2574780989939174
  ],
  "beta_std": [
    0.642761766910553,
    0.7599781155586243,
    0.9074265956878662,
    0.7304866313934326,
    0.8755317330360413,
    0.8328076601028442,
    0.9209518432617188,
    0.847737193107605,
    0.7127032279968262,
    0.598057210445404,
    0.701688826084137,
    0.7734657526016235,
    0.8131450414657593,
    0.7627951502799988,
    0.7999908924102783,
    0.6824418306350708,
    0.636650025844574,
    0.7521942853927612,
    0.6926196217536926,
    0.6672866344451904,
    0.7732064723968506,
    0.9043649435043335,
    0.6898123621940613,
    0.7649193406105042,
    0.838839590549469,
    0.7260932922363281,
    0.7337973713874817,
    0.8342201709747314,
    0.7776496410369873,
    0.7535347938537598,
    0.8726023435592651,
    0.7312363982200623,
    0.9465036392211914,
    0.8916116952896118,
    0.8701399564743042,
    0.6953597068786621,
    0.8355569243431091,
    0.8370329737663269,
    0.9291632175445557,
    0.7322993278503418,
    0.6899440288543701,
    0.883985698223114,
    0.7847727537155151,
    0.9117873311042786
  ],
  "beta_mean": [
    -0.2724698781967163,
    -0.19614090025424957,
    -0.1698448359966278,
    -0.2209472507238388,
    -0.3303786814212799,
    -0.18894395232200623,
    0.014683450572192669,
    -0.12457519769668579,
    -0.24688255786895752,
    -0.23007020354270935,
    -0.1269938051700592,
    -0.25369375944137573,
    -0.23483029007911682,
    -0.26366081833839417,
    -0.16959121823310852,
    -0.219497412443161,
    -0.20422209799289703,
    -0.32351991534233093,
    -0.33371442556381226,
    -0.1061428040266037,
    -0.17577841877937317,
    -0.22758878767490387,
    -0.24266481399536133,
    -0.10533230751752853,
    -0.20154264569282532,
    -0.1445661038160324,
    -0.2952759563922882,
    -0.3558374047279358,
    -0.06548026949167252,
    -0.3816353678703308,
    -0.42027074098587036,
    -0.2819288969039917,
    -0.1822482943534851,
    -0.23248153924942017,
    -0.10015649348497391,
    -0.216189444065094,
    -0.36833539605140686,
    -0.18442858755588531,
    -0.27417027950286865,
    -0.2304253727197647,
    -0.19866374135017395,
    -0.3742286264896393,
    -0.07550714910030365,
    -0.18834006786346436
  ]
}