{
  "train_loss": [
    2.563210784705759,
    1.9123537367547465,
    1.8099990722589325,
    1.738367677850333,
    1.7332910498401575,
    1.6965426370274952,
    1.668422240736889,
    1.6567935508594178,
    1.6098054767073247,
    1.5836581200326396,
    1.5857952986823187,
    1.5498997899663378,
    1.5149597125583225,
    1.512462995428788,
    1.500903529786227,
    1.4705909464094373,
    1.4466398714299789,
    1.4381534906298097,
    1.43446441700584,
    1.4192205034780223,
    1.4178011226096348,
    1.4152993915792098,
    1.4122530633803696,
    1.391458772023519,
    1.367198031157778,
    1.38951349211018,
    1.4097484253721628,
    1.380376284052754,
    1.364598487999007,
    1.376455906873558,
    1.3772198421355577,
    1.3588350273712337,
    1.3627153270007575,
    1.3584587612486723,
    1.3684657633095456,
    1.3780063321297629,
    1.3455557660331503,
    1.3789007106580233,
    1.3588573959417511,
    1.344020016932348,
    1.372779048200239,
    1.3733391434407374,
    1.3571504008979127,
    1.3496656256948996,
    1.3488975401091994,
    1.3615437961321826
  ],
  "val_loss": [
    1.9833964109420776,
    1.8598817586898804,
    1.7713500261306763,
    1.7565867900848389,
    1.7157899141311646,
    1.629070520401001,
    1.6651126146316528,
    1.7100547552108765,
    1.5874557495117188,
    1.6431403160095215,
    1.5509122610092163,
    1.571354627609253,
    1.5200501680374146,
    1.4825140237808228,
    1.4881434440612793,
    1.4950063228607178,
    1.4778944253921509,
    1.5429939031600952,
    1.5495046377182007,
    1.4676584005355835,
    1.4369616508483887,
    1.4654229879379272,
    1.414454460144043,
    1.4825162887573242,
    1.4754127264022827,
    1.4622684717178345,
    1.4045524597167969,
    1.3793118000030518,
    1.399654507637024,
    1.3967182636260986,
    1.4573625326156616,
    1.3780505657196045,
    1.3974531888961792,
    1.4067485332489014,
    1.4025501012802124,
    1.3582236766815186,
    1.3759608268737793,
    1.411139726638794,
    1.4842658042907715,
    1.4379886388778687,
    1.3864108324050903,
    1.3945845365524292,
    1.4385231733322144,
    1.4289376735687256,
    1.398620367050171,
    1.532673716545105
  ],
  "best_epoch": 35,
  "status": "ok",
  "grad_norm": [
    2.53784380642413,
    2.4532798179451047,
    2.3775723880786352,
    2.2711086085355916,
    2.3843889591709613,
    2.320755496505896,
    2.3331057288516264,
    2.3733392527134307,
    2.385144350549313,
    2.3088518066302726,
    2.320465160497173,
    2.2848440436974564,
    2.4208125926686233,
    2.433420570353001,
    2.508311655033597,
    2.4695081755540875,
    2.4035194781765816,
    2.393006169336034,
    2.358131050403511,
    2.3299438171773024,
    2.441524609799521,
    2.3952011072420176,
    2.4659394307371802,
    2.452316676371546,
    2.312945687128782,
    2.3993248546864714,
    2.363108543563837,
    2.3945312101948217,
    2.2392523925555157,
    2.230338350347332,
    2.3557855200812754,
    2.2593684712996716,
    2.249040690607392,
    2.3270472741447525,
    2.3102720949074786,
    2.355151135032322,
    2.2933781813241523,
    2.2755151226884722,
    2.2762386127208902,
    2.3068405915932497,
    2.3496985123466008,
    2.32978364537742,
    2.3478876900870116,
    2.287013222263543,
    2.2951914735096186,
    2.3539823707261847
  ],
  "beta_std": [
    0.5828003883361816,
    0.6767665147781372,
    0.672675609588623,
    0.8489683270454407,
    0.7863005995750427,
    0.7385368347167969,
    0.6639519333839417,
    0.7639228105545044,
    0.7066938281059265,
    0.7453722357749939,
    0.7093036770820618,
    0.6642066836357117,
    0.7379071712493896,
    0.7298711538314819,
    0.7171424627304077,
    0.7603961229324341,
    0.8092247843742371,
    0.6215358376502991,
    0.6248327493667603,
    0.8175905346870422,
    0.8314115405082703,
    0.8117213845252991,
    0.8551797866821289,
    0.7426304817199707,
    0.6767997145652771,
    0.74183589220047,
    0.8188223242759705,
    0.7114549279212952,
    0.7902241349220276,
    0.6486315131187439,
    0.802515983581543,
    0.6667513251304626,
    0.7523558735847473,
    0.8062537908554077,
    0.7447086572647095,
    0.6934937834739685,
    0.8344541788101196,
    0.7840728759765625,
    0.8628508448600769,
    0.6970714330673218,
    0.7400221228599548,
    0.7947894334793091,
    0.7883071303367615,
    0.7834584712982178,
    0.7515220046043396,
    0.676525354385376
  ],
  "beta_mean": [
    -0.29428786039352417,
    -0.34846505522727966,
    -0.13523486256599426,
    -0.22107401490211487,
    -0.37127283215522766,
    -0.202900692820549,
    -0.3024526536464691,
    -0.2551685869693756,
    -0.20401357114315033,
    -0.25462618470191956,
    -0.32238319516181946,
    -0.2124973088502884,
    -0.3383128345012665,
    -0.4186241328716278,
    -0.30002832412719727,
    -0.24695557355880737,
    -0.2767164409160614,
    -0.2836371958255768,
    0.03483765572309494,
    -0.1429252326488495,
    -0.2325676828622818,
    -0.2163158655166626,
    -0.23818469047546387,
    -0.40318968892097473,
    -0.14392468333244324,
    -0.24694599211215973,
    -0.20014455914497375,
    -0.1470738798379898,
    -0.18321886658668518,
    -0.16718672215938568,
    -0.36472630500793457,
    -0.09271959960460663,
    -0.3342340588569641,
    -0.32926681637763977,
    -0.245719775557518,
    -0.1980869323015213,
    -0.1385463923215866,
    -0.2718963623046875,
    -0.39741528034210205,
    -0.3399221897125244,
    -0.22908900678157806,
    -0.19786298274993896,
    -0.1300206333398819,
    0.01190392766147852,
    -0.2860611379146576,
    -0.2868650555610657
  ]
}