{
  "train_loss": [
    2.5620102669342217,
    1.8468274481812417,
    1.7826299513432018,
    1.7716832016504298,
    1.7383182117952938,
    1.6836919179157903,
    1.6511721391008611,
    1.6454404658880848,
    1.6362622712230124,
    1.61782477415096,
    1.6070281312340184,
    1.5800353363382886,
    1.589442007945992,
    1.5984282346078527,
    1.5971821442263865,
    1.5794821475681506,
    1.5778136210413705,
    1.586887826947441,
    1.5583944985183358,
    1.5736751500068353,
    1.5510390715850026,
    1.5418622491513079,
    1.5323126516286392,
    1.5496733934558622,
    1.5287305848361457,
    1.544340868665461,
    1.51744491585514,
    1.530341007360938,
    1.5408222053762068,
    1.5087823134137872
  ],
  "val_loss": [
    1.9910132884979248,
    1.7497143745422363,
    1.6742061376571655,
    1.717043399810791,
    1.746497392654419,
    1.6750115156173706,
    1.7546285390853882,
    1.631135106086731,
    1.6610618829727173,
    1.6036572456359863,
    1.6710847616195679,
    1.607539415359497,
    1.6072050333023071,
    1.6029243469238281,
    1.625617265701294,
    1.6704529523849487,
    1.6309709548950195,
    1.6036839485168457,
    1.6020665168762207,
    1.5360138416290283,
    1.6344538927078247,
    1.5483311414718628,
    1.605849266052246,
    1.597241997718811,
    1.5950825214385986,
    1.6262658834457397,
    1.5696816444396973,
    1.5774574279785156,
    1.5773407220840454,
    1.5528035163879395
  ],
  "best_epoch": 19,
  "status": "ok",
  "grad_norm": [
    2.7621165814642104,
    2.4197544373210444,
    2.3049557435406185,
    2.271009061477654,
    2.2085810620347353,
    2.2509911728062217,
    2.259357309195293,
    2.3037433547633146,
    2.281637348376163,
    2.2360169791685145,
    2.1903141635974017,
    2.158990303794738,
    2.177596127219881,
    2.106409640681964,
    2.2547846872444537,
    2.221145182851667,
    2.1305245544551354,
    2.2001930821412086,
    2.185841431580393,
    2.226491890177073,
    2.2499268452667174,
    2.2129648321809805,
    2.2303045995222095,
    2.2283694640465406,
    2.199465410823429,
    2.2156851477645465,
    2.1119060272676515,
    2.10967398605698,
    2.2438879157390637,
    2.1781976872709228
  ],
  "beta_std": [
    0.5933499932289124,
    0.8548563718795776,
    0.7746134996414185,
    0.744437575340271,
    0.6324520707130432,
    0.7476722598075867,
    0.8331606388092041,
    0.7624490261077881,
    0.7161780595779419,
    0.8556113839149475,
    0.5959416627883911,
    0.6635284423828125,
    0.8203331828117371,
    0.6457250714302063,
    0.717939555644989,
    0.825838565826416,
    0.7240415215492249,
    0.6897475719451904,
    0.7421330809593201,
    0.8113976120948792,
    0.8294417262077332,
    0.7371640801429749,
    0.6839381456375122,
    0.6941010355949402,
    0.733679473400116,
    0.6430124640464783,
    0.6210833191871643,
    0.8623639345169067,
    0.6250229477882385,
    0.8470205664634705
  ],
  "beta_mean": [
    -0.05418409779667854,
    -0.3080337643623352,
    -0.25656601786613464,
    -0.3323785662651062,
    -0.29091423749923706,
    -0.27558934688568115,
    -0.43212249875068665,
    -0.2360704392194748,
    -0.22717471420764923,
    -0.2250586450099945,
    -0.43410760164260864,
    -0.2087850272655487,
    -0.33298346400260925,
    -0.2657780647277832,
    -0.21652449667453766,
    -0.3725452125072479,
    -0.40373095870018005,
    -0.0864630863070488,
    -0.3735102415084839,
    -0.2289915382862091,
    -0.1835712343454361,
    -0.22850072383880615,
    -0.1299101859331131,
    -0.13632330298423767,
    -0.2247459441423416,
    -0.4786829650402069,
    -0.19994062185287476,
    -0.15424998104572296,
    -0.18126243352890015,
    -0.1720101237297058
  ]
}