{
  "train_loss": [
    2.664953250132109,
    2.0017277849208543,
    1.9317928969790363,
    1.8909422809478136,
    1.8069517086820992,
    1.8013846080902725,
    1.7505683042849713,
    1.7607476296062359,
    1.7619009920309858,
    1.7104128898375215,
    1.7248019903863383,
    1.6969487189410026,
    1.6974255745592173,
    1.663879157953095,
    1.645162016439159,
    1.6325779164185998,
    1.647783648507637,
    1.6445032150424712,
    1.6076493517000077,
    1.6183109102751079,
    1.5767188176216438,
    1.5556120596712792,
    1.584704420134338,
    1.5565407951812298,
    1.5333164476372345,
    1.5496206013919318,
    1.5274592689603392,
    1.5254136706235115,
    1.5282225935082687,
    1.532663086840981,
    1.50513716976545,
    1.49512524950574,
    1.4871212713341964,
    1.5027575808519509,
    1.5111632093351486,
    1.4875600576400756,
    1.4746519682421322,
    1.4799186812506782,
    1.4770714199891564,
    1.4691399925912332,
    1.4824539218032569,
    1.4719688591761895,
    1.4845258197728652,
    1.4784671800457245,
    1.4297839421974985,
    1.457689508638884,
    1.4443863804577386,
    1.4390313392773009,
    1.4623002725456193,
    1.41886328490854
  ],
  "val_loss": [
    2.070925235748291,
    1.8754664659500122,
    1.8439877033233643,
    1.7958083152770996,
    1.7596226930618286,
    1.7101686000823975,
    1.6820852756500244,
    1.6493457555770874,
    1.634196400642395,
    1.5865439176559448,
    1.6628767251968384,
    1.5879626274108887,
    1.6073379516601562,
    1.5709326267242432,
    1.5214707851409912,
    1.5608222484588623,
    1.5651886463165283,
    1.5846965312957764,
    1.471265196800232,
    1.5171440839767456,
    1.5548312664031982,
    1.5851428508758545,
    1.59714937210083,
    1.4823644161224365,
    1.4758838415145874,
    1.4949254989624023,
    1.452913761138916,
    1.4983266592025757,
    1.4396979808807373,
    1.5326176881790161,
    1.4552028179168701,
    1.440915584564209,
    1.4557236433029175,
    1.489235758781433,
    1.4382524490356445,
    1.4924275875091553,
    1.454641342163086,
    1.4070528745651245,
    1.436747431755066,
    1.496883749961853,
    1.5075334310531616,
    1.4174375534057617,
    1.4592647552490234,
    1.4128880500793457,
    1.4319950342178345,
    1.4153553247451782,
    1.3906434774398804,
    1.409478783607483,
    1.351685643196106,
    1.3991059064865112
  ],
  "best_epoch": 48,
  "status": "ok",
  "grad_norm": [
    2.8937598324419156,
    2.551496669182163,
    2.3333914872306525,
    2.370427978117676,
    2.3245812488920206,
    2.3541791723369374,
    2.3165249155402043,
    2.3680156209859384,
    2.430137062867381,
    2.2800204958778565,
    2.266989755076072,
    2.3920075377893686,
    2.3467736905416805,
    2.4178568505967752,
    2.284449490954755,
    2.259560939947126,
    2.3469053488738085,
    2.301486003952175,
    2.2761859473092394,
    2.3760915122885042,
    2.26829374740597,
    2.2863382749445673,
    2.4887292211914005,
    2.3106710736115,
    2.274641326595352,
    2.3066928997423366,
    2.2353365376751375,
    2.3035861046125934,
    2.3052067392540208,
    2.373042953351209,
    2.2932163801680914,
    2.2663314394027823,
    2.242249355537908,
    2.294174039924188,
    2.259007919610812,
    2.3300749770075555,
    2.274529766232057,
    2.2233760112335834,
    2.344223236393757,
    2.2743415579291266,
    2.3393659233093453,
    2.3383659046008654,
    2.36760925541873,
    2.3115215083637293,
    2.2623082879557903,
    2.3108299723221,
    2.315838112951681,
    2.2854183254910936,
    2.3005436749453714,
    2.2242606041708086
  ],
  "beta_std": [
    0.6453866958618164,
    0.7124208211898804,
    0.7503588795661926,
    0.8173470497131348,
    0.6537620425224304,
    0.8640188574790955,
    0.7149850130081177,
    0.6657041907310486,
    0.6206964254379272,
    0.7039919495582581,
    0.8741089105606079,
    0.7210146188735962,
    0.7432463765144348,
    0.8881869316101074,
    0.6295006275177002,
    0.606073796749115,
    0.7436925172805786,
    0.7527526617050171,
    0.7442314028739929,
    0.718916654586792,
    0.8110271692276001,
    0.9523854851722717,
    0.7422450184822083,
    0.8125427961349487,
    0.719984233379364,
    0.7823394536972046,
    0.8060171008110046,
    0.9343116879463196,
    0.7178308367729187,
    0.7354059815406799,
    0.788460910320282,
    0.8940469622612,
    0.9263272285461426,
    0.7173383831977844,
    0.719624936580658,
    0.817679762840271,
    0.6711905002593994,
    0.7643430233001709,
    0.7361183762550354,
    0.800001859664917,
    0.7981395721435547,
    0.7844643592834473,
    0.8249440789222717,
    0.7478650808334351,
    0.814979076385498,
    0.6762840747833252,
    0.683100163936615,
    0.791527509689331,
    0.7336768507957458,
    0.7219924330711365
  ],
  "beta_mean": [
    -0.10115718096494675,
    -0.22875967621803284,
    -0.2236839234828949,
    -0.21402478218078613,
    -0.16942806541919708,
    -0.1037491038441658,
    -0.049462366849184036,
    -0.04202524200081825,
    -0.24591700732707977,
    -0.0037877033464610577,
    -0.28815653920173645,
    -0.10835571587085724,
    -0.189055398106575,
    -0.11074986308813095,
    -0.10524106025695801,
    -0.16723476350307465,
    -0.1315675675868988,
    -0.09076319634914398,
    -0.226146399974823,
    -0.10281352698802948,
    -0.11972880363464355,
    -0.10437040776014328,
    -0.21936629712581635,
    -0.08963268250226974,
    -0.13675229251384735,
    -0.040874723345041275,
    -0.25997382402420044,
    -0.16513745486736298,
    -0.09942684322595596,
    -0.07090584933757782,
    -0.09120772778987885,
    -0.21562930941581726,
    -0.04201560467481613,
    -0.17390680313110352,
    -0.17189356684684753,
    -0.27210214734077454,
    -0.11440692842006683,
    -0.17934498190879822,
    -0.20978587865829468,
    -0.2555842399597168,
    -0.230486199259758,
    -0.16595184803009033,
    -0.21996623277664185,
    -0.12433262914419174,
    -0.12673696875572205,
    -0.13716207444667816,
    -0.01846976950764656,
    -0.2554733157157898,
    -0.2952093780040741,
    -0.04616428166627884
  ]
}