{
  "train_loss": [
    2.5292293569776745,
    1.9435157665676541,
    1.849978355407715,
    1.8348719444274901,
    1.7868259211646187,
    1.7395464166005452,
    1.717939741982354,
    1.6895383843315972,
    1.6860923994912043,
    1.628351509306166,
    1.5966771180894639,
    1.5508667135238647,
    1.5581933587392172,
    1.550897175470988,
    1.533490910106235,
    1.538497421476576,
    1.502715136633979,
    1.507389023621877,
    1.5385892333984375,
    1.500116404109531,
    1.4794247001012166,
    1.4800912685394287,
    1.4913067677815754,
    1.5122882935206095
  ],
  "val_loss": [
    1.9563065767288208,
    1.7446075677871704,
    1.8376049995422363,
    1.672987461090088,
    1.6025080680847168,
    1.58343505859375,
    1.5651838779449463,
    1.5501220226287842,
    1.469692587852478,
    1.4594892263412476,
    1.426685094833374,
    1.45896577835083,
    1.5326365232467651,
    1.3872252702713013,
    1.4756945371627808,
    1.469368577003479,
    1.4271718263626099,
    1.3923200368881226,
    1.51282799243927,
    1.4425400495529175,
    1.401213526725769,
    1.3881789445877075,
    1.4259778261184692,
    1.3864318132400513
  ],
  "best_epoch": 13,
  "status": "ok",
  "grad_norm": [
    2.745812658431122,
    2.41923133985432,
    2.3670285158514845,
    2.3668715461770375,
    2.4800283758557424,
    2.472485423622019,
    2.518231076951379,
    2.4239179498205727,
    2.433146953377913,
    2.400870909410838,
    2.5185471131615564,
    2.400704969768041,
    2.4827330646458576,
    2.4791622114867815,
    2.40231029276823,
    2.5157219304447116,
    2.39292384055229,
    2.390038079936731,
    2.5227894878316333,
    2.4020530240100566,
    2.3829158215256534,
    2.280651513936141,
    2.342656736223341,
    2.5721866193581313
  ],
  "beta_std": [
    0.7549788951873779,
    0.8368544578552246,
    0.5472262501716614,
    0.7360869646072388,
    0.7064244747161865,
    0.7685279250144958,
    0.9548416137695312,
    0.7750466465950012,
    0.7776451706886292,
    0.8782467246055603,
    0.8543562293052673,
    0.6791225671768188,
    0.784882128238678,
    0.8570007085800171,
    0.7561862468719482,
    0.8380861282348633,
    0.8509798645973206,
    0.8299238085746765,
    0.7849465012550354,
    0.6871303915977478,
    0.8384986519813538,
    0.9409663677215576,
    0.9279738068580627,
    0.7306502461433411
  ],
  "beta_mean": [
    -0.1647292524576187,
    -0.31938639283180237,
    -0.19103790819644928,
    -0.19219659268856049,
    -0.09949837625026703,
    -0.3085661828517914,
    -0.3851124048233032,
    -0.16301801800727844,
    -0.21377260982990265,
    -0.10363999009132385,
    -0.07153771817684174,
    -0.3234198987483978,
    -0.4286375641822815,
    -0.046392884105443954,
    -0.26395171880722046,
    -0.3032178282737732,
    -0.16354568302631378,
    -0.2410455346107483,
    -0.44213205575942993,
    -0.15611660480499268,
    -0.015496429987251759,
    -0.12306129187345505,
    -0.37987053394317627,
    -0.18419097363948822
  ]
}