{
  "train_loss": [
    0.7816505487202203,
    0.7236133906715795,
    0.6845548799163417,
    0.666311794024462,
    0.6675809249682734,
    0.6532829060470848,
    0.6421898041273418,
    0.6436403589499624,
    0.6290799037615458,
    0.6270555322142373,
    0.6206082603631661,
    0.6100141578529313,
    0.6038899781271728,
    0.6215837649016352
  ],
  "val_loss": [
    0.7700667977333069,
    0.7684546113014221,
    0.7534242868423462,
    0.7464946508407593,
    0.7475924491882324,
    0.7515019178390503,
    0.7761180400848389,
    0.7526737451553345,
    0.7910998463630676,
    0.7675970196723938,
    0.8061517477035522,
    0.7526638507843018,
    0.757604718208313,
    0.7491207718849182
  ],
  "best_epoch": 3,
  "status": "ok",
  "grad_norm": [
    1.1542185238288214,
    1.0675853777940185,
    1.0267733581939087,
    1.0422186842116785,
    0.9710952144865053,
    0.9077500168325541,
    0.9267963374088981,
    0.9708584708150866,
    0.9960551078993272,
    0.9906376773268011,
    0.9793943419789974,
    0.9542544487324802,
    0.9408009445629576,
    1.1183515899158913
  ],
  "beta_std": [
    0.2127051204442978,
    0.2817361652851105,
    0.28331196308135986,
    0.29458746314048767,
    0.22030393779277802,
    0.27448463439941406,
    0.2109365463256836,
    0.2354629784822464,
    0.3256203234195709,
    0.27584007382392883,
    0.26845625042915344,
    0.25541773438453674,
    0.3782099187374115,
    0.3533707559108734
  ],
  "beta_mean": [
    -0.06663333624601364,
    0.003926949109882116,
    -0.02050408162176609,
    -0.032607972621917725,
    -0.05365049093961716,
    -0.015796706080436707,
    -0.030614912509918213,
    -0.16776449978351593,
    -0.12450508773326874,
    -0.05767662450671196,
    -0.061729710549116135,
    -0.1375288963317871,
    -0.18659372627735138,
    -0.05022305250167847
  ]
}