{
  "train_loss": [
    0.7853384996715345,
    0.7011169481695744,
    0.6747913974349262,
    0.6578924183957061,
    0.6671799382828829,
    0.655893367173379,
    0.6462439512788204,
    0.6236082670423719,
    0.6264522235295926,
    0.6234973031596134,
    0.6204124429107409,
    0.6233204295690994,
    0.600805351908444
  ],
  "val_loss": [
    0.6991750001907349,
    0.6723127961158752,
    0.6631966829299927,
    0.6811518669128418,
    0.6828445792198181,
    0.6800333857536316,
    0.6779713034629822,
    0.6823770403862,
    0.6917631030082703,
    0.6840481162071228,
    0.6742166876792908,
    0.6716483235359192,
    0.7107961177825928
  ],
  "best_epoch": 2,
  "status": "ok",
  "grad_norm": [
    1.0297891058650042,
    0.908422952530842,
    0.8943317789361508,
    0.9054775077854105,
    0.9935509579802012,
    0.8980361655360962,
    0.8840966054496457,
    0.8999469017979462,
    0.8651044969451284,
    0.8996018023952244,
    0.922174772196196,
    0.9110908990728694,
    0.8854913288225486
  ],
  "beta_std": [
    0.3688814043998718,
    0.17876622080802917,
    0.2446608692407608,
    0.19173890352249146,
    0.11465463042259216,
    0.13391736149787903,
    0.2404177337884903,
    0.22380542755126953,
    0.2176281064748764,
    0.22434090077877045,
    0.21605409681797028,
    0.18575701117515564,
    0.2662423253059387
  ],
  "beta_mean": [
    -0.1975315511226654,
    -0.07919010519981384,
    -0.18254072964191437,
    -0.010192126967012882,
    -0.09319961071014404,
    -0.037866752594709396,
    -0.07441645115613937,
    -0.08273782581090927,
    -0.034720901399850845,
    -0.14710098505020142,
    -0.06427989155054092,
    -0.07564515620470047,
    -0.04948044940829277
  ]
}