{
  "train_loss": [
    0.7836955063663728,
    0.6818229918940025,
    0.656562959213703,
    0.6432374850351211,
    0.6398101201043491,
    0.6167648359767177,
    0.6144980020272104,
    0.6153805044798824,
    0.5884998418852599,
    0.6025633605042396,
    0.597845191049297,
    0.5941320291178965,
    0.5787110402570134,
    0.5776814179113734
  ],
  "val_loss": [
    0.7499863505363464,
    0.7630844116210938,
    0.733718752861023,
    0.7208925485610962,
    0.7199682593345642,
    0.7433120608329773,
    0.7385557293891907,
    0.7723458409309387,
    0.7357116341590881,
    0.7735719084739685,
    0.7240713238716125,
    0.7669849395751953,
    0.7605072259902954,
    0.7415786981582642
  ],
  "best_epoch": 3,
  "status": "ok",
  "grad_norm": [
    1.111781526682441,
    1.0220232682635695,
    1.0374127028853204,
    1.0541500624595432,
    0.9602486802868206,
    0.9283178117528801,
    0.9625840944365677,
    0.9691184352865982,
    0.9263959393400317,
    0.9638122866653246,
    0.9226180773408108,
    1.0010657026600414,
    0.9329157645207702,
    0.9648063645664986
  ],
  "beta_std": [
    0.25332263112068176,
    0.22257418930530548,
    0.15753522515296936,
    0.16899357736110687,
    0.29764071106910706,
    0.22082854807376862,
    0.3968215584754944,
    0.2514054477214813,
    0.31073856353759766,
    0.18746328353881836,
    0.33493146300315857,
    0.2002246230840683,
    0.29054397344589233,
    0.2510821521282196
  ],
  "beta_mean": [
    0.043529052287340164,
    -0.12036316096782684,
    -0.06316947191953659,
    -0.08922115713357925,
    0.04949701577425003,
    -0.04411568120121956,
    0.050318680703639984,
    -0.15806971490383148,
    -0.02376880869269371,
    -0.26493722200393677,
    -0.0725017711520195,
    -0.09979509562253952,
    -0.060545653104782104,
    -0.11557235568761826
  ]
}