{
  "train_loss": [
    0.8167005546608863,
    0.7456385560063591,
    0.7100353358502973,
    0.6971857095601266,
    0.6953312868542142,
    0.6933365733581677,
    0.6643924282168784,
    0.6639725924374764,
    0.6671365495871382,
    0.666087555634348,
    0.6574007177074053,
    0.6472419947194077,
    0.6355606904225043
  ],
  "val_loss": [
    0.790537416934967,
    0.7493631839752197,
    0.702007532119751,
    0.7296421527862549,
    0.7182954549789429,
    0.7390548586845398,
    0.7773374319076538,
    0.7360541820526123,
    0.7271167635917664,
    0.7264088988304138,
    0.7750939130783081,
    0.7318093180656433,
    0.7259333729743958
  ],
  "best_epoch": 2,
  "status": "ok",
  "grad_norm": [
    1.0490034326062674,
    0.9189856373441346,
    0.8753438040208612,
    0.9602668195155863,
    0.9616605403599097,
    0.8922294953111936,
    0.9123151260680812,
    0.8799448053018298,
    0.9157070693155587,
    0.8967450581877465,
    0.8969981910486632,
    0.923245402979595,
    0.9267080121458018
  ],
  "beta_std": [
    0.16545695066452026,
    0.19896537065505981,
    0.27475008368492126,
    0.2517959773540497,
    0.2445729523897171,
    0.20735600590705872,
    0.3069421350955963,
    0.19127225875854492,
    0.1730172485113144,
    0.1825450211763382,
    0.24413296580314636,
    0.19904281198978424,
    0.21788327395915985
  ],
  "beta_mean": [
    0.002294020727276802,
    -0.15120525658130646,
    -0.11010430008172989,
    -0.04261036217212677,
    -0.1586718112230301,
    -0.012418443337082863,
    -0.2086651474237442,
    -0.06110770255327225,
    -0.09235672652721405,
    -0.01542400661855936,
    -0.1385820358991623,
    -0.1516433209180832,
    -0.0802781730890274
  ]
}