{
  "train_loss": [
    0.8174278722450747,
    0.743025409910414,
    0.7154372132870189,
    0.6868716648796148,
    0.6924299190406911,
    0.6856220195446795,
    0.665945888694964,
    0.6540592929773164,
    0.6401478509735643,
    0.652009644396821,
    0.6447329830007944,
    0.6373295110150388,
    0.6275283333014327,
    0.620506469589925,
    0.6180287820553919,
    0.6147121513099001,
    0.6146801150751393,
    0.6092346346169187,
    0.599652666027783,
    0.6251422254593052,
    0.6095812450236047,
    0.6076953074667188
  ],
  "val_loss": [
    0.7503483295440674,
    0.7354841232299805,
    0.730459451675415,
    0.7316280603408813,
    0.7325587868690491,
    0.7101389169692993,
    0.7090689539909363,
    0.7317741513252258,
    0.7316474318504333,
    0.7622474431991577,
    0.7378976941108704,
    0.7032010555267334,
    0.7391135692596436,
    0.7398872375488281,
    0.7106143832206726,
    0.7236424684524536,
    0.7152754664421082,
    0.7520658373832703,
    0.7237014174461365,
    0.7204921245574951,
    0.7680705785751343,
    0.7253893613815308
  ],
  "best_epoch": 11,
  "status": "ok",
  "grad_norm": [
    0.9952648103642052,
    0.8881909440836947,
    0.9101352119736994,
    0.9108781452740875,
    0.948895905710542,
    0.9051103217995139,
    0.913498043219793,
    0.9003413509414122,
    0.9096517762792912,
    0.9547147456353628,
    0.9167322193106642,
    0.9057958862488433,
    0.8934450364127702,
    0.9472955115564321,
    0.9202389135168297,
    0.9333901648514514,
    0.9519682936119527,
    0.9798084860158282,
    0.9960190253775009,
    1.0075430856612329,
    0.9992628375087537,
    0.8346417784076052
  ],
  "beta_std": [
    0.11718152463436127,
    0.26751744747161865,
    0.16457819938659668,
    0.2378225177526474,
    0.2554525136947632,
    0.24813149869441986,
    0.17640553414821625,
    0.15038488805294037,
    0.3426896333694458,
    0.14403532445430756,
    0.1537565439939499,
    0.21522270143032074,
    0.17921027541160583,
    0.28299254179000854,
    0.22590121626853943,
    0.2096141129732132,
    0.20757293701171875,
    0.17801864445209503,
    0.32720404863357544,
    0.23332929611206055,
    0.14359456300735474,
    0.23303361237049103
  ],
  "beta_mean": [
    -0.021111251786351204,
    0.012210833840072155,
    -0.16449391841888428,
    -0.08367009460926056,
    -0.14057330787181854,
    -0.07599876075983047,
    -0.019108658656477928,
    -0.09094154834747314,
    -0.07209949940443039,
    -0.06157275289297104,
    -0.124766044318676,
    -0.14620159566402435,
    -0.07581838965415955,
    -0.21216237545013428,
    -0.029962200671434402,
    -0.06502017378807068,
    -0.07451910525560379,
    -0.06896684318780899,
    -0.039973314851522446,
    -0.15468980371952057,
    -0.1494864970445633,
    -0.19135722517967224
  ]
}