{
  "train_loss": [
    0.7810071456502056,
    0.7102504661487558,
    0.6857920756256372,
    0.6754930299485636,
    0.6673660806187413,
    0.6440456564942298,
    0.6386874898274739,
    0.6192020740983082,
    0.6269497751213654,
    0.6254273563379432,
    0.6354145460100898,
    0.6216878449428849,
    0.6204538942638197,
    0.6045316967908402,
    0.594396745015306,
    0.592353922051993,
    0.6000712825959189
  ],
  "val_loss": [
    0.7705490589141846,
    0.7239313721656799,
    0.7123278379440308,
    0.7279140949249268,
    0.7140686511993408,
    0.708354115486145,
    0.6881567239761353,
    0.6990452408790588,
    0.7427950501441956,
    0.7450091242790222,
    0.7255328893661499,
    0.7103865742683411,
    0.7310114502906799,
    0.7123841047286987,
    0.7473796010017395,
    0.7408638596534729,
    0.7463257908821106
  ],
  "best_epoch": 6,
  "status": "ok",
  "grad_norm": [
    0.9648863234503119,
    0.9635013887970242,
    1.0112068107185712,
    0.9248311359142904,
    0.9569561587799256,
    0.8610324848116304,
    0.9438052617814644,
    0.8844643843589265,
    0.9162376051544068,
    0.9904566747662393,
    0.9521965034002121,
    0.997124601163548,
    0.9084656569363235,
    0.9069840271595074,
    0.9052504692691462,
    0.899709785894015,
    0.9133531227967994
  ],
  "beta_std": [
    0.15921662747859955,
    0.1791590452194214,
    0.1617443859577179,
    0.1369229406118393,
    0.21570028364658356,
    0.1920434832572937,
    0.1843736171722412,
    0.2523931860923767,
    0.3369870185852051,
    0.19047261774539948,
    0.2613353431224823,
    0.18367721140384674,
    0.2235274463891983,
    0.21192015707492828,
    0.24202552437782288,
    0.1807541400194168,
    0.20385399460792542
  ],
  "beta_mean": [
    -0.11231255531311035,
    -0.10697175562381744,
    -0.037762291729450226,
    -0.1077793538570404,
    -0.18455947935581207,
    -0.12838628888130188,
    -0.05570237711071968,
    -0.04812638834118843,
    0.0650639757514,
    -0.016017960384488106,
    -0.0940515398979187,
    0.0019318086560815573,
    -0.04616336524486542,
    -0.043522901833057404,
    -0.1889829784631729,
    -0.052836839109659195,
    -0.12238888442516327
  ]
}