{
  "train_loss": [
    0.7837757630878025,
    0.7027997686598036,
    0.6844077096515232,
    0.6604607492287954,
    0.651672389904658,
    0.6361310917536418,
    0.6359827322926787,
    0.6343740096622044,
    0.6258486454751756,
    0.618006223069297,
    0.6058494789865282,
    0.5976358270645141,
    0.5982514809241726,
    0.6033302430709203
  ],
  "val_loss": [
    0.7845402956008911,
    0.7298157811164856,
    0.7469409704208374,
    0.7245810627937317,
    0.751504123210907,
    0.7693924903869629,
    0.7414922714233398,
    0.7509609460830688,
    0.7672581672668457,
    0.7678098678588867,
    0.767742931842804,
    0.7831997275352478,
    0.7639195919036865,
    0.7319996356964111
  ],
  "best_epoch": 3,
  "status": "ok",
  "grad_norm": [
    1.0793987761337078,
    0.9864390516865322,
    1.003988784842837,
    0.9265494625656503,
    0.9446343728787877,
    0.9477912482303991,
    0.9363440350667314,
    0.9826680345613674,
    0.9684223798765916,
    0.9627557055076097,
    0.9401066709643608,
    0.9402039912485614,
    0.9135554191321198,
    0.9360441472433335
  ],
  "beta_std": [
    0.29363057017326355,
    0.2520201802253723,
    0.2564226984977722,
    0.19832560420036316,
    0.24137340486049652,
    0.29158034920692444,
    0.1747281402349472,
    0.1614430993795395,
    0.23770728707313538,
    0.20529292523860931,
    0.21611572802066803,
    0.3368070423603058,
    0.23072221875190735,
    0.17170032858848572
  ],
  "beta_mean": [
    -0.15156175196170807,
    -0.11228550225496292,
    0.038578230887651443,
    -0.07731610536575317,
    -0.020860757678747177,
    -0.022970331832766533,
    -0.15373621881008148,
    -0.0732617899775505,
    -0.021068131551146507,
    -0.16397196054458618,
    -0.020895764231681824,
    -0.008523550815880299,
    -0.041953571140766144,
    -0.05057034641504288
  ]
}