{
  "train_loss": [
    0.7798570892545912,
    0.684557177649604,
    0.7025785518752204,
    0.6635194714334276,
    0.6590586153533724,
    0.6444664702415467,
    0.627461636516783,
    0.6392452335092756,
    0.623727710670895,
    0.6239543486171298,
    0.6192023763656617,
    0.6171385443475511,
    0.607113482899136,
    0.6018184468746185,
    0.6012052036126455,
    0.6017030177116394
  ],
  "val_loss": [
    0.6923219561576843,
    0.6677736043930054,
    0.6651607751846313,
    0.6484405398368835,
    0.6613665819168091,
    0.6456056237220764,
    0.6842949390411377,
    0.7010520100593567,
    0.6893587112426758,
    0.6538181304931641,
    0.6830565333366394,
    0.6909428834915161,
    0.6661574244499207,
    0.6788034439086914,
    0.7075941562652588,
    0.6798737645149231
  ],
  "best_epoch": 5,
  "status": "ok",
  "grad_norm": [
    1.1138783443543447,
    1.0299352505978103,
    1.051391909784026,
    0.9464659078435889,
    1.0104501974814248,
    0.9315936633120293,
    0.9781994200041996,
    0.9332767247704157,
    0.9255246705183479,
    0.9859158422229032,
    0.9143725456102458,
    0.9861783610696601,
    0.9391627748014764,
    0.9340360090920445,
    0.9517172330642725,
    0.994419237435119
  ],
  "beta_std": [
    0.19443537294864655,
    0.1949087232351303,
    0.1951911449432373,
    0.2953016459941864,
    0.15983045101165771,
    0.2359512597322464,
    0.20988546311855316,
    0.16947656869888306,
    0.21615269780158997,
    0.1815183460712433,
    0.2700081169605255,
    0.2065163552761078,
    0.2701956033706665,
    0.19963590800762177,
    0.21208813786506653,
    0.19586651027202606
  ],
  "beta_mean": [
    -0.1559116691350937,
    -0.07975168526172638,
    -0.11422200500965118,
    -0.1166200116276741,
    -0.07874583452939987,
    -0.175368070602417,
    -0.1347862333059311,
    0.027369694784283638,
    -0.15110547840595245,
    -0.118812695145607,
    -0.05470575764775276,
    -0.05110751464962959,
    -0.20588096976280212,
    -0.10985051095485687,
    0.0036641221959143877,
    -0.10166705399751663
  ]
}