{
  "train_loss": [
    2.409509533495049,
    2.0177625207403618,
    1.9655748737101653,
    1.9026801818622754,
    1.8994141039664514,
    1.8627982894309254,
    1.7855175472981806,
    1.770150498522112,
    1.7598234156091737,
    1.7330278254420308,
    1.7219628496775552,
    1.713111635184342,
    1.6859593794729704,
    1.6699242066904532,
    1.6439011378082828,
    1.6429466187548476,
    1.6021446071244152,
    1.5937845358772884,
    1.5960681384382875,
    1.5482451738954401,
    1.5506720715909859,
    1.548507450605466,
    1.5474484096579,
    1.5256020985493044,
    1.5010930043499486,
    1.5016296894371914,
    1.4906307857863756,
    1.47091888397459,
    1.4764684879320278,
    1.45876081200684,
    1.4520157398820734,
    1.4481797326449093,
    1.4371026582458393,
    1.4563141435182014,
    1.4432459172748384
  ],
  "val_loss": [
    1.8095320463180542,
    1.8291809558868408,
    1.8695849180221558,
    1.8292995691299438,
    1.7234798669815063,
    1.696101427078247,
    1.6553659439086914,
    1.7245970964431763,
    1.7774893045425415,
    1.6290305852890015,
    1.667244791984558,
    1.6260229349136353,
    1.594970703125,
    1.6989636421203613,
    1.6064224243164062,
    1.556246042251587,
    1.5930262804031372,
    1.5926027297973633,
    1.5935829877853394,
    1.5307143926620483,
    1.518772840499878,
    1.5479223728179932,
    1.4704022407531738,
    1.5401771068572998,
    1.4498460292816162,
    1.456058382987976,
    1.5349177122116089,
    1.4755609035491943,
    1.4984186887741089,
    1.4553146362304688,
    1.469420313835144,
    1.4821348190307617,
    1.461047887802124,
    1.5090996026992798,
    1.5051349401474
  ],
  "best_epoch": 24,
  "status": "ok",
  "grad_norm": [
    3.660821579771778,
    3.4622645157021554,
    3.4394127001095596,
    3.2256739610611636,
    3.466388140931699,
    3.333567519337942,
    3.121564925738507,
    3.039989082729886,
    3.1048861901538185,
    2.9931782468942454,
    2.9802347301089744,
    3.06081093549855,
    2.997908281955458,
    3.101403730224782,
    3.067350035427796,
    3.1669182859714855,
    3.014401267589451,
    3.072966165858387,
    3.211324127569519,
    2.9528285844812294,
    3.026816682851324,
    3.0880097393950474,
    3.0095235046947173,
    3.036532628892874,
    2.934621509900564,
    3.1287555975568084,
    3.140113090419936,
    3.0747589844454146,
    3.01085174970588,
    2.982841589357784,
    2.938090278526468,
    2.9778901603155066,
    2.966660500290354,
    3.0436865319118684,
    3.1024657121552903
  ],
  "beta_std": [
    0.6190006732940674,
    0.7435171008110046,
    0.8726617693901062,
    0.6561869978904724,
    0.8101619482040405,
    0.8047530055046082,
    0.6554591655731201,
    0.7090533375740051,
    0.6689143776893616,
    0.7422806024551392,
    0.8866721987724304,
    0.9305452704429626,
    0.7655645608901978,
    0.6361299157142639,
    0.820762038230896,
    0.9129398465156555,
    0.7587530016899109,
    0.7337221503257751,
    0.7494066953659058,
    0.6154842376708984,
    0.705591082572937,
    0.8210172057151794,
    0.8133511543273926,
    0.8539111614227295,
    0.705068051815033,
    0.6474953889846802,
    0.7193663120269775,
    0.6337435841560364,
    0.7679370045661926,
    0.7652963399887085,
    0.8255239129066467,
    0.7094695568084717,
    0.7155554890632629,
    0.7726947665214539,
    0.7490917444229126
  ],
  "beta_mean": [
    -0.055183544754981995,
    -0.20759819447994232,
    -0.31825941801071167,
    -0.0591311939060688,
    -0.3333646059036255,
    -0.3285587728023529,
    -0.21455569565296173,
    -0.1858414113521576,
    -0.1295037716627121,
    -0.15255506336688995,
    -0.19626212120056152,
    -0.16878238320350647,
    0.02691607177257538,
    -0.20912186801433563,
    -0.10704445093870163,
    -0.23142993450164795,
    -0.1301632970571518,
    -0.0671151727437973,
    0.007242877967655659,
    -0.33338481187820435,
    -0.30943915247917175,
    -0.3352571427822113,
    -0.11331651359796524,
    -0.3004688620567322,
    -0.2068498581647873,
    -0.1607137769460678,
    -0.47690141201019287,
    -0.29255035519599915,
    -0.3214721381664276,
    -0.325001984834671,
    -0.06482627242803574,
    -0.1942410171031952,
    -0.1316078007221222,
    -0.2188565880060196,
    -0.12047131359577179
  ]
}