{
  "train_loss": [
    0.6420888443997032,
    0.6206230825150919,
    0.6176918847519055,
    0.6123623169514171,
    0.6139034187026888,
    0.6112477218477349,
    0.6110417488025643,
    0.6103751316265753,
    0.6125536526016324,
    0.6072065625483529,
    0.608907623277073,
    0.6077011600433038
  ],
  "val_loss": [
    0.620688259601593,
    0.6113702058792114,
    0.6293357610702515,
    0.6178615689277649,
    0.6171042323112488,
    0.6243731379508972,
    0.6128876805305481,
    0.6171842217445374,
    0.6137639880180359,
    0.6267634034156799,
    0.6186328530311584,
    0.6159772276878357
  ],
  "best_epoch": 1,
  "status": "underfit",
  "grad_norm": [
    0.2229536238160151,
    0.2362608420643086,
    0.23222649263686454,
    0.2256985052117645,
    0.21847499894155137,
    0.23562966501465132,
    0.22398792915803628,
    0.21684417374944076,
    0.23476698328335596,
    0.22379534649825125,
    0.2360583050697985,
    0.23181461812039683
  ],
  "beta_std": [
    0.3929987847805023,
    0.389504075050354,
    0.3915441930294037,
    0.40447258949279785,
    0.36387571692466736,
    0.43406543135643005,
    0.5038855075836182,
    0.4676564633846283,
    0.42135509848594666,
    0.6147804260253906,
    0.39281877875328064,
    0.38936156034469604
  ],
  "beta_mean": [
    0.06112798675894737,
    -0.046542469412088394,
    0.07990828901529312,
    -0.15134267508983612,
    -0.13384698331356049,
    -0.2453659474849701,
    -0.06063641607761383,
    -0.13989883661270142,
    -0.20914509892463684,
    -0.07686220109462738,
    -0.08899228274822235,
    -0.029342802241444588
  ]
}