{
  "train_loss": [
    0.6369549602792974,
    0.6198160119642291,
    0.6136521114243402,
    0.6111688389973333,
    0.6079287556458635,
    0.6110072984193501,
    0.6051820523697033,
    0.6101649887101692,
    0.6053748477829827,
    0.6081586442495647,
    0.60670050103762,
    0.6048747147035878,
    0.6048363246276365,
    0.6039838314056396,
    0.6065166986197756,
    0.6017743648841367
  ],
  "val_loss": [
    0.6192204356193542,
    0.6041175723075867,
    0.6030387878417969,
    0.6170013546943665,
    0.6089086532592773,
    0.598482608795166,
    0.6082516312599182,
    0.6129727959632874,
    0.6118941903114319,
    0.6169191002845764,
    0.6125041246414185,
    0.6022740602493286,
    0.6000069975852966,
    0.6116396188735962,
    0.6093421578407288,
    0.6228267550468445
  ],
  "best_epoch": 5,
  "status": "underfit",
  "grad_norm": [
    0.2589114570328114,
    0.24651281184583165,
    0.23413356566968424,
    0.24646487192684016,
    0.23572898165294817,
    0.2394025226434229,
    0.2266992523639934,
    0.23650350811205775,
    0.2353338777950927,
    0.24392090856457221,
    0.2316351697531731,
    0.23851355610285185,
    0.22761385221601793,
    0.22570420443869968,
    0.23213937599833184,
    0.22771678360662284
  ],
  "beta_std": [
    0.26529181003570557,
    0.3659248352050781,
    0.312399297952652,
    0.1911478191614151,
    0.2516701817512512,
    0.23193569481372833,
    0.3607524633407593,
    0.2682395279407501,
    0.17527247965335846,
    0.32979923486709595,
    0.3305944502353668,
    0.2967001795768738,
    0.2858602702617645,
    0.3805758059024811,
    0.33875879645347595,
    0.45020100474357605
  ],
  "beta_mean": [
    -0.05531779304146767,
    -0.17163242399692535,
    -0.01068271417170763,
    -0.17452514171600342,
    -0.12272825092077255,
    -0.09159688651561737,
    -0.0988500639796257,
    -0.04312881827354431,
    -0.10203592479228973,
    -0.09724067896604538,
    -0.21360115706920624,
    -0.08968682587146759,
    -0.17392098903656006,
    0.07993984967470169,
    -0.07070031762123108,
    -0.1841261088848114
  ]
}