{
  "train_loss": [
    0.6468968520666424,
    0.6277968412254289,
    0.6240038506189982,
    0.6193288957166393,
    0.6155376569987737,
    0.6154270229841533,
    0.6119349629279466,
    0.6132622722436113,
    0.6118192452296876,
    0.6123177775444343,
    0.6149576135267291,
    0.611545747553396,
    0.6114052390076263,
    0.6121638224417704,
    0.6105645246812474,
    0.6066153455338283,
    0.6062886004420052,
    0.6096096415965878
  ],
  "val_loss": [
    0.633216381072998,
    0.6417972445487976,
    0.6331817507743835,
    0.6415379643440247,
    0.6350294351577759,
    0.6338337063789368,
    0.6366453766822815,
    0.626261293888092,
    0.6323134303092957,
    0.6343837380409241,
    0.6394615173339844,
    0.6291345953941345,
    0.638654887676239,
    0.641555666923523,
    0.6302919387817383,
    0.6293036937713623,
    0.649719774723053,
    0.6341966390609741
  ],
  "best_epoch": 7,
  "status": "underfit",
  "grad_norm": [
    0.20365614929285494,
    0.23292241365584734,
    0.22494355367408334,
    0.2300496951938715,
    0.22002444766482807,
    0.23036161282539847,
    0.2260756397446023,
    0.23880514387323973,
    0.22603547997314175,
    0.22303862928946222,
    0.22732555255273387,
    0.22411646615006742,
    0.22410329106607302,
    0.22488622027203825,
    0.22268991495409193,
    0.22533612136604336,
    0.23040363662532823,
    0.23099703984481765
  ],
  "beta_std": [
    0.5510486960411072,
    0.18508414924144745,
    0.3128080368041992,
    0.24297982454299927,
    0.4022430181503296,
    0.39076343178749084,
    0.29311463236808777,
    0.25688523054122925,
    0.28688839077949524,
    0.25200024247169495,
    0.2845669984817505,
    0.3204106092453003,
    0.46408793330192566,
    0.3137836754322052,
    0.27413496375083923,
    0.27183523774147034,
    0.3002808392047882,
    0.5713518857955933
  ],
  "beta_mean": [
    -0.12623639404773712,
    -0.1184731274843216,
    -0.29356148838996887,
    -0.11737337708473206,
    -0.13313975930213928,
    -0.15253639221191406,
    -0.0777142196893692,
    -0.03465832397341728,
    0.04830756410956383,
    -0.23836396634578705,
    -0.008216174319386482,
    -0.23161201179027557,
    -0.1154838353395462,
    -0.17163434624671936,
    -0.1397283673286438,
    -0.07623115181922913,
    0.03684394061565399,
    -0.21811600029468536
  ]
}