{
  "train_loss": [
    0.6380713256200155,
    0.6195396013789707,
    0.6171975749863519,
    0.6138713296254475,
    0.6098303499221802,
    0.6107349657482571,
    0.6072655975553725,
    0.6092499809265137,
    0.6090441927909851,
    0.6060246289306217,
    0.6072792659335666,
    0.6071337140401204,
    0.6027116787168715,
    0.6038136546346876
  ],
  "val_loss": [
    0.6192269325256348,
    0.6246272921562195,
    0.6170369982719421,
    0.6120752096176147,
    0.6175644993782043,
    0.613747239112854,
    0.6226106286048889,
    0.616638720035553,
    0.618259847164154,
    0.6214629411697388,
    0.6242419481277466,
    0.618415892124176,
    0.6170512437820435,
    0.614288330078125
  ],
  "best_epoch": 3,
  "status": "underfit",
  "grad_norm": [
    0.24068327070142514,
    0.24312963478214122,
    0.23361299453401904,
    0.2259562134573002,
    0.22734096805567922,
    0.2377069902482113,
    0.22173852778461342,
    0.22818165564380252,
    0.21745478787644804,
    0.21853486906448436,
    0.22692089161086482,
    0.22702152405660958,
    0.22075250948247765,
    0.22295213589804372
  ],
  "beta_std": [
    0.32250910997390747,
    0.275206595659256,
    0.4244777262210846,
    0.2912413477897644,
    0.37146562337875366,
    0.3571767508983612,
    0.36954328417778015,
    0.341189444065094,
    0.2497156262397766,
    0.28157857060432434,
    0.32752808928489685,
    0.34991738200187683,
    0.29033297300338745,
    0.3749307096004486
  ],
  "beta_mean": [
    -0.06980457901954651,
    -0.1101757064461708,
    0.10631045699119568,
    -0.23920539021492004,
    -0.17081879079341888,
    -0.23697692155838013,
    -0.30542176961898804,
    -0.32969871163368225,
    -0.1973337084054947,
    -0.1724078357219696,
    -0.14834484457969666,
    -0.0427594929933548,
    -0.23932045698165894,
    -0.11324386298656464
  ]
}