{
  "train_loss": [
    0.6409807019763523,
    0.6174572022755941,
    0.6181719490687052,
    0.6130227912796868,
    0.6122333057191637,
    0.6097014740308125,
    0.6123212764528062,
    0.6083482966423035,
    0.6072619216707018,
    0.6090248862902323,
    0.6046571990119086,
    0.6058776378101772,
    0.605343707508511,
    0.6037480241457621,
    0.6058506740464105,
    0.6030080016454061,
    0.602153814209832,
    0.603319186369578,
    0.5992996036741469,
    0.6001709519492255,
    0.6038847693337335,
    0.5997648066414727
  ],
  "val_loss": [
    0.6204074621200562,
    0.6262224316596985,
    0.6195523738861084,
    0.6157053709030151,
    0.623685359954834,
    0.6155533194541931,
    0.6174609661102295,
    0.6184448003768921,
    0.6204044222831726,
    0.6182729005813599,
    0.615223228931427,
    0.6129571795463562,
    0.6179931163787842,
    0.6151233911514282,
    0.6210299134254456,
    0.623786211013794,
    0.6317810416221619,
    0.6233357787132263,
    0.6263116598129272,
    0.6160241365432739,
    0.6156601905822754,
    0.6194823980331421
  ],
  "best_epoch": 11,
  "status": "underfit",
  "grad_norm": [
    0.23976552180732996,
    0.23111230920343173,
    0.23673496467521474,
    0.23353512589628178,
    0.2354480878382902,
    0.21922859971641723,
    0.2387790802069516,
    0.22895282378515797,
    0.23419397316298673,
    0.23081840146311983,
    0.232565194839328,
    0.23051069070603336,
    0.22606723532203774,
    0.23029790733329103,
    0.23873074108964107,
    0.2309469514918914,
    0.23546848578571866,
    0.23259931938556055,
    0.22983237584458463,
    0.23486340540046052,
    0.2459860299704245,
    0.234998152010355
  ],
  "beta_std": [
    0.5071725249290466,
    0.39546096324920654,
    0.4480833113193512,
    0.3632400333881378,
    0.4188251495361328,
    0.24780945479869843,
    0.39434972405433655,
    0.5397707223892212,
    0.4137723743915558,
    0.2930494248867035,
    0.5151265859603882,
    0.6000361442565918,
    0.5976157188415527,
    0.3912082612514496,
    0.6299312114715576,
    0.394329696893692,
    0.49177923798561096,
    0.5362670421600342,
    0.400699645280838,
    0.42717137932777405,
    0.5587409138679504,
    0.49150872230529785
  ],
  "beta_mean": [
    -0.1717381328344345,
    0.08235566318035126,
    -0.28135764598846436,
    -0.10420794785022736,
    -0.3774224817752838,
    -0.2617511451244354,
    -0.13142424821853638,
    -0.3898215889930725,
    -0.1632460206747055,
    -0.22879892587661743,
    -0.23665857315063477,
    -0.2652243673801422,
    -0.07135619223117828,
    -0.2457708716392517,
    -0.11100202053785324,
    -0.22890928387641907,
    -0.11163107305765152,
    -0.06140520051121712,
    -0.0414637066423893,
    -0.13218572735786438,
    -0.14064544439315796,
    0.0171559676527977
  ]
}