{
  "train_loss": [
    0.6542430957576685,
    0.6277127087046528,
    0.6240271157827991,
    0.6198347693019443,
    0.6112800695045649,
    0.6065683849304043,
    0.607103221890522,
    0.6028220404518975,
    0.6032034123571296,
    0.5984287300862764,
    0.5951710149837516,
    0.5928370632623371,
    0.588820906563809,
    0.5850773110584906,
    0.5863111975179081,
    0.5807806378498412,
    0.5804874795361569
  ],
  "val_loss": [
    0.6246097683906555,
    0.6244571805000305,
    0.6207594275474548,
    0.6176860332489014,
    0.6178686618804932,
    0.6195788383483887,
    0.6154000759124756,
    0.6206153631210327,
    0.6244927048683167,
    0.6207547783851624,
    0.6255138516426086,
    0.619714081287384,
    0.6238619685173035,
    0.628523588180542,
    0.6278043985366821,
    0.6269702315330505,
    0.6244346499443054
  ],
  "best_epoch": 6,
  "status": "underfit",
  "grad_norm": [
    0.24406309934796389,
    0.24745250715251824,
    0.2653965527638889,
    0.27761357832192834,
    0.270515696650974,
    0.27746173220881076,
    0.2781392896065172,
    0.2830399563865522,
    0.2896180222294122,
    0.2835812287318666,
    0.28526166021428573,
    0.2980280332215006,
    0.28873997750510005,
    0.29619950484161106,
    0.3044103639540398,
    0.3059299974188277,
    0.306901262462392
  ],
  "beta_std": [
    0.40744784474372864,
    0.28743427991867065,
    0.37723100185394287,
    0.44167760014533997,
    0.3207424283027649,
    0.4313264787197113,
    0.4929865300655365,
    0.4427753984928131,
    0.523461639881134,
    0.3375052213668823,
    0.5472703576087952,
    0.4672691226005554,
    0.43047863245010376,
    0.41517043113708496,
    0.48511001467704773,
    0.6331751942634583,
    0.5894694924354553
  ],
  "beta_mean": [
    0.035293638706207275,
    -0.09824811667203903,
    0.11061403900384903,
    -0.12896569073200226,
    0.08678509294986725,
    -0.17658568918704987,
    -0.12552258372306824,
    -0.25101029872894287,
    -0.32908132672309875,
    -0.006888093892484903,
    -0.42943236231803894,
    -0.10727856308221817,
    -0.07276786863803864,
    -0.20558035373687744,
    0.007854217663407326,
    -0.17074893414974213,
    -0.11993446946144104
  ]
}