{
  "train_loss": [
    0.6489626283255236,
    0.6180905452527498,
    0.6158120707182856,
    0.608822269732492,
    0.6033169441474111,
    0.6000991767888878,
    0.5936518879661783,
    0.5920996962374414,
    0.5876175861470183,
    0.5891092261096887,
    0.5892817823370995,
    0.5835791167181138,
    0.5803461710333127
  ],
  "val_loss": [
    0.6395502090454102,
    0.6413803100585938,
    0.6377273201942444,
    0.6457905173301697,
    0.6456794142723083,
    0.6417806148529053,
    0.6454352140426636,
    0.6497121453285217,
    0.6444008350372314,
    0.6435137987136841,
    0.6508956551551819,
    0.6535792946815491,
    0.6450651288032532
  ],
  "best_epoch": 2,
  "status": "underfit",
  "grad_norm": [
    0.2533553998745902,
    0.26634556521845903,
    0.2915357445375512,
    0.28433242463427494,
    0.2839793726840591,
    0.28760735451446046,
    0.28687046048079934,
    0.2825778124288579,
    0.3036217233511971,
    0.3002834374416719,
    0.3135563976958792,
    0.3059003074714591,
    0.307130655402087
  ],
  "beta_std": [
    0.5289649963378906,
    0.5502618551254272,
    0.4212242364883423,
    0.37838658690452576,
    0.42843639850616455,
    0.518403172492981,
    0.46107378602027893,
    0.516771137714386,
    0.4564208686351776,
    0.46136993169784546,
    0.36788710951805115,
    0.4504798352718353,
    0.6783390641212463
  ],
  "beta_mean": [
    -0.28960686922073364,
    -0.15732209384441376,
    0.04583094269037247,
    -0.10019389539957047,
    0.12654736638069153,
    -0.03978022187948227,
    0.15238919854164124,
    -0.18359316885471344,
    -0.04682492837309837,
    0.015004575252532959,
    -0.02373531088232994,
    -0.07993930578231812,
    -0.31765565276145935
  ]
}