{
  "train_loss": [
    0.6531803224797834,
    0.6308603088200441,
    0.6242216832595959,
    0.6188997135385436,
    0.6152393939341718,
    0.6158073121622989,
    0.6113497881024902,
    0.6078952440741466,
    0.6072486693259568,
    0.602718219087835,
    0.6028421735624123,
    0.5999099186568232,
    0.5951531381356089,
    0.5963459045008609,
    0.59523313865327,
    0.5895511511891905,
    0.5899193634345518
  ],
  "val_loss": [
    0.6297242641448975,
    0.6203605532646179,
    0.6170713901519775,
    0.6174077391624451,
    0.6233204007148743,
    0.6172071099281311,
    0.6153408885002136,
    0.6180834770202637,
    0.6218993663787842,
    0.6184173226356506,
    0.6218593120574951,
    0.6220675706863403,
    0.6181333661079407,
    0.633671760559082,
    0.6243755221366882,
    0.6329639554023743,
    0.6204144954681396
  ],
  "best_epoch": 6,
  "status": "underfit",
  "grad_norm": [
    0.22913270898399038,
    0.2637721762881125,
    0.25639130014945194,
    0.2738433575877346,
    0.26658483629362967,
    0.2520118864981163,
    0.2617975491289592,
    0.2736668640857973,
    0.2882504184429933,
    0.27337781899607866,
    0.2797326077556146,
    0.28029093574855085,
    0.2902153939440871,
    0.2950072592167577,
    0.29934244247915204,
    0.28798391926169664,
    0.30203463780723716
  ],
  "beta_std": [
    0.3503517508506775,
    0.44902220368385315,
    0.2369808405637741,
    0.40137094259262085,
    0.21785348653793335,
    0.33777686953544617,
    0.29854416847229004,
    0.28860747814178467,
    0.2901085615158081,
    0.26321423053741455,
    0.32245123386383057,
    0.329679012298584,
    0.3849334716796875,
    0.5039405226707458,
    0.3771856427192688,
    0.40649569034576416,
    0.4011409282684326
  ],
  "beta_mean": [
    -0.1144711896777153,
    0.07761520892381668,
    -0.0636240541934967,
    -0.24877245724201202,
    0.008518285118043423,
    0.004266197793185711,
    -0.07806642353534698,
    -0.16862553358078003,
    -0.20664788782596588,
    -0.1470915526151657,
    -0.10523007065057755,
    -0.13666535913944244,
    0.04927796870470047,
    0.014437945559620857,
    -0.15672104060649872,
    -0.23083560168743134,
    -0.3238249123096466
  ]
}