{
  "train_loss": [
    0.6519480590653001,
    0.6317386588297392,
    0.6237225550517701,
    0.6185286604312428,
    0.6155766949737281,
    0.6128046640736318,
    0.6125100319009078,
    0.6074307244423537,
    0.6043289161843863,
    0.6005075159546924,
    0.5993613276565284,
    0.5965251785691021,
    0.5933684337348268,
    0.5891576371834292
  ],
  "val_loss": [
    0.6180545687675476,
    0.6268008351325989,
    0.6338881850242615,
    0.6115567088127136,
    0.6185712814331055,
    0.6235426068305969,
    0.6327703595161438,
    0.631062924861908,
    0.6248934864997864,
    0.6336671113967896,
    0.6216210722923279,
    0.626946210861206,
    0.6290431022644043,
    0.6361952424049377
  ],
  "best_epoch": 3,
  "status": "underfit",
  "grad_norm": [
    0.24082841953692924,
    0.24184941821000688,
    0.24621629300366243,
    0.24884555938309455,
    0.25941737577417445,
    0.25670165755147856,
    0.2682792756264877,
    0.2670394093914576,
    0.27151294138417137,
    0.2847085777944116,
    0.2777225296655604,
    0.27657949045577107,
    0.28968186953359915,
    0.29131188641278144
  ],
  "beta_std": [
    0.2571324110031128,
    0.38226234912872314,
    0.45911309123039246,
    0.2674162983894348,
    0.30692699551582336,
    0.4037911593914032,
    0.26901400089263916,
    0.2739768922328949,
    0.48204848170280457,
    0.4370366632938385,
    0.49487656354904175,
    0.4338131844997406,
    0.384846955537796,
    0.5347498059272766
  ],
  "beta_mean": [
    -0.08879055827856064,
    -0.10458098351955414,
    0.04581176117062569,
    0.01603769324719906,
    -0.28727108240127563,
    -0.08124664425849915,
    -0.11103785783052444,
    -0.15347659587860107,
    -0.29118961095809937,
    -0.3006332218647003,
    -0.23883718252182007,
    -0.14931631088256836,
    -0.041081275790929794,
    -0.22754918038845062
  ]
}