{
  "train_loss": [
    0.6497772422450327,
    0.6303694790845726,
    0.6218514839529294,
    0.6180231889228375,
    0.6144987368304827,
    0.6082332561727156,
    0.6070086989068149,
    0.6073049463723835,
    0.6032052036753872,
    0.5996151487869129,
    0.6042483984657199,
    0.597162318773437,
    0.5966530625722561,
    0.5905139527125666
  ],
  "val_loss": [
    0.6515346765518188,
    0.6448034644126892,
    0.6331521272659302,
    0.6300005912780762,
    0.6383922696113586,
    0.629675030708313,
    0.638688325881958,
    0.6300278902053833,
    0.6318453550338745,
    0.64727383852005,
    0.6383525729179382,
    0.65106600522995,
    0.6454369425773621,
    0.6450647711753845
  ],
  "best_epoch": 3,
  "status": "underfit",
  "grad_norm": [
    0.24518048149284657,
    0.2452681375174204,
    0.2540026425866405,
    0.2711317241135016,
    0.2691999780352268,
    0.26449663630684017,
    0.2606499329824286,
    0.29073113545563106,
    0.2580513533103396,
    0.27349497992310257,
    0.28845965385126376,
    0.27531453086969326,
    0.28075316610936313,
    0.29390119977838153
  ],
  "beta_std": [
    0.43190959095954895,
    0.4861737787723541,
    0.2816920876502991,
    0.3628213107585907,
    0.4407912492752075,
    0.27404215931892395,
    0.43108245730400085,
    0.31475505232810974,
    0.3403761386871338,
    0.531406581401825,
    0.32875359058380127,
    0.3766307532787323,
    0.26494014263153076,
    0.41345202922821045
  ],
  "beta_mean": [
    0.05989532172679901,
    -0.18302561342716217,
    -0.08002229034900665,
    0.024325355887413025,
    -0.14748892188072205,
    0.022053947672247887,
    -0.1760031133890152,
    -0.07644087821245193,
    0.0765184685587883,
    -0.13191041350364685,
    -0.13356629014015198,
    -0.013379208743572235,
    -0.0509943813085556,
    0.09781461209058762
  ]
}