{
  "train_loss": [
    0.648273932487644,
    0.627714105530789,
    0.618592739802355,
    0.614418117344728,
    0.6079061268505297,
    0.606278489305262,
    0.6056091793935898,
    0.5992760332704288,
    0.596859619199184,
    0.5951604879948131,
    0.5960003950163635,
    0.5922066392257199,
    0.5875990918923539,
    0.5859096878453305,
    0.5802561718678614,
    0.581762771439134,
    0.5789943175775963,
    0.5793283632066515,
    0.5702428252236885,
    0.5717105196372807,
    0.560661734363489,
    0.5585037900132742,
    0.5624685204238222
  ],
  "val_loss": [
    0.6366170048713684,
    0.6380711793899536,
    0.6360841989517212,
    0.6288278698921204,
    0.6251028776168823,
    0.6321119666099548,
    0.63456130027771,
    0.6308451294898987,
    0.6374858617782593,
    0.6348249316215515,
    0.6489076614379883,
    0.6499168276786804,
    0.6228615045547485,
    0.6363481879234314,
    0.659559965133667,
    0.6472981572151184,
    0.6508390307426453,
    0.66115403175354,
    0.6436123847961426,
    0.651147186756134,
    0.649739146232605,
    0.6580912470817566,
    0.6632943749427795
  ],
  "best_epoch": 12,
  "status": "underfit",
  "grad_norm": [
    0.25209167287346923,
    0.2680148514243132,
    0.27547386440745053,
    0.27068982531586716,
    0.27258734368966764,
    0.2760609131539877,
    0.2935256615458182,
    0.27372324219057,
    0.2960832393152403,
    0.29665372726139666,
    0.2989162185613659,
    0.30947950416267517,
    0.305919836764751,
    0.30648207776652303,
    0.32368244628134313,
    0.32818526768881473,
    0.32396811284031124,
    0.3195906201918435,
    0.3182792149390533,
    0.33839717819997756,
    0.3381108697834721,
    0.3532725832948292,
    0.35790447608950243
  ],
  "beta_std": [
    0.31746190786361694,
    0.3687431514263153,
    0.3432843089103699,
    0.38354748487472534,
    0.4783770740032196,
    0.5502343773841858,
    0.369452565908432,
    0.4255968928337097,
    0.5232750177383423,
    0.4559619724750519,
    0.45767438411712646,
    0.46634501218795776,
    0.44717609882354736,
    0.73175448179245,
    0.5720595717430115,
    0.663449764251709,
    0.48736894130706787,
    0.5443293452262878,
    0.4496627449989319,
    0.5887442827224731,
    0.5817039608955383,
    0.5875875353813171,
    0.4396354854106903
  ],
  "beta_mean": [
    0.02645234391093254,
    -0.1934567391872406,
    0.03007598966360092,
    -0.0797160416841507,
    -0.26785415410995483,
    -0.26154184341430664,
    -0.040255919098854065,
    -0.07593073695898056,
    -0.17858320474624634,
    -0.10161127895116806,
    -0.06198970973491669,
    -0.07873111218214035,
    -0.2290423959493637,
    -0.39521074295043945,
    -0.15100868046283722,
    -0.013889064081013203,
    -0.07392922788858414,
    0.01945626176893711,
    -0.07713304460048676,
    0.031870149075984955,
    -0.05383306369185448,
    -0.21684390306472778,
    0.043852757662534714
  ]
}