{
  "train_loss": [
    0.6544129741819281,
    0.626171800044545,
    0.6177924961792796,
    0.6168349585059093,
    0.6073518925940085,
    0.6079118488546004,
    0.603579005128459,
    0.5999928541490209,
    0.5955167546188622,
    0.5934645130899218,
    0.5955399421920553,
    0.5877728761148732,
    0.5885819967169511
  ],
  "val_loss": [
    0.6392552852630615,
    0.6214756369590759,
    0.6182851195335388,
    0.6193280816078186,
    0.6214907765388489,
    0.6261007785797119,
    0.6238492131233215,
    0.6302776336669922,
    0.6324819922447205,
    0.6245556473731995,
    0.6324360370635986,
    0.6276464462280273,
    0.6383581161499023
  ],
  "best_epoch": 2,
  "status": "underfit",
  "grad_norm": [
    0.2442567862067295,
    0.25218201813108737,
    0.26170699526830327,
    0.2718608736117195,
    0.26533439205899395,
    0.2849813882441418,
    0.2711987046183064,
    0.27927967805044457,
    0.290262145110614,
    0.29172065464376523,
    0.30233359160063156,
    0.29211787250464166,
    0.30773893157220794
  ],
  "beta_std": [
    0.3678286671638489,
    0.4555836021900177,
    0.4227094054222107,
    0.3801780343055725,
    0.3537313938140869,
    0.2534898817539215,
    0.4874964952468872,
    0.447265625,
    0.4978812336921692,
    0.535240650177002,
    0.577795147895813,
    0.40975701808929443,
    0.44536417722702026
  ],
  "beta_mean": [
    -0.10310894250869751,
    -0.1786314696073532,
    -0.15736539661884308,
    -0.26248806715011597,
    -0.1184953972697258,
    -0.1568620204925537,
    -0.2238857001066208,
    0.10999388247728348,
    -0.16899919509887695,
    0.03411165997385979,
    -0.11172322928905487,
    0.06270746141672134,
    0.006475792266428471
  ]
}