{
  "train_loss": [
    0.6546789207235414,
    0.6225165133030094,
    0.6199894885012978,
    0.6137594742523996,
    0.6124716548473514,
    0.6077544182782982,
    0.6073690360331396,
    0.6041915579985457,
    0.599412462083917,
    0.5980435201717399,
    0.5962108847272326,
    0.592409826928412,
    0.5896466944649903,
    0.5895885009235806,
    0.5837237143795393
  ],
  "val_loss": [
    0.6109204888343811,
    0.599722146987915,
    0.6061914563179016,
    0.5991445183753967,
    0.5978401303291321,
    0.5979316234588623,
    0.6007525324821472,
    0.6139293909072876,
    0.618781328201294,
    0.601177453994751,
    0.6041925549507141,
    0.6042004227638245,
    0.6157840490341187,
    0.6159788370132446,
    0.6273267269134521
  ],
  "best_epoch": 4,
  "status": "underfit",
  "grad_norm": [
    0.2441153936864041,
    0.25148345282310014,
    0.25308440500525786,
    0.2698405481795298,
    0.2864477674656232,
    0.2768648155022605,
    0.28705385080690826,
    0.29422919589237306,
    0.2962916289280044,
    0.288108555957299,
    0.2944973166557945,
    0.2854629579464227,
    0.30480994671965933,
    0.30245513673438645,
    0.3109690727910334
  ],
  "beta_std": [
    0.3592078983783722,
    0.47055894136428833,
    0.5151352286338806,
    0.4926854074001312,
    0.48224470019340515,
    0.4335050880908966,
    0.3469274342060089,
    0.37455207109451294,
    0.5111077427864075,
    0.3359937369823456,
    0.5868867635726929,
    0.4676356911659241,
    0.5844448208808899,
    0.46211493015289307,
    0.5753951072692871
  ],
  "beta_mean": [
    -0.27151915431022644,
    -0.025941774249076843,
    -0.3604159355163574,
    -0.14055714011192322,
    0.024174459278583527,
    -0.08037693798542023,
    -0.050874873995780945,
    -0.03788498044013977,
    0.20188382267951965,
    -0.0547618567943573,
    -0.0008564969175495207,
    -0.11083661019802094,
    -0.17294111847877502,
    -0.10747312009334564,
    -0.36828723549842834
  ]
}