{
  "train_loss": [
    0.6508802877002292,
    0.6294321683777703,
    0.6183761401706271,
    0.6167607577641805,
    0.6135363853772481,
    0.6097786527209812,
    0.6071840614742703,
    0.6073731929461161,
    0.6020559653706021,
    0.594917617585924,
    0.5971133288807339,
    0.5918475609885322,
    0.5908438067966038
  ],
  "val_loss": [
    0.6393225193023682,
    0.6362680792808533,
    0.629092276096344,
    0.638370156288147,
    0.6430737972259521,
    0.6309957504272461,
    0.6337116956710815,
    0.643915593624115,
    0.6480558514595032,
    0.6485200524330139,
    0.6413059234619141,
    0.6453482508659363,
    0.659381091594696
  ],
  "best_epoch": 2,
  "status": "underfit",
  "grad_norm": [
    0.24742421879786247,
    0.24585437875285748,
    0.24879235746799444,
    0.2577971106799115,
    0.2758648535406167,
    0.26307759943296316,
    0.2621223736565171,
    0.26688040897398757,
    0.2660287127749514,
    0.2728488668399533,
    0.2688495590010804,
    0.2858476828937976,
    0.285066537250083
  ],
  "beta_std": [
    0.1871524155139923,
    0.4532158076763153,
    0.3051999509334564,
    0.3480578660964966,
    0.2437836229801178,
    0.3275144100189209,
    0.26914939284324646,
    0.2556769549846649,
    0.2769171893596649,
    0.3747814893722534,
    0.2889002859592438,
    0.44874951243400574,
    0.3317934572696686
  ],
  "beta_mean": [
    -0.05852843448519707,
    -0.07997452467679977,
    -0.1478344351053238,
    -0.0835389569401741,
    0.02986035868525505,
    -0.265706866979599,
    -0.08344588428735733,
    -0.018207484856247902,
    -0.09232500940561295,
    -0.02441033162176609,
    -0.18047824501991272,
    -0.12275288254022598,
    -0.10834889858961105
  ]
}