{
  "train_loss": [
    0.6459367224375407,
    0.6234336692492167,
    0.6153443654908074,
    0.6131270776854622,
    0.6058217148780822,
    0.6064403982692295,
    0.6024878052075704,
    0.6011951038042704,
    0.5992644634246826,
    0.5953515002197689,
    0.5917661856015524,
    0.59204520061281
  ],
  "val_loss": [
    0.6375490427017212,
    0.6220125555992126,
    0.6263306736946106,
    0.630589485168457,
    0.6256710290908813,
    0.62337327003479,
    0.6391419768333435,
    0.6461456418037415,
    0.6259360909461975,
    0.6455081701278687,
    0.6313878297805786,
    0.6344889998435974
  ],
  "best_epoch": 1,
  "status": "underfit",
  "grad_norm": [
    0.2486643097118781,
    0.2521203864654687,
    0.2640817582483913,
    0.2693047502953972,
    0.27808933860496243,
    0.2690874614867136,
    0.2928553398462681,
    0.29457074267171307,
    0.3031704101960837,
    0.2857791459792056,
    0.29119543721434077,
    0.2929723751040977
  ],
  "beta_std": [
    0.4202935993671417,
    0.46138066053390503,
    0.3487194776535034,
    0.4930659532546997,
    0.5147510766983032,
    0.4376397132873535,
    0.5731889605522156,
    0.5778180956840515,
    0.37934812903404236,
    0.7660324573516846,
    0.5706446766853333,
    0.4741061329841614
  ],
  "beta_mean": [
    -0.1818082630634308,
    -0.07353060692548752,
    0.06002375856041908,
    -0.03651607036590576,
    -0.030982980504631996,
    0.02025664411485195,
    0.11355609446763992,
    0.2777884602546692,
    -0.09115128964185715,
    -0.22548697888851166,
    -0.26888585090637207,
    0.052930500358343124
  ]
}