{
  "train_loss": [
    0.6741755815199864,
    0.6236415205178437,
    0.6036996333687393,
    0.57960327245571,
    0.5593430257137911,
    0.5349077570585556,
    0.5308992044425305,
    0.5209876278300344,
    0.4986966617313432,
    0.4992360761136185,
    0.4858465567047213,
    0.4792989089165205,
    0.4596116136621546,
    0.44391316764148664
  ],
  "val_loss": [
    0.7127715349197388,
    0.699989378452301,
    0.6884788870811462,
    0.6583544611930847,
    0.6647288203239441,
    0.6764078140258789,
    0.6670687198638916,
    0.6758695840835571,
    0.6933302879333496,
    0.6880255937576294,
    0.6649025678634644,
    0.7039194107055664,
    0.698363721370697,
    0.749325156211853
  ],
  "best_epoch": 3,
  "status": "ok",
  "grad_norm": [
    0.26932329885616657,
    0.22068058206633975,
    0.2878131550100966,
    0.31125747937087006,
    0.27386602102800855,
    0.30149635451988666,
    0.35387705470783093,
    0.3541491750600652,
    0.3684919156957236,
    0.4349529116703533,
    0.4058883203341534,
    0.3937232344857027,
    0.41889772479209714,
    0.42562272138075435
  ],
  "beta_std": [
    0.3480681777000427,
    0.5279784202575684,
    0.579072117805481,
    0.6154372096061707,
    0.7398186922073364,
    0.8606407046318054,
    0.8457778692245483,
    0.8449670076370239,
    1.0292967557907104,
    1.0157603025436401,
    0.9413434863090515,
    1.1210942268371582,
    1.1750602722167969,
    1.2255046367645264
  ],
  "beta_mean": [
    -0.11801213026046753,
    -0.13067567348480225,
    -0.07124226540327072,
    0.09653035551309586,
    0.0982358306646347,
    0.25515419244766235,
    -0.18684923648834229,
    0.08506283164024353,
    0.1955643594264984,
    0.01792765222489834,
    0.12771601974964142,
    0.2042369395494461,
    0.18571096658706665,
    -0.08240199834108353
  ]
}