{
  "train_loss": [
    1.0096780529077987,
    0.7617858855487311,
    0.7319429900632267,
    0.7260218442810906,
    0.7081225257310254,
    0.705103404494057,
    0.6909685803296273,
    0.6911647306129947,
    0.686786150472206,
    0.6887552079959223,
    0.680106300289868,
    0.6795739179466203,
    0.6733553811681201,
    0.6749044687706127,
    0.6696714722552495,
    0.6722995460103129,
    0.6699205452656886,
    0.6699483169031422,
    0.6606597211346988,
    0.6576088317653589,
    0.6561151654120775,
    0.6638360243373447,
    0.6493994472389333,
    0.6575179119835123,
    0.6466991436411763,
    0.6425457589807566,
    0.6350379227615937,
    0.6469639558541147,
    0.6372705187295613,
    0.6405525802868849,
    0.6382978555054692,
    0.634413107640562,
    0.6354256132471631,
    0.6270427343719884,
    0.6237418832834701,
    0.6157124194485403,
    0.6219873370622334,
    0.6232543326400177,
    0.6199766385346128,
    0.6176834536853589,
    0.6112398048311646,
    0.6068008740603575,
    0.6095982428600913,
    0.6077602328403652,
    0.6037429789492958,
    0.605838244574809,
    0.6066697769694858,
    0.6082437762600637,
    0.6077770092055115
  ],
  "val_loss": [
    0.7306352853775024,
    0.6897087693214417,
    0.7265916466712952,
    0.6834849715232849,
    0.6823228001594543,
    0.6599910259246826,
    0.6593124270439148,
    0.6641690135002136,
    0.6496529579162598,
    0.6560382843017578,
    0.6547369956970215,
    0.6560840606689453,
    0.6371585130691528,
    0.6442643404006958,
    0.6501765251159668,
    0.6787589192390442,
    0.6609706282615662,
    0.6611995697021484,
    0.6479663252830505,
    0.6498748660087585,
    0.6323582530021667,
    0.65226811170578,
    0.6309665441513062,
    0.6473567485809326,
    0.6331953406333923,
    0.6452241539955139,
    0.6248521208763123,
    0.652599573135376,
    0.6389150023460388,
    0.6424073576927185,
    0.614998459815979,
    0.6206164956092834,
    0.6223809719085693,
    0.6520741581916809,
    0.6275690197944641,
    0.6206738352775574,
    0.6210631728172302,
    0.6382908821105957,
    0.6022126078605652,
    0.612436830997467,
    0.6165024042129517,
    0.6279147863388062,
    0.6136350631713867,
    0.6150782108306885,
    0.6345644593238831,
    0.6177830696105957,
    0.6093215942382812,
    0.6135593056678772,
    0.6049278974533081
  ],
  "best_epoch": 38,
  "status": "ok",
  "grad_norm": [
    0.832510411876685,
    0.7400861905959003,
    0.7362620292305102,
    0.7314117415674759,
    0.7397977960901101,
    0.7071200845432111,
    0.7191283166294944,
    0.7145682825094992,
    0.7486295893219743,
    0.7230704774664265,
    0.7304236774077967,
    0.7059519785628081,
    0.6905190793197092,
    0.7174868232836311,
    0.7099750315046227,
    0.7384301778929125,
    0.7044682271517777,
    0.714467329087848,
    0.6985924345569586,
    0.7170483298643184,
    0.7240257153606745,
    0.7130493410023865,
    0.7193479472499347,
    0.7528871826931345,
    0.7274058001794669,
    0.740975006027937,
    0.7379533870536378,
    0.7384798557837138,
    0.739774027874603,
    0.7275097563079845,
    0.7613000585500296,
    0.7603079523049397,
    0.7609659733899061,
    0.7799373197227849,
    0.7687389469086783,
    0.771757167472586,
    0.805346678640017,
    0.7882078878610775,
    0.7786381581290528,
    0.7914834827450486,
    0.7958673592956758,
    0.7773162614357381,
    0.7639782217634862,
    0.7880557966262889,
    0.7759674937238809,
    0.7875305692561715,
    0.7761649233079039,
    0.7842881168860208,
    0.792840607918608
  ],
  "beta_std": [
    0.7605536580085754,
    0.7633324265480042,
    0.7666820287704468,
    0.6571386456489563,
    0.6287237405776978,
    0.7216646671295166,
    0.8244010210037231,
    0.834402859210968,
    0.7612433433532715,
    0.6687504053115845,
    0.8687502145767212,
    0.8368954658508301,
    0.7678868770599365,
    0.7398126125335693,
    0.7020199298858643,
    0.7403640747070312,
    0.657105028629303,
    0.8773396015167236,
    0.8513040542602539,
    0.7998249530792236,
    0.8655744194984436,
    0.8054704070091248,
    0.944568395614624,
    0.7455223798751831,
    0.7444919347763062,
    0.8615862131118774,
    0.8797445297241211,
    0.793434202671051,
    0.7890598773956299,
    0.807705819606781,
    0.7869083285331726,
    0.8642735481262207,
    0.8449123501777649,
    0.6883313655853271,
    0.8464014530181885,
    0.7842340469360352,
    0.8175033330917358,
    0.972666323184967,
    0.823908805847168,
    0.8557906746864319,
    0.8879210948944092,
    0.70793217420578,
    0.7698197364807129,
    0.772773265838623,
    0.9158758521080017,
    0.7991505861282349,
    0.8001216650009155,
    0.8263357877731323,
    0.8752151727676392
  ],
  "beta_mean": [
    -0.2099156528711319,
    -0.17706987261772156,
    -0.34254124760627747,
    -0.23823364078998566,
    -0.06754834949970245,
    -0.14454416930675507,
    -0.03037397749722004,
    -0.043839383870363235,
    -0.41244953870773315,
    -0.19228097796440125,
    -0.20247018337249756,
    -0.12345392256975174,
    -0.29461759328842163,
    -0.19351857900619507,
    -0.2573194205760956,
    -0.27614936232566833,
    -0.2679459750652313,
    -0.1245153546333313,
    -0.19005946815013885,
    -0.06721746176481247,
    -0.29452118277549744,
    -0.1843859702348709,
    -0.2544058561325073,
    -0.18779446184635162,
    -0.22385062277317047,
    -0.2595052123069763,
    -0.3042340874671936,
    -0.060345716774463654,
    -0.2446211278438568,
    -0.14970701932907104,
    -0.17849217355251312,
    -0.22923721373081207,
    -0.13278771936893463,
    -0.10028241574764252,
    -0.17185930907726288,
    -0.419512540102005,
    -0.26693639159202576,
    -0.18092815577983856,
    -0.13861295580863953,
    -0.06425893306732178,
    -0.2838535010814667,
    -0.21737675368785858,
    -0.2202855944633484,
    -0.18908338248729706,
    -0.11829527467489243,
    -0.21059557795524597,
    -0.30112433433532715,
    -0.1708444207906723,
    -0.22375893592834473
  ]
}