{
  "train_loss": [
    0.9346548480876008,
    0.7688003545058401,
    0.7474498977019773,
    0.7336497844032377,
    0.7288819604728655,
    0.7187725639482688,
    0.7157762668565003,
    0.7006966600501746,
    0.6973150207564147,
    0.6970341387966222,
    0.6876296116873535,
    0.6848660944219221,
    0.6815235929600677,
    0.6795714806116115,
    0.6740647347210443,
    0.6713202062545464,
    0.6652155808259173,
    0.6640760183194925,
    0.6678620783209104,
    0.6596788551096331,
    0.6644999810408431,
    0.6669429441223368,
    0.6511389835675557,
    0.6548276791935078,
    0.6466826002500211,
    0.6494408086587113,
    0.6531059781431454,
    0.6472531308207595,
    0.64459482074481,
    0.642996395903024,
    0.6412465391939843,
    0.6386457380495574,
    0.6452645573002553,
    0.6330297594600254,
    0.632236024217996,
    0.6359151462923016,
    0.633511482247135,
    0.6249166002956748,
    0.6287145172922235,
    0.6367753245398315,
    0.630871101318047
  ],
  "val_loss": [
    0.7282888889312744,
    0.7130467295646667,
    0.7180078029632568,
    0.7047553658485413,
    0.7030935287475586,
    0.7181599736213684,
    0.7061269879341125,
    0.6912024617195129,
    0.6720349788665771,
    0.6704539656639099,
    0.6851682662963867,
    0.6756450533866882,
    0.6760402917861938,
    0.6648754477500916,
    0.6660443544387817,
    0.6740548014640808,
    0.6568009853363037,
    0.6499548554420471,
    0.656634509563446,
    0.6426852941513062,
    0.6499095559120178,
    0.6510287523269653,
    0.6525523662567139,
    0.6273093223571777,
    0.6415711641311646,
    0.6296985149383545,
    0.6335240006446838,
    0.6318674087524414,
    0.6586847901344299,
    0.6281487941741943,
    0.613680362701416,
    0.6346009969711304,
    0.6559990644454956,
    0.6401968002319336,
    0.6415833234786987,
    0.6287890076637268,
    0.6198904514312744,
    0.6251437664031982,
    0.6318609714508057,
    0.6255215406417847,
    0.6353668570518494
  ],
  "best_epoch": 30,
  "status": "ok",
  "grad_norm": [
    0.7558627042630404,
    0.740411398879539,
    0.7167176181953666,
    0.7007879836300606,
    0.6992911671076246,
    0.7026467254525727,
    0.6923126800816601,
    0.6931165152820392,
    0.7270720991737858,
    0.7012150533447702,
    0.7072843383327104,
    0.7149991207802726,
    0.7315258680992827,
    0.6990913425011627,
    0.7100200875782825,
    0.7436877208119613,
    0.7162526822141142,
    0.7409260146077677,
    0.7157263642445165,
    0.7280695989505824,
    0.7302338457323252,
    0.7386768597765871,
    0.7636043967508986,
    0.7520524247147959,
    0.7577691884499617,
    0.7571831001994208,
    0.7549092613466952,
    0.7407036343707261,
    0.7708898151866214,
    0.7620519993692748,
    0.7648335207940166,
    0.7546577022881709,
    0.7846657865267087,
    0.7428326518496826,
    0.7647617061363603,
    0.7744725357740869,
    0.7551928144877501,
    0.7532781519679682,
    0.7781482221121484,
    0.7764679309162772,
    0.7535353048954564
  ],
  "beta_std": [
    0.7530779242515564,
    0.7603710889816284,
    0.8157675266265869,
    0.817552387714386,
    0.5788936614990234,
    0.5823135375976562,
    0.6137763261795044,
    0.7981825470924377,
    0.7065362334251404,
    0.712397038936615,
    0.6953696608543396,
    0.7028508186340332,
    0.8496447801589966,
    0.7840712666511536,
    0.6810210943222046,
    0.667992889881134,
    0.9318917989730835,
    0.6666163802146912,
    0.6210542917251587,
    0.7602129578590393,
    0.6356503367424011,
    0.7168779969215393,
    0.7262080907821655,
    0.7436215877532959,
    0.8821675777435303,
    0.7816465497016907,
    0.8073441982269287,
    0.6722183227539062,
    0.8888013362884521,
    0.6720070838928223,
    0.8867855072021484,
    0.8554266691207886,
    0.7939779162406921,
    0.8187041282653809,
    0.8507211804389954,
    0.6873052716255188,
    0.7838917374610901,
    0.7082740068435669,
    0.7357727289199829,
    0.8078058958053589,
    0.7547101974487305
  ],
  "beta_mean": [
    -0.16230712831020355,
    -0.2773131728172302,
    -0.3008759915828705,
    -0.16762104630470276,
    -0.043527983129024506,
    -0.314978688955307,
    -0.3761829435825348,
    -0.2777003049850464,
    -0.21876589953899384,
    -0.26543283462524414,
    -0.24781687557697296,
    -0.33626842498779297,
    -0.3757741451263428,
    -0.19164419174194336,
    -0.19983310997486115,
    -0.1457824856042862,
    -0.1689358502626419,
    -0.21690236032009125,
    -0.40285035967826843,
    -0.0633399710059166,
    -0.1354922503232956,
    -0.3763180077075958,
    -0.32253360748291016,
    -0.2401229441165924,
    -0.179717019200325,
    -0.26653727889060974,
    -0.2532471716403961,
    -0.39829641580581665,
    -0.16843299567699432,
    -0.09682970494031906,
    -0.22672967612743378,
    -0.23000317811965942,
    -0.2876893877983093,
    -0.24852873384952545,
    -0.0758180096745491,
    -0.29343828558921814,
    -0.24810239672660828,
    -0.14278599619865417,
    -0.13609753549098969,
    -0.16045117378234863,
    -0.29260143637657166
  ]
}