{
  "train_loss": [
    0.9661445307731629,
    0.781125611199273,
    0.7605513864623176,
    0.7346521643532647,
    0.7323399962319268,
    0.7227747947904799,
    0.7126264193852743,
    0.7072704583273993,
    0.7087008691363864,
    0.7061051614549425,
    0.6971851305961609,
    0.6937057946523031,
    0.6908859821955363,
    0.6869135004149542,
    0.6858419262038337,
    0.6940985593795777,
    0.6764788899421692,
    0.6740241112179226,
    0.6755621185832553,
    0.6740854278670417,
    0.6749757869508531,
    0.6654646794001261,
    0.660341292222341,
    0.6573211966090732,
    0.6578140489525265,
    0.656624378575219,
    0.651091903368632,
    0.6579730565812852,
    0.6538533637258741,
    0.652160403781467,
    0.6527100281715393,
    0.64754680079884,
    0.6487767562866211,
    0.6458601945241292,
    0.6471012913386027,
    0.6557208210627238,
    0.6481863570213318,
    0.6429159052371979,
    0.6415766878128052
  ],
  "val_loss": [
    0.7642015218734741,
    0.7395581603050232,
    0.703434944152832,
    0.7236914038658142,
    0.7019752264022827,
    0.7168024778366089,
    0.6900466084480286,
    0.6779363751411438,
    0.7029718160629272,
    0.6743958592414856,
    0.6970528364181519,
    0.6646192669868469,
    0.6757656335830688,
    0.6821141242980957,
    0.6884417533874512,
    0.6466212272644043,
    0.6630313396453857,
    0.6768550872802734,
    0.6672549247741699,
    0.6426271200180054,
    0.6540837287902832,
    0.6537015438079834,
    0.6581401824951172,
    0.6526452898979187,
    0.6537079811096191,
    0.6547115445137024,
    0.6503581404685974,
    0.6273578405380249,
    0.6213986873626709,
    0.6445910930633545,
    0.6420039534568787,
    0.6359659433364868,
    0.6351283192634583,
    0.6454966068267822,
    0.6634907722473145,
    0.6350123882293701,
    0.6353564858436584,
    0.6377300024032593,
    0.6554464101791382
  ],
  "best_epoch": 28,
  "status": "ok",
  "grad_norm": [
    0.797914356903563,
    0.7496823341430315,
    0.7329786946340231,
    0.6871106324031074,
    0.7010240755329405,
    0.7050622085590231,
    0.6838312593522443,
    0.6948806500716891,
    0.7203287986433617,
    0.7072872714755016,
    0.7098832710072804,
    0.7023760722724263,
    0.7249903321387152,
    0.6948961589056227,
    0.7387467988920676,
    0.6969768181093875,
    0.7182802070363955,
    0.7306566731122653,
    0.7178786579562202,
    0.7282174173976088,
    0.7200626306023669,
    0.7262995403242846,
    0.7276868125861279,
    0.7277637690066129,
    0.7418613794814563,
    0.7366496423876777,
    0.7203063083477972,
    0.7283418213799412,
    0.7289259145456128,
    0.7523659338799933,
    0.7523147591467164,
    0.7602803726468602,
    0.7646420718797596,
    0.7698240701983134,
    0.760340785184917,
    0.7470593102602436,
    0.7554238881914688,
    0.7654827817450143,
    0.7546896259628619
  ],
  "beta_std": [
    0.7965791821479797,
    0.8684468865394592,
    0.7720471024513245,
    0.8183645009994507,
    0.8586500883102417,
    0.7546683549880981,
    0.6475561857223511,
    0.8864209055900574,
    0.8043810129165649,
    0.9642532467842102,
    0.91328364610672,
    0.8028206825256348,
    0.853748083114624,
    0.7786620259284973,
    0.7635697722434998,
    0.8929572701454163,
    0.7922059297561646,
    0.7257090210914612,
    0.863787055015564,
    0.7417963743209839,
    0.8761573433876038,
    0.8086035847663879,
    0.7919911742210388,
    1.0356934070587158,
    0.8629591464996338,
    0.8139504790306091,
    0.8261092305183411,
    0.7955816984176636,
    0.8369682431221008,
    0.8318595290184021,
    0.7808763980865479,
    0.7597236633300781,
    0.9010262489318848,
    0.9132671356201172,
    0.7278138995170593,
    0.9498298168182373,
    0.8731781244277954,
    0.9052442312240601,
    0.7019996047019958
  ],
  "beta_mean": [
    -0.09899689257144928,
    -0.011442121118307114,
    -0.14953380823135376,
    -0.36823347210884094,
    -0.2561073303222656,
    -0.04420555382966995,
    -0.23907233774662018,
    -0.19647403061389923,
    -0.08711693435907364,
    -0.1020873412489891,
    -0.001616561901755631,
    -0.08367873728275299,
    -0.2118401825428009,
    -0.23116454482078552,
    -0.2989937961101532,
    -0.2789875566959381,
    -0.14913058280944824,
    -0.30851879715919495,
    -0.1559048593044281,
    -0.16551165282726288,
    -0.008364064618945122,
    -0.3151884973049164,
    -0.285088449716568,
    -0.31459593772888184,
    -0.28779926896095276,
    -0.08655265718698502,
    -0.3125097155570984,
    -0.09956052154302597,
    -0.13529303669929504,
    -0.26709121465682983,
    -0.17239055037498474,
    -0.2633369565010071,
    -0.26188671588897705,
    -0.16794006526470184,
    -0.3590923845767975,
    -0.30286434292793274,
    -0.2364739030599594,
    -0.11342605948448181,
    -0.3049226701259613
  ]
}