{
  "train_loss": [
    0.9544776020050049,
    0.773920239660475,
    0.7611849160724216,
    0.734302652253045,
    0.725621278974745,
    0.7181776177618239,
    0.7175432005458408,
    0.7113646501964993,
    0.7116389206250509,
    0.7050143427848816,
    0.7023749152289497,
    0.6983573961257935,
    0.6945467618836297,
    0.6812283237245348,
    0.688312975247701,
    0.6784621534877353,
    0.6747459030681187,
    0.6810843926005893,
    0.6764093322753906,
    0.6712505763371786,
    0.6716838157441881,
    0.6674059443473815,
    0.6676027958128188,
    0.659571115705702,
    0.656526874171363
  ],
  "val_loss": [
    0.7292609810829163,
    0.7134170532226562,
    0.7178843021392822,
    0.6859517693519592,
    0.6708918213844299,
    0.6668753623962402,
    0.6805341839790344,
    0.6917956471443176,
    0.6625238656997681,
    0.6661655902862549,
    0.6695696115493774,
    0.6621395349502563,
    0.6629967093467712,
    0.6446025967597961,
    0.636214554309845,
    0.6442548632621765,
    0.6601036190986633,
    0.6627473831176758,
    0.6524953842163086,
    0.6543972492218018,
    0.6383920907974243,
    0.6500058770179749,
    0.6442707777023315,
    0.669731855392456,
    0.6639409065246582
  ],
  "best_epoch": 14,
  "status": "ok",
  "grad_norm": [
    0.7532141625506681,
    0.7326464624504,
    0.7243061734545375,
    0.7020421492345766,
    0.7366593181184562,
    0.7000445157190947,
    0.7265956320254067,
    0.735005578187853,
    0.7038637728966132,
    0.7356433004241029,
    0.7364272459043907,
    0.7334352196221897,
    0.7160452932438659,
    0.7252606192930426,
    0.71561895506285,
    0.7267754408908689,
    0.7381804401692371,
    0.7094056435839878,
    0.7269806183336539,
    0.7374207101026091,
    0.7325955024917069,
    0.7396266245754253,
    0.7349318622628619,
    0.7230457504673542,
    0.7318643697412407
  ],
  "beta_std": [
    0.676638126373291,
    0.7665642499923706,
    0.6526560187339783,
    0.8062607645988464,
    0.9692358374595642,
    0.8041362762451172,
    0.8036283254623413,
    0.9783450365066528,
    0.7300105690956116,
    0.7844533324241638,
    0.8164498805999756,
    0.8515431880950928,
    0.7754724025726318,
    0.9322942495346069,
    0.8957310318946838,
    0.8525909185409546,
    0.8381595611572266,
    1.0241055488586426,
    0.9146432876586914,
    0.8581809997558594,
    0.8987404108047485,
    0.9602383971214294,
    0.7628055214881897,
    0.9900423884391785,
    0.9122233390808105
  ],
  "beta_mean": [
    -0.050495024770498276,
    -0.23017078638076782,
    -0.2663959562778473,
    -0.35835084319114685,
    -0.20896431803703308,
    -0.07085315138101578,
    -0.20743699371814728,
    0.051592566072940826,
    -0.08098232746124268,
    -0.23815664649009705,
    -0.14814670383930206,
    -0.17833282053470612,
    -0.14836227893829346,
    -0.20315709710121155,
    -0.04285115376114845,
    -0.2553897798061371,
    -0.13694530725479126,
    0.06296064704656601,
    -0.17946264147758484,
    -0.19841526448726654,
    -0.21964208781719208,
    -0.3208766579627991,
    -0.15300562977790833,
    -0.1996356099843979,
    -0.38514837622642517
  ]
}