{
  "train_loss": [
    0.6472198735064233,
    0.6264511952344437,
    0.6182025007058305,
    0.6171888158614175,
    0.6128196898120188,
    0.6116416504787423,
    0.6158850760348359,
    0.6097847620367307,
    0.6115641400827999,
    0.607729183456354,
    0.6108274675670423,
    0.6070146570289344,
    0.6095309116547568
  ],
  "val_loss": [
    0.651914119720459,
    0.644925594329834,
    0.6394141912460327,
    0.6594462990760803,
    0.6421498656272888,
    0.6522983908653259,
    0.6463817358016968,
    0.6392908096313477,
    0.6402010917663574,
    0.6533656716346741,
    0.6645548343658447,
    0.6475347876548767,
    0.6592755913734436
  ],
  "best_epoch": 2,
  "status": "underfit",
  "grad_norm": [
    0.23683193100857614,
    0.23089647321502488,
    0.23263527375859874,
    0.2255932241889795,
    0.22444809421182063,
    0.21989441209329463,
    0.2347256464711367,
    0.2298177558514068,
    0.22303454483281496,
    0.20974192541581452,
    0.22174936572059217,
    0.214240709479535,
    0.22130431005952836
  ],
  "beta_std": [
    0.23836687207221985,
    0.2503013014793396,
    0.22518175840377808,
    0.48159438371658325,
    0.4047989845275879,
    0.2327318638563156,
    0.3555930256843567,
    0.2938409447669983,
    0.2315070480108261,
    0.4034145772457123,
    0.23228466510772705,
    0.2930622696876526,
    0.2793440818786621
  ],
  "beta_mean": [
    -0.18861547112464905,
    -0.16466239094734192,
    -0.1395328938961029,
    -0.15104083716869354,
    -0.13511595129966736,
    -0.19271795451641083,
    -0.0879787802696228,
    -0.12468793243169785,
    -0.14609509706497192,
    -0.25152403116226196,
    -0.07679415494203568,
    -0.15871211886405945,
    -0.18281543254852295
  ]
}