{
  "train_loss": [
    0.6389277938932006,
    0.6218805601722316,
    0.6152056907910353,
    0.6159284519730953,
    0.6123292117927507,
    0.6116666855031286,
    0.611525800046865,
    0.608950524901786,
    0.6078471598848265,
    0.6096112592457331,
    0.6100382242146989,
    0.6073800324975398,
    0.6030354631295678,
    0.6027555271896006,
    0.6050445760899817,
    0.6059107404703286,
    0.6026123863772342,
    0.6056069341040494,
    0.5991478188135471,
    0.5991780202291165,
    0.6006029195255703,
    0.5984336319164923
  ],
  "val_loss": [
    0.6230054497718811,
    0.612482488155365,
    0.6343890428543091,
    0.6245580911636353,
    0.6187556385993958,
    0.6216488480567932,
    0.6278342008590698,
    0.6128415465354919,
    0.616707444190979,
    0.6110724806785583,
    0.6184017658233643,
    0.6100688576698303,
    0.6218119263648987,
    0.625318169593811,
    0.6179951429367065,
    0.620133101940155,
    0.617943286895752,
    0.6178093552589417,
    0.6183783411979675,
    0.6235220432281494,
    0.6171588897705078,
    0.6249493956565857
  ],
  "best_epoch": 11,
  "status": "underfit",
  "grad_norm": [
    0.23299312826013271,
    0.23404167629828515,
    0.24066748703960417,
    0.2314615433915153,
    0.23704875984604315,
    0.24085254210630808,
    0.23636097304005954,
    0.22219533556987492,
    0.24348176903403768,
    0.227287268908756,
    0.22599429304782212,
    0.2293562025112262,
    0.23691907664824038,
    0.2245766085527547,
    0.22939724751656052,
    0.22681386174111126,
    0.21736229053810338,
    0.24028353137523742,
    0.22765675042460554,
    0.2319520731618999,
    0.23035299064469747,
    0.23114065759414723
  ],
  "beta_std": [
    0.482386976480484,
    0.42435359954833984,
    0.45560476183891296,
    0.40230241417884827,
    0.5134906768798828,
    0.3781642019748688,
    0.367632120847702,
    0.4006992280483246,
    0.34959879517555237,
    0.35982877016067505,
    0.3942125141620636,
    0.4160502552986145,
    0.3477526009082794,
    0.3437202572822571,
    0.2918281555175781,
    0.43806976079940796,
    0.389517605304718,
    0.3863835036754608,
    0.4058688282966614,
    0.4742201566696167,
    0.40171894431114197,
    0.5202524662017822
  ],
  "beta_mean": [
    -0.24483303725719452,
    0.04770466685295105,
    -0.3488503098487854,
    0.005671244114637375,
    -0.09045824408531189,
    -0.2597115635871887,
    -0.19018910825252533,
    -0.03422406315803528,
    0.07672157138586044,
    -0.029906554147601128,
    0.014410119503736496,
    -0.14029759168624878,
    0.03516346961259842,
    -0.10980746150016785,
    -0.045823585242033005,
    -0.030021173879504204,
    0.020868893712759018,
    -0.05528527870774269,
    -0.11071579903364182,
    -0.12236948311328888,
    -0.17166198790073395,
    -0.14469917118549347
  ]
}