{
  "train_loss": [
    0.6455301716313725,
    0.6262497716340405,
    0.6197193508120308,
    0.6202030427971779,
    0.6155768082155819,
    0.6174298059591773,
    0.6138830143248128,
    0.6153006146525779,
    0.6169602874984518,
    0.6158471063563699,
    0.6133866255743462,
    0.6130322335616887,
    0.612518544001886,
    0.6089025137298986,
    0.6083392136975339,
    0.6129098050357306,
    0.6087589502195169,
    0.6080784149058381,
    0.6078759577678658
  ],
  "val_loss": [
    0.613891065120697,
    0.6102465391159058,
    0.6120802164077759,
    0.6125626564025879,
    0.6061893701553345,
    0.6098938584327698,
    0.6094486713409424,
    0.610706090927124,
    0.5996032953262329,
    0.61386638879776,
    0.6217371821403503,
    0.6184694766998291,
    0.608147144317627,
    0.6069061756134033,
    0.6045965552330017,
    0.6099205613136292,
    0.6130065321922302,
    0.6038061380386353,
    0.5995827317237854
  ],
  "best_epoch": 8,
  "status": "underfit",
  "grad_norm": [
    0.22276923638867294,
    0.2357360013224799,
    0.23350615976450148,
    0.23837109380684104,
    0.2321223406850468,
    0.24209517428062588,
    0.2298638154671566,
    0.23629091287191736,
    0.24787960172131376,
    0.24992351322867412,
    0.2451304839488605,
    0.24199462279405556,
    0.23157087051128003,
    0.23298032428583676,
    0.2315249185652403,
    0.24015754097985087,
    0.23436209371682745,
    0.23366178259093878,
    0.2357002712040521
  ],
  "beta_std": [
    0.338439017534256,
    0.37543898820877075,
    0.23731054365634918,
    0.523908793926239,
    0.2621346414089203,
    0.3581857681274414,
    0.24656513333320618,
    0.37896934151649475,
    0.30751582980155945,
    0.27277496457099915,
    0.3450285494327545,
    0.33381766080856323,
    0.33014214038848877,
    0.3239171504974365,
    0.3222811818122864,
    0.23998518288135529,
    0.28451621532440186,
    0.2607443630695343,
    0.196114644408226
  ],
  "beta_mean": [
    -0.13618534803390503,
    -0.043486617505550385,
    -0.021261082962155342,
    -0.05999354273080826,
    -0.17564192414283752,
    0.01031498983502388,
    0.045682746917009354,
    0.03282224014401436,
    -0.28726568818092346,
    -0.03920981287956238,
    -0.09457512944936752,
    -0.059806037694215775,
    0.02564244344830513,
    -0.17143037915229797,
    -0.15195690095424652,
    -0.11359722912311554,
    -0.17696085572242737,
    -0.3647526502609253,
    -0.14787910878658295
  ]
}