{
  "train_loss": [
    0.6428434316735518,
    0.6241721865308215,
    0.6219493947670474,
    0.6161591557591979,
    0.6174473893154434,
    0.6159138411945767,
    0.6142993900650426,
    0.6079241940152575,
    0.6110366710863615,
    0.6104065467739663,
    0.6116839530732897,
    0.6114800667344478,
    0.610379464277747,
    0.6083057942306787,
    0.6079539564896745,
    0.60518212134378,
    0.6090643969892758,
    0.607359692715762,
    0.6042386403000146,
    0.6033012617819491
  ],
  "val_loss": [
    0.6217221021652222,
    0.6165885329246521,
    0.6303528547286987,
    0.6209777593612671,
    0.6192229986190796,
    0.6319663524627686,
    0.6171518564224243,
    0.6252979636192322,
    0.6226875185966492,
    0.6125777363777161,
    0.6194655895233154,
    0.6170247197151184,
    0.6161969304084778,
    0.6249414086341858,
    0.6128968000411987,
    0.6252912282943726,
    0.6225971579551697,
    0.6197390556335449,
    0.6152645945549011,
    0.6144053936004639
  ],
  "best_epoch": 9,
  "status": "underfit",
  "grad_norm": [
    0.22239065528125218,
    0.22863934462780106,
    0.23459786273201289,
    0.22256852505525143,
    0.21978293897321227,
    0.22490330061076283,
    0.2217827011465376,
    0.22384112336101378,
    0.21869265939739405,
    0.22520209957802298,
    0.22829355070431404,
    0.22888445123452048,
    0.23142433360225967,
    0.2240393475860289,
    0.22894396764749378,
    0.23080440312245598,
    0.23209852937782421,
    0.23318537852687243,
    0.2253001491295082,
    0.2274637325694655
  ],
  "beta_std": [
    0.4155981242656708,
    0.3957568407058716,
    0.4268803894519806,
    0.30524101853370667,
    0.5525781512260437,
    0.6631801724433899,
    0.33014971017837524,
    0.5983818173408508,
    0.2816954255104065,
    0.40137386322021484,
    0.3125797510147095,
    0.28607285022735596,
    0.3713859021663666,
    0.546330988407135,
    0.5158365964889526,
    0.39976292848587036,
    0.4115053713321686,
    0.3159240782260895,
    0.3791550099849701,
    0.4902516305446625
  ],
  "beta_mean": [
    -0.04325112700462341,
    0.08169180154800415,
    -0.1771741509437561,
    0.0006178930052556098,
    -0.1877627670764923,
    -0.2689592242240906,
    -0.09886018186807632,
    0.11733578145503998,
    -0.04939654842019081,
    0.03142805024981499,
    -0.22300948202610016,
    0.01164923794567585,
    -0.18366344273090363,
    -0.08931972831487656,
    -0.008863838389515877,
    -0.13704641163349152,
    -0.09347084164619446,
    -0.020370328798890114,
    -0.08003684878349304,
    -0.24000659584999084
  ]
}