{
  "train_loss": [
    0.6537899342893857,
    0.6262483875514471,
    0.6234972077782391,
    0.6213073564412301,
    0.6235131553042005,
    0.6161895015644051,
    0.6179976763362773,
    0.6173019805010299,
    0.6148879549098991,
    0.6157974523689315,
    0.6157613523940594,
    0.6143763743645964,
    0.6138055686922799,
    0.6118534276778238,
    0.6122765915993361,
    0.6130893223397216,
    0.6080094089703253
  ],
  "val_loss": [
    0.6243439316749573,
    0.6154507398605347,
    0.6141859889030457,
    0.6148701310157776,
    0.6146228909492493,
    0.6338294744491577,
    0.6097049713134766,
    0.6124122142791748,
    0.6096388101577759,
    0.6154432892799377,
    0.6105962991714478,
    0.6110155582427979,
    0.6140195727348328,
    0.6096282005310059,
    0.6194088459014893,
    0.616016149520874,
    0.614043653011322
  ],
  "best_epoch": 6,
  "status": "underfit",
  "grad_norm": [
    0.21799298145102922,
    0.22969726568631224,
    0.22367499660239665,
    0.2310610695846591,
    0.23114671535680065,
    0.23202568845935162,
    0.22996818789133194,
    0.23739520417815785,
    0.21540736581309697,
    0.23675576134716586,
    0.24383617766173002,
    0.2397880862189274,
    0.23125982795465322,
    0.2327846336700887,
    0.22994882423628418,
    0.2333417365259347,
    0.23219395693865344
  ],
  "beta_std": [
    0.43308189511299133,
    0.3812885582447052,
    0.21657809615135193,
    0.4208908677101135,
    0.40534383058547974,
    0.28807032108306885,
    0.20512504875659943,
    0.26684772968292236,
    0.25569796562194824,
    0.19985589385032654,
    0.23785249888896942,
    0.2981676161289215,
    0.29638585448265076,
    0.27993741631507874,
    0.2951866686344147,
    0.3895276188850403,
    0.35086071491241455
  ],
  "beta_mean": [
    -0.1702825278043747,
    -0.16894598305225372,
    -0.08179856091737747,
    -0.3086092472076416,
    -0.12760846316814423,
    -0.1096307709813118,
    -0.056791774928569794,
    -0.01627568155527115,
    -0.15367688238620758,
    -0.21139757335186005,
    -0.008764109574258327,
    -0.05486002936959267,
    0.0824403315782547,
    -0.11886175721883774,
    0.007139233872294426,
    -0.16446712613105774,
    -0.13089734315872192
  ]
}