{
  "train_loss": [
    0.634374107784695,
    0.6129131209585402,
    0.609138035721249,
    0.6059109375211927,
    0.6045666916635302,
    0.6056096728112963,
    0.6014234069188436,
    0.6033485227160984,
    0.6043164377212524,
    0.6025436832110087,
    0.6002227741877239,
    0.5998208634588453,
    0.5994411413934496,
    0.599231140560574
  ],
  "val_loss": [
    0.6040743589401245,
    0.6061186790466309,
    0.6069480180740356,
    0.5959845185279846,
    0.5983394980430603,
    0.605665385723114,
    0.6101925373077393,
    0.6029399037361145,
    0.6108858585357666,
    0.5998833179473877,
    0.6031694412231445,
    0.6105872988700867,
    0.599287748336792,
    0.599479079246521
  ],
  "best_epoch": 3,
  "status": "underfit",
  "grad_norm": [
    0.2570051502252695,
    0.24145965845433226,
    0.24458789602055434,
    0.2326968560059705,
    0.2362597897996242,
    0.23093492074469388,
    0.23170601928818982,
    0.2300116986308853,
    0.22263176682559946,
    0.21902898322207795,
    0.23577314588708267,
    0.22303814820864135,
    0.21830877969283,
    0.22135837637358718
  ],
  "beta_std": [
    0.21834401786327362,
    0.1577662229537964,
    0.4479674994945526,
    0.297166645526886,
    0.5573645234107971,
    0.37624022364616394,
    0.3885689377784729,
    0.29771244525909424,
    0.1925031542778015,
    0.36675652861595154,
    0.26801881194114685,
    0.2545531392097473,
    0.24353145062923431,
    0.3773048222064972
  ],
  "beta_mean": [
    -0.018173815682530403,
    -0.13382630050182343,
    0.11989080905914307,
    -0.1002490222454071,
    -0.12180232256650925,
    -0.06457187235355377,
    -0.21984252333641052,
    -0.14509586989879608,
    -0.005216636694967747,
    -0.13556809723377228,
    -0.24084334075450897,
    -0.14279747009277344,
    -0.024307675659656525,
    -0.1067541316151619
  ]
}