{
  "train_loss": [
    0.6394022020234001,
    0.6245731843312582,
    0.6172072638935513,
    0.6174479720857409,
    0.6134344709714253,
    0.6153773425420125,
    0.6121736763848199,
    0.6115495706134372,
    0.6129211019939846,
    0.6106398126814101,
    0.6107136579089695,
    0.608887643231286
  ],
  "val_loss": [
    0.6219695210456848,
    0.6179757118225098,
    0.6232147216796875,
    0.6256476044654846,
    0.6198564171791077,
    0.6280074119567871,
    0.6318416595458984,
    0.6228516101837158,
    0.6254653334617615,
    0.6236360669136047,
    0.6204531788825989,
    0.6247573494911194
  ],
  "best_epoch": 1,
  "status": "underfit",
  "grad_norm": [
    0.2333239892436177,
    0.24499676543057897,
    0.2445677863763148,
    0.22974767877894808,
    0.2398458169545044,
    0.24139564445954878,
    0.23807149760596538,
    0.24061169956347692,
    0.23505554063828124,
    0.2424406126181357,
    0.2449329508768387,
    0.2465486121480119
  ],
  "beta_std": [
    0.48233282566070557,
    0.2963397800922394,
    0.4230911135673523,
    0.37247541546821594,
    0.5002514123916626,
    0.21401375532150269,
    0.5971583724021912,
    0.36438173055648804,
    0.5138773918151855,
    0.4325489103794098,
    0.44104769825935364,
    0.3785404860973358
  ],
  "beta_mean": [
    -0.01872524432837963,
    0.06802321970462799,
    -0.0701858326792717,
    0.13955487310886383,
    -0.10694225877523422,
    -0.016356855630874634,
    -0.07095005363225937,
    0.06138551980257034,
    0.05971914529800415,
    -0.07085517793893814,
    0.04029950499534607,
    0.012029806151986122
  ]
}