{
  "train_loss": [
    2.5321552920635835,
    2.076580525209874,
    1.9619140189370992,
    1.8901632866447355,
    1.836860708837156,
    1.8275227552578772,
    1.7913606532414754,
    1.7365665877306904,
    1.6423795401019814,
    1.6756285783979628,
    1.660731025684027,
    1.6020533791883491,
    1.5779400938528556,
    1.5747101658950617,
    1.5527588876677147,
    1.5327426764405805,
    1.5464018791693228,
    1.5017107542061512,
    1.4996215150385728,
    1.4874918180630532,
    1.4690153011863614,
    1.482823856495045,
    1.4467376197414634,
    1.4368093009053924,
    1.43458569350066
  ],
  "val_loss": [
    1.8546432256698608,
    1.797868251800537,
    1.8085216283798218,
    1.6600260734558105,
    1.7093851566314697,
    1.6407853364944458,
    1.5486042499542236,
    1.5050207376480103,
    1.4844675064086914,
    1.540855884552002,
    1.4333213567733765,
    1.4526445865631104,
    1.4788968563079834,
    1.461513638496399,
    1.3797303438186646,
    1.407440185546875,
    1.485201120376587,
    1.525640606880188,
    1.4227946996688843,
    1.399538516998291,
    1.4164127111434937,
    1.4901516437530518,
    1.4318106174468994,
    1.3839547634124756,
    1.4693939685821533
  ],
  "best_epoch": 14,
  "status": "ok",
  "grad_norm": [
    3.5346405828980427,
    3.1547324069392757,
    3.095876180266538,
    3.1704135126032043,
    3.070706536784545,
    3.158166308522919,
    3.2658905521249593,
    2.884874452116146,
    2.719849272542186,
    3.0616777053261557,
    2.9467557981364543,
    2.878913187978338,
    2.937958916995853,
    2.882904036095637,
    2.7832647554937058,
    2.79612821287378,
    2.9001277801675904,
    2.7729119739859254,
    2.733284941501334,
    2.699315502868117,
    2.573587674857388,
    2.8583991619385167,
    2.667524536336087,
    2.7151239795106448,
    2.587646242337096
  ],
  "beta_std": [
    0.5804148316383362,
    0.6612604260444641,
    0.7035966515541077,
    0.7279580235481262,
    0.8702859282493591,
    0.666299045085907,
    0.7742246389389038,
    0.7298571467399597,
    0.6800695061683655,
    0.7111621499061584,
    0.7078717350959778,
    0.8162230849266052,
    0.6147282719612122,
    0.523219108581543,
    0.8234797120094299,
    0.8021154999732971,
    0.7913539409637451,
    0.7235308885574341,
    0.7992451190948486,
    0.6525147557258606,
    0.7252370715141296,
    0.5018781423568726,
    0.7744300961494446,
    0.6830071210861206,
    0.7330940365791321
  ],
  "beta_mean": [
    -0.17914442718029022,
    -0.2641485631465912,
    -0.008199336007237434,
    -0.33472567796707153,
    -0.20228585600852966,
    -0.18035347759723663,
    -0.13484439253807068,
    -0.2013830542564392,
    -0.33583804965019226,
    -0.08022119104862213,
    -0.12156473845243454,
    -0.23629993200302124,
    -0.14653229713439941,
    -0.1328631043434143,
    -9.24216365092434e-05,
    0.0536804161965847,
    0.07697029411792755,
    -0.05601240321993828,
    -0.18948863446712494,
    -0.05048975721001625,
    -0.1580275297164917,
    -0.14323748648166656,
    -0.19526711106300354,
    -0.10363373905420303,
    -0.06257179379463196
  ]
}