{
  "train_loss": [
    2.5092645895922625,
    2.0401214076854566,
    1.9890954465630615,
    1.9030674184987575,
    1.8077813493469614,
    1.8145517632990709,
    1.7887130689032285,
    1.756994019790932,
    1.7566494315347554,
    1.727172747011538,
    1.6961502768669598,
    1.6742840228257356,
    1.6618134711701193,
    1.6477309776824198,
    1.627329357288502,
    1.6292719776247755,
    1.5684603496245395,
    1.613273281344661,
    1.5916810456028692,
    1.5464168510319274,
    1.5382785488646706,
    1.5290456287360485,
    1.5196058479356178,
    1.5150845725448043,
    1.497849852832747,
    1.5230377621709565,
    1.5031427243020798,
    1.4887929765089059,
    1.4590272335947296,
    1.4957666988137328,
    1.4797472867259274,
    1.4609054494787146,
    1.4331422458460301
  ],
  "val_loss": [
    1.9235745668411255,
    1.7518776655197144,
    1.6811250448226929,
    1.7007808685302734,
    1.701680064201355,
    1.7242982387542725,
    1.6161575317382812,
    1.6334383487701416,
    1.6284763813018799,
    1.6083271503448486,
    1.557976245880127,
    1.5981591939926147,
    1.5396239757537842,
    1.5094636678695679,
    1.6086667776107788,
    1.646201252937317,
    1.488463044166565,
    1.5562019348144531,
    1.5465402603149414,
    1.4138648509979248,
    1.5075228214263916,
    1.744753122329712,
    1.3993802070617676,
    1.4765386581420898,
    1.4706426858901978,
    1.4824377298355103,
    1.5074169635772705,
    1.4889320135116577,
    1.5404267311096191,
    1.4809366464614868,
    1.4771755933761597,
    1.4678480625152588,
    1.5043528079986572
  ],
  "best_epoch": 22,
  "status": "ok",
  "grad_norm": [
    3.2960414300920067,
    3.169115566276664,
    3.0399715982143913,
    2.8539629486100377,
    2.7618804153367966,
    2.966963455203875,
    2.805762292993323,
    2.8956435954765327,
    2.802719984995283,
    2.7720213641303553,
    2.7024824927027375,
    2.6708978399846286,
    2.802188738734721,
    2.6422387345411815,
    2.7809530252295,
    2.763558187107902,
    2.6995897276239207,
    2.7201364470152978,
    2.8156034940616546,
    2.692292114054942,
    2.695193427546851,
    2.691787691628528,
    2.7911196076737954,
    2.802094148305121,
    2.7377699177511756,
    2.804969112745192,
    2.8099905540028396,
    2.8837689570840603,
    2.6558324017164674,
    2.899002071558424,
    2.758142098360233,
    2.6963154744695825,
    2.6681684587712167
  ],
  "beta_std": [
    0.6998677849769592,
    0.8783623576164246,
    0.7182013988494873,
    0.7712112069129944,
    0.6980645656585693,
    1.0020138025283813,
    0.703641951084137,
    0.6428812742233276,
    0.7914267778396606,
    0.7429574728012085,
    0.8413649797439575,
    0.7277923822402954,
    0.8556616902351379,
    0.7251663208007812,
    0.7812934517860413,
    0.8060224652290344,
    0.6735587120056152,
    0.7986218333244324,
    0.7258176803588867,
    0.6839648485183716,
    0.7932162880897522,
    0.716084897518158,
    0.6514320969581604,
    0.6803689002990723,
    0.6503309607505798,
    0.7614228129386902,
    0.7483816742897034,
    0.6551138758659363,
    0.7423563599586487,
    0.7269790768623352,
    0.7130416631698608,
    0.8468682169914246,
    0.811434268951416
  ],
  "beta_mean": [
    -0.13928799331188202,
    -0.30615729093551636,
    -0.2821768522262573,
    -0.25607621669769287,
    -0.5754851698875427,
    -0.193431556224823,
    -0.22547245025634766,
    -0.12391918897628784,
    -0.0864788070321083,
    -0.26206693053245544,
    -0.13342027366161346,
    -0.33919599652290344,
    -0.18876023590564728,
    -0.20019429922103882,
    -0.3253900110721588,
    -0.3685174882411957,
    -0.1874224841594696,
    -0.34797701239585876,
    -0.2590048313140869,
    -0.2595219016075134,
    -0.20415130257606506,
    -0.38037702441215515,
    -0.14937353134155273,
    -0.3342730700969696,
    -0.33334553241729736,
    -0.2169647514820099,
    -0.12266583740711212,
    -0.10289660096168518,
    -0.47606638073921204,
    -0.04982483759522438,
    -0.23784686625003815,
    -0.2268143743276596,
    -0.12555909156799316
  ]
}