{
  "train_loss": [
    2.4258892124201976,
    2.018411790108194,
    1.9805655072876116,
    1.9177076348371787,
    1.9057411297648943,
    1.8502509028462866,
    1.8431932392574493,
    1.813202060539436,
    1.7729233485500828,
    1.7582856662149062,
    1.756027969805832,
    1.7348866855206133,
    1.746159716474226,
    1.7034360579081944,
    1.7010632588479524,
    1.6993886816798964,
    1.6812637105820671,
    1.6676591288746079,
    1.6438089078786422,
    1.6589425388106953,
    1.6323600405738468,
    1.650247428098233,
    1.6049900792353278,
    1.6341859635312,
    1.6165736884486919,
    1.593209111176921,
    1.6096565410934067,
    1.6098713473668174,
    1.6081587787117817,
    1.60472323591747,
    1.5775582496271112,
    1.5377510268671983,
    1.5577393499361414,
    1.5337277714087039,
    1.5257685246110773,
    1.5151052204119104,
    1.5370281853102772,
    1.5204144627058587,
    1.5197879822616405,
    1.5052727999330378,
    1.5015675849655048,
    1.4901744249996955,
    1.4815264735362428,
    1.4722760123730787,
    1.4834586723591465,
    1.4671212446121942,
    1.4661269349576125,
    1.451273862304601,
    1.4294166661173848,
    1.4629395076206753,
    1.445584034325044,
    1.4403767747943903,
    1.4426859908633762,
    1.4145465539696536,
    1.45048012998369,
    1.4331106442713142,
    1.4590492991903743,
    1.424956184936489,
    1.4101403594287345,
    1.4156404738523523,
    1.4119657474310219,
    1.4172197185676385,
    1.410314973384615
  ],
  "val_loss": [
    1.8783345222473145,
    1.95510995388031,
    1.940237045288086,
    2.0490052700042725,
    1.8457129001617432,
    1.851654291152954,
    1.803571343421936,
    1.7437565326690674,
    1.8307515382766724,
    1.7147544622421265,
    1.7484934329986572,
    1.701378345489502,
    1.7481099367141724,
    1.720259189605713,
    1.6943620443344116,
    1.6710611581802368,
    1.6918179988861084,
    1.6468493938446045,
    1.6342999935150146,
    1.722046971321106,
    1.6664124727249146,
    1.6642757654190063,
    1.5781970024108887,
    1.5992070436477661,
    1.630402684211731,
    1.6626980304718018,
    1.6233575344085693,
    1.6083712577819824,
    1.594445824623108,
    1.626217007637024,
    1.631727933883667,
    1.5609480142593384,
    1.592908501625061,
    1.5766481161117554,
    1.6013176441192627,
    1.561746597290039,
    1.5738948583602905,
    1.6382924318313599,
    1.5184499025344849,
    1.5779850482940674,
    1.5035905838012695,
    1.540863275527954,
    1.5379350185394287,
    1.508561611175537,
    1.5902777910232544,
    1.552852988243103,
    1.6148052215576172,
    1.6160794496536255,
    1.5013015270233154,
    1.5295178890228271,
    1.5576329231262207,
    1.6109044551849365,
    1.4943265914916992,
    1.602919340133667,
    1.5501738786697388,
    1.5390222072601318,
    1.5103168487548828,
    1.5169748067855835,
    1.5097150802612305,
    1.6092686653137207,
    1.5478177070617676,
    1.506766438484192,
    1.5136454105377197
  ],
  "best_epoch": 52,
  "status": "ok",
  "grad_norm": [
    3.3757744774734997,
    3.3545994199992286,
    3.3474401943240273,
    3.3182656516676703,
    3.210720132822131,
    3.11315706408483,
    3.158657275970738,
    3.163703087719825,
    2.9540421565958943,
    3.0073050136207513,
    3.08716698852519,
    3.045099615839776,
    3.1037073808489253,
    3.0724607919308573,
    2.9836506471120825,
    2.9220329452967464,
    3.052317253642124,
    2.9765981809397646,
    2.899940362565826,
    3.031103612648449,
    2.8860235285145976,
    2.968350857379274,
    2.948062248993394,
    3.0825661786169802,
    2.9557439797810274,
    2.976564552253942,
    3.0107678083226515,
    3.086652548766259,
    3.2511451015103954,
    3.196815096649587,
    3.1399016002861124,
    2.9685046608747596,
    2.9497397143255806,
    3.028778052755191,
    3.0278403924267354,
    3.087419595625046,
    3.1434516453624535,
    3.161362841381996,
    3.1450244993997587,
    3.1585889971978642,
    3.1976050238465277,
    3.220916875158983,
    3.2078977834696656,
    3.0553324609971884,
    3.213759018972879,
    3.227563032884781,
    3.2096816605684593,
    3.076264157184486,
    3.109958389148935,
    3.2433707750973286,
    3.172800582547551,
    3.1693287806803836,
    3.1401424049270417,
    3.085914700051481,
    3.157599732879066,
    3.2059582200056362,
    3.338018678348361,
    3.148652715228064,
    3.033857428727217,
    3.193119585568299,
    3.0895763429537366,
    3.175160025840431,
    3.1691109543520595
  ],
  "beta_std": [
    0.6868836879730225,
    0.4994182884693146,
    0.623554527759552,
    0.6486037969589233,
    0.6937260627746582,
    0.5827996134757996,
    0.7333039045333862,
    0.7978278398513794,
    0.6346861720085144,
    0.6363475322723389,
    0.8335389494895935,
    0.7221047282218933,
    0.6675782799720764,
    0.688486635684967,
    0.7317094206809998,
    0.762108564376831,
    0.6479717493057251,
    0.8010541796684265,
    0.7588792443275452,
    0.5702002644538879,
    0.7774063348770142,
    0.6159464120864868,
    0.7275748252868652,
    0.9143662452697754,
    0.7113968729972839,
    0.6987289786338806,
    0.7097346782684326,
    0.7515809535980225,
    0.7634056806564331,
    0.6916238069534302,
    0.7489143013954163,
    0.7770402431488037,
    0.8524840474128723,
    0.8283112645149231,
    0.7523236870765686,
    0.7485163807868958,
    0.840185821056366,
    0.726604700088501,
    0.830994725227356,
    0.6441171765327454,
    0.805255651473999,
    0.592939019203186,
    0.6877741813659668,
    0.6884135603904724,
    0.7377123236656189,
    0.5829778909683228,
    0.7109095454216003,
    0.6859859824180603,
    0.78875333070755,
    0.6182653307914734,
    0.6754165887832642,
    0.7631592154502869,
    0.9035617709159851,
    0.7355123162269592,
    0.8402022123336792,
    0.6276613473892212,
    0.7029568552970886,
    0.6794539093971252,
    0.6591055989265442,
    0.6225755214691162,
    0.6487119197845459,
    0.7754217386245728,
    0.8704748749732971
  ],
  "beta_mean": [
    -0.2904234528541565,
    -0.2021474689245224,
    -0.13708044588565826,
    -0.175404891371727,
    -0.23954950273036957,
    -0.23621483147144318,
    0.08305472135543823,
    0.07361751794815063,
    -0.27146902680397034,
    -0.014826175756752491,
    -0.2286974936723709,
    -0.0636715292930603,
    -0.28185173869132996,
    0.12503907084465027,
    -0.22991260886192322,
    -0.30168068408966064,
    -0.08145730942487717,
    -0.22304189205169678,
    -0.17377552390098572,
    -0.18784725666046143,
    -0.12164303660392761,
    -0.31520742177963257,
    0.03135700151324272,
    -0.044391945004463196,
    -0.33570653200149536,
    -0.08183794468641281,
    -0.14068149030208588,
    -0.2645536959171295,
    -0.05830373242497444,
    -0.21277077496051788,
    -0.09496033936738968,
    -0.23311182856559753,
    -0.25257089734077454,
    -0.22407817840576172,
    -0.12737980484962463,
    -0.06326043605804443,
    -0.2838420569896698,
    -0.18482130765914917,
    -0.30924496054649353,
    -0.014849957078695297,
    -0.03637192025780678,
    -0.16174711287021637,
    -0.048580389469861984,
    -0.029665246605873108,
    -0.2229526787996292,
    -0.14982618391513824,
    -0.25565105676651,
    0.08486202359199524,
    0.009775637648999691,
    -0.20232079923152924,
    0.047960080206394196,
    -0.20719923079013824,
    -0.2061384916305542,
    -0.24822187423706055,
    -0.3111270070075989,
    -0.09416074305772781,
    -0.04381348565220833,
    -0.19328340888023376,
    -0.24156658351421356,
    -0.06624735891819,
    -0.16086220741271973,
    -0.20416876673698425,
    -0.24710947275161743
  ]
}