{
  "train_loss": [
    2.4252273801167807,
    2.0272861126793758,
    1.9796209055582683,
    1.9304968672858345,
    1.8964663373099433,
    1.8759284965727063,
    1.8426231536865234,
    1.7984088614781697,
    1.7625133602354262,
    1.7845990504158868,
    1.7618015857272677,
    1.7529784768422445,
    1.7007735727098252,
    1.7067466015285915,
    1.683836225933499,
    1.689586416244507,
    1.6579376162423027,
    1.6623405943976508,
    1.6322155395083957,
    1.643682174258762,
    1.6310261804792616,
    1.6027652752134536,
    1.5965706768035888,
    1.5941168188518948,
    1.5787568106121488,
    1.5672874552408853,
    1.5627750758065118,
    1.572240506913927,
    1.5623798276053535,
    1.5815645720163982,
    1.5511825731065538,
    1.5483480609258016,
    1.5430268675486247,
    1.52960889922248,
    1.507714024013943,
    1.5180901323954263,
    1.518809034983317,
    1.4902803965674507,
    1.4909040864308676,
    1.472003426445855,
    1.4545979362063939,
    1.4905257600148518,
    1.4466740299860636,
    1.4828361199696858,
    1.4807611361609565,
    1.4589222821129693,
    1.459730411582523,
    1.455767940097385,
    1.445258910285102
  ],
  "val_loss": [
    1.9476791620254517,
    1.9272302389144897,
    1.9468421936035156,
    1.8883482217788696,
    1.848968267440796,
    1.821484088897705,
    1.8055535554885864,
    1.6989139318466187,
    1.8055185079574585,
    1.784164309501648,
    1.661897897720337,
    1.7058759927749634,
    1.7572399377822876,
    1.83762788772583,
    1.6795849800109863,
    1.7192436456680298,
    1.7382630109786987,
    1.6765854358673096,
    1.5609827041625977,
    1.5944998264312744,
    1.637245535850525,
    1.6320446729660034,
    1.6001588106155396,
    1.6203627586364746,
    1.5485578775405884,
    1.540254831314087,
    1.6755640506744385,
    1.679184079170227,
    1.6008933782577515,
    1.505297064781189,
    1.5698678493499756,
    1.6194690465927124,
    1.7613277435302734,
    1.5435733795166016,
    1.6357682943344116,
    1.6327481269836426,
    1.5087523460388184,
    1.4758076667785645,
    1.4360593557357788,
    1.6128895282745361,
    1.4809937477111816,
    1.4682066440582275,
    1.448041558265686,
    1.5049914121627808,
    1.4564554691314697,
    1.4893009662628174,
    1.501690149307251,
    1.499906063079834,
    1.4375942945480347
  ],
  "best_epoch": 38,
  "status": "ok",
  "grad_norm": [
    3.381333096766218,
    3.186974288574056,
    3.2305605467791043,
    3.394311311543401,
    3.165044499630079,
    3.1979845495095223,
    3.2841358096608433,
    3.2837006786059466,
    3.0782329950759513,
    3.1494981902869226,
    3.104448429459682,
    3.0512456524228297,
    2.9113885933029735,
    3.058438434842082,
    3.0047031278868923,
    2.9416676202131296,
    2.956451571188928,
    2.890187579970475,
    2.9656007174422676,
    3.034106315132136,
    2.9933600965948126,
    3.009507809937727,
    3.003471548234383,
    3.0448116746214526,
    3.0510623695050163,
    2.9535289066937676,
    3.0149224136575494,
    2.952810407358313,
    3.006860011440373,
    3.0061054031881174,
    3.0535144479396954,
    3.110595067443874,
    3.1456880308213555,
    3.0324052637287497,
    3.058294406036898,
    3.104866756340102,
    3.1278452600102424,
    3.1159236475673375,
    2.9649011993939776,
    2.9976136978264845,
    2.886767550022172,
    2.9670137644938586,
    2.909582914757916,
    3.156880381851116,
    3.1168306717932346,
    3.0962302455178583,
    3.0776021570104253,
    3.089218935514666,
    2.916996794601063
  ],
  "beta_std": [
    0.6153237223625183,
    0.5184975862503052,
    0.8319897055625916,
    0.49769705533981323,
    0.7267758250236511,
    0.7384871244430542,
    0.8868817687034607,
    0.6576337814331055,
    0.6623952388763428,
    0.6138373017311096,
    0.8239660859107971,
    0.7406131625175476,
    0.7746126055717468,
    0.742374062538147,
    0.8328551650047302,
    0.7060233354568481,
    0.649120032787323,
    0.6827809810638428,
    0.6686793565750122,
    0.8099982142448425,
    0.6721338033676147,
    0.7130991220474243,
    0.7916256785392761,
    0.7020507454872131,
    0.7595841884613037,
    0.79375821352005,
    0.7888143658638,
    0.7380167841911316,
    0.7487122416496277,
    0.734123706817627,
    0.5380678772926331,
    0.6884060502052307,
    0.6156989932060242,
    0.7591596245765686,
    0.6787247657775879,
    0.7527409791946411,
    0.8396373391151428,
    0.6968457102775574,
    0.6896001696586609,
    0.7493218183517456,
    0.7516576647758484,
    0.7612404227256775,
    0.6884286403656006,
    0.6644257307052612,
    0.678066611289978,
    0.7126636505126953,
    0.8635503649711609,
    0.7636743783950806,
    0.7283128499984741
  ],
  "beta_mean": [
    -0.21290338039398193,
    -0.1772896647453308,
    0.0018036575056612492,
    -0.004399302415549755,
    -0.42257076501846313,
    -0.23334424197673798,
    -0.24183398485183716,
    -0.2130066454410553,
    0.031024565920233727,
    -0.26002007722854614,
    -0.04335114359855652,
    -0.12787427008152008,
    -0.6022869944572449,
    -0.19249176979064941,
    -0.254310667514801,
    0.047369860112667084,
    -0.4813271462917328,
    -0.32575884461402893,
    -0.17281219363212585,
    -0.17180679738521576,
    -0.15118585526943207,
    -0.2572877109050751,
    -0.169650599360466,
    -0.21420978009700775,
    0.01231824979186058,
    -0.2263437658548355,
    -0.5829028487205505,
    -0.24989071488380432,
    -0.11474955826997757,
    -0.10041312873363495,
    -0.4372347891330719,
    -0.12250644713640213,
    -0.3067808151245117,
    -0.15682561695575714,
    -0.06103967875242233,
    -0.22796955704689026,
    -0.24819836020469666,
    -0.19978754222393036,
    -0.17245270311832428,
    -0.17902857065200806,
    -0.22086432576179504,
    -0.14988727867603302,
    -0.12098805606365204,
    -0.21099868416786194,
    -0.14756804704666138,
    -0.18545037508010864,
    -0.14658057689666748,
    -0.08698488771915436,
    -0.11020039021968842
  ]
}