{
  "train_loss": [
    0.6412222637628254,
    0.6223842397767898,
    0.6161485059498346,
    0.6129164697691711,
    0.6118853462369819,
    0.6096251938496416,
    0.6103573777243407,
    0.607367479020392,
    0.6099945579077068,
    0.607620514554587,
    0.6079596039983961,
    0.6082776246991074,
    0.6060934039863229
  ],
  "val_loss": [
    0.6097047924995422,
    0.6096100211143494,
    0.6075660586357117,
    0.6098000407218933,
    0.6111282110214233,
    0.6212990880012512,
    0.6175603866577148,
    0.6167678236961365,
    0.6182136535644531,
    0.6114234924316406,
    0.6245299577713013,
    0.6274085640907288,
    0.6135889887809753
  ],
  "best_epoch": 2,
  "status": "underfit",
  "grad_norm": [
    0.2180547797982268,
    0.23507298614437797,
    0.2299500947984221,
    0.23296796011545803,
    0.22354495582182674,
    0.22246158212418893,
    0.225630447397928,
    0.21761047721308918,
    0.21738941512760734,
    0.20980748110857259,
    0.23205795277195174,
    0.21793199856406797,
    0.23347434141614196
  ],
  "beta_std": [
    0.3494417369365692,
    0.2701074779033661,
    0.27658745646476746,
    0.42096078395843506,
    0.27112266421318054,
    0.21703296899795532,
    0.16911880671977997,
    0.43148475885391235,
    0.3099425435066223,
    0.3566646873950958,
    0.36444705724716187,
    0.29532745480537415,
    0.2776668965816498
  ],
  "beta_mean": [
    0.10771476477384567,
    -0.0407283715903759,
    -0.24068202078342438,
    -0.011081616394221783,
    -0.16752003133296967,
    -0.2464645355939865,
    -0.039460208266973495,
    0.07705274224281311,
    -0.1853855699300766,
    -0.0921671912074089,
    -0.20228570699691772,
    0.11871863156557083,
    -0.05327833816409111
  ]
}