{
  "train_loss": [
    0.6443758396098488,
    0.6223198896820782,
    0.6166476875996729,
    0.6190990745812132,
    0.6177194346740232,
    0.6136891230783964,
    0.6158074778283549,
    0.6116635639486258,
    0.6127143934874507,
    0.6110758063388847,
    0.6115444056471886,
    0.6089552886165374,
    0.6116658310722887
  ],
  "val_loss": [
    0.6312171220779419,
    0.6219905018806458,
    0.6145930290222168,
    0.6159272193908691,
    0.6214967370033264,
    0.6491631269454956,
    0.6198946833610535,
    0.6144216656684875,
    0.6214021444320679,
    0.6203341484069824,
    0.6189068555831909,
    0.6139295697212219,
    0.6159240007400513
  ],
  "best_epoch": 2,
  "status": "underfit",
  "grad_norm": [
    0.24343487302857497,
    0.23520184647080083,
    0.22624997863333077,
    0.23383101368755685,
    0.24289698398867166,
    0.2332439989001273,
    0.23889880196733537,
    0.22632275925252057,
    0.22775397622786195,
    0.22373715424065893,
    0.2289495818212741,
    0.23732594422754458,
    0.2333122100164067
  ],
  "beta_std": [
    0.22396685183048248,
    0.32873961329460144,
    0.4083528220653534,
    0.5229452252388,
    0.1870052069425583,
    0.77774578332901,
    0.2786684036254883,
    0.4099142849445343,
    0.30012309551239014,
    0.4142981469631195,
    0.5081589818000793,
    0.39660754799842834,
    0.44192788004875183
  ],
  "beta_mean": [
    -0.11675204336643219,
    -0.011361520737409592,
    0.08962472528219223,
    -0.17286312580108643,
    -0.07941197603940964,
    0.46362873911857605,
    -0.0306604765355587,
    -0.14288230240345,
    0.15085341036319733,
    -0.07353588193655014,
    0.13090118765830994,
    -0.06406993418931961,
    0.13315565884113312
  ]
}