{
  "train_loss": [
    0.640005770594056,
    0.6201337928242153,
    0.623738395038404,
    0.6157885050634194,
    0.6145840333498013,
    0.6141756083533081,
    0.6166872971517998,
    0.6156664171553494,
    0.6093836448903669,
    0.6117134536079496,
    0.6099060540450246,
    0.6091048838381181,
    0.609174790284787,
    0.6074109052217495
  ],
  "val_loss": [
    0.628616988658905,
    0.6277762055397034,
    0.6307198405265808,
    0.6256856322288513,
    0.6287898421287537,
    0.6331112384796143,
    0.6252463459968567,
    0.6290870308876038,
    0.6460219025611877,
    0.6258072853088379,
    0.6389982104301453,
    0.6362784504890442,
    0.6307264566421509,
    0.6342158317565918
  ],
  "best_epoch": 3,
  "status": "underfit",
  "grad_norm": [
    0.2289897456804009,
    0.2216630053489675,
    0.23339009935075353,
    0.2213335255509039,
    0.224431832207959,
    0.2229946185972207,
    0.22862161255411598,
    0.2236707385817358,
    0.22558288182146366,
    0.2226040513800873,
    0.2211004147088154,
    0.22777011429813476,
    0.22091478977775603,
    0.2202711131976501
  ],
  "beta_std": [
    0.44318801164627075,
    0.3872518837451935,
    0.32405492663383484,
    0.28357765078544617,
    0.25846362113952637,
    0.3383822739124298,
    0.19315770268440247,
    0.23201186954975128,
    0.587705135345459,
    0.27799078822135925,
    0.3232946991920471,
    0.2315148413181305,
    0.3538532853126526,
    0.38576558232307434
  ],
  "beta_mean": [
    -0.25107160210609436,
    -0.1687289923429489,
    -0.05854734778404236,
    -0.16422413289546967,
    -0.1776992678642273,
    -0.197313129901886,
    -0.010116441175341606,
    -0.06793519109487534,
    -0.22179391980171204,
    -0.21084603667259216,
    -0.02834659442305565,
    -0.0643395408987999,
    -0.17333918809890747,
    0.07515404373407364
  ]
}