{
  "train_loss": [
    0.6504184985997384,
    0.6311325560536301,
    0.6281284805348045,
    0.6228908346689236,
    0.6228582928194637,
    0.620604702115756,
    0.6198178936584651,
    0.6194983823118154,
    0.6191311866219281,
    0.6198943450436954,
    0.6157200332691795,
    0.6149576169426678,
    0.6151101807125827,
    0.6171450958614461
  ],
  "val_loss": [
    0.6301453113555908,
    0.6187769770622253,
    0.6072418689727783,
    0.5945104360580444,
    0.6048685908317566,
    0.6009491682052612,
    0.6184332370758057,
    0.6022878289222717,
    0.6100806593894958,
    0.6123656034469604,
    0.5941618084907532,
    0.6007815003395081,
    0.6083796620368958,
    0.6093918681144714
  ],
  "best_epoch": 3,
  "status": "underfit",
  "grad_norm": [
    0.23306151324204818,
    0.21977217229029647,
    0.2216437566382478,
    0.21797322204460556,
    0.22277992437169647,
    0.23034577366232362,
    0.21883481049322961,
    0.2304610646968927,
    0.22992634519862273,
    0.2229349705363061,
    0.22042626147052957,
    0.21693633417677072,
    0.22698114773425546,
    0.2153664697409988
  ],
  "beta_std": [
    0.3155004382133484,
    0.4854586720466614,
    0.5605593919754028,
    0.278105765581131,
    0.27104809880256653,
    0.32425832748413086,
    0.6279425024986267,
    0.3141569197177887,
    0.2417953610420227,
    0.45246848464012146,
    0.3056989312171936,
    0.28188157081604004,
    0.4522533416748047,
    0.3977647125720978
  ],
  "beta_mean": [
    0.034367635846138,
    -0.1272951364517212,
    -0.2032652646303177,
    -0.05173991248011589,
    -0.05839560180902481,
    -0.14990584552288055,
    -0.3461500406265259,
    -0.10048818588256836,
    -0.07989172637462616,
    -0.018968721851706505,
    -0.009192448109388351,
    -0.13498519361019135,
    -0.19839008152484894,
    -0.010105017572641373
  ]
}