{
  "train_loss": [
    0.6369847112371211,
    0.6157169311506706,
    0.6141928229555051,
    0.6139717941535147,
    0.6108285907416315,
    0.6085663470190171,
    0.6075132697785807,
    0.6060434998685157,
    0.6060926327510187,
    0.6019144162657665,
    0.6025985366698594,
    0.604463506246868,
    0.5995600841756452,
    0.6028204409141986,
    0.6009014278127436,
    0.6018337773440177,
    0.599199297149279,
    0.6012741741381193
  ],
  "val_loss": [
    0.6186807155609131,
    0.6186490058898926,
    0.6136119365692139,
    0.6202382445335388,
    0.6110108494758606,
    0.617102324962616,
    0.6160129308700562,
    0.6070838570594788,
    0.6100956797599792,
    0.6126170754432678,
    0.6190664768218994,
    0.6140332221984863,
    0.6136294603347778,
    0.6077283620834351,
    0.6096639633178711,
    0.6244264841079712,
    0.610494077205658,
    0.6107518672943115
  ],
  "best_epoch": 7,
  "status": "underfit",
  "grad_norm": [
    0.23876262602803833,
    0.23712360200137375,
    0.22509637042638717,
    0.23558855520319566,
    0.2216827672541799,
    0.22617956155637386,
    0.21929132789394007,
    0.21928004488212235,
    0.22312162418394493,
    0.21524821651258672,
    0.22527159962601148,
    0.22412114740425004,
    0.22501723991721975,
    0.21632719682587725,
    0.221803958118486,
    0.2229739389631456,
    0.2248006680545336,
    0.2293990768111805
  ],
  "beta_std": [
    0.1505226492881775,
    0.16678565740585327,
    0.20948442816734314,
    0.13347211480140686,
    0.17536014318466187,
    0.31205934286117554,
    0.2399822175502777,
    0.28399598598480225,
    0.308053195476532,
    0.20061713457107544,
    0.3534061908721924,
    0.3230746388435364,
    0.19411467015743256,
    0.28602269291877747,
    0.27032098174095154,
    0.2908647060394287,
    0.362130731344223,
    0.29813799262046814
  ],
  "beta_mean": [
    -0.2409287691116333,
    -0.015867989510297775,
    -0.19674938917160034,
    -0.004273266065865755,
    -0.16900941729545593,
    -0.25339415669441223,
    -0.1440294086933136,
    -0.23608005046844482,
    -0.010340356267988682,
    -0.15694288909435272,
    -0.19046930968761444,
    -0.22549359500408173,
    -0.18419542908668518,
    -0.24806839227676392,
    -0.018387533724308014,
    -0.19245357811450958,
    -0.2600496709346771,
    -0.21109381318092346
  ]
}