{
  "train_loss": [
    0.6421472080018785,
    0.6249737290806241,
    0.616897236612108,
    0.6186230102115208,
    0.6186170364485847,
    0.6171515474319458,
    0.6137134110132854,
    0.6154795014593336,
    0.6119697584046258,
    0.6128107628292507,
    0.6104182653956943,
    0.6090158696174621,
    0.6081010391447279,
    0.6087093005710178,
    0.6085450616412693,
    0.6086492952770657
  ],
  "val_loss": [
    0.6235184073448181,
    0.6161386966705322,
    0.611100435256958,
    0.6147333979606628,
    0.6102018356323242,
    0.6055422425270081,
    0.6220576167106628,
    0.6305087208747864,
    0.6107995510101318,
    0.6132559776306152,
    0.6247010231018066,
    0.6166158318519592,
    0.6115121841430664,
    0.6259007453918457,
    0.6179760694503784,
    0.6109427213668823
  ],
  "best_epoch": 5,
  "status": "underfit",
  "grad_norm": [
    0.2268109886805436,
    0.23752032299416156,
    0.21917639650246504,
    0.2328124904441325,
    0.22944018434369234,
    0.21913495284616766,
    0.21626975639366883,
    0.22838151107871313,
    0.2184696538758382,
    0.23236560437133075,
    0.21693773319272144,
    0.2197167858811327,
    0.21777479361023627,
    0.22579104943553902,
    0.2184051531765666,
    0.2224397987704825
  ],
  "beta_std": [
    0.2985704243183136,
    0.31006190180778503,
    0.10416463017463684,
    0.2054528295993805,
    0.21080823242664337,
    0.2623743414878845,
    0.29133132100105286,
    0.16560518741607666,
    0.20609696209430695,
    0.451826810836792,
    0.30422449111938477,
    0.17969360947608948,
    0.29683032631874084,
    0.3267734944820404,
    0.2403079867362976,
    0.29375144839286804
  ],
  "beta_mean": [
    -0.0799451395869255,
    -0.11841316521167755,
    -0.10908784717321396,
    -0.18790611624717712,
    -0.1769968569278717,
    -0.069856196641922,
    -0.03425447642803192,
    -0.11560749262571335,
    -0.15682446956634521,
    -0.22858816385269165,
    0.02384939230978489,
    -0.10220255702733994,
    -0.2665644586086273,
    -0.1658734232187271,
    -0.11916671693325043,
    -0.0730406641960144
  ]
}