{
  "train_loss": [
    0.6367998542255825,
    0.6192965939839681,
    0.6135192950566609,
    0.611197939660814,
    0.6080564750035604,
    0.607044444931878,
    0.6033694920010036,
    0.6066310526529948,
    0.6044879886309306,
    0.6026653947830201,
    0.6012587558428446,
    0.6009255039427015,
    0.6021317832734849,
    0.6012405366897583,
    0.6007807010014852,
    0.6015548299153646,
    0.5991758484310574
  ],
  "val_loss": [
    0.6373603343963623,
    0.6070646047592163,
    0.6046541929244995,
    0.6100820302963257,
    0.6082063317298889,
    0.6159474849700928,
    0.5976879000663757,
    0.6200538277626038,
    0.6116408109664917,
    0.6056948900222778,
    0.6097617745399475,
    0.6113746166229248,
    0.60664963722229,
    0.6098907589912415,
    0.6094187498092651,
    0.6084869503974915,
    0.6079666018486023
  ],
  "best_epoch": 6,
  "status": "underfit",
  "grad_norm": [
    0.2661043425255296,
    0.2506510880183975,
    0.2407216193430715,
    0.2335093167026139,
    0.22943393644213594,
    0.227785742902101,
    0.22431253541656268,
    0.2279670098074578,
    0.22926210398272304,
    0.21979482915689835,
    0.22792455185728555,
    0.22384149876169934,
    0.21939426036811258,
    0.23007235735975903,
    0.22586000564842218,
    0.2345771300934343,
    0.22741872124294765
  ],
  "beta_std": [
    0.18277516961097717,
    0.3632717430591583,
    0.22968873381614685,
    0.15481287240982056,
    0.25672656297683716,
    0.3893195688724518,
    0.24523252248764038,
    0.3480547368526459,
    0.2761043906211853,
    0.38697487115859985,
    0.3178953528404236,
    0.3978501856327057,
    0.28305330872535706,
    0.32663285732269287,
    0.2954418361186981,
    0.35741934180259705,
    0.3117014467716217
  ],
  "beta_mean": [
    -0.14946065843105316,
    -0.002211261773481965,
    -0.17127899825572968,
    -0.06251011788845062,
    -0.15821872651576996,
    -0.11549091339111328,
    -0.14904147386550903,
    -0.06318924576044083,
    -0.04567106068134308,
    -0.21827828884124756,
    -0.16356122493743896,
    -0.20489177107810974,
    -0.29967135190963745,
    -0.11945690214633942,
    -0.08572757244110107,
    -0.25953149795532227,
    -0.16704726219177246
  ]
}