{
  "train_loss": [
    0.9672982676545082,
    0.8210626269920528,
    0.7698173932443585,
    0.7597124976581997,
    0.7356098078008284,
    0.7314836265608581,
    0.723518771985818,
    0.7177154886234574,
    0.7111796790675113,
    0.7036572462773463,
    0.7052507575352986,
    0.7029280231012935,
    0.6952764015030443,
    0.6957721581096538,
    0.6918524235452128,
    0.6806271169757285,
    0.6824658373643083,
    0.6692263136272542,
    0.6728776771980419,
    0.665353419683133,
    0.663016208682144,
    0.6674480656364508,
    0.662233759687658,
    0.6550563291638916,
    0.6523374931156983,
    0.6544713507339969,
    0.6546007296913549,
    0.6525344642421655,
    0.6443378372220268,
    0.6431622191061054,
    0.6411519698789943,
    0.6364571386192277,
    0.6486499026365448,
    0.6421818993802656,
    0.6305244110341658,
    0.6318430339802078,
    0.6390192356723093,
    0.6388056306532252,
    0.6256287715867249,
    0.6311433920386242,
    0.6380932097407113,
    0.6307691743917633,
    0.6277557924616407,
    0.6251821383677031,
    0.6281791274728831
  ],
  "val_loss": [
    0.8056662678718567,
    0.7573337554931641,
    0.7627266645431519,
    0.7439430356025696,
    0.7379423975944519,
    0.7160435318946838,
    0.7241351008415222,
    0.719577968120575,
    0.7158786058425903,
    0.7173531651496887,
    0.7222644686698914,
    0.713220477104187,
    0.6906077861785889,
    0.7076961994171143,
    0.6811185479164124,
    0.712548553943634,
    0.7093406915664673,
    0.6827351450920105,
    0.6712414026260376,
    0.6897765398025513,
    0.6878088116645813,
    0.6693378686904907,
    0.7015988230705261,
    0.6587499976158142,
    0.655997097492218,
    0.666688859462738,
    0.689376950263977,
    0.6657007932662964,
    0.6663019061088562,
    0.68314129114151,
    0.665202260017395,
    0.6720116138458252,
    0.6575930118560791,
    0.6579139828681946,
    0.6476818323135376,
    0.6720932722091675,
    0.6576676964759827,
    0.6825680732727051,
    0.6741288304328918,
    0.6561319231987,
    0.6850038766860962,
    0.6779549717903137,
    0.668453574180603,
    0.677324652671814,
    0.6680099964141846
  ],
  "best_epoch": 34,
  "status": "ok",
  "grad_norm": [
    0.8726199320472962,
    0.880710274924732,
    0.8009923706209204,
    0.8384411103310575,
    0.7837143729810716,
    0.7993937670617145,
    0.784745298662575,
    0.7575087798948265,
    0.8285575772141164,
    0.7555911181904307,
    0.7906007569219552,
    0.7676607623409251,
    0.7627419415749942,
    0.7894419069572969,
    0.7663519220324734,
    0.807314131723178,
    0.8023167057903897,
    0.8069198329685072,
    0.816767885723713,
    0.8165353351201845,
    0.7932513010162734,
    0.8212106510087572,
    0.8228222701784453,
    0.7868428499613549,
    0.8120544245156136,
    0.8192124264036541,
    0.852036467034104,
    0.8032697106014005,
    0.7923972831127594,
    0.7938079049793992,
    0.814622105652255,
    0.8225251049915773,
    0.8091782210164794,
    0.8411198465820947,
    0.8057851574343969,
    0.8357264931216084,
    0.839541327965218,
    0.8205132102399958,
    0.8435740393992013,
    0.8216628878460207,
    0.8226747149224469,
    0.8161568024438177,
    0.852232229691522,
    0.8516399583305033,
    0.8568510522085283
  ],
  "beta_std": [
    0.5909386277198792,
    0.8731151819229126,
    0.6669033765792847,
    0.7050169110298157,
    0.6883397698402405,
    0.8694964647293091,
    0.7774052619934082,
    0.7815814018249512,
    0.8455861806869507,
    0.7944748401641846,
    0.6379146575927734,
    0.711531937122345,
    0.7182661294937134,
    0.6803039908409119,
    0.6682765483856201,
    0.7739706039428711,
    0.8404784202575684,
    0.729393482208252,
    0.7763184309005737,
    0.663431704044342,
    0.7629410624504089,
    0.7707483172416687,
    0.8861446380615234,
    0.8091311454772949,
    0.8090852499008179,
    0.7412472367286682,
    0.6988022923469543,
    0.7959948778152466,
    0.8333615660667419,
    0.7765263915061951,
    0.8482496738433838,
    0.8141306042671204,
    1.002399206161499,
    0.7704187035560608,
    0.7704687118530273,
    0.7554018497467041,
    0.7261002063751221,
    0.6423198580741882,
    0.8575931191444397,
    0.9550768136978149,
    0.7866706848144531,
    0.6971712112426758,
    0.7620497941970825,
    0.7864906787872314,
    0.7785871624946594
  ],
  "beta_mean": [
    -0.21338902413845062,
    -0.37664204835891724,
    -0.12426970899105072,
    -0.25776728987693787,
    -0.3094415068626404,
    -0.4842432737350464,
    -0.28495174646377563,
    -0.497161865234375,
    -0.3368653953075409,
    -0.4434017539024353,
    -0.33812856674194336,
    -0.2924974858760834,
    -0.2724015414714813,
    -0.08470688760280609,
    -0.21603773534297943,
    -0.2613913416862488,
    -0.2914184331893921,
    -0.2221289873123169,
    -0.12220768630504608,
    -0.26827502250671387,
    -0.4836818277835846,
    -0.41882091760635376,
    -0.18215486407279968,
    -0.3322817385196686,
    -0.19468297064304352,
    -0.2201501727104187,
    -0.42647406458854675,
    -0.18633434176445007,
    -0.2868591248989105,
    -0.33672916889190674,
    -0.31744876503944397,
    -0.553175687789917,
    -0.07064390927553177,
    -0.18410350382328033,
    -0.29785698652267456,
    -0.3834282159805298,
    -0.331455796957016,
    -0.21778912842273712,
    -0.20598866045475006,
    -0.1160297617316246,
    -0.3685823678970337,
    -0.22333569824695587,
    -0.3301270604133606,
    -0.28699013590812683,
    -0.23040084540843964
  ]
}