{
  "train_loss": [
    0.9600159121675101,
    0.775704783277902,
    0.7598829562901056,
    0.7487708366126344,
    0.7409429770603515,
    0.7232131426236783,
    0.7139245050971271,
    0.7004783630719659,
    0.6934657176335652,
    0.697188068049693,
    0.6951874097188314,
    0.6820764371805024,
    0.6821101186707703,
    0.6772279628954435,
    0.6731288610006634,
    0.6544068915523283,
    0.6674577219026131,
    0.6627073306925813,
    0.6513326529452675,
    0.6620152077619095,
    0.6560363139604267,
    0.6575767446679679,
    0.65806054647903,
    0.6479659880741298,
    0.6516927305439062,
    0.6405845750284473,
    0.6455469374210514,
    0.6447771977123461,
    0.6486889598244114,
    0.6489315517882854,
    0.6501114914291783,
    0.6466444746095534,
    0.6497141534822028,
    0.6353172453523379,
    0.6354024137390984,
    0.641447898783879,
    0.6391834878224378,
    0.6358956244953892
  ],
  "val_loss": [
    0.8021906614303589,
    0.7573946714401245,
    0.7280935049057007,
    0.7369698286056519,
    0.7167567610740662,
    0.7035293579101562,
    0.7368929982185364,
    0.7075897455215454,
    0.6871736645698547,
    0.6831684112548828,
    0.6602938175201416,
    0.6840210556983948,
    0.6634180545806885,
    0.6673088073730469,
    0.6540027856826782,
    0.6713183522224426,
    0.6559445858001709,
    0.689506471157074,
    0.6347588896751404,
    0.663955569267273,
    0.6368101239204407,
    0.6591243147850037,
    0.6507675051689148,
    0.6391754746437073,
    0.6407535076141357,
    0.6489415764808655,
    0.6604114174842834,
    0.6296484470367432,
    0.6450201272964478,
    0.641966700553894,
    0.6484012603759766,
    0.6438819766044617,
    0.6423051953315735,
    0.6668190956115723,
    0.6504929661750793,
    0.6452400088310242,
    0.6551101207733154,
    0.6507263779640198
  ],
  "best_epoch": 27,
  "status": "ok",
  "grad_norm": [
    0.8556688776861936,
    0.8040672011726017,
    0.7950191992098216,
    0.8146328606603791,
    0.7702691597855374,
    0.7427347696726203,
    0.7795393478202036,
    0.756959469833963,
    0.7598544930491171,
    0.7739081172621821,
    0.7835187739010505,
    0.7918417083136825,
    0.8152601208665294,
    0.848918948863678,
    0.8109675660437446,
    0.816591036270901,
    0.815161945888979,
    0.8267665764525353,
    0.8124179238448116,
    0.8043021121708502,
    0.8177536384724512,
    0.8196714778093531,
    0.8235984147650599,
    0.8595619302055616,
    0.8217916471140269,
    0.7995224431365424,
    0.8298679217683588,
    0.8017573013533621,
    0.8475994128718298,
    0.8037896738830089,
    0.8443389429590096,
    0.8150713669675727,
    0.8421977403749992,
    0.8207869398953802,
    0.8037620761693435,
    0.8426290185083884,
    0.7973063006813614,
    0.836673124442284
  ],
  "beta_std": [
    0.8875671625137329,
    0.6564961671829224,
    0.8855307102203369,
    0.8470454216003418,
    0.7219449877738953,
    0.8776775002479553,
    0.9155734181404114,
    0.7579640746116638,
    0.679811418056488,
    0.6911150813102722,
    0.7059674263000488,
    0.8258065581321716,
    0.8006643652915955,
    0.8763790130615234,
    0.8180979490280151,
    0.6676238179206848,
    0.813323438167572,
    0.6883141398429871,
    0.7706242203712463,
    0.723696231842041,
    0.7217854857444763,
    0.8381255865097046,
    0.7459322810173035,
    0.7876707911491394,
    0.805519163608551,
    0.8201545476913452,
    0.8294126391410828,
    0.8358863592147827,
    0.968084454536438,
    0.9679297804832458,
    0.8008019924163818,
    0.7664796710014343,
    0.8224343657493591,
    0.7682880759239197,
    0.8883976340293884,
    0.8530032634735107,
    0.8316394686698914,
    0.849190890789032
  ],
  "beta_mean": [
    -0.3886798918247223,
    -0.5259600281715393,
    -0.21648895740509033,
    -0.40352410078048706,
    -0.19542817771434784,
    -0.328096866607666,
    -0.272821843624115,
    -0.3924233317375183,
    -0.2719492018222809,
    -0.2838395833969116,
    -0.17851951718330383,
    -0.23853783309459686,
    -0.17865902185440063,
    -0.5001217722892761,
    -0.22925983369350433,
    -0.3821583688259125,
    -0.3703283667564392,
    -0.35833752155303955,
    -0.3271726667881012,
    -0.22215506434440613,
    -0.3839399516582489,
    -0.4155237674713135,
    -0.2550291419029236,
    -0.22766636312007904,
    -0.30307865142822266,
    -0.32888105511665344,
    -0.09151290357112885,
    -0.356717586517334,
    -0.49650391936302185,
    -0.340538889169693,
    -0.3350079655647278,
    -0.23204004764556885,
    -0.31640246510505676,
    -0.10696682333946228,
    -0.4666304290294647,
    -0.35249337553977966,
    -0.45197823643684387,
    -0.4692775309085846
  ]
}