{
  "train_loss": [
    0.9287015659209581,
    0.777196596226497,
    0.7548264945041366,
    0.7382310243517335,
    0.7189589697575709,
    0.719960511455759,
    0.7084776935800474,
    0.7094629379880358,
    0.7033353302771586,
    0.6879882747806304,
    0.6935759831590262,
    0.6975434533057854,
    0.6837373910173338,
    0.6865024056629828,
    0.6743057955496492,
    0.6745901311210721,
    0.6740881071453206,
    0.6607580161373517,
    0.6623872075861658,
    0.653087494108412,
    0.6546497283483806,
    0.6570351257519416,
    0.6546693102239866,
    0.6465822417136521,
    0.6543705431899132,
    0.6518792934933602,
    0.6529812382118046,
    0.6390269651887013,
    0.6488356123611941,
    0.6418013749903405,
    0.6370087570893137,
    0.6425123446029529,
    0.6343690008517594
  ],
  "val_loss": [
    0.7586215734481812,
    0.7599387168884277,
    0.7705097794532776,
    0.708763062953949,
    0.7986394762992859,
    0.7153754234313965,
    0.7261185646057129,
    0.7230308055877686,
    0.72006756067276,
    0.7266122102737427,
    0.7068929076194763,
    0.6894135475158691,
    0.6999266147613525,
    0.7239012122154236,
    0.6789646744728088,
    0.6698419451713562,
    0.6671024560928345,
    0.6929782032966614,
    0.6916496157646179,
    0.6714453101158142,
    0.6685857176780701,
    0.675672173500061,
    0.6330461502075195,
    0.673287570476532,
    0.6570851802825928,
    0.6881055235862732,
    0.7206777930259705,
    0.6428189277648926,
    0.6721166372299194,
    0.6804282665252686,
    0.6489638090133667,
    0.6460719108581543,
    0.6657597422599792
  ],
  "best_epoch": 22,
  "status": "ok",
  "grad_norm": [
    0.9132905433074692,
    0.8533448387412302,
    0.814503022623142,
    0.7627398397115905,
    0.7754468057373975,
    0.7871449067495775,
    0.7506200007654595,
    0.7870539863112251,
    0.7599636225500801,
    0.7482075808531528,
    0.7595702801494701,
    0.7670574736550256,
    0.78276427004111,
    0.8215515352333232,
    0.7580545183928804,
    0.7801592298571205,
    0.7915818424881719,
    0.8408336392952415,
    0.7998961754046543,
    0.7983920410750889,
    0.8005491913796099,
    0.7840652222318855,
    0.7960779476122044,
    0.7903786893913871,
    0.8416704401014564,
    0.8455098530297498,
    0.7941976330251563,
    0.8384478373909948,
    0.8235454805111039,
    0.8035576880443764,
    0.7936022687574104,
    0.8291830055272229,
    0.8366140276273785
  ],
  "beta_std": [
    0.9517368674278259,
    0.8097091913223267,
    0.8120882511138916,
    0.8416346311569214,
    0.5680270791053772,
    0.8813455104827881,
    0.8155409693717957,
    0.8278934955596924,
    0.6719833016395569,
    0.6659567356109619,
    0.8863243460655212,
    0.7913973927497864,
    0.9172714948654175,
    0.8247175216674805,
    0.8909142017364502,
    0.7662853598594666,
    0.7108160853385925,
    0.8497896194458008,
    0.7233184576034546,
    0.7773239612579346,
    0.825009286403656,
    0.7927520871162415,
    0.8489230871200562,
    0.8529425263404846,
    0.6728954911231995,
    0.7363365888595581,
    0.7356892824172974,
    0.7406902313232422,
    0.7436931729316711,
    0.7830004096031189,
    0.8793240785598755,
    0.8928666114807129,
    0.8039913773536682
  ],
  "beta_mean": [
    -0.17143972218036652,
    -0.038150329142808914,
    -0.18371513485908508,
    -0.22168293595314026,
    -0.23719443380832672,
    -0.15556851029396057,
    -0.14666645228862762,
    0.2093038111925125,
    -0.2251235991716385,
    -0.2635241448879242,
    -0.16991904377937317,
    -0.3236137926578522,
    -0.10797801613807678,
    -0.11523837596178055,
    -0.02023959532380104,
    -0.22842368483543396,
    -0.20757272839546204,
    -0.011447637341916561,
    -0.22602953016757965,
    -0.25766587257385254,
    -0.3200698494911194,
    -0.15714628994464874,
    -0.15572971105575562,
    -0.29868021607398987,
    -0.18865089118480682,
    -0.15343743562698364,
    0.04332880675792694,
    -0.21357010304927826,
    -0.07242628931999207,
    -0.20491458475589752,
    -0.05781834200024605,
    -0.24450097978115082,
    -0.27258822321891785
  ]
}