{
  "train_loss": [
    0.9351354750415735,
    0.7836205925718386,
    0.7749056698286045,
    0.7523432595548574,
    0.7355887389043618,
    0.7352552807819076,
    0.740019318513703,
    0.7175819997899017,
    0.707965111620942,
    0.6991491349956446,
    0.694509580790648,
    0.6902297853865819,
    0.6782432802239357,
    0.6771427105323613,
    0.6735386087741071,
    0.6725660885426036,
    0.6694827818731118,
    0.6549911208320083,
    0.6598448502250582,
    0.6549509668210793,
    0.655075897961332,
    0.6573871857381006,
    0.6405277219989843,
    0.6427407468132108,
    0.6453627636697558,
    0.6403847944666767,
    0.6420360588190849,
    0.6436672720574496,
    0.6427543861963596,
    0.6316327207200011,
    0.6347286090655634,
    0.6307734656752202,
    0.6226542959715191,
    0.6389350771276574
  ],
  "val_loss": [
    0.791150689125061,
    0.7695315480232239,
    0.7594668865203857,
    0.7567484974861145,
    0.7373895645141602,
    0.7291663289070129,
    0.7274197936058044,
    0.7325317859649658,
    0.7106471061706543,
    0.7198446989059448,
    0.7285411953926086,
    0.7011122703552246,
    0.7129567861557007,
    0.7145829200744629,
    0.6971560716629028,
    0.6883226037025452,
    0.6902896165847778,
    0.6859784126281738,
    0.6901620030403137,
    0.6917831897735596,
    0.6859935522079468,
    0.6871188879013062,
    0.6708548665046692,
    0.6616249680519104,
    0.6811607480049133,
    0.6659638285636902,
    0.6649788618087769,
    0.6856254935264587,
    0.683244526386261,
    0.694139838218689,
    0.7039470076560974,
    0.6806986331939697,
    0.6609625220298767,
    0.6845894455909729
  ],
  "best_epoch": 23,
  "status": "ok",
  "grad_norm": [
    0.8670948321798033,
    0.8065244209362878,
    0.7823547916248584,
    0.7844065855039267,
    0.7482021513777427,
    0.7427664733245191,
    0.7727279681472168,
    0.7500323764859965,
    0.7439289481011885,
    0.7753901112762213,
    0.760864691854985,
    0.7959028174302453,
    0.7690002314915291,
    0.7680782856984465,
    0.8167608996018565,
    0.8105440516552871,
    0.7793534451858587,
    0.7951084974200646,
    0.7927110653302311,
    0.8345878985288537,
    0.8736462553814034,
    0.7921589611913792,
    0.8348303108397036,
    0.8099674114744839,
    0.8387280859707399,
    0.8153766127479785,
    0.8156931651814479,
    0.8359691473302601,
    0.8399125912023714,
    0.8269371670498492,
    0.8563740701660685,
    0.8051070171772222,
    0.8185737038630141,
    0.8609399864813617
  ],
  "beta_std": [
    0.6319335103034973,
    0.7824487090110779,
    0.6471725702285767,
    0.639491617679596,
    0.7773950695991516,
    0.6462085843086243,
    0.6264079809188843,
    0.7137522101402283,
    0.7595899105072021,
    0.6765195727348328,
    0.7131880521774292,
    0.6871604323387146,
    0.7746025323867798,
    0.7559540271759033,
    0.645259439945221,
    0.6810623407363892,
    0.6698189973831177,
    0.7281015515327454,
    0.6118143200874329,
    0.7802473902702332,
    0.6480246782302856,
    0.7294824123382568,
    0.7398821115493774,
    0.8847729563713074,
    0.7404035329818726,
    0.8417100310325623,
    0.8985196948051453,
    0.6254189610481262,
    0.5982861518859863,
    0.7112477421760559,
    0.746168315410614,
    0.681420624256134,
    0.7523980736732483,
    0.683546245098114
  ],
  "beta_mean": [
    -0.286138117313385,
    -0.2693212330341339,
    -0.08078483492136002,
    -0.08346907794475555,
    -0.29976239800453186,
    -0.20745791494846344,
    -0.23279184103012085,
    -0.1934364140033722,
    -0.21042324602603912,
    -0.026745092123746872,
    -0.06523220986127853,
    -0.10185891389846802,
    -0.15773087739944458,
    -0.3286736309528351,
    -0.3368174433708191,
    -0.1988172084093094,
    -0.12780413031578064,
    -0.16918343305587769,
    -0.1397678703069687,
    -0.11222594231367111,
    -0.19548673927783966,
    -0.23423711955547333,
    -0.347936749458313,
    -0.193040668964386,
    -0.26498308777809143,
    -0.19910122454166412,
    -0.11746378242969513,
    -0.1908145695924759,
    -0.09648598730564117,
    -0.17167878150939941,
    -0.07122058421373367,
    -0.17253941297531128,
    -0.13759955763816833,
    -0.27616339921951294
  ]
}