{
  "train_loss": [
    0.9598466736531397,
    0.7789145288411636,
    0.7589405342012818,
    0.7506426196767573,
    0.742158119120793,
    0.727502557157773,
    0.7231439969971863,
    0.7164607254245825,
    0.7097003570634719,
    0.7076831804939181,
    0.7032988567798458,
    0.7021093336322851,
    0.7033905789447806,
    0.6974465009204128,
    0.6818960159703304,
    0.6884312613247431,
    0.6786059820442869,
    0.6860402582402815,
    0.6813704741767973,
    0.6771438458370187,
    0.6644922378467537,
    0.661061348315568,
    0.6693563858807435,
    0.6681525161949514,
    0.6611935993802478,
    0.6547125432784098,
    0.6498127654979103,
    0.6552705077121133,
    0.6508335684196294,
    0.6570309339350427,
    0.6528593483026962,
    0.6561528106460794,
    0.6485793734433358,
    0.6379382859336006,
    0.6454663457507975
  ],
  "val_loss": [
    0.7812054753303528,
    0.7623763680458069,
    0.7362862229347229,
    0.7741671800613403,
    0.7646376490592957,
    0.7638602256774902,
    0.7223361134529114,
    0.7298413515090942,
    0.7239245176315308,
    0.7039548754692078,
    0.7151908874511719,
    0.7439098954200745,
    0.739172637462616,
    0.6908759474754333,
    0.7027283906936646,
    0.6847773194313049,
    0.6817382574081421,
    0.7060275673866272,
    0.6880550980567932,
    0.6820921301841736,
    0.6808187961578369,
    0.7242346405982971,
    0.7022473812103271,
    0.678905725479126,
    0.6615181565284729,
    0.6796773076057434,
    0.662434458732605,
    0.6730362772941589,
    0.6849892139434814,
    0.7220934629440308,
    0.7056664228439331,
    0.6605678200721741,
    0.6714940071105957,
    0.6885351538658142,
    0.6791345477104187
  ],
  "best_epoch": 24,
  "status": "ok",
  "grad_norm": [
    0.9393108597062286,
    0.837923361190938,
    0.779597919719694,
    0.772168689275588,
    0.7680513559847734,
    0.7876045974535172,
    0.7509074991888517,
    0.7708715891823273,
    0.7640171889955996,
    0.7922626437821294,
    0.7542342581760448,
    0.7444585487429766,
    0.7410960171804524,
    0.7555236907034474,
    0.7502092303023943,
    0.7758989439621816,
    0.7772371441149115,
    0.7764494084650241,
    0.7914977175103282,
    0.792092837086423,
    0.7811313883180862,
    0.8033163871351435,
    0.8233931386893794,
    0.8236049288884778,
    0.7865839162067109,
    0.7815692959160839,
    0.7999407903802754,
    0.8279861208799014,
    0.8291312746635382,
    0.8327973450102134,
    0.8231674521976818,
    0.8155016833739918,
    0.8142880515265395,
    0.8101676444995353,
    0.8286821681436116
  ],
  "beta_std": [
    0.6800036430358887,
    0.4891667366027832,
    0.6246755123138428,
    0.6713674664497375,
    0.5375927090644836,
    0.935226559638977,
    0.7564901113510132,
    0.5516607761383057,
    0.6861452460289001,
    0.7625919580459595,
    0.6478595733642578,
    0.7248369455337524,
    0.8033864498138428,
    0.6651715636253357,
    0.863494873046875,
    0.7616228461265564,
    0.7288488745689392,
    0.6183695197105408,
    0.7257760167121887,
    0.6967417001724243,
    0.6992191076278687,
    0.5276929140090942,
    0.7523120045661926,
    0.881072461605072,
    0.7842450141906738,
    0.7086288332939148,
    0.7023458480834961,
    0.738900899887085,
    0.744162917137146,
    0.6152222156524658,
    0.7020241618156433,
    0.8091714382171631,
    0.6433915495872498,
    0.7046850919723511,
    0.7126540541648865
  ],
  "beta_mean": [
    -0.2058802992105484,
    -0.10675659775733948,
    -0.1836884319782257,
    -0.14429621398448944,
    -0.19242124259471893,
    -0.40379008650779724,
    -0.2861860692501068,
    -0.13791880011558533,
    -0.26340189576148987,
    -0.17566516995429993,
    -0.3415478765964508,
    -0.20112831890583038,
    -0.42128315567970276,
    -0.16390295326709747,
    -0.3270406126976013,
    -0.043105822056531906,
    -0.2012728601694107,
    -0.04486129432916641,
    -0.12384679168462753,
    -0.16354192793369293,
    -0.028015494346618652,
    -0.17815232276916504,
    -0.22568444907665253,
    -0.21295541524887085,
    -0.32978734374046326,
    -0.17137658596038818,
    -0.3376465439796448,
    -0.0692414864897728,
    0.03584704175591469,
    -0.18374978005886078,
    -0.21870414912700653,
    -0.13938793540000916,
    -0.08692265301942825,
    -0.057034898549318314,
    -0.15775232017040253
  ]
}