{
  "train_loss": [
    0.9325902214384916,
    0.7877929366959466,
    0.7629833244301423,
    0.750207646673883,
    0.7424405722590218,
    0.7273508987231562,
    0.7177013837942603,
    0.7140839401741474,
    0.706155723521584,
    0.7090972723040665,
    0.696728126152217,
    0.6918192019100078,
    0.6959946888929222,
    0.6849916692086828,
    0.6794400202461154,
    0.6774145931110047,
    0.6761420877356278,
    0.6670707038689775,
    0.6627586565101355,
    0.6605574967498667,
    0.6650723686134606,
    0.6561580686541328,
    0.6515630534029844,
    0.6481589463719151,
    0.6507140223185222,
    0.6524278597385562,
    0.6419457568480954,
    0.6440726716197722,
    0.6479662524120152,
    0.6423334151680706,
    0.6369211572652672,
    0.6432675104949906,
    0.6349650399308455,
    0.6376829375161065,
    0.6319613046255725,
    0.6303583553381134,
    0.6285862085972613,
    0.6317629975463912,
    0.6281400155463414,
    0.620656893657662,
    0.6322032638460572,
    0.62059865614127,
    0.6175364631518983
  ],
  "val_loss": [
    0.7433308362960815,
    0.7395286560058594,
    0.720210611820221,
    0.7383683323860168,
    0.7497382760047913,
    0.7276638746261597,
    0.7355308532714844,
    0.7372475862503052,
    0.7156946063041687,
    0.6729066967964172,
    0.6941314339637756,
    0.6775849461555481,
    0.6644400358200073,
    0.6784039735794067,
    0.6960245966911316,
    0.6474420428276062,
    0.6566190123558044,
    0.6582760214805603,
    0.6674569249153137,
    0.6605323553085327,
    0.6923171877861023,
    0.6427711248397827,
    0.6606875658035278,
    0.673926830291748,
    0.6427148580551147,
    0.6678288578987122,
    0.6453099250793457,
    0.6437293291091919,
    0.6474100351333618,
    0.6325954794883728,
    0.6435046792030334,
    0.6395348310470581,
    0.6256788372993469,
    0.6553655862808228,
    0.6459649801254272,
    0.6558130979537964,
    0.6251323223114014,
    0.6340456604957581,
    0.6623140573501587,
    0.6516110897064209,
    0.648271381855011,
    0.6855835318565369,
    0.658007025718689
  ],
  "best_epoch": 32,
  "status": "ok",
  "grad_norm": [
    0.8851299482951391,
    0.8060131130045436,
    0.8169779409981177,
    0.7743677747641663,
    0.7719446937223523,
    0.7641032282759886,
    0.7788771893998792,
    0.7757691570581129,
    0.8035499017393835,
    0.7968540350459565,
    0.7747725532970237,
    0.8435590688716561,
    0.7722110633753428,
    0.7757941230493871,
    0.8150171098187768,
    0.8375572605887782,
    0.8283928103377495,
    0.8012674006665217,
    0.8602026727193414,
    0.8603825135826644,
    0.8593590541608287,
    0.8459313551432854,
    0.8594235545391048,
    0.8722807133650298,
    0.8496877771627119,
    0.8625185467377801,
    0.8481873543984015,
    0.8734132020476311,
    0.863628784696641,
    0.8511054867688501,
    0.8737195445919451,
    0.8485923869650105,
    0.8485697337102693,
    0.8668279580573199,
    0.83948250379223,
    0.8547237669159757,
    0.8390508409131853,
    0.8488495563902708,
    0.8495604993954617,
    0.8652059941974475,
    0.8322844266094169,
    0.8245821526852176,
    0.8544112895488225
  ],
  "beta_std": [
    0.6478993892669678,
    0.7056329846382141,
    0.6730884313583374,
    0.7584807276725769,
    0.7490480542182922,
    0.7100123167037964,
    0.6735737323760986,
    0.47859764099121094,
    0.636816680431366,
    0.6490799784660339,
    0.7634710669517517,
    0.7608388662338257,
    0.7032470703125,
    0.7404236793518066,
    0.7161673307418823,
    0.7213785648345947,
    0.6713753342628479,
    0.8623058199882507,
    0.6862515211105347,
    0.762879490852356,
    0.7305917739868164,
    0.6528022885322571,
    0.8363755941390991,
    0.6252754926681519,
    0.6628581285476685,
    0.7307738661766052,
    0.7481796741485596,
    0.694375216960907,
    0.7924831509590149,
    0.7250525951385498,
    0.8840305805206299,
    0.6661285161972046,
    0.6423627138137817,
    0.8842003345489502,
    0.6848810315132141,
    0.8541948795318604,
    0.759757936000824,
    0.7162911295890808,
    0.8570920825004578,
    0.7366980910301208,
    0.7364669442176819,
    0.8442348837852478,
    0.7793368101119995
  ],
  "beta_mean": [
    -0.1314791440963745,
    -0.02114269509911537,
    -0.16387659311294556,
    -0.2745457589626312,
    0.05838918685913086,
    -0.25519517064094543,
    -0.15710099041461945,
    -0.4067693054676056,
    -0.20803481340408325,
    -0.2863686680793762,
    0.030659370124340057,
    -0.14194761216640472,
    -0.16916847229003906,
    -0.0016393882688134909,
    -0.04112548753619194,
    -0.07320373505353928,
    -0.20555759966373444,
    0.07087410986423492,
    -0.41831377148628235,
    -0.13607294857501984,
    0.017368702217936516,
    -0.2283378541469574,
    -0.1981763392686844,
    -0.24322134256362915,
    -0.20325511693954468,
    -0.2746216654777527,
    -0.17029285430908203,
    -0.15001283586025238,
    -0.12317146360874176,
    -0.15563468635082245,
    0.007574113551527262,
    -0.1669262945652008,
    -0.05502627417445183,
    -0.15886209905147552,
    -0.17172405123710632,
    -0.23540714383125305,
    -0.039980240166187286,
    -0.1145385131239891,
    -0.11442156881093979,
    -0.20226645469665527,
    -0.1529235541820526,
    -0.27490487694740295,
    -0.1731758862733841
  ]
}