{
  "train_loss": [
    0.9317680454393577,
    0.7844768407749154,
    0.7587791937973067,
    0.7518717251604761,
    0.7365608149522926,
    0.7351468185514037,
    0.7194417774468137,
    0.7123826238007573,
    0.7064403551363806,
    0.7174445304396557,
    0.7004068432077329,
    0.6940242355469375,
    0.6916601324917977,
    0.69319470846165,
    0.6912588496514929,
    0.6767842163398252,
    0.6779762229724237,
    0.6843207607910647,
    0.6694126871036508,
    0.6675496597317925,
    0.6609282520361114,
    0.661401162928308,
    0.6621979376586558,
    0.6631374348673904,
    0.6516166324364512,
    0.6488252785470751,
    0.6610109695356492,
    0.6537802042040909,
    0.6548785375851637,
    0.6482654241651122,
    0.6512522647394772,
    0.6517177043881333,
    0.6533618967574939,
    0.6443384832527205,
    0.6479137884245978,
    0.6372626109011689
  ],
  "val_loss": [
    0.7938923239707947,
    0.7469073534011841,
    0.769914448261261,
    0.7340481281280518,
    0.7491275668144226,
    0.7339842915534973,
    0.7008941769599915,
    0.7052255272865295,
    0.7041870355606079,
    0.7061421275138855,
    0.679891049861908,
    0.6526362299919128,
    0.6854380369186401,
    0.6676108837127686,
    0.6445004343986511,
    0.664551317691803,
    0.658635139465332,
    0.663815975189209,
    0.660558819770813,
    0.6630054712295532,
    0.6640838384628296,
    0.6349560618400574,
    0.6786007285118103,
    0.6531477570533752,
    0.666523814201355,
    0.6107234358787537,
    0.657455325126648,
    0.6475105285644531,
    0.6464643478393555,
    0.6523365378379822,
    0.634219229221344,
    0.6524343490600586,
    0.6603183746337891,
    0.6383166313171387,
    0.656899631023407,
    0.6340534687042236
  ],
  "best_epoch": 25,
  "status": "ok",
  "grad_norm": [
    0.9092171765525785,
    0.8174881156324746,
    0.7685969909091863,
    0.7737208745982332,
    0.7686258455001177,
    0.7839393146064431,
    0.7260874648016691,
    0.7760659390476592,
    0.7567728793864378,
    0.763170735532461,
    0.7851152344049039,
    0.7940676169804822,
    0.7656747190624377,
    0.7885937238568249,
    0.8098937593045887,
    0.8071359181966118,
    0.8310491032760084,
    0.8339521323707779,
    0.7823434508185103,
    0.8132572356814988,
    0.8173677025633161,
    0.8195566717901102,
    0.8212619794273698,
    0.8064459947334337,
    0.8159973708340652,
    0.7855559126963769,
    0.8238745497879391,
    0.8039957415587907,
    0.8216249069663354,
    0.7979514509425142,
    0.8024974986081882,
    0.791095939300329,
    0.794537464401099,
    0.8339417362953779,
    0.8357175983628908,
    0.8204075950366563
  ],
  "beta_std": [
    0.6253039240837097,
    0.5881702899932861,
    0.49343833327293396,
    0.6269702911376953,
    0.7489027976989746,
    0.6145748496055603,
    0.6613675355911255,
    0.6211569905281067,
    0.6226662993431091,
    0.62635338306427,
    0.9146300554275513,
    0.6562749147415161,
    0.6261922121047974,
    0.7436808347702026,
    0.7467553019523621,
    0.6380020976066589,
    0.7703353762626648,
    0.5850907564163208,
    0.7074233293533325,
    0.749492347240448,
    0.6751157641410828,
    0.7148621082305908,
    0.7052600979804993,
    0.7278192639350891,
    0.6700201630592346,
    0.7922809720039368,
    0.6054757237434387,
    0.7270937561988831,
    0.6736604571342468,
    0.6727604269981384,
    0.7327005863189697,
    0.7197669148445129,
    0.691335141658783,
    0.714958906173706,
    0.5683479905128479,
    0.7398986220359802
  ],
  "beta_mean": [
    -0.07528247684240341,
    -0.1609649509191513,
    -0.19697366654872894,
    -0.15435294806957245,
    0.15523593127727509,
    -0.09183268994092941,
    -0.19700685143470764,
    -0.0740022361278534,
    -0.20195338129997253,
    -0.1841641664505005,
    -0.03862762451171875,
    -0.017557417973876,
    -0.11391077935695648,
    -0.10096520930528641,
    -0.10518498718738556,
    -0.1479521095752716,
    0.06974171847105026,
    -0.12055494636297226,
    -0.12256751954555511,
    0.09862510114908218,
    -0.1633271723985672,
    -0.10670801997184753,
    -0.021799251437187195,
    -0.22645553946495056,
    -0.16425830125808716,
    -0.14010167121887207,
    -0.2178167998790741,
    0.07997460663318634,
    -0.10205916315317154,
    -0.09467315673828125,
    -0.08991337567567825,
    0.009489035233855247,
    -0.01764431595802307,
    -0.12052275240421295,
    -0.08308111876249313,
    0.05269354581832886
  ]
}