{
  "train_loss": [
    0.9597128478156196,
    0.7889096210797628,
    0.7636527514987522,
    0.751239409022861,
    0.7445717882580227,
    0.7302629567782084,
    0.7305001114739312,
    0.7250090545018514,
    0.715304949813419,
    0.7083507010671828,
    0.7043706974983215,
    0.6994301045735677,
    0.699006737920973,
    0.6971165382067362,
    0.6853711461491055,
    0.6823485860294766,
    0.6822062205738492,
    0.6859991227255927,
    0.6631612564722696,
    0.6712483936945597,
    0.670100571738349,
    0.6659442175759209,
    0.660522296640608,
    0.6510260615878635,
    0.6481620208952162,
    0.6539502771695455,
    0.6481228667894999,
    0.6461437277264065,
    0.6466502186987135,
    0.6421073812908596,
    0.6430326114230686,
    0.635739799340566,
    0.6328731507725186,
    0.6345822528203329,
    0.629490792857276,
    0.6328248796463013,
    0.6273686106999715,
    0.6308400316238403,
    0.6311603433291118
  ],
  "val_loss": [
    0.7827368378639221,
    0.7281606793403625,
    0.7633911371231079,
    0.7216134071350098,
    0.710400402545929,
    0.6959844827651978,
    0.7107095718383789,
    0.6875677108764648,
    0.6875616312026978,
    0.6873202323913574,
    0.7026796340942383,
    0.7024356722831726,
    0.6907389163970947,
    0.6873267292976379,
    0.6798713207244873,
    0.6756871938705444,
    0.6645163297653198,
    0.6836816668510437,
    0.6772562265396118,
    0.6584944128990173,
    0.645215630531311,
    0.6483289003372192,
    0.6395632028579712,
    0.6378530859947205,
    0.6641456484794617,
    0.6468650102615356,
    0.6366363167762756,
    0.6702117323875427,
    0.624238908290863,
    0.6581096053123474,
    0.6323786973953247,
    0.6525463461875916,
    0.6391184329986572,
    0.6407652497291565,
    0.6876120567321777,
    0.6651556491851807,
    0.642827033996582,
    0.678358256816864,
    0.6663442254066467
  ],
  "best_epoch": 28,
  "status": "ok",
  "grad_norm": [
    0.9384861644985708,
    0.8568231052762828,
    0.8099059443187774,
    0.7602848999724264,
    0.7853175668074859,
    0.7578824152436868,
    0.7676287983275675,
    0.7760724416540643,
    0.7679379661670576,
    0.7567312172070447,
    0.7972122837319242,
    0.7626904489293842,
    0.7789118986162301,
    0.7890807231326494,
    0.8049639417837093,
    0.8098972288739624,
    0.7937809107141983,
    0.8003657469676998,
    0.7571718496024736,
    0.8131107159049926,
    0.8055012291224563,
    0.8012222553494815,
    0.7964228387433377,
    0.8162875880413453,
    0.8225347092225417,
    0.811488306839313,
    0.8096054686380104,
    0.8447697979686428,
    0.8246075237892682,
    0.8002694446569443,
    0.8228116071729309,
    0.7959462525378308,
    0.8171428447061349,
    0.8299300648887669,
    0.8254581520881004,
    0.8310797831693524,
    0.8148063231818795,
    0.8293727513873916,
    0.8468682176140347
  ],
  "beta_std": [
    0.5484659671783447,
    0.6475599408149719,
    0.6479436159133911,
    0.628818690776825,
    0.7387920022010803,
    0.6638233065605164,
    0.6617555022239685,
    0.7220427989959717,
    0.6730484962463379,
    0.7998389005661011,
    0.7243929505348206,
    0.7487112283706665,
    0.792751669883728,
    0.8307036757469177,
    0.7204781174659729,
    0.6591286063194275,
    0.6978705525398254,
    0.7247286438941956,
    0.6821773648262024,
    0.7705947160720825,
    0.8773112893104553,
    0.7922003269195557,
    0.7705041766166687,
    0.8584363460540771,
    0.8753465414047241,
    0.7633195519447327,
    0.8575748205184937,
    0.8182222247123718,
    0.8146055936813354,
    0.8761357665061951,
    0.6996501684188843,
    0.9382760524749756,
    0.7621372938156128,
    0.8269004821777344,
    0.681158721446991,
    0.7188760638237,
    0.8566481471061707,
    0.7353702187538147,
    0.7967327833175659
  ],
  "beta_mean": [
    -0.22131454944610596,
    -0.19272348284721375,
    -0.2641376852989197,
    -0.11424794048070908,
    -0.37744295597076416,
    -0.3252992331981659,
    -0.19371020793914795,
    -0.010142261162400246,
    -0.1000351533293724,
    -0.2617221474647522,
    -0.03715547174215317,
    -0.2971651554107666,
    -0.08084575831890106,
    -0.017444416880607605,
    -0.3568711280822754,
    -0.21178314089775085,
    -0.20158059895038605,
    -0.19534054398536682,
    -0.2666417956352234,
    -0.16637343168258667,
    -0.4010591208934784,
    -0.19080041348934174,
    -0.3830421566963196,
    -0.246526300907135,
    -0.26426899433135986,
    -0.07947602868080139,
    -0.1923912912607193,
    -0.05163498967885971,
    -0.1864357441663742,
    -0.3435533046722412,
    -0.09932159632444382,
    -0.34740620851516724,
    -0.21673253178596497,
    -0.16722536087036133,
    -0.02803618460893631,
    -0.17282696068286896,
    -0.3183106780052185,
    -0.15869295597076416,
    -0.16221611201763153
  ]
}