{
  "train_loss": [
    0.910352801905738,
    0.7770343529383341,
    0.7512066962983873,
    0.7381011919445462,
    0.7326602932612101,
    0.7290690995852153,
    0.7195170034832424,
    0.7066627723905775,
    0.699041417810652,
    0.6988445527288649,
    0.6922450505892436,
    0.6899908893373278,
    0.681069567627377,
    0.691871839735243,
    0.6774694935480754,
    0.6790334697829352,
    0.6765352642801072,
    0.6722485184669494,
    0.6638634122212728,
    0.6622170210414463,
    0.6499046612315708,
    0.6562833641899957,
    0.6597997269630432,
    0.6500070214271545,
    0.6552443492147657,
    0.6533633200857374,
    0.655382349703047,
    0.6522900332344903,
    0.6513723679648505,
    0.6520319022072686,
    0.6494638644854228,
    0.6419633750385708,
    0.6306167753007677,
    0.6313028764194912,
    0.6513436907662286
  ],
  "val_loss": [
    0.7262728214263916,
    0.7102672457695007,
    0.7366465926170349,
    0.7281996011734009,
    0.6949759721755981,
    0.7247715592384338,
    0.6808547377586365,
    0.6757950186729431,
    0.6704226136207581,
    0.6624755263328552,
    0.6469211578369141,
    0.6717841625213623,
    0.6791635155677795,
    0.6477952599525452,
    0.655332088470459,
    0.6635591983795166,
    0.6631242632865906,
    0.6661391854286194,
    0.6431111097335815,
    0.6480807065963745,
    0.6379366517066956,
    0.6376417875289917,
    0.6340612173080444,
    0.6494105458259583,
    0.6139435768127441,
    0.630164384841919,
    0.6359747052192688,
    0.625703752040863,
    0.6669126152992249,
    0.6451019048690796,
    0.6167160868644714,
    0.6265837550163269,
    0.6408237218856812,
    0.6263375878334045,
    0.6350156664848328
  ],
  "best_epoch": 24,
  "status": "ok",
  "grad_norm": [
    0.8816093532947489,
    0.7581608484933968,
    0.7728137083437563,
    0.7726665368522404,
    0.735088972635483,
    0.783890451520999,
    0.7519216582779448,
    0.7432406987063346,
    0.7784344274362108,
    0.7669648913352269,
    0.7906434479693994,
    0.7867711961821516,
    0.7698266120406128,
    0.8273556101857695,
    0.8062785226327546,
    0.8139544531763355,
    0.8210614796253264,
    0.8101837892124338,
    0.8323249366599974,
    0.8008309408755698,
    0.8151981095243883,
    0.7928451371123424,
    0.8517553170587596,
    0.8376245654899457,
    0.8265939731339973,
    0.8174049615720059,
    0.8467564161401022,
    0.8386798180016275,
    0.8441689971287089,
    0.8266459310029096,
    0.8351219566246112,
    0.827383478433601,
    0.8427553966541891,
    0.8482598476855964,
    0.8558264767540141
  ],
  "beta_std": [
    0.7484084963798523,
    0.6756261587142944,
    0.6239471435546875,
    0.6276915669441223,
    0.9588536024093628,
    0.7902615666389465,
    0.5955759882926941,
    0.7103183269500732,
    0.7694821953773499,
    0.9246431589126587,
    0.9150588512420654,
    0.9758684635162354,
    0.9980900287628174,
    0.7810075283050537,
    0.8147602677345276,
    0.8213626146316528,
    0.8512359857559204,
    0.7158522605895996,
    0.683965265750885,
    0.8214549422264099,
    0.8110869526863098,
    0.8873686194419861,
    0.8481008410453796,
    0.7926937341690063,
    0.8286628127098083,
    0.7891831994056702,
    0.7236339449882507,
    0.8855457901954651,
    0.7170036435127258,
    0.7825888991355896,
    0.7733969688415527,
    0.7928481698036194,
    0.8416317105293274,
    0.9281066656112671,
    0.9117451310157776
  ],
  "beta_mean": [
    -0.31454306840896606,
    -0.2966541647911072,
    -0.1672031581401825,
    -0.2995831370353699,
    -0.10457328706979752,
    -0.20333455502986908,
    -0.23953783512115479,
    -0.14343519508838654,
    -0.1801404058933258,
    -0.4096873700618744,
    -0.3511437475681305,
    -0.11292405426502228,
    -0.03455222398042679,
    -0.23732201755046844,
    -0.4683021605014801,
    -0.20718051493167877,
    -0.1499701291322708,
    -0.02258199453353882,
    -0.15050867199897766,
    -0.06198885291814804,
    -0.1940213143825531,
    -0.36415350437164307,
    -0.3041902482509613,
    -0.5186037421226501,
    -0.2601398825645447,
    -0.15273047983646393,
    -0.08856284618377686,
    -0.20724673569202423,
    -0.028091970831155777,
    -0.4450199007987976,
    -0.3773983120918274,
    -0.4441732168197632,
    -0.28561118245124817,
    -0.279529333114624,
    -0.5254409313201904
  ]
}