{
  "train_loss": [
    0.9521993619071113,
    0.7917302449544271,
    0.7624475071695116,
    0.7536196471320258,
    0.7426746454238892,
    0.7427901871469286,
    0.7267567871411641,
    0.7184164075321622,
    0.7110578744146558,
    0.7181763652165731,
    0.7137108365164863,
    0.6889163516362509,
    0.6922371775839063,
    0.6872022699779934,
    0.6891452461878459,
    0.6805068631701999,
    0.6814328671031528,
    0.6777426603635153,
    0.671421204355028,
    0.6657763943142361,
    0.6670862635506524,
    0.6657671785354614,
    0.6642920299106174,
    0.6685817442999946,
    0.6593529418309529,
    0.6508570909500122,
    0.655162684864468,
    0.6602431866327921,
    0.6622188180287679,
    0.6526211119757758,
    0.6564980226092868,
    0.6495619334644741,
    0.6473984967337715,
    0.6503557600445218,
    0.6471208718617757,
    0.6387602665159438,
    0.6467436730066936,
    0.6471751639048259,
    0.6442259242799547,
    0.6487796795633104
  ],
  "val_loss": [
    0.7945054173469543,
    0.7551873922348022,
    0.7520110011100769,
    0.735321044921875,
    0.730964720249176,
    0.7238460183143616,
    0.7021315097808838,
    0.7100063562393188,
    0.7154729962348938,
    0.7088819742202759,
    0.7218838930130005,
    0.6815001368522644,
    0.6978181600570679,
    0.6778280138969421,
    0.6733726859092712,
    0.6741007566452026,
    0.6682889461517334,
    0.6728816032409668,
    0.6977648735046387,
    0.7001819014549255,
    0.6781050562858582,
    0.6563067436218262,
    0.6704931855201721,
    0.6567443013191223,
    0.6743244528770447,
    0.6552802920341492,
    0.6747168898582458,
    0.6362633109092712,
    0.6379963159561157,
    0.6293098330497742,
    0.66940838098526,
    0.6399788856506348,
    0.6428291201591492,
    0.6324124336242676,
    0.6383197903633118,
    0.6697714924812317,
    0.6426522135734558,
    0.6531051993370056,
    0.6690830588340759,
    0.6466180086135864
  ],
  "best_epoch": 29,
  "status": "ok",
  "grad_norm": [
    0.8548448338411506,
    0.7880307381442218,
    0.7602909683020345,
    0.7172729310771961,
    0.7811542674689648,
    0.7709371691571368,
    0.7260368855729541,
    0.7485038175832153,
    0.7297189307004339,
    0.7686495435226389,
    0.7664321657662322,
    0.7528023320472484,
    0.7861686598113892,
    0.7983161718471539,
    0.8157549391283375,
    0.8057315700699371,
    0.8205093179885827,
    0.8042596931941774,
    0.8154424078161514,
    0.8298529994059591,
    0.8208538943273496,
    0.8088351981201369,
    0.8237610292911832,
    0.8193264094938864,
    0.8372700772773625,
    0.8651003916692298,
    0.8187141727363767,
    0.8483345205250998,
    0.8311338849670251,
    0.8457278275858563,
    0.8389519152300248,
    0.8383497639414575,
    0.8314933622731367,
    0.8639553144600566,
    0.8372906972269267,
    0.8220237919678886,
    0.8255219027197291,
    0.8244489523918644,
    0.8315749850432924,
    0.8253563019413488
  ],
  "beta_std": [
    0.7385133504867554,
    0.6557003855705261,
    0.608414888381958,
    0.6535728573799133,
    0.6805830001831055,
    0.6380794644355774,
    0.7160327434539795,
    0.6679033041000366,
    0.677470862865448,
    0.7952420711517334,
    0.7294222712516785,
    0.7163659334182739,
    0.690669059753418,
    0.7326245307922363,
    0.6541661620140076,
    0.6997889876365662,
    0.7331249713897705,
    0.9238402843475342,
    0.7627555131912231,
    0.7506725192070007,
    0.7951010465621948,
    0.7807986736297607,
    0.7659686803817749,
    0.8090916275978088,
    0.7999246716499329,
    0.6610077023506165,
    0.674406111240387,
    0.6393791437149048,
    0.8053406476974487,
    0.8151571154594421,
    0.7176617383956909,
    0.6976627707481384,
    0.7869510650634766,
    0.7471456527709961,
    0.6836527585983276,
    0.7479976415634155,
    0.6672152876853943,
    0.646325409412384,
    0.7375405430793762,
    0.7938655018806458
  ],
  "beta_mean": [
    -0.09215076267719269,
    -0.229073628783226,
    -0.055655259639024734,
    -0.12091514468193054,
    -0.089624784886837,
    -0.21708740293979645,
    -0.29095974564552307,
    -0.10073161870241165,
    -0.024157509207725525,
    -0.08536884188652039,
    -0.16112160682678223,
    -0.17211107909679413,
    0.11182480305433273,
    -0.16500985622406006,
    -0.30478331446647644,
    -0.0643954798579216,
    -0.08740007132291794,
    -0.16936013102531433,
    0.018662959337234497,
    0.047952715307474136,
    -0.21389640867710114,
    -0.08468293398618698,
    -0.1372746229171753,
    -0.13315972685813904,
    -0.08321582525968552,
    -0.33675163984298706,
    -0.35256174206733704,
    -0.08839663863182068,
    -0.3200129568576813,
    -0.03204350918531418,
    -0.08936598896980286,
    -0.10739230364561081,
    0.14318309724330902,
    -0.24582330882549286,
    -0.14628233015537262,
    -0.055402763187885284,
    -0.04607951641082764,
    -0.02191121317446232,
    -0.14907456934452057,
    -0.009002987295389175
  ]
}