{
  "train_loss": [
    0.6444213503843162,
    0.6257256845005772,
    0.6211046652905425,
    0.6214844696563587,
    0.6182977550071582,
    0.6194956180923863,
    0.6140152738108272,
    0.6157957676558466,
    0.6155250933992933,
    0.6171986317076879,
    0.6145801713731553,
    0.6163309023673075,
    0.6146819119007266
  ],
  "val_loss": [
    0.6035840511322021,
    0.5972456932067871,
    0.5932604074478149,
    0.6080355644226074,
    0.6062476634979248,
    0.6028275489807129,
    0.5971575975418091,
    0.6053894758224487,
    0.6051972508430481,
    0.6159301996231079,
    0.5924460291862488,
    0.617038905620575,
    0.6011499166488647
  ],
  "best_epoch": 2,
  "status": "underfit",
  "grad_norm": [
    0.2476665916488344,
    0.23542100093651971,
    0.22569353980341403,
    0.23608337111973424,
    0.21204693332120586,
    0.2255819959290193,
    0.2144728996378756,
    0.2119115271100496,
    0.22290747569143332,
    0.22200169941514597,
    0.21945623537234274,
    0.2197567372568207,
    0.19951505799589825
  ],
  "beta_std": [
    0.3225027918815613,
    0.25530532002449036,
    0.45122960209846497,
    0.25531455874443054,
    0.3215935230255127,
    0.3238523304462433,
    0.4579937756061554,
    0.289639413356781,
    0.3582994341850281,
    0.35482022166252136,
    0.299559623003006,
    0.13151204586029053,
    0.2707425653934479
  ],
  "beta_mean": [
    0.0720859169960022,
    -0.034808047115802765,
    0.0028695499058812857,
    -0.14993147552013397,
    -0.27457085251808167,
    0.04392273351550102,
    0.09192389994859695,
    -0.16822220385074615,
    -0.192165806889534,
    -0.30328792333602905,
    -0.030651317909359932,
    -0.18681956827640533,
    -0.1316336989402771
  ]
}