{
  "train_loss": [
    0.6434824166242142,
    0.6216542837912576,
    0.6192963401615968,
    0.6168566703796386,
    0.6159305154370983,
    0.6161077900797303,
    0.6122863400191592,
    0.6110729383725172,
    0.6113373505720618,
    0.6100408193660758,
    0.6078340966101975,
    0.6087078655254075,
    0.6077015240150585,
    0.6069283089093994,
    0.6070766752086885,
    0.604582324920342,
    0.6033211503112526
  ],
  "val_loss": [
    0.613980770111084,
    0.6150196194648743,
    0.6121055483818054,
    0.6254481077194214,
    0.6165212392807007,
    0.6237283945083618,
    0.6083372831344604,
    0.6132073998451233,
    0.6075417399406433,
    0.6117350459098816,
    0.6128992438316345,
    0.6138955950737,
    0.6083986759185791,
    0.6190853714942932,
    0.6123021841049194,
    0.6184598207473755,
    0.6115615963935852
  ],
  "best_epoch": 6,
  "status": "underfit",
  "grad_norm": [
    0.23882480567948236,
    0.21987293104329553,
    0.24001754039851111,
    0.22522569345272803,
    0.23161361390262022,
    0.2311255151438348,
    0.23383832172060862,
    0.23079253663296148,
    0.225971840212385,
    0.22849384038371515,
    0.22971964983878018,
    0.22882659686288695,
    0.23220536019301333,
    0.23222289142289934,
    0.2318203986118585,
    0.2307882558495353,
    0.2354737653106445
  ],
  "beta_std": [
    0.3657645881175995,
    0.4037535488605499,
    0.3816432058811188,
    0.5284797549247742,
    0.4449819326400757,
    0.27434900403022766,
    0.437630295753479,
    0.3451771140098572,
    0.48705175518989563,
    0.44197946786880493,
    0.4644545018672943,
    0.38421714305877686,
    0.5088844299316406,
    0.3985440731048584,
    0.36170342564582825,
    0.465730756521225,
    0.5281146764755249
  ],
  "beta_mean": [
    -0.09766653180122375,
    -0.11666500568389893,
    -0.061057161539793015,
    0.14336644113063812,
    0.04715107008814812,
    -0.015453395433723927,
    0.03976026549935341,
    -0.10539303719997406,
    -0.3519864082336426,
    -0.13198377192020416,
    -0.058199599385261536,
    -0.08115027099847794,
    -0.07108327746391296,
    0.019221728667616844,
    0.0526358038187027,
    -0.1275906264781952,
    0.011239082552492619
  ]
}