{
  "train_loss": [
    0.6462526650038379,
    0.6261848626917565,
    0.6233632828617653,
    0.6205633133893822,
    0.6184103755225913,
    0.6198074755055165,
    0.617038995759529,
    0.6132293652233325,
    0.6131327479485182,
    0.6124040647975185,
    0.6126978594936126,
    0.6117564249178122
  ],
  "val_loss": [
    0.6166194081306458,
    0.6143779754638672,
    0.6153501272201538,
    0.6134183406829834,
    0.6137279272079468,
    0.6149129867553711,
    0.6138760447502136,
    0.6176382899284363,
    0.614886462688446,
    0.6148144602775574,
    0.6170117855072021,
    0.6149523854255676
  ],
  "best_epoch": 1,
  "status": "underfit",
  "grad_norm": [
    0.22268158224504406,
    0.24026976282354132,
    0.2291418240014924,
    0.23275637088435247,
    0.22524218235023685,
    0.2246149832526966,
    0.22225569282295518,
    0.22371862637686296,
    0.21912240305594471,
    0.2121932312952142,
    0.22274929606491997,
    0.22408834975331376
  ],
  "beta_std": [
    0.22855804860591888,
    0.13914050161838531,
    0.2332124561071396,
    0.22456341981887817,
    0.2131005972623825,
    0.20165632665157318,
    0.29720157384872437,
    0.29067230224609375,
    0.22126170992851257,
    0.3333813548088074,
    0.19824941456317902,
    0.30301448702812195
  ],
  "beta_mean": [
    -0.15079551935195923,
    -0.16300711035728455,
    -0.3108806014060974,
    -0.17587660253047943,
    -0.13155731558799744,
    -0.035348013043403625,
    -0.1293133646249771,
    -0.11211836338043213,
    -0.07692790776491165,
    -0.023509230464696884,
    -0.11347491294145584,
    -0.0548282191157341
  ]
}