{
  "train_loss": [
    1.2360016432143095,
    1.1033437790508158,
    1.0713972449720952,
    1.0533475841834532,
    1.0650249719062046,
    1.0458181432255527,
    1.0317254563102944,
    1.0322381196942245,
    1.0463827232728924,
    1.032078910069159,
    1.0296718975396184,
    1.0280998603921188,
    1.0259524007429157,
    1.0230161924529493,
    1.0252840491205628,
    1.0203844028746176,
    1.0205838529129474
  ],
  "val_loss": [
    1.0751299858093262,
    1.0551152229309082,
    1.0724151134490967,
    1.042150616645813,
    1.0362268686294556,
    1.0341626405715942,
    1.0115514993667603,
    1.0739530324935913,
    1.0271989107131958,
    1.0464751720428467,
    1.0200988054275513,
    1.0622860193252563,
    1.0313081741333008,
    1.0273733139038086,
    1.0347323417663574,
    1.0550552606582642,
    1.0228097438812256
  ],
  "best_epoch": 6,
  "status": "underfit",
  "grad_norm": [
    1.6804910672689841,
    1.3548876152911753,
    1.1714869810992319,
    1.15805061977737,
    1.1968396138205901,
    1.0702004342598954,
    1.0467177949186979,
    1.0243712972462184,
    1.1263751431884188,
    1.0151390270501222,
    1.0128582651396785,
    0.9884037477528572,
    1.0016189784461016,
    1.058725753256818,
    1.028371476869003,
    1.0119349408542404,
    1.0529531527147309
  ],
  "beta_std": [
    0.2019890397787094,
    0.217645525932312,
    0.19189494848251343,
    0.2645871937274933,
    0.2580847144126892,
    0.21101582050323486,
    0.20848169922828674,
    0.17520417273044586,
    0.2324085235595703,
    0.2491079568862915,
    0.27760666608810425,
    0.19018615782260895,
    0.2777269780635834,
    0.25027400255203247,
    0.18565304577350616,
    0.22568640112876892,
    0.2982751131057739
  ],
  "beta_mean": [
    -0.021549450233578682,
    0.022670507431030273,
    -9.645669342717156e-05,
    -0.06549359858036041,
    -0.0984761193394661,
    -0.12747623026371002,
    -0.05404689162969589,
    -0.0034102811478078365,
    -0.09479550272226334,
    -0.03513925150036812,
    -0.04219387471675873,
    -0.09320123493671417,
    -0.07858561724424362,
    -0.13349799811840057,
    -0.08578693866729736,
    -0.0580514557659626,
    -0.06504692137241364
  ]
}