{
  "train_loss": [
    1.2724887519970274,
    1.1373049314956218,
    1.0949547087518792,
    1.070934101573208,
    1.0533331304126317,
    1.056939735607794,
    1.044338208667019,
    1.0503459304675722,
    1.0512368314865737,
    1.0487127316346643,
    1.0440615538825766,
    1.0532928860814947,
    1.0404579098740516,
    1.045793079549109,
    1.0471203131285327,
    1.0362133778187266,
    1.0258295855884663,
    1.033156802807635,
    1.0198985229737578,
    1.0219031094389353,
    1.0235258861173664,
    1.0126719383886682,
    1.021626128536916,
    1.0291578264682613,
    1.0411183616013555,
    1.032208227790587,
    1.038744806183709,
    1.018042529270663,
    1.0268137992752924,
    1.0143448828256618,
    1.0169368186192205,
    1.0248837798380712,
    1.0126048443610207,
    1.0212371975078918,
    1.0222126739624648,
    1.010246822931613,
    1.0043184721818443,
    1.0041149353841592,
    1.008223283332691,
    1.0077694959807815,
    1.0011969082536754
  ],
  "val_loss": [
    1.1514649391174316,
    1.0724241733551025,
    1.057690143585205,
    1.0795528888702393,
    1.0656942129135132,
    1.0804345607757568,
    1.0587059259414673,
    1.0641528367996216,
    1.0920238494873047,
    1.0603716373443604,
    1.0458290576934814,
    1.0683475732803345,
    1.0507551431655884,
    1.065185308456421,
    1.060183048248291,
    1.0461504459381104,
    1.0603431463241577,
    1.0651464462280273,
    1.0521719455718994,
    1.0482114553451538,
    1.0411815643310547,
    1.0523070096969604,
    1.0538268089294434,
    1.0831935405731201,
    1.0496346950531006,
    1.0347431898117065,
    1.0736825466156006,
    1.0291475057601929,
    1.0483496189117432,
    1.0372271537780762,
    1.0277308225631714,
    1.070865511894226,
    1.0414990186691284,
    1.0926098823547363,
    1.0442970991134644,
    1.05784010887146,
    1.0433251857757568,
    1.066604495048523,
    1.0432538986206055,
    1.0853744745254517,
    1.0367974042892456
  ],
  "best_epoch": 30,
  "status": "ok",
  "grad_norm": [
    1.9329825034691555,
    1.4908354134635737,
    1.3465427325781743,
    1.2714815953211176,
    1.2068097781742475,
    1.2490614544462408,
    1.1865941000712181,
    1.1679122304642393,
    1.1688787197327406,
    1.1693616121941184,
    1.1850157683161728,
    1.2411795154645726,
    1.1353553245400523,
    1.2116351080078616,
    1.2332215861582914,
    1.152816369024611,
    1.0888623357174183,
    1.1405778608372659,
    1.0356377559294339,
    1.0664758265768266,
    1.1056976975843475,
    1.065651108368053,
    1.1257668401263834,
    1.1674247597071876,
    1.213308542104741,
    1.143955552948674,
    1.1814418903498891,
    1.1308206075082954,
    1.1674827214627523,
    1.1310398925445686,
    1.162988815923292,
    1.1758657107253887,
    1.0568908209092842,
    1.1855955706818229,
    1.1133505109419135,
    1.0512424944080867,
    1.0371414407051551,
    1.085000296742334,
    1.0621250294254856,
    1.0564118679751064,
    1.0508475579740573
  ],
  "beta_std": [
    0.16955351829528809,
    0.2078990787267685,
    0.16463488340377808,
    0.21438446640968323,
    0.22738918662071228,
    0.1905781626701355,
    0.2531076669692993,
    0.15948116779327393,
    0.31013214588165283,
    0.14533337950706482,
    0.14941620826721191,
    0.16250187158584595,
    0.2913629412651062,
    0.24800598621368408,
    0.19711290299892426,
    0.2759803533554077,
    0.1894405335187912,
    0.1927037388086319,
    0.2580638825893402,
    0.17642667889595032,
    0.22401554882526398,
    0.1915981024503708,
    0.21766577661037445,
    0.22822411358356476,
    0.19211812317371368,
    0.2030644714832306,
    0.22878848016262054,
    0.23475244641304016,
    0.24529960751533508,
    0.21208545565605164,
    0.19907589256763458,
    0.30397114157676697,
    0.20628207921981812,
    0.2608606219291687,
    0.2836324870586395,
    0.207949697971344,
    0.21585071086883545,
    0.214889794588089,
    0.26626676321029663,
    0.2827337384223938,
    0.2359301596879959
  ],
  "beta_mean": [
    -0.04962347820401192,
    -0.09500738978385925,
    -0.013805343769490719,
    -0.09521238505840302,
    -0.02138873003423214,
    0.042111609131097794,
    -0.07791777700185776,
    0.0029092407785356045,
    -0.07419076561927795,
    -0.05124104022979736,
    -0.03176240995526314,
    -0.04758923500776291,
    -0.09561551362276077,
    -0.123733751475811,
    -0.10648446530103683,
    -0.10333263128995895,
    -0.07726559042930603,
    -0.10258109122514725,
    -0.03061050735414028,
    -0.10725513845682144,
    -0.033315178006887436,
    -0.09305215626955032,
    -0.038139671087265015,
    -0.0765465646982193,
    -0.0772598460316658,
    -0.10692615807056427,
    -0.15700945258140564,
    -0.05538388714194298,
    -0.008678370155394077,
    -0.09778237342834473,
    -0.0877743661403656,
    -0.15831221640110016,
    -0.0849314033985138,
    0.050049666315317154,
    -0.07976909726858139,
    -0.07094530761241913,
    -0.008852332830429077,
    -0.10792724788188934,
    -0.11380124092102051,
    -0.07801295071840286,
    -0.10220613330602646
  ]
}