{
  "train_loss": [
    1.278061721310978,
    1.1319194128917671,
    1.0896769518322416,
    1.0992910533481175,
    1.0800930578387968,
    1.07750883364538,
    1.0683562985916584,
    1.0616965247873675,
    1.0574428706698948,
    1.054204511252063,
    1.0521903012091653,
    1.0456616532454017,
    1.0400008903469955,
    1.0490906782596432,
    1.0537414298977767,
    1.0519709168818958,
    1.0483887755243402,
    1.0316304518883688,
    1.0499219464976886,
    1.0294498331644382,
    1.0300269082275748,
    1.0355715374500432,
    1.0449161804210372,
    1.0438450536393282,
    1.0451363417419077,
    1.0506975333174766,
    1.0276295604343302,
    1.0421911526981154,
    1.0203097079092995,
    1.022976967772545,
    1.0189037322579768,
    1.0350578379770468,
    1.0128740316664266,
    1.0080117844977574,
    1.0193900931230064
  ],
  "val_loss": [
    1.1397804021835327,
    1.072450876235962,
    1.09479820728302,
    1.0915967226028442,
    1.1428674459457397,
    1.0582853555679321,
    1.074796438217163,
    1.0643192529678345,
    1.053133487701416,
    1.0648775100708008,
    1.0680279731750488,
    1.0508126020431519,
    1.072799563407898,
    1.1248077154159546,
    1.0812207460403442,
    1.0718283653259277,
    1.0343667268753052,
    1.0683543682098389,
    1.064889669418335,
    1.077863335609436,
    1.082371473312378,
    1.0777732133865356,
    1.039036750793457,
    1.0844204425811768,
    1.0332359075546265,
    1.0407891273498535,
    1.0507197380065918,
    1.059011697769165,
    1.04277765750885,
    1.0688774585723877,
    1.1243257522583008,
    1.0593425035476685,
    1.0964077711105347,
    1.111981987953186,
    1.0530990362167358
  ],
  "best_epoch": 24,
  "status": "ok",
  "grad_norm": [
    1.848594561365299,
    1.358934979931848,
    1.2280750116514518,
    1.2786444429816308,
    1.2519820452371133,
    1.1927432457918692,
    1.1334425179545544,
    1.1132345288425929,
    1.0816001715041221,
    1.095830448500737,
    1.0872192057761192,
    1.0557608872172988,
    1.0794219407122665,
    1.1478329726365848,
    1.120473460774355,
    1.0867145636693343,
    1.106994163491302,
    1.0024944771603908,
    1.1010708122913888,
    1.0239995989820663,
    0.9950574569088501,
    1.0740597268802574,
    1.1607719980080715,
    1.1419140939097059,
    1.1691364662349009,
    1.1921962477473924,
    1.0867209768089834,
    1.1506977071906526,
    1.0330068503269147,
    1.0569771485915012,
    1.0342608749020574,
    1.1186987044073966,
    1.0196620966197658,
    1.021581109462048,
    1.0450372294872237
  ],
  "beta_std": [
    0.33159366250038147,
    0.16526640951633453,
    0.2516825497150421,
    0.11625972390174866,
    0.20645758509635925,
    0.22250211238861084,
    0.15135791897773743,
    0.24133285880088806,
    0.19053621590137482,
    0.22576814889907837,
    0.2401634007692337,
    0.19766679406166077,
    0.22913280129432678,
    0.20527158677577972,
    0.17902714014053345,
    0.23242071270942688,
    0.24805237352848053,
    0.183941051363945,
    0.18617987632751465,
    0.22456617653369904,
    0.1953628659248352,
    0.31218835711479187,
    0.16076526045799255,
    0.1855625957250595,
    0.22361207008361816,
    0.1936817467212677,
    0.18405041098594666,
    0.21629860997200012,
    0.2141598016023636,
    0.22846509516239166,
    0.17037968337535858,
    0.18834547698497772,
    0.1920032650232315,
    0.24753980338573456,
    0.20393423736095428
  ],
  "beta_mean": [
    -0.13016900420188904,
    -0.08081700652837753,
    -0.15484105050563812,
    0.022706028074026108,
    0.013203869573771954,
    -0.0214378722012043,
    -0.020714236423373222,
    -0.05732724815607071,
    -0.026703136041760445,
    -0.04182581976056099,
    -0.0001559277588967234,
    -0.04659835994243622,
    0.012364523485302925,
    -0.06535117328166962,
    -0.0180188175290823,
    -0.058716367930173874,
    -0.006443147547543049,
    -0.018566761165857315,
    -0.042889468371868134,
    0.04485997185111046,
    -0.08886624872684479,
    0.016722364351153374,
    -0.03087725304067135,
    -0.05107010528445244,
    -0.06875964254140854,
    -0.00463058752939105,
    -0.03917819261550903,
    -0.10504428297281265,
    -0.05318377912044525,
    -0.03637847676873207,
    0.032244253903627396,
    0.029811976477503777,
    0.05792330205440521,
    -0.09393862634897232,
    0.05366916581988335
  ]
}