{
  "train_loss": [
    1.302467388381735,
    1.1348223371115345,
    1.1090441875848156,
    1.0861590847773859,
    1.0722822875307316,
    1.0657782328198528,
    1.0653525092866685,
    1.0454891825977124,
    1.0492596254014133,
    1.052756101178844,
    1.0542029450232522,
    1.0405079385411669,
    1.0397943000347294,
    1.0516450322301765,
    1.0428109471282068
  ],
  "val_loss": [
    1.0562152862548828,
    1.0361945629119873,
    1.1161404848098755,
    1.031119704246521,
    1.0069235563278198,
    1.033974528312683,
    1.0639877319335938,
    1.0134812593460083,
    1.0398597717285156,
    1.0480808019638062,
    1.0270795822143555,
    1.0129977464675903,
    1.0076494216918945,
    1.028205156326294,
    1.0440828800201416
  ],
  "best_epoch": 4,
  "status": "underfit",
  "grad_norm": [
    1.9473154185331765,
    1.4718919930067484,
    1.3757269201236444,
    1.328741175182307,
    1.2287264933785491,
    1.1882786620262913,
    1.2073786025762911,
    1.0802128299243428,
    1.1167879900954945,
    1.1966452335856343,
    1.194069466893548,
    1.1581574757468942,
    1.1169942909054098,
    1.1618653231434468,
    1.1772241140396822
  ],
  "beta_std": [
    0.208094522356987,
    0.31635040044784546,
    0.27815374732017517,
    0.26536455750465393,
    0.22559179365634918,
    0.2993953227996826,
    0.2322334349155426,
    0.19687271118164062,
    0.19686278700828552,
    0.22407756745815277,
    0.25111958384513855,
    0.268368124961853,
    0.2569567561149597,
    0.20074033737182617,
    0.17815963923931122
  ],
  "beta_mean": [
    -0.12036652117967606,
    -0.11780118197202682,
    -0.18067684769630432,
    -0.0011446475982666016,
    -0.1615622341632843,
    -0.06261158734560013,
    -0.05949210375547409,
    -0.07902658730745316,
    -0.08484669029712677,
    -0.09631578624248505,
    0.0011724747018888593,
    -0.016199495643377304,
    -0.06755921989679337,
    -0.027503585442900658,
    -0.024374425411224365
  ]
}