{
  "train_loss": [
    1.2595622469584147,
    1.1142732605404324,
    1.109027280913459,
    1.0948108112547132,
    1.05811306254069,
    1.0600895623101128,
    1.0571883061726888,
    1.0467913430531819,
    1.045670433892144,
    1.0487403581407335,
    1.048450867176056,
    1.0588995757632786,
    1.039957595507304,
    1.0464743316438463,
    1.0492358310487535,
    1.03386642159356,
    1.0282972648408677,
    1.0362173824310303
  ],
  "val_loss": [
    1.1649221181869507,
    1.0908504724502563,
    1.085336446762085,
    1.1572762727737427,
    1.1077548265457153,
    1.081946611404419,
    1.0601909160614014,
    1.056509256362915,
    1.085038185119629,
    1.1104587316513062,
    1.0591665506362915,
    1.1177035570144653,
    1.1182430982589722,
    1.0876827239990234,
    1.0682517290115356,
    1.1218725442886353,
    1.073581576347351,
    1.0779484510421753
  ],
  "best_epoch": 7,
  "status": "underfit",
  "grad_norm": [
    1.651530635756837,
    1.1964143505983014,
    1.301208865448417,
    1.250656059429167,
    1.07890824745495,
    1.1635726154888535,
    1.1267842691928547,
    1.0683028839084592,
    1.0977101626366366,
    1.0814589664992265,
    1.1042888705224958,
    1.0937308752827501,
    1.0852085717410762,
    1.1183428255547334,
    1.1279032603430448,
    1.0535308098918978,
    1.011099156172613,
    1.0786392675030916
  ],
  "beta_std": [
    0.18163371086120605,
    0.19499891996383667,
    0.20222556591033936,
    0.229082390666008,
    0.18197113275527954,
    0.14972150325775146,
    0.1960991770029068,
    0.19258630275726318,
    0.19767561554908752,
    0.15853635966777802,
    0.14830143749713898,
    0.10737556219100952,
    0.14278440177440643,
    0.20206274092197418,
    0.21720798313617706,
    0.1546543836593628,
    0.16259922087192535,
    0.2120160609483719
  ],
  "beta_mean": [
    -0.16940104961395264,
    -0.05694849416613579,
    -0.07934185862541199,
    0.00732202734798193,
    -0.04451315104961395,
    -0.06434614956378937,
    -0.045681245625019073,
    -0.1070382222533226,
    -0.038824595510959625,
    -0.0888197049498558,
    -0.0600925013422966,
    -0.014046556316316128,
    -0.06023690849542618,
    -0.07995965331792831,
    -0.16234253346920013,
    0.04749966040253639,
    -0.11508769541978836,
    -0.05894947797060013
  ]
}