{
  "train_loss": [
    1.2682113556332058,
    1.1206891862021553,
    1.1112654388215806,
    1.0914634749094645,
    1.0831409533818563,
    1.0763436839845446,
    1.07419868850708,
    1.0592982394430372,
    1.0485868822733562,
    1.058729147699144,
    1.0723917658064102,
    1.05975615840488,
    1.0486351250542534,
    1.0533665323257446,
    1.032419606420729,
    1.0511427306069268,
    1.0347190945943197,
    1.0409489661852518,
    1.0352998099856907,
    1.0345493278503417,
    1.0288006300396388,
    1.029612188498179,
    1.0148902003500198,
    1.0305132389068603,
    1.029106181250678,
    1.0430257675382826,
    1.021550308280521,
    1.0315007086859809,
    1.025553015920851,
    1.0107942165798611,
    1.0177798920207553
  ],
  "val_loss": [
    1.1216108798980713,
    1.1094369888305664,
    1.128895878791809,
    1.0793302059173584,
    1.0841513872146606,
    1.0950815677642822,
    1.0944712162017822,
    1.0939242839813232,
    1.1041508913040161,
    1.098156452178955,
    1.082136631011963,
    1.0816010236740112,
    1.1164188385009766,
    1.0615407228469849,
    1.0878030061721802,
    1.0664994716644287,
    1.0945148468017578,
    1.0580480098724365,
    1.0904717445373535,
    1.0609309673309326,
    1.0410544872283936,
    1.115441083908081,
    1.0620542764663696,
    1.0793744325637817,
    1.0720305442810059,
    1.076454997062683,
    1.0632063150405884,
    1.065629243850708,
    1.0697691440582275,
    1.0787204504013062,
    1.0641849040985107
  ],
  "best_epoch": 20,
  "status": "ok",
  "grad_norm": [
    1.672075699060223,
    1.2799807772776657,
    1.3880120878998292,
    1.2911285409169626,
    1.2357868810170913,
    1.2166308475638274,
    1.134781515622262,
    1.1133792327509258,
    1.0871210603542205,
    1.1219018089795847,
    1.2226387145110889,
    1.1243845127979895,
    1.0868953156686347,
    1.0609783058607747,
    1.003884536979769,
    1.0613089662867585,
    1.04332600767308,
    1.0486689116257832,
    1.1417567190502016,
    1.0418587868245452,
    0.999631941899754,
    1.0707215991345083,
    0.9869267207739997,
    1.0427432836447343,
    1.0518936183817311,
    1.1155591392386373,
    0.9706240657681274,
    1.0991721567102333,
    1.0760786025517604,
    1.0127012259080634,
    1.059241456020202
  ],
  "beta_std": [
    0.26618579030036926,
    0.2775173783302307,
    0.2462119311094284,
    0.2132742553949356,
    0.23320388793945312,
    0.2643687129020691,
    0.22033590078353882,
    0.28630587458610535,
    0.26754438877105713,
    0.22600826621055603,
    0.211099311709404,
    0.2671743631362915,
    0.31223440170288086,
    0.20628562569618225,
    0.24500557780265808,
    0.20029762387275696,
    0.2138463854789734,
    0.20485681295394897,
    0.2415105253458023,
    0.2775062620639801,
    0.2513619363307953,
    0.24196535348892212,
    0.2731720507144928,
    0.20460288226604462,
    0.21149030327796936,
    0.20704177021980286,
    0.25911790132522583,
    0.23838487267494202,
    0.2652646005153656,
    0.2834855318069458,
    0.28248339891433716
  ],
  "beta_mean": [
    -0.027071654796600342,
    0.03785239905118942,
    -0.012215801514685154,
    -0.08144289255142212,
    -0.05121857672929764,
    -0.017414893954992294,
    0.024821965023875237,
    -0.12155594676733017,
    0.008727417327463627,
    -0.005170247983187437,
    0.02136162482202053,
    -0.030325086787343025,
    -0.1455506533384323,
    0.01600588671863079,
    -0.08580902218818665,
    -0.018113136291503906,
    -0.0255899615585804,
    -0.0659804716706276,
    -0.11160173267126083,
    0.029286781325936317,
    -0.0009766740258783102,
    -0.12493940442800522,
    -0.042038556188344955,
    -0.14383341372013092,
    -0.09476831555366516,
    -0.03643513098359108,
    -0.013528711162507534,
    -0.0311825443059206,
    -0.09970583766698837,
    -0.11758265644311905,
    -0.05034055933356285
  ]
}