{
  "train_loss": [
    1.2759153101179335,
    1.1065986916224162,
    1.0666902083290948,
    1.0633000587887234,
    1.055342780219184,
    1.0676609395345051,
    1.0476947893566555,
    1.0504421253204346,
    1.0597578552563984,
    1.0551611517800226,
    1.0408853034973145,
    1.04735219584571,
    1.0490167690912882,
    1.0363027296596103
  ],
  "val_loss": [
    1.0268123149871826,
    1.0096850395202637,
    1.0085633993148804,
    0.9828540086746216,
    1.0642448663711548,
    0.9935373663902283,
    1.0028977394104004,
    0.9998276233673096,
    1.0188393592834473,
    1.0018091201782227,
    0.9966539144515991,
    1.0124859809875488,
    1.0148895978927612,
    0.989578366279602
  ],
  "best_epoch": 3,
  "status": "underfit",
  "grad_norm": [
    1.796813636180271,
    1.3917945074039162,
    1.167124383417811,
    1.1642583030302451,
    1.183810056036181,
    1.1498049958895693,
    1.1574034468809298,
    1.1468400934176555,
    1.1733001046156994,
    1.1825931727382188,
    1.0315497096887967,
    1.1149022453118778,
    1.1890393797244365,
    1.098582231477513
  ],
  "beta_std": [
    0.21815384924411774,
    0.22670786082744598,
    0.23545528948307037,
    0.23893822729587555,
    0.2156038135290146,
    0.25116443634033203,
    0.21527588367462158,
    0.28371310234069824,
    0.20189088582992554,
    0.2381007969379425,
    0.26907822489738464,
    0.22526076436042786,
    0.30179330706596375,
    0.14764627814292908
  ],
  "beta_mean": [
    -0.05293482169508934,
    -0.0794534757733345,
    -0.0906391441822052,
    -0.04790380224585533,
    -0.09037911891937256,
    -0.07109872996807098,
    -0.10988567769527435,
    -0.04021022841334343,
    -0.11289024353027344,
    -0.02213040366768837,
    -0.05489872023463249,
    0.01493860688060522,
    -0.11862915009260178,
    0.01542371604591608
  ]
}