{
  "train_loss": [
    2.4301118232492813,
    1.960184278990093,
    1.9079462093777126,
    1.8229959050396032,
    1.820602952248869,
    1.7368584854560987,
    1.6863870080590946,
    1.635835611889934,
    1.6504683622839855,
    1.5841225798645913,
    1.5754480926335206,
    1.5360157659597564,
    1.538327888159724,
    1.4955500695301078,
    1.460100741302758,
    1.4613255732240733,
    1.4609231554555615,
    1.4456692442698786,
    1.4476678164800008,
    1.425893838057044,
    1.4033797784994917,
    1.4230372440605832,
    1.434152500029893,
    1.4108525414773596,
    1.3710656492891367,
    1.3964526760369016,
    1.3877537819934866
  ],
  "val_loss": [
    1.8319302797317505,
    1.7702915668487549,
    1.8737459182739258,
    1.7626413106918335,
    1.6267677545547485,
    1.5749542713165283,
    1.5565578937530518,
    1.5495582818984985,
    1.4859732389450073,
    1.458456039428711,
    1.471548318862915,
    1.463603138923645,
    1.359863519668579,
    1.4434497356414795,
    1.4106180667877197,
    1.378288984298706,
    1.3447585105895996,
    1.373631238937378,
    1.3796849250793457,
    1.4204260110855103,
    1.3991589546203613,
    1.3561875820159912,
    1.4153459072113037,
    1.3585727214813232,
    1.3581236600875854,
    1.4233012199401855,
    1.4385042190551758
  ],
  "best_epoch": 16,
  "status": "ok",
  "grad_norm": [
    2.9990314833157865,
    2.681081101597063,
    2.551774866837463,
    2.534552625827856,
    2.772552594111418,
    2.5321765126075824,
    2.569892511382425,
    2.5906487435271424,
    2.7164513399056744,
    2.6305473974710423,
    2.738608646298722,
    2.6713490722977897,
    2.652390814623613,
    2.585248904266919,
    2.4786730120415,
    2.557721707819167,
    2.5184013143263475,
    2.6074852035738996,
    2.6351568843716113,
    2.5553998493446013,
    2.4922631381174623,
    2.8557469458011324,
    2.670796506128781,
    2.5977695700349415,
    2.5448301439922747,
    2.6182568381818148,
    2.7846291084667225
  ],
  "beta_std": [
    0.8054620623588562,
    0.6115356683731079,
    0.7716454267501831,
    0.8166311383247375,
    0.7821364998817444,
    0.6741255521774292,
    0.6596371531486511,
    0.7786146402359009,
    0.7293074131011963,
    0.7162042260169983,
    0.8603507280349731,
    0.48116591572761536,
    0.8366823792457581,
    0.6833357810974121,
    0.7525972723960876,
    0.7760023474693298,
    0.724977970123291,
    0.8549467325210571,
    0.8313365578651428,
    0.7916692495346069,
    0.7145211100578308,
    0.7162368297576904,
    0.9032838940620422,
    0.8831520080566406,
    0.8280402421951294,
    0.6290947198867798,
    0.6965628862380981
  ],
  "beta_mean": [
    -0.13417349755764008,
    -0.13485397398471832,
    -0.2624272406101227,
    -0.261662095785141,
    -0.1608390212059021,
    -0.07966343313455582,
    -0.20512515306472778,
    -0.06867929548025131,
    -0.1904440075159073,
    -0.1929568201303482,
    -0.17864948511123657,
    -0.1826687455177307,
    -0.09268767386674881,
    -0.10318803042173386,
    -0.16653423011302948,
    -0.015815608203411102,
    -0.18050742149353027,
    -0.25169897079467773,
    -0.10723864287137985,
    -0.25707095861434937,
    -0.08909475058317184,
    -0.26852887868881226,
    -0.39375466108322144,
    -0.28450414538383484,
    -0.26232025027275085,
    -0.3241470456123352,
    -0.009710428304970264
  ]
}