{
  "train_loss": [
    2.496001113311589,
    1.8908303078433923,
    1.8534990402969003,
    1.8190235497937566,
    1.764100077584473,
    1.73618556017067,
    1.7327896848756668,
    1.6540298794305812,
    1.6533688887657478,
    1.6375215072520295,
    1.6153512774852283,
    1.5642419415747213,
    1.5755040814862613,
    1.540487448597512,
    1.545964484270553,
    1.5099040616186041,
    1.4979312462276884,
    1.505330498483446,
    1.4901423657289026,
    1.4659589611298858,
    1.4413394198222467,
    1.470805750869171,
    1.4343558289711935,
    1.444395526333859,
    1.4307851853844715,
    1.4379609219233196
  ],
  "val_loss": [
    1.9255675077438354,
    1.8672384023666382,
    1.8038699626922607,
    1.7395492792129517,
    1.7726328372955322,
    1.741437554359436,
    1.6277873516082764,
    1.6713995933532715,
    1.7237168550491333,
    1.7081893682479858,
    1.619588017463684,
    1.6178404092788696,
    1.5916932821273804,
    1.613971471786499,
    1.5555402040481567,
    1.4900606870651245,
    1.5675501823425293,
    1.5157685279846191,
    1.5190458297729492,
    1.5809437036514282,
    1.5403660535812378,
    1.768073558807373,
    1.5539748668670654,
    1.5024107694625854,
    1.5598795413970947,
    1.518433928489685
  ],
  "best_epoch": 15,
  "status": "ok",
  "grad_norm": [
    2.9820107651046457,
    2.621594867094806,
    2.7706000048981303,
    2.894789480468944,
    2.9756467658532912,
    2.8824949920158986,
    2.7367740692815117,
    2.5801237755611988,
    2.5928434572159524,
    2.543419106330036,
    2.7523508491788573,
    2.5587977616853546,
    2.681516169886066,
    2.675057513330856,
    2.791706075951212,
    2.676340798080561,
    2.6009581079890527,
    2.680526475794883,
    2.699736295076646,
    2.663639251554372,
    2.6732479249259473,
    2.7215860167406967,
    2.7526589441260643,
    2.8470140973617437,
    2.662689798735344,
    2.9109868485976857
  ],
  "beta_std": [
    0.8911427855491638,
    0.6089105606079102,
    0.8621025681495667,
    0.8928225636482239,
    0.7104426026344299,
    0.742830216884613,
    0.766126811504364,
    0.6491129994392395,
    0.8884007930755615,
    0.732337236404419,
    0.5696772336959839,
    0.738447904586792,
    0.7305886149406433,
    0.6304700970649719,
    0.6101441979408264,
    0.7991645932197571,
    0.9510042071342468,
    0.8128843903541565,
    0.77297043800354,
    0.7602503299713135,
    0.7977882623672485,
    0.7136300802230835,
    0.7860825657844543,
    0.6157970428466797,
    0.8622559905052185,
    0.8342453837394714
  ],
  "beta_mean": [
    0.1294584423303604,
    -0.061393674463033676,
    -0.16679880023002625,
    -0.03313165530562401,
    -0.2216940075159073,
    -0.26408880949020386,
    -0.0454796738922596,
    -0.1812378615140915,
    -0.019100818783044815,
    -0.018249180167913437,
    -0.19173093140125275,
    -0.09372634440660477,
    -0.18866144120693207,
    -0.19777105748653412,
    -0.21247068047523499,
    -0.2533675730228424,
    -0.005408500786870718,
    -0.04924556612968445,
    -0.3730294406414032,
    -0.09321054071187973,
    -0.21090207993984222,
    -0.08478683978319168,
    -0.17979946732521057,
    -0.2391030192375183,
    -0.11828412860631943,
    -0.14182071387767792
  ]
}