{
  "train_loss": [
    2.3769512172052036,
    1.9349399790289807,
    1.8545774848279897,
    1.7267509941190307,
    1.6815861827448795,
    1.624654381735283,
    1.5563472211848923,
    1.5502628497073525,
    1.5103905414837844,
    1.5080851745047765,
    1.4804231021836487,
    1.4428213152411389,
    1.4670217093250209,
    1.4452645198643557,
    1.4501461887080767,
    1.4610707914341263,
    1.4224072314145273,
    1.3926628467771742,
    1.4100493941111871
  ],
  "val_loss": [
    1.859702706336975,
    1.8052279949188232,
    1.7181504964828491,
    1.591752290725708,
    1.594980239868164,
    1.5427734851837158,
    1.5231953859329224,
    1.4829034805297852,
    1.429232120513916,
    1.5119508504867554,
    1.5532653331756592,
    1.5140732526779175,
    1.52205491065979,
    1.4985066652297974,
    1.4890477657318115,
    1.5532448291778564,
    1.484334945678711,
    1.438725471496582,
    1.4743283987045288
  ],
  "best_epoch": 8,
  "status": "ok",
  "grad_norm": [
    3.2226540642420267,
    2.704752590260681,
    2.8050342155357026,
    2.6251365784831946,
    2.949720386185614,
    2.7414942554312662,
    2.6828383375091605,
    2.8784894014015365,
    2.55789540511364,
    2.6798688643998116,
    2.5498630487610923,
    2.5458567481442205,
    2.73575874622742,
    2.562489987537474,
    2.769910759612876,
    2.8382371126313637,
    2.7259568944789407,
    2.404091762588609,
    2.615246948295538
  ],
  "beta_std": [
    0.5848564505577087,
    0.6585533022880554,
    0.6014540791511536,
    0.8295361399650574,
    0.7634567022323608,
    0.686050295829773,
    0.8547265529632568,
    0.7460981607437134,
    0.726220965385437,
    0.7885979413986206,
    0.8631595373153687,
    1.000017762184143,
    0.8804123997688293,
    0.8512638211250305,
    0.6437948942184448,
    0.8557150363922119,
    0.8384290933609009,
    0.6430812478065491,
    0.7771741151809692
  ],
  "beta_mean": [
    -0.08315403759479523,
    0.08819236606359482,
    0.05914105847477913,
    -0.0999852865934372,
    -0.281923770904541,
    -0.0016217436641454697,
    0.022252846509218216,
    -0.1541774421930313,
    -0.09231233596801758,
    -0.17920787632465363,
    -0.12677434086799622,
    0.0374385230243206,
    -0.09050058573484421,
    -0.22434072196483612,
    -0.07313982397317886,
    -0.2304607480764389,
    -0.2391916662454605,
    -0.3109305799007416,
    -0.23119400441646576
  ]
}