{
  "train_loss": [
    2.430983369782654,
    1.9310738850197597,
    1.9093175201248704,
    1.7889125763742548,
    1.7318357941978857,
    1.7227666258951377,
    1.731638147092005,
    1.697685618289033,
    1.6748008566571955,
    1.5999998553315102,
    1.5779541459557607,
    1.6163434540598016,
    1.5786315885621902,
    1.5330644388087311,
    1.5133753168652628,
    1.4970337115393744,
    1.482171894290991,
    1.4796679900543035,
    1.4906119173172623,
    1.4175531121583014,
    1.4207962249175847,
    1.4093538757234987,
    1.4125783343621863,
    1.3994542285573413,
    1.3992768430430986,
    1.3690985759657028,
    1.34871791563536,
    1.3988522494884958,
    1.368656896401567,
    1.3559834786744145,
    1.375970601338392,
    1.3512478144963582,
    1.3453318361371582,
    1.3428722980008487,
    1.3299611508218865,
    1.349073853130229,
    1.3135723831500226,
    1.3252622771681402,
    1.3394973571398106,
    1.345785578565988,
    1.3220492002420259,
    1.3169329202941984,
    1.2896336868353058,
    1.304349634201206,
    1.328432456094619,
    1.3052249004966334,
    1.3386067771075065,
    1.2817128140466254
  ],
  "val_loss": [
    1.8107458353042603,
    1.8359005451202393,
    1.6705008745193481,
    1.6004120111465454,
    1.6096842288970947,
    1.621308445930481,
    1.702698826789856,
    1.6852747201919556,
    1.602243185043335,
    1.4890694618225098,
    1.5888664722442627,
    1.5711086988449097,
    1.5543744564056396,
    1.5672341585159302,
    1.485271692276001,
    1.4961436986923218,
    1.4576448202133179,
    1.4058732986450195,
    1.4422225952148438,
    1.4187982082366943,
    1.3830517530441284,
    1.4026763439178467,
    1.4208449125289917,
    1.4318952560424805,
    1.4118801355361938,
    1.4069052934646606,
    1.3943113088607788,
    1.3494395017623901,
    1.4275164604187012,
    1.4400733709335327,
    1.4348199367523193,
    1.3605010509490967,
    1.3725475072860718,
    1.428214430809021,
    1.375693440437317,
    1.3896406888961792,
    1.3988966941833496,
    1.3466507196426392,
    1.4828089475631714,
    1.4124953746795654,
    1.3840093612670898,
    1.362149953842163,
    1.418953776359558,
    1.4125900268554688,
    1.372398018836975,
    1.3623569011688232,
    1.3673748970031738,
    1.3971039056777954
  ],
  "best_epoch": 37,
  "status": "ok",
  "grad_norm": [
    3.0268884206713187,
    2.5447491523950356,
    2.843013245985212,
    2.424355968379489,
    2.510465628386737,
    2.7110764177377886,
    2.7072369729771135,
    2.7545331636662334,
    2.7523533900475203,
    2.4697250945885236,
    2.52019663518959,
    2.8320564013249045,
    2.595867492719479,
    2.5485075427697215,
    2.731013303714524,
    2.7584644674252576,
    2.7004449638574735,
    2.5514856122335337,
    2.9831720743473173,
    2.62723838163199,
    2.6959719064111716,
    2.698544073346474,
    2.8087610287534948,
    2.5772917008025007,
    2.607322040735106,
    2.715244476798451,
    2.65818276850012,
    2.8785312360449455,
    2.665491745936786,
    2.6455810797421764,
    2.92117480551132,
    2.6261768719816927,
    2.7085788885563247,
    2.792197668345478,
    2.4680482467707408,
    3.0085734408104092,
    2.679980607175469,
    2.6404168024639363,
    3.060365369833869,
    2.6831029463146745,
    2.7243890506115114,
    2.8265948732553525,
    2.647942750375283,
    2.804249846915525,
    2.72993618287268,
    2.8676242184050955,
    2.9188806797752753,
    2.7312081261133567
  ],
  "beta_std": [
    0.7959133982658386,
    0.5939617156982422,
    0.6202818751335144,
    0.7843217849731445,
    0.6791037917137146,
    0.7099684476852417,
    0.7917131781578064,
    0.8466466069221497,
    0.8156079053878784,
    0.7714307904243469,
    0.6821384429931641,
    0.770627498626709,
    0.8384209871292114,
    0.7768058180809021,
    0.6556334495544434,
    0.8816801905632019,
    0.6913430094718933,
    0.8485289216041565,
    0.7091154456138611,
    0.8021674156188965,
    0.7468955516815186,
    0.6990281343460083,
    0.9667074084281921,
    0.7528038620948792,
    0.7710357308387756,
    0.7479464411735535,
    0.6817222237586975,
    0.6953922510147095,
    0.6896696090698242,
    0.7481991052627563,
    0.7793254256248474,
    0.6483522057533264,
    0.7059717178344727,
    0.7423520684242249,
    0.7826415300369263,
    0.7802597880363464,
    0.7589412927627563,
    0.925531804561615,
    0.6701018810272217,
    0.7567274570465088,
    0.7501804232597351,
    0.7383581399917603,
    0.6781810522079468,
    0.8322499990463257,
    0.7141145467758179,
    0.785160481929779,
    0.8444315195083618,
    0.7087807655334473
  ],
  "beta_mean": [
    -0.19025985896587372,
    -0.33392634987831116,
    -0.11853040009737015,
    -0.2914445996284485,
    -0.3691559433937073,
    -0.4573299288749695,
    -0.472014844417572,
    -0.3242815136909485,
    -0.23025865852832794,
    -0.17510445415973663,
    -0.3018488585948944,
    -0.523929238319397,
    -0.0938931480050087,
    -0.37708547711372375,
    -0.32725444436073303,
    -0.2886517643928528,
    -0.35723328590393066,
    -0.14185689389705658,
    -0.08149300515651703,
    -0.20780538022518158,
    -0.19102388620376587,
    -0.19247424602508545,
    -0.2879096567630768,
    -0.2697056531906128,
    -0.3423941433429718,
    -0.2749357521533966,
    -0.18062376976013184,
    -0.17680850625038147,
    -0.2876039445400238,
    -0.47336432337760925,
    -0.34139782190322876,
    -0.35686707496643066,
    -0.2679075300693512,
    -0.3935694098472595,
    -0.23684833943843842,
    -0.3475697338581085,
    -0.3431423604488373,
    -0.3002764582633972,
    -0.4190363585948944,
    -0.3431025743484497,
    -0.3568075895309448,
    -0.13488510251045227,
    -0.4153202176094055,
    -0.2229992151260376,
    -0.30329862236976624,
    -0.14880743622779846,
    -0.1403404027223587,
    -0.20268471539020538
  ]
}