{
  "train_loss": [
    2.4383806785784268,
    1.8718381226969043,
    1.8462463013331096,
    1.8414508019274438,
    1.7395356633928087,
    1.747188774410047,
    1.68817684307433,
    1.6775051775034409,
    1.6663258079896894,
    1.6266531463812666,
    1.6552557871076796,
    1.6132397958967422,
    1.6123931754820529,
    1.5716972486317506,
    1.5329700751611364,
    1.525007617125037,
    1.5062058964946814,
    1.496805196115148,
    1.4726139458717658,
    1.487334027764393,
    1.4742078697193435,
    1.4577041320075765,
    1.4464078209971825,
    1.43548235890461,
    1.4078723396613584,
    1.4240816061677988,
    1.3918486109672235,
    1.413821746842903,
    1.3932327151437949,
    1.3874474394391154,
    1.3789341064363891,
    1.354657469409251,
    1.386158388204742
  ],
  "val_loss": [
    2.120809316635132,
    1.9423437118530273,
    2.0654866695404053,
    1.915290117263794,
    1.8348705768585205,
    1.771078109741211,
    1.7497797012329102,
    1.7969508171081543,
    1.8072755336761475,
    1.7255828380584717,
    1.935219168663025,
    1.6322834491729736,
    1.696675419807434,
    1.6506463289260864,
    1.6024701595306396,
    1.7804198265075684,
    1.5571320056915283,
    1.6440917253494263,
    1.7487270832061768,
    1.660871148109436,
    1.5365525484085083,
    1.5923893451690674,
    1.5313228368759155,
    1.658166766166687,
    1.5906922817230225,
    1.552638292312622,
    1.7546932697296143,
    1.5946009159088135,
    1.6880624294281006,
    1.5640524625778198,
    1.5565807819366455,
    1.5991699695587158,
    1.5986236333847046
  ],
  "best_epoch": 22,
  "status": "ok",
  "grad_norm": [
    2.9545279644275224,
    2.445675855901639,
    2.6435294542683425,
    2.7959020806430503,
    2.404250840804481,
    2.7810241328809546,
    2.543700524268819,
    2.5493122068173846,
    2.6480787038736637,
    2.567591979678102,
    2.795060360655266,
    2.5564332287898943,
    2.6565445589432084,
    2.5507236910957123,
    2.515473741412827,
    2.5064182517256435,
    2.454155548368392,
    2.510770677595867,
    2.530820693062503,
    2.6884131437785967,
    2.5715096255335324,
    2.6939893540420674,
    2.519358509040795,
    2.607636928424179,
    2.6132822426955262,
    2.639185513193482,
    2.377967825665317,
    2.548400802517252,
    2.473382652476379,
    2.6618086216013666,
    2.4644196921873855,
    2.4568652985997517,
    2.4076061741581998
  ],
  "beta_std": [
    0.6373159289360046,
    0.7931480407714844,
    0.6435649394989014,
    0.7853131890296936,
    0.5563679933547974,
    0.7415310740470886,
    0.7734620571136475,
    0.678669273853302,
    0.7417907118797302,
    0.6329368948936462,
    0.6946839690208435,
    0.9357218742370605,
    0.6675492525100708,
    0.7138664126396179,
    0.8119744658470154,
    0.809763491153717,
    0.6689364314079285,
    0.8527273535728455,
    0.646950900554657,
    0.9683984518051147,
    0.775005042552948,
    0.7371698021888733,
    0.5463142991065979,
    0.6112264394760132,
    0.8431592583656311,
    0.7328571677207947,
    0.763373851776123,
    0.786922037601471,
    0.838884711265564,
    0.7705192565917969,
    0.681218683719635,
    0.7535296082496643,
    0.7684547901153564
  ],
  "beta_mean": [
    -0.31511515378952026,
    -0.37432366609573364,
    -0.1822367161512375,
    -0.4486272633075714,
    -0.1914307028055191,
    -0.2995469272136688,
    -0.27095040678977966,
    -0.12386755645275116,
    -0.4228466749191284,
    -0.20546962320804596,
    -0.34046342968940735,
    -0.24841760098934174,
    -0.2690800428390503,
    -0.13662058115005493,
    -0.2488165944814682,
    -0.06119367107748985,
    -0.21972815692424774,
    -0.33643677830696106,
    -0.20970669388771057,
    0.028782593086361885,
    -0.3846341669559479,
    -0.08718255162239075,
    -0.20440785586833954,
    -0.1841329038143158,
    0.048462752252817154,
    -0.13207803666591644,
    0.019463615491986275,
    -0.16945557296276093,
    -0.2150012105703354,
    -0.3958090543746948,
    -0.2315671592950821,
    -0.15008799731731415,
    -0.12704789638519287
  ]
}