{
  "train_loss": [
    2.4582148075940315,
    1.9101121646479557,
    1.8770302157374152,
    1.820212818948846,
    1.8295705474329274,
    1.7506466712449726,
    1.757711268698263,
    1.709498715679548,
    1.6817446029953091,
    1.6646933849513181,
    1.6131855246058682,
    1.5883120337982624,
    1.5528999550579583,
    1.5346747933772573,
    1.524694314741949,
    1.5231807926244902,
    1.5005804789693733,
    1.4859581629156369,
    1.4836917133219758,
    1.4578701299394083,
    1.443038641360768,
    1.4670161192319546,
    1.4631899408987392,
    1.4443904392621671,
    1.4124247610359861,
    1.4153055810928346,
    1.4316364333225273,
    1.396988135137056,
    1.3828851499892119,
    1.4085524678927417,
    1.381974430028458,
    1.4088604914514642,
    1.3632575095884982,
    1.3413164105889392,
    1.3433725853970175,
    1.363827749218857,
    1.3443052754764668,
    1.3595089264083327,
    1.3104679981449194,
    1.3265324607369495,
    1.3147208261211016,
    1.3404264628538611,
    1.3032212984631633,
    1.3497232880508692,
    1.329037805830526,
    1.280225826704014,
    1.265128152049773,
    1.3203169730671664,
    1.28334846036476,
    1.2781866516425595
  ],
  "val_loss": [
    2.046771764755249,
    2.086355209350586,
    1.933085560798645,
    1.9662561416625977,
    1.7608158588409424,
    1.825669765472412,
    1.7238445281982422,
    1.8709683418273926,
    1.7071826457977295,
    1.7335723638534546,
    1.6808724403381348,
    1.732843279838562,
    1.8234403133392334,
    1.6192092895507812,
    1.5953620672225952,
    1.602024793624878,
    1.6199396848678589,
    1.7081756591796875,
    1.5822935104370117,
    1.5345323085784912,
    1.5887813568115234,
    1.5203685760498047,
    1.6326807737350464,
    1.5809260606765747,
    1.629909873008728,
    1.5778772830963135,
    1.5894944667816162,
    1.51522696018219,
    1.5800286531448364,
    1.5804904699325562,
    1.62175714969635,
    1.6102250814437866,
    1.6081520318984985,
    1.5971322059631348,
    1.5083259344100952,
    1.5544682741165161,
    1.524120569229126,
    1.511086344718933,
    1.6305501461029053,
    1.6055938005447388,
    1.689452886581421,
    1.4787839651107788,
    1.6085197925567627,
    1.5275185108184814,
    1.5179834365844727,
    1.4671846628189087,
    1.4942115545272827,
    1.4953598976135254,
    1.5898698568344116,
    1.4892398118972778
  ],
  "best_epoch": 45,
  "status": "ok",
  "grad_norm": [
    3.126212438367887,
    2.5966175465665926,
    2.7874110168189703,
    2.5594169369092397,
    2.7859038458531664,
    2.709782183435864,
    2.7883349728051403,
    2.6077710684181077,
    2.5366553540699943,
    2.6523881963835945,
    2.623970506324614,
    2.8409473667974505,
    2.695703807110209,
    2.5484833306283465,
    2.6245709385578126,
    2.705364510231424,
    2.615948501396339,
    2.7987074136666528,
    2.6243914656445844,
    2.65560174207973,
    2.671820891226055,
    2.6938052457165758,
    2.732822556246019,
    2.7904991850694074,
    2.6171948386396022,
    2.8181711125675526,
    2.8004155336023557,
    2.533727640533243,
    2.5385746276923946,
    2.6635278772505244,
    2.6937351210958953,
    2.8346163687067074,
    2.628127189354004,
    2.594342121600749,
    2.6031416328796144,
    2.6639000002981383,
    2.635838367208288,
    2.7908156601872105,
    2.6830109936258664,
    2.6905527203402304,
    2.619148908356451,
    2.6924162850666264,
    2.593383708603813,
    2.9875332582509615,
    2.828740262402407,
    2.6197600410479014,
    2.5847504127965055,
    2.9295540640320654,
    2.6643028792212538,
    2.689395781848086
  ],
  "beta_std": [
    0.808739185333252,
    0.6998812556266785,
    0.8287741541862488,
    0.7010769844055176,
    1.0002741813659668,
    0.9005517363548279,
    0.8187774419784546,
    1.0463982820510864,
    0.8835466504096985,
    0.7396242618560791,
    0.7267006635665894,
    0.7947088479995728,
    0.8824267387390137,
    0.8404698967933655,
    0.9596835970878601,
    0.7965364456176758,
    0.8163204789161682,
    0.7795129418373108,
    0.9595882296562195,
    0.7197158932685852,
    0.7553858160972595,
    0.7720202207565308,
    0.8732067942619324,
    0.6619963049888611,
    0.826308012008667,
    0.6716724634170532,
    0.8619701862335205,
    0.8047314882278442,
    0.7494297623634338,
    0.8684099316596985,
    0.9277851581573486,
    0.9642302393913269,
    0.7018265128135681,
    0.8071985840797424,
    0.900890588760376,
    0.9827069044113159,
    0.7952340841293335,
    0.8176077604293823,
    0.8538163900375366,
    0.8120889067649841,
    0.9339750409126282,
    0.8827171921730042,
    0.6629615426063538,
    0.6686794757843018,
    0.7965196967124939,
    0.8994346857070923,
    0.7886212468147278,
    0.6740978360176086,
    0.7666758894920349,
    0.8692886829376221
  ],
  "beta_mean": [
    -0.0807376429438591,
    -0.23879410326480865,
    -0.17871713638305664,
    -0.36616548895835876,
    -0.0895710214972496,
    -0.40296632051467896,
    -0.07849053293466568,
    -0.4637908935546875,
    -0.08563855290412903,
    -0.3875238299369812,
    -0.3961203098297119,
    -0.1971668303012848,
    -0.39129024744033813,
    -0.2088979333639145,
    -0.28982043266296387,
    -0.2663705050945282,
    -0.2653220593929291,
    -0.26752108335494995,
    -0.2884579598903656,
    -0.24443350732326508,
    -0.36579635739326477,
    -0.23818060755729675,
    -0.30163154006004333,
    -0.3264681398868561,
    -0.04772398993372917,
    -0.1779710352420807,
    -0.276737779378891,
    -0.3227766156196594,
    -0.10001479089260101,
    -0.01701047457754612,
    -0.15335504710674286,
    -0.15874604880809784,
    -0.2819461226463318,
    0.056212276220321655,
    -0.28898271918296814,
    -0.20096492767333984,
    -0.23462124168872833,
    -0.14149120450019836,
    -0.12451744824647903,
    -0.3218099772930145,
    -0.3801438808441162,
    -0.23888395726680756,
    -0.4811275899410248,
    -0.3755393922328949,
    -0.34150320291519165,
    -0.1639661341905594,
    -0.3191739022731781,
    -0.34193992614746094,
    -0.05317103490233421,
    -0.059478793293237686
  ]
}