{
  "train_loss": [
    2.5126745017090735,
    1.9871561314209163,
    1.894131814555118,
    1.8290974547291359,
    1.7994920237022534,
    1.7864078383417854,
    1.7049543655964365,
    1.7032911035191942,
    1.6841271087021856,
    1.6350011510179754,
    1.6191730312715498,
    1.5958177814985577,
    1.5584557676036455,
    1.5161934742732355,
    1.5293625785314549,
    1.526586413271943,
    1.4842566216898243,
    1.4818103192424217,
    1.465238887357433,
    1.480352681673061,
    1.4228340446461014,
    1.429439433834009,
    1.3959223911497327,
    1.3761652271649991,
    1.3826559067051314,
    1.3910276881993167,
    1.4120556169086032,
    1.4004195519218667,
    1.3887152280305561,
    1.389855806367439,
    1.3591218690147178,
    1.3519263125860204,
    1.351738384230095,
    1.3693431935951723,
    1.3266884926466913,
    1.3361023018652933
  ],
  "val_loss": [
    2.128321647644043,
    2.0084218978881836,
    1.9035086631774902,
    1.941517949104309,
    1.932969570159912,
    1.9321212768554688,
    1.88615083694458,
    1.9881592988967896,
    1.6762224435806274,
    1.7477473020553589,
    1.7067729234695435,
    1.7906103134155273,
    1.7182356119155884,
    1.5969499349594116,
    1.5655517578125,
    1.527956247329712,
    1.6424976587295532,
    1.6539901494979858,
    1.5803818702697754,
    1.6550633907318115,
    1.585242748260498,
    1.5644915103912354,
    1.5753755569458008,
    1.5718271732330322,
    1.5801457166671753,
    1.4768345355987549,
    1.5331847667694092,
    1.5593159198760986,
    1.5618922710418701,
    1.537566065788269,
    1.5037933588027954,
    1.5166360139846802,
    1.5127441883087158,
    1.5447019338607788,
    1.4827994108200073,
    1.492429256439209
  ],
  "best_epoch": 25,
  "status": "ok",
  "grad_norm": [
    3.1256216023723526,
    2.928000176233859,
    2.7741142048570953,
    2.864894868148191,
    2.805945700486776,
    2.988763518016247,
    2.729301139954852,
    2.757320267746395,
    2.6959284694608305,
    2.5563883727219507,
    2.5017211777363118,
    2.5586762495300777,
    2.5153547839993475,
    2.5891001985992084,
    2.6064324533276975,
    2.5195744087319776,
    2.538329950547582,
    2.575797591841996,
    2.545596766857325,
    2.6674000168236094,
    2.5074736946087164,
    2.542385694730502,
    2.547570057135642,
    2.5395090611343965,
    2.5104455467502604,
    2.671424563626139,
    2.8223265327804334,
    2.7041449658294674,
    2.6909431150170917,
    2.791588934470026,
    2.5404272389781157,
    2.591050287553824,
    2.6108242452504404,
    2.7470486071135167,
    2.5195774640052573,
    2.592736550266693
  ],
  "beta_std": [
    1.0225938558578491,
    0.5731170177459717,
    0.8207263350486755,
    0.6871744990348816,
    0.6436524987220764,
    0.5525274872779846,
    0.6683414578437805,
    0.7325151562690735,
    0.7207604646682739,
    0.8297383785247803,
    0.7199481129646301,
    0.6308690905570984,
    0.956281840801239,
    0.9273319840431213,
    0.7650421261787415,
    0.7336235046386719,
    0.7025243639945984,
    0.879848301410675,
    0.7364273071289062,
    0.8240383863449097,
    0.8821675777435303,
    0.737246036529541,
    0.8549772500991821,
    0.7181612253189087,
    0.7562227249145508,
    0.700667679309845,
    0.8107730150222778,
    0.6655696034431458,
    0.7339372634887695,
    0.6280367374420166,
    0.8057873249053955,
    0.8334762454032898,
    0.9223592877388,
    0.730618417263031,
    0.6635817885398865,
    0.8258437514305115
  ],
  "beta_mean": [
    -0.016615910455584526,
    -0.013505947776138783,
    -0.2870865762233734,
    -0.43953442573547363,
    -0.15828430652618408,
    -0.2631804645061493,
    -0.23819772899150848,
    -0.20368316769599915,
    -0.11361347883939743,
    -0.3284144997596741,
    -0.1773817539215088,
    -0.16148829460144043,
    -0.03676589950919151,
    -0.14981436729431152,
    -0.16226501762866974,
    -0.23275603353977203,
    -0.3963824212551117,
    -0.10309877246618271,
    -0.08568118512630463,
    -0.07593219727277756,
    -0.07439152896404266,
    -0.3183518648147583,
    -0.110687255859375,
    -0.23346374928951263,
    -0.10633741319179535,
    -0.06626591831445694,
    -0.17337077856063843,
    0.016782741993665695,
    -0.21407034993171692,
    -0.1715608835220337,
    -0.24414396286010742,
    -0.19586755335330963,
    -0.014548759907484055,
    -0.08314283192157745,
    -0.3237966299057007,
    -0.11959834396839142
  ]
}