{
  "train_loss": [
    2.5375197647607814,
    2.0018226464031734,
    1.9186197408040364,
    1.8284170861272087,
    1.7750752883487277,
    1.7453571554652432,
    1.6919750334923727,
    1.6595553528913978,
    1.591987153103477,
    1.5831729779327124,
    1.544704548936141,
    1.54706550006978,
    1.5428919522525275,
    1.523947172025491,
    1.540212232885305,
    1.4917458226666813,
    1.470829015782005,
    1.4803343294656766,
    1.4582974148354335,
    1.4443537795195105,
    1.4611778740715562,
    1.45441568140398,
    1.4305354085721467,
    1.4215548719718443,
    1.3893937125958895,
    1.4366252509334632,
    1.4006422855421814,
    1.4038924240089996,
    1.4358039598855359,
    1.4231663406662076,
    1.4226450286274068
  ],
  "val_loss": [
    1.8481169939041138,
    1.7571852207183838,
    1.776674509048462,
    1.7923202514648438,
    1.6310982704162598,
    1.6592391729354858,
    1.731100082397461,
    1.4795560836791992,
    1.5120011568069458,
    1.480852723121643,
    1.449913501739502,
    1.510714054107666,
    1.568284034729004,
    1.4444925785064697,
    1.4090098142623901,
    1.4574127197265625,
    1.4705828428268433,
    1.547221064567566,
    1.4286251068115234,
    1.3977335691452026,
    1.3789458274841309,
    1.499621033668518,
    1.4690080881118774,
    1.388778805732727,
    1.4539930820465088,
    1.4365354776382446,
    1.4289556741714478,
    1.3780367374420166,
    1.5125558376312256,
    1.4918838739395142,
    1.3827208280563354
  ],
  "best_epoch": 20,
  "status": "ok",
  "grad_norm": [
    3.050918811700446,
    2.564168269454392,
    2.722483240755289,
    2.5542606381517587,
    2.546673805011523,
    2.6279188564514766,
    2.471213859919131,
    2.5944823170129063,
    2.5552020772315993,
    2.4776418137087184,
    2.5361503442374937,
    2.5288659819584622,
    2.6439146969999308,
    2.5240031457752456,
    2.7500143797311996,
    2.6383307456484104,
    2.6393102637580976,
    2.5173736955444337,
    2.5783451421944674,
    2.548904885862543,
    2.5906560956010583,
    2.674541897323555,
    2.5050174594733456,
    2.5777940226030016,
    2.6623204250656927,
    2.8616269259205054,
    2.5774220135546773,
    2.5096929882627856,
    2.611725998292324,
    2.6759896486988772,
    2.6541504608180806
  ],
  "beta_std": [
    0.7652928829193115,
    0.7025147080421448,
    0.7497975826263428,
    0.7657808065414429,
    0.5176585912704468,
    0.9574048519134521,
    0.8115441799163818,
    0.7304609417915344,
    0.890871524810791,
    0.9248708486557007,
    0.7630172967910767,
    0.8366029262542725,
    0.7585103511810303,
    0.9202491641044617,
    0.7670712471008301,
    0.7017040252685547,
    0.7284619212150574,
    0.7578958868980408,
    0.9039558172225952,
    0.6682489514350891,
    0.8047688007354736,
    0.8331652879714966,
    0.8197738528251648,
    0.7981269955635071,
    0.8625435829162598,
    0.824232280254364,
    0.7578034996986389,
    0.702632486820221,
    0.7904469966888428,
    0.8828405141830444,
    0.9173211455345154
  ],
  "beta_mean": [
    -0.13311466574668884,
    -0.26354968547821045,
    -0.3264392018318176,
    -0.23452378809452057,
    -0.21973806619644165,
    -0.24279850721359253,
    -0.12813445925712585,
    -0.1347208470106125,
    0.011033672839403152,
    -0.18695476651191711,
    -0.085112065076828,
    -0.27872371673583984,
    -0.18287393450737,
    -0.1003379225730896,
    -0.15468795597553253,
    -0.3046523332595825,
    -0.21887414157390594,
    -0.35384589433670044,
    -0.2627827823162079,
    -0.24139034748077393,
    -0.2312946915626526,
    -0.06107519939541817,
    -0.31568998098373413,
    -0.19390326738357544,
    -0.2448773980140686,
    -0.19175662100315094,
    -0.2029498964548111,
    -0.1865350306034088,
    -0.032220110297203064,
    -0.1671341359615326,
    -0.20218023657798767
  ]
}