{
  "train_loss": [
    2.45046916686164,
    1.884231613583035,
    1.8428869365056355,
    1.7809281674491035,
    1.7577706877390544,
    1.7373799184163412,
    1.6878687436845567,
    1.6870800221761069,
    1.6883224648369684,
    1.6534767473008898,
    1.6343701700634428,
    1.6308504643970065,
    1.6128496458265515,
    1.59200364112854,
    1.5692484883202447,
    1.5806910931269327,
    1.5564779583613078,
    1.5341994813283284,
    1.5319837222629122,
    1.466231427192688,
    1.4683998402489555,
    1.4544927985933092,
    1.4418337389628093,
    1.425484628147549,
    1.4567789722018771,
    1.3850186347961426,
    1.4384586611853705,
    1.3965701546139186,
    1.4009828249613443,
    1.3785161185794406,
    1.3865910845862495,
    1.3590237341986762,
    1.3713887820773654,
    1.3633720844056871,
    1.3763426087697348,
    1.3506009004380968,
    1.3431470833884345,
    1.3471651679144965,
    1.3496971201366847,
    1.3416526200506422,
    1.3181482942899068
  ],
  "val_loss": [
    1.7447237968444824,
    1.7424848079681396,
    1.74711275100708,
    1.7026257514953613,
    1.5831042528152466,
    1.6286247968673706,
    1.66586172580719,
    1.6667289733886719,
    1.5964891910552979,
    1.5558067560195923,
    1.6207929849624634,
    1.4404138326644897,
    1.6347932815551758,
    1.456314206123352,
    1.4548369646072388,
    1.469425082206726,
    1.4782639741897583,
    1.4873212575912476,
    1.3728129863739014,
    1.3903149366378784,
    1.392929196357727,
    1.3825294971466064,
    1.3303020000457764,
    1.4462155103683472,
    1.3249441385269165,
    1.3273643255233765,
    1.3443471193313599,
    1.4076136350631714,
    1.32952880859375,
    1.434692144393921,
    1.3080928325653076,
    1.3148897886276245,
    1.3148231506347656,
    1.3959040641784668,
    1.4294214248657227,
    1.3302724361419678,
    1.3260040283203125,
    1.4734084606170654,
    1.3456308841705322,
    1.3524043560028076,
    1.3414133787155151
  ],
  "best_epoch": 30,
  "status": "ok",
  "grad_norm": [
    2.7861153624493475,
    2.6172855840092395,
    2.876460037358633,
    2.5995059030311642,
    2.7956469053056283,
    2.7636533378298713,
    2.668182823450466,
    2.676356841116056,
    2.7022746632009103,
    2.586408654845818,
    2.569233677761684,
    2.6131492124754625,
    2.4831565588235742,
    2.692375852098273,
    2.5206162649766393,
    2.604003053313901,
    2.5606026635533987,
    2.5739107724347643,
    2.50443274941943,
    2.51611668455604,
    2.5497066523896503,
    2.5411982706664866,
    2.542148028614192,
    2.6399716936213076,
    2.756753071752079,
    2.5622956440239784,
    2.6432035901422584,
    2.557962591407986,
    2.608873570580506,
    2.56989436676241,
    2.6037658935296735,
    2.5806622330786717,
    2.7189275783963134,
    2.506976645607784,
    2.6900548085314995,
    2.6712733144996985,
    2.5123174818752165,
    2.6525942667866693,
    2.804496410933529,
    2.550706594622966,
    2.622324993549221
  ],
  "beta_std": [
    0.7155061364173889,
    0.7686828970909119,
    0.970177412033081,
    0.705353856086731,
    0.7339180111885071,
    0.8039532899856567,
    0.666959822177887,
    0.9904778003692627,
    0.7253454327583313,
    0.750046968460083,
    0.7290862798690796,
    0.7396591901779175,
    0.9247410893440247,
    0.7681877613067627,
    0.7975907325744629,
    0.8064878582954407,
    0.7198092937469482,
    0.8079450130462646,
    0.8441733717918396,
    0.716286838054657,
    0.6862491369247437,
    0.6930832266807556,
    0.787620484828949,
    0.6506534814834595,
    0.8488019108772278,
    0.7943089604377747,
    0.5656048059463501,
    0.6686343550682068,
    0.8722163438796997,
    0.7796856164932251,
    0.7949954867362976,
    0.7747650742530823,
    0.7893086075782776,
    0.7040748596191406,
    0.6932013034820557,
    0.764079749584198,
    0.7670604586601257,
    0.7821760177612305,
    0.7757857441902161,
    0.7946999669075012,
    0.8809653520584106
  ],
  "beta_mean": [
    -0.07789874821901321,
    -0.09961899369955063,
    -0.38940343260765076,
    -0.2105574905872345,
    -0.24813376367092133,
    -0.2507554292678833,
    -0.016091272234916687,
    -0.0030472336802631617,
    -0.02554875984787941,
    -0.15303730964660645,
    -0.2702612578868866,
    -0.17652668058872223,
    -0.4559975266456604,
    0.030267050489783287,
    -0.13616038858890533,
    -0.26004791259765625,
    -0.22050726413726807,
    -0.17735974490642548,
    -0.15052653849124908,
    -0.2552952766418457,
    0.02044839970767498,
    -0.26031890511512756,
    -0.2190011590719223,
    -0.1925220638513565,
    -0.13118799030780792,
    -0.25716325640678406,
    -0.396942675113678,
    -0.14777536690235138,
    0.12486004829406738,
    -0.34060582518577576,
    -0.0524773970246315,
    -0.25724613666534424,
    -0.2049352079629898,
    -0.21916845440864563,
    -0.22814542055130005,
    -0.13256140053272247,
    -0.16446775197982788,
    -0.12712673842906952,
    -0.061364054679870605,
    -0.19516399502754211,
    -0.18555641174316406
  ]
}