{
  "train_loss": [
    2.4437691615422565,
    1.9832603049808077,
    1.8780344325171576,
    1.8635432362026638,
    1.7914882159762913,
    1.7543239398532444,
    1.688977848264906,
    1.6502676805920071,
    1.656671198103163,
    1.5906689142651027,
    1.5997181300057306,
    1.542592768351237,
    1.5249644328223335,
    1.5552875236935086,
    1.5103012437820436,
    1.4812606928083631,
    1.4885982898076375,
    1.4614243557188247,
    1.4514192272822062,
    1.4546235331429376,
    1.4058525898191665,
    1.4532272459665934,
    1.4387133816613091,
    1.4336964671876695,
    1.4144182455274794,
    1.4401388120651246,
    1.400022009425693,
    1.3814691745969985
  ],
  "val_loss": [
    1.99100923538208,
    1.852789044380188,
    1.8235931396484375,
    1.7921833992004395,
    1.887918472290039,
    1.6999516487121582,
    1.7076653242111206,
    1.6792351007461548,
    1.630200982093811,
    1.6391761302947998,
    1.6183818578720093,
    1.5198979377746582,
    1.5735548734664917,
    1.5839369297027588,
    1.5408525466918945,
    1.565247893333435,
    1.46126389503479,
    1.4483649730682373,
    1.4734374284744263,
    1.5534400939941406,
    1.5407719612121582,
    1.5655255317687988,
    1.5126270055770874,
    1.4786207675933838,
    1.451335072517395,
    1.4830397367477417,
    1.5600097179412842,
    1.4541584253311157
  ],
  "best_epoch": 17,
  "status": "ok",
  "grad_norm": [
    2.9972462556138386,
    2.8424350148988013,
    2.513212161066794,
    2.7279162489212756,
    2.6356438037876577,
    2.6849754756685646,
    2.5241928769559183,
    2.670836030993792,
    2.5497620169384447,
    2.5525177538893704,
    2.585423305376863,
    2.573763527590603,
    2.5115060772573594,
    2.663269445829853,
    2.567769029959869,
    2.483831262601136,
    2.59321573050892,
    2.644598035877242,
    2.580959369958388,
    2.7085390485535408,
    2.522433134417763,
    2.7771527830415788,
    2.7544836519739637,
    2.635352518814518,
    2.5840652956353245,
    2.782935848060614,
    2.622271327304014,
    2.6251446042768003
  ],
  "beta_std": [
    1.0443497896194458,
    0.9081425666809082,
    0.8089101314544678,
    0.935190737247467,
    0.6759604215621948,
    0.8391580581665039,
    0.7071102857589722,
    0.6375179886817932,
    0.7438111305236816,
    0.8243324160575867,
    0.7890374660491943,
    0.8517258167266846,
    0.6698106527328491,
    0.8328902125358582,
    0.8266636729240417,
    0.7383392453193665,
    0.7201817035675049,
    0.8161265254020691,
    0.7483798265457153,
    0.824687123298645,
    0.6604716777801514,
    0.8322917819023132,
    0.8704221248626709,
    0.667893648147583,
    0.6613537669181824,
    0.8031778335571289,
    0.7228748798370361,
    0.8871045708656311
  ],
  "beta_mean": [
    -0.27969273924827576,
    -0.09513096511363983,
    -0.3814343512058258,
    -0.2400774508714676,
    -0.1621936708688736,
    -0.18910889327526093,
    -0.2886234521865845,
    -0.07855837047100067,
    -0.25251689553260803,
    -0.1875658929347992,
    -0.3276403844356537,
    -0.03773476928472519,
    -0.13355807960033417,
    -0.07383696734905243,
    -0.2181014120578766,
    -0.4161846935749054,
    -0.14076192677021027,
    -0.1335495561361313,
    -0.2732737362384796,
    -0.32575786113739014,
    -0.1627686619758606,
    -0.11309193074703217,
    -0.2731474041938782,
    -0.17070336639881134,
    -0.07777339220046997,
    -0.16070757806301117,
    -0.1953434944152832,
    -0.13389506936073303
  ]
}