{
  "train_loss": [
    2.4668945806291367,
    1.9497079399956596,
    1.8866132577260335,
    1.826354528427124,
    1.7526548670662774,
    1.7528726336161295,
    1.6911252227359348,
    1.6654838670094807,
    1.6483006913926865,
    1.6156844666798909,
    1.577324687745836,
    1.5743370354970296,
    1.553718002213372,
    1.562649541431003,
    1.5170933586756388,
    1.4871589620378283,
    1.4831012185414632,
    1.449303744951884,
    1.4340375538931953,
    1.442086363368564,
    1.4102531204223632,
    1.413353525797526,
    1.4334034733242458,
    1.3953290310965645,
    1.3734184409247505,
    1.3899741920895046,
    1.386237011803521,
    1.358308770391676,
    1.3428976142671374,
    1.3718399301634894,
    1.3543904180526734,
    1.34090663517846,
    1.365056799888611,
    1.330828767882453,
    1.3620782782236736,
    1.3673418848249648
  ],
  "val_loss": [
    1.9281225204467773,
    1.877683401107788,
    1.9341404438018799,
    2.0294876098632812,
    1.7377749681472778,
    1.8130403757095337,
    1.7104885578155518,
    1.7000577449798584,
    1.8108590841293335,
    1.6936118602752686,
    1.7956510782241821,
    1.5850911140441895,
    1.4772629737854004,
    1.5008922815322876,
    1.5341520309448242,
    1.4673569202423096,
    1.508195400238037,
    1.5919897556304932,
    1.4595296382904053,
    1.5359206199645996,
    1.5529989004135132,
    1.6108139753341675,
    1.567765474319458,
    1.48287832736969,
    1.5126252174377441,
    1.4249272346496582,
    1.6067605018615723,
    1.470668077468872,
    1.4952797889709473,
    1.5304980278015137,
    1.5070314407348633,
    1.6199736595153809,
    1.5487319231033325,
    1.4939249753952026,
    1.607015609741211,
    1.5024287700653076
  ],
  "best_epoch": 25,
  "status": "ok",
  "grad_norm": [
    3.037406724994861,
    2.643780539716731,
    2.5896972061110253,
    2.8126720924055615,
    2.744981445166448,
    2.6980993724361637,
    2.6154350584668906,
    2.6416270388427097,
    2.671145179472603,
    2.6152614310973554,
    2.595348429759658,
    2.568041985028664,
    2.694239990350999,
    2.6923308144481424,
    2.601969225863109,
    2.54600667268054,
    2.8086222875823417,
    2.46144890075374,
    2.524624395865987,
    2.5991058511353606,
    2.4632142822006653,
    2.4895451682688337,
    2.546123293122363,
    2.5937968453686797,
    2.5736163256683797,
    2.6192415964602613,
    2.548068189916022,
    2.353520446513807,
    2.5019145140440693,
    2.6896008836521985,
    2.5543925653162645,
    2.5744749404141225,
    2.79730357120887,
    2.658412152245172,
    2.6802874803485985,
    2.6354279021614393
  ],
  "beta_std": [
    0.8717309236526489,
    0.7227033376693726,
    0.6886560320854187,
    0.5487889051437378,
    0.7140361070632935,
    0.9118946194648743,
    0.8000636696815491,
    0.8061633706092834,
    0.8089154362678528,
    0.8743094801902771,
    0.8234231472015381,
    0.732694685459137,
    0.9107819199562073,
    0.7205595374107361,
    0.7561452984809875,
    0.7450818419456482,
    0.5820708870887756,
    0.726515531539917,
    0.8923419713973999,
    0.782150149345398,
    0.7331994771957397,
    0.9317975044250488,
    0.6775197386741638,
    0.7905070781707764,
    0.6579729914665222,
    0.8049514293670654,
    0.7191238403320312,
    0.7646197080612183,
    0.6891886591911316,
    0.7777059674263,
    0.7688412666320801,
    0.7582944631576538,
    0.7865104675292969,
    0.7724853754043579,
    0.8493847846984863,
    0.6766387224197388
  ],
  "beta_mean": [
    -0.24609434604644775,
    -0.3090163767337799,
    -0.14648739993572235,
    -0.13672469556331635,
    -0.03813490271568298,
    0.01098688691854477,
    -0.23630736768245697,
    -0.2821541726589203,
    -0.3212299942970276,
    -0.1679811328649521,
    -0.3275010287761688,
    -0.18768523633480072,
    -0.02377147600054741,
    -0.06514041125774384,
    -0.16760888695716858,
    -0.03152741864323616,
    -0.1824430227279663,
    -0.25762030482292175,
    -0.055396873503923416,
    -0.01576812006533146,
    -0.16041721403598785,
    0.05350232496857643,
    -0.1452588140964508,
    -0.14162088930606842,
    -0.07054314762353897,
    -0.25791308283805847,
    -0.06508006155490875,
    -0.11234523355960846,
    -0.26261940598487854,
    -0.10425421595573425,
    -0.2654253840446472,
    -0.16922388970851898,
    -0.04605170711874962,
    -0.12993407249450684,
    -0.04550769552588463,
    -0.06303770840167999
  ]
}