{
  "train_loss": [
    0.8642589407983551,
    0.6801940631163634,
    0.6361162025912278,
    0.6257731253598012,
    0.5928808848063151,
    0.5838279984975888,
    0.5835069763957779,
    0.5463871988309484,
    0.5536313252924792,
    0.5229780403664863,
    0.5531795925023605,
    0.5345839501238193,
    0.5130289075325947,
    0.49998782563304145,
    0.4963643694140203,
    0.51122681975635,
    0.4946688127085195,
    0.48807820860220463
  ],
  "val_loss": [
    0.8268796801567078,
    0.7745862603187561,
    0.7869341969490051,
    0.7770073413848877,
    0.7747262716293335,
    0.7676973938941956,
    0.7679113149642944,
    0.7497177720069885,
    0.7664230465888977,
    0.838535726070404,
    0.8337857127189636,
    0.8201257586479187,
    0.8328632712364197,
    0.8278506398200989,
    0.8155987858772278,
    0.9255546927452087,
    0.8596962094306946,
    0.8968881964683533
  ],
  "best_epoch": 7,
  "status": "overfit",
  "grad_norm": [
    1.0125834167267518,
    0.7620148683046267,
    0.6529960512549758,
    0.8354270860756943,
    0.7362900669176725,
    0.7286247073175397,
    0.7658203837736396,
    0.7163914423648533,
    0.8282761056551818,
    0.756057968293535,
    1.0819450743808665,
    0.7322690474692585,
    0.7855616950927164,
    0.8531707579750762,
    0.8470248645123382,
    0.9536206114532825,
    0.8848009710427419,
    0.731505096040256
  ],
  "beta_std": [
    0.2524466812610626,
    0.3235321640968323,
    0.34599462151527405,
    0.3629941940307617,
    0.2372780442237854,
    0.3101867437362671,
    0.3009413480758667,
    0.3491887152194977,
    0.37148037552833557,
    0.39286547899246216,
    0.3674827814102173,
    0.39321112632751465,
    0.3949384391307831,
    0.4389384388923645,
    0.3759845197200775,
    0.4104941785335541,
    0.3908323049545288,
    0.45152899622917175
  ],
  "beta_mean": [
    -0.12864315509796143,
    -0.12041320651769638,
    -0.22787360846996307,
    -0.24161066114902496,
    -0.10174157470464706,
    -0.23148192465305328,
    -0.1479596644639969,
    -0.12136876583099365,
    -0.2317526638507843,
    -0.25849172472953796,
    -0.10401515662670135,
    -0.1820267289876938,
    -0.24669884145259857,
    -0.14131613075733185,
    -0.1151147410273552,
    -0.3593171238899231,
    -0.21449637413024902,
    -0.23128879070281982
  ]
}