{
  "train_loss": [
    0.8870711955083471,
    0.775316079322443,
    0.7297740162365021,
    0.708518261947329,
    0.707060034583215,
    0.671990653284553,
    0.6398240873873099,
    0.6398568949461524,
    0.6368208958718782,
    0.6225693831368099,
    0.602134373216402,
    0.5882220584519056,
    0.5999076642484622,
    0.5773975101728288,
    0.5948485906432275,
    0.5803437512072306,
    0.5847256187679005,
    0.5834058565077057,
    0.5480428101524474,
    0.5413048855301474,
    0.5231709476230907,
    0.5197523848540118,
    0.5161760480495807,
    0.5020338517873466,
    0.5304232964169682,
    0.5329992838727644,
    0.5173485252051667,
    0.5157260065581523,
    0.5070949519842931,
    0.49591097310016485
  ],
  "val_loss": [
    0.8031904101371765,
    0.6895083785057068,
    0.7366765737533569,
    0.6921894550323486,
    0.6772608757019043,
    0.6546492576599121,
    0.6618807911872864,
    0.6227404475212097,
    0.6214451193809509,
    0.6167721748352051,
    0.5851354002952576,
    0.590104877948761,
    0.6669548153877258,
    0.6150383949279785,
    0.6032229661941528,
    0.5820475816726685,
    0.6221194863319397,
    0.6782706379890442,
    0.632274329662323,
    0.5737338066101074,
    0.5921547412872314,
    0.6260003447532654,
    0.626396119594574,
    0.6506096720695496,
    0.647545576095581,
    0.6265161633491516,
    0.6621938347816467,
    0.644950270652771,
    0.6257386207580566,
    0.6092372536659241
  ],
  "best_epoch": 19,
  "status": "ok",
  "grad_norm": [
    0.9832072743313395,
    0.6443746126831217,
    0.7247926652619426,
    0.6187718988591119,
    0.715727465754805,
    0.639345881652717,
    0.5835144748693993,
    0.6158569418699757,
    0.6843024787486625,
    0.707266452767137,
    0.6717689874286358,
    0.5798583137650614,
    0.6612644564299438,
    0.6856294834028228,
    0.7099439703631802,
    0.7047865908023986,
    0.7170835119000899,
    0.7830738104923826,
    0.6981211700636213,
    0.6623743710005777,
    0.6805788665705028,
    0.6785987121795608,
    0.6472270137440773,
    0.6812151065322339,
    0.8467602284753453,
    0.8300898433466315,
    0.7845803550225725,
    0.7099127116657105,
    0.7959955929029326,
    0.7661211242515075
  ],
  "beta_std": [
    0.2158796489238739,
    0.3378095030784607,
    0.316246896982193,
    0.3923175632953644,
    0.37306341528892517,
    0.3668000400066376,
    0.3194739818572998,
    0.3196561634540558,
    0.3403604030609131,
    0.29932236671447754,
    0.39232754707336426,
    0.29615098237991333,
    0.34070679545402527,
    0.2645270824432373,
    0.3413681983947754,
    0.3394136428833008,
    0.31476446986198425,
    0.4092179536819458,
    0.4289049208164215,
    0.36931610107421875,
    0.4123728275299072,
    0.40183547139167786,
    0.4073457419872284,
    0.4134747385978699,
    0.40885552763938904,
    0.4054403007030487,
    0.42967623472213745,
    0.44484445452690125,
    0.43483924865722656,
    0.42128074169158936
  ],
  "beta_mean": [
    0.13518640398979187,
    -0.06582468748092651,
    -0.1166563406586647,
    -0.13390028476715088,
    -0.07679130882024765,
    -0.09729862213134766,
    -0.17031776905059814,
    -0.07109047472476959,
    -0.12453337758779526,
    -0.13471822440624237,
    -0.1616956740617752,
    -0.10573969036340714,
    -0.15896879136562347,
    -0.06393939256668091,
    -0.2160867601633072,
    -0.06491019576787949,
    -0.2296116054058075,
    -0.10685662180185318,
    -0.10523249208927155,
    -0.11547381430864334,
    -0.11461300402879715,
    -0.17526748776435852,
    -0.12147083878517151,
    -0.13872501254081726,
    -0.252559095621109,
    -0.04659048467874527,
    -0.14648045599460602,
    -0.11705546826124191,
    -0.16343051195144653,
    0.013394971378147602
  ]
}