{
  "train_loss": [
    0.8656677598315302,
    0.7867028809188444,
    0.7016920458162182,
    0.6832965625927292,
    0.6643139436807222,
    0.6338197721375359,
    0.6173916894967865,
    0.6131640469946829,
    0.6065582180239446,
    0.5960889234294157,
    0.6063470722866707,
    0.6007205570906469,
    0.5762155885869413,
    0.5754192101171498,
    0.5562602213315683,
    0.567744682029802,
    0.543773982800594,
    0.5329628517838563,
    0.5256895077606988,
    0.5223885780018743
  ],
  "val_loss": [
    0.7180453538894653,
    0.6153759360313416,
    0.622287392616272,
    0.5772272944450378,
    0.5609044432640076,
    0.553135335445404,
    0.5663002729415894,
    0.5755936503410339,
    0.5767431259155273,
    0.5440458059310913,
    0.6029418706893921,
    0.6216956377029419,
    0.6001260876655579,
    0.5854220390319824,
    0.6586339473724365,
    0.6448919177055359,
    0.5951402187347412,
    0.640928328037262,
    0.6104394793510437,
    0.6658060550689697
  ],
  "best_epoch": 9,
  "status": "ok",
  "grad_norm": [
    0.9287529401241336,
    0.7860012832644251,
    0.6566961852140488,
    0.6113029271642719,
    0.7126821799190571,
    0.7510035218876021,
    0.6793885728825196,
    0.6938730930991516,
    0.7296579611420174,
    0.7364929114906994,
    0.7675330443247391,
    0.7365307372937991,
    0.7881191146601082,
    0.7490134664782506,
    0.7829245445517731,
    0.6999808961232937,
    0.671936125501919,
    0.7181079883298229,
    0.7109009928700898,
    0.6852007504312395
  ],
  "beta_std": [
    0.21445319056510925,
    0.3716396391391754,
    0.31493547558784485,
    0.3654133379459381,
    0.30180948972702026,
    0.3211868107318878,
    0.3215407133102417,
    0.3700951039791107,
    0.3565653860569,
    0.3260791003704071,
    0.3055330514907837,
    0.3272201418876648,
    0.3470591604709625,
    0.3698798716068268,
    0.30371421575546265,
    0.3330827057361603,
    0.36838632822036743,
    0.4344342350959778,
    0.430385559797287,
    0.3870050013065338
  ],
  "beta_mean": [
    0.1873106211423874,
    -0.0813753604888916,
    -0.03616392984986305,
    -0.14516375958919525,
    -0.015613914467394352,
    -0.20728780329227448,
    -0.15537965297698975,
    -0.15516142547130585,
    -0.04445479437708855,
    -0.12234697490930557,
    -0.14096365869045258,
    -0.16381452977657318,
    -0.19299378991127014,
    -0.20771574974060059,
    0.007350511848926544,
    -0.10848963260650635,
    -0.14531540870666504,
    -0.19219449162483215,
    -0.18878579139709473,
    -0.11774320900440216
  ]
}