{
  "train_loss": [
    0.6407911780439777,
    0.6229507333260995,
    0.613941672289813,
    0.6153226574261983,
    0.6117501740396759,
    0.6055810295505288,
    0.6080419276673117,
    0.6105612786316578,
    0.6036567003638657,
    0.6012268851127154,
    0.6024100256554874,
    0.6022850529352823,
    0.6011530711915758,
    0.6013578681886932,
    0.5991457238609408,
    0.5996884944998188,
    0.6002016181710326,
    0.5975692983615546,
    0.596770217742449,
    0.599125667501379
  ],
  "val_loss": [
    0.6110036373138428,
    0.621807336807251,
    0.608458936214447,
    0.6048189401626587,
    0.6060795187950134,
    0.6072454452514648,
    0.6134389042854309,
    0.6119886636734009,
    0.6063328981399536,
    0.6001714468002319,
    0.6084886193275452,
    0.6155441403388977,
    0.6058751344680786,
    0.6032922863960266,
    0.6056910753250122,
    0.6145816445350647,
    0.6050249338150024,
    0.600500762462616,
    0.6091748476028442,
    0.6078932881355286
  ],
  "best_epoch": 9,
  "status": "underfit",
  "grad_norm": [
    0.23489059757645353,
    0.23625044702297007,
    0.229181587872109,
    0.23803390646961037,
    0.2305202315156552,
    0.23043509517676974,
    0.23343463855937702,
    0.24084657474841104,
    0.23260429036975258,
    0.23221288858211492,
    0.2315336624901006,
    0.23694019344509434,
    0.23904757824279999,
    0.23507963106522725,
    0.2364493422943622,
    0.24101189464071032,
    0.23343850294462498,
    0.24396578065852537,
    0.24655041913227874,
    0.24532797513746438
  ],
  "beta_std": [
    0.4458799362182617,
    0.31211310625076294,
    0.31406983733177185,
    0.3903982639312744,
    0.28685522079467773,
    0.4460636377334595,
    0.3397443890571594,
    0.1704503744840622,
    0.4695088565349579,
    0.36324238777160645,
    0.34097182750701904,
    0.2581537961959839,
    0.2704938054084778,
    0.4291018843650818,
    0.35816168785095215,
    0.3776378035545349,
    0.3482830822467804,
    0.42536088824272156,
    0.3172627389431,
    0.34667953848838806
  ],
  "beta_mean": [
    0.13902735710144043,
    0.0683988705277443,
    0.026249192655086517,
    0.010688788257539272,
    -0.002867089118808508,
    -0.02608095295727253,
    -0.056117139756679535,
    -0.018888752907514572,
    0.009262563660740852,
    0.039688415825366974,
    -0.2162097692489624,
    -0.09074268490076065,
    -0.12219022959470749,
    0.1254892349243164,
    -0.06256098300218582,
    -0.028099507093429565,
    -0.04607362672686577,
    -0.11188675463199615,
    -0.08912482857704163,
    -0.02818208560347557
  ]
}