{
  "train_loss": [
    0.636511847384182,
    0.6200832282172309,
    0.618602627147863,
    0.6177253189204651,
    0.6136612027957116,
    0.6106119785779788,
    0.6109135802586874,
    0.6081090638372633,
    0.607524278840901,
    0.6093233172687483,
    0.6061750286891137,
    0.6065550136860506,
    0.6033401327662998,
    0.6002412770706931,
    0.603632797723935
  ],
  "val_loss": [
    0.6266867518424988,
    0.6247521042823792,
    0.6146233677864075,
    0.6155756711959839,
    0.6104949116706848,
    0.6204172372817993,
    0.6153425574302673,
    0.611007034778595,
    0.6187684535980225,
    0.6136720180511475,
    0.6151064038276672,
    0.6147348284721375,
    0.6180137395858765,
    0.6308919191360474,
    0.6146690249443054
  ],
  "best_epoch": 4,
  "status": "underfit",
  "grad_norm": [
    0.24155067591740934,
    0.2408711748704789,
    0.23802120931085818,
    0.2348496783093791,
    0.2414449538846615,
    0.2283423712461819,
    0.2236009309181922,
    0.23101312287406672,
    0.2324003844742457,
    0.23261090718543476,
    0.2298420584730379,
    0.22730778912431412,
    0.22813234204228625,
    0.22765349280633956,
    0.24031242993024232
  ],
  "beta_std": [
    0.23693454265594482,
    0.4393370449542999,
    0.5085111260414124,
    0.3510946035385132,
    0.46715211868286133,
    0.368781179189682,
    0.4493221044540405,
    0.5047990083694458,
    0.2801428735256195,
    0.5078272819519043,
    0.4727742373943329,
    0.5919905304908752,
    0.5226622223854065,
    0.5025637149810791,
    0.4261547327041626
  ],
  "beta_mean": [
    -0.04588446021080017,
    -0.2738206386566162,
    -0.08325374871492386,
    0.1991889774799347,
    0.02664046175777912,
    0.08053842186927795,
    -0.1640946865081787,
    -0.1128181591629982,
    0.09347172826528549,
    -0.06984420865774155,
    -0.05083894357085228,
    0.013328553177416325,
    -0.16667911410331726,
    -0.06661926954984665,
    -0.03086671605706215
  ]
}