{
  "train_loss": [
    4.245771926467182,
    2.968131983768173,
    2.3976970558278046,
    2.1901322356441564,
    2.012233565146463,
    2.0041797905637506,
    1.9972096468272962,
    2.0121498349117255,
    1.8345522487372683,
    1.823085458097402,
    1.7526769603205006,
    1.583558922622636,
    1.7996441611072473,
    1.7119182238104749,
    1.5717660521903234,
    1.50142936385863,
    1.3731586824383653,
    1.3680536876645004,
    1.4170629428841217,
    1.3118351049590529,
    1.2639139140558522,
    1.2692525205556413
  ],
  "val_loss": [
    3.8718149662017822,
    2.938966751098633,
    2.377358913421631,
    2.335195541381836,
    2.546766757965088,
    2.443652868270874,
    2.314668893814087,
    2.108780860900879,
    2.099302291870117,
    2.1634888648986816,
    2.1416268348693848,
    2.037902355194092,
    2.0464396476745605,
    2.207714557647705,
    2.2892894744873047,
    2.353062152862549,
    2.3019156455993652,
    2.067565441131592,
    2.374967098236084,
    2.292243242263794,
    2.377758741378784,
    2.2633535861968994
  ],
  "best_epoch": 11,
  "status": "ok",
  "grad_norm": [
    3.959468438956997,
    3.688682456386038,
    3.9203138108040982,
    3.778821773985228,
    3.6420500166271332,
    3.853620051072719,
    3.844413168864208,
    3.718134969407156,
    3.6153990601694823,
    3.5783845463468884,
    3.4238735666740374,
    3.1563022815977897,
    4.051965173157715,
    3.5934201612637833,
    3.5802449369818357,
    3.085818252848959,
    3.027062186580694,
    2.86429355076724,
    3.3784746338365013,
    3.2499245999172044,
    2.935597593178492,
    3.006122819526411
  ],
  "beta_std": [
    0.8128591179847717,
    1.131211519241333,
    0.8260836005210876,
    0.775458812713623,
    0.7650282382965088,
    0.7817609906196594,
    0.657176673412323,
    0.6193180680274963,
    0.8108514547348022,
    0.7830666899681091,
    0.6197563409805298,
    0.7712085247039795,
    0.8550617098808289,
    0.5869408249855042,
    0.9272881746292114,
    0.7450605630874634,
    0.8552981615066528,
    0.9081663489341736,
    0.6779438257217407,
    0.7397178411483765,
    1.0060356855392456,
    0.875632643699646
  ],
  "beta_mean": [
    -0.13639630377292633,
    0.21433645486831665,
    -0.10433905571699142,
    -0.16079841554164886,
    0.03819189965724945,
    -0.03188658133149147,
    -0.27850812673568726,
    0.07863663882017136,
    -0.05677267536520958,
    0.0017914194613695145,
    -0.09711601585149765,
    -0.2431136816740036,
    -0.19784864783287048,
    -0.07892632484436035,
    -0.11625335365533829,
    -0.035690680146217346,
    -0.2853796184062958,
    -0.15783216059207916,
    -0.10655408352613449,
    -0.12380014359951019,
    -0.3804323673248291,
    -0.018481925129890442
  ]
}