{
  "train_loss": [
    4.292679216708356,
    2.8826278600079274,
    2.480524604083502,
    2.09455012689557,
    1.9697784101753903,
    1.8397393287971007,
    1.8548718816355656,
    1.736640545080977,
    1.683760368614866,
    1.5524227730712,
    1.5414717543194865,
    1.456077878377591,
    1.4233345603385166,
    1.3963925223601492,
    1.3258338947742305,
    1.424906921665571,
    1.316375187684221,
    1.3584075021464923,
    1.3445229399971097,
    1.2355679117448148,
    1.319555456038804,
    1.3079632931982565,
    1.2361476088127894,
    1.2427835156345926
  ],
  "val_loss": [
    3.0718579292297363,
    2.8267276287078857,
    2.5876407623291016,
    2.371976137161255,
    2.192040205001831,
    2.198387622833252,
    2.2398321628570557,
    2.2294163703918457,
    2.3798670768737793,
    2.0848684310913086,
    2.2363617420196533,
    2.257577419281006,
    2.2540488243103027,
    2.0766844749450684,
    2.2650387287139893,
    2.338576078414917,
    2.7370247840881348,
    2.766249418258667,
    2.4422531127929688,
    2.3412163257598877,
    2.678859233856201,
    2.3169631958007812,
    2.4576163291931152,
    2.5195887088775635
  ],
  "best_epoch": 13,
  "status": "ok",
  "grad_norm": [
    3.6530335656441726,
    4.0082586612148985,
    4.248052663315222,
    3.6722227282522084,
    3.5093013361164673,
    3.531671905830423,
    4.0615306256123755,
    4.048559656638672,
    3.103015663278358,
    3.0724673192892413,
    3.1329108142142403,
    2.8036757577398723,
    3.313677459991552,
    3.291085910207795,
    2.767160422312434,
    3.3580254237495555,
    3.225374050638441,
    3.208326774498218,
    3.180534278985107,
    2.7948628669189715,
    3.1331474450641488,
    3.475015201345274,
    3.407242092012292,
    2.910454354226554
  ],
  "beta_std": [
    0.9858985543251038,
    0.6448912024497986,
    0.7467197179794312,
    0.7520039081573486,
    0.6925199031829834,
    0.8749974370002747,
    0.8749687075614929,
    0.7641680240631104,
    0.868114709854126,
    0.8132296204566956,
    0.7266658544540405,
    0.8599674105644226,
    0.7283589839935303,
    0.8389272093772888,
    0.6927250027656555,
    0.9032717347145081,
    0.7874208092689514,
    0.8568093180656433,
    0.758007824420929,
    0.7495520710945129,
    1.1164624691009521,
    0.8086957931518555,
    0.7470800876617432,
    0.9797461032867432
  ],
  "beta_mean": [
    -0.07446097582578659,
    -0.05894922837615013,
    -0.2601742446422577,
    -0.1791890263557434,
    -0.08757681399583817,
    -0.11808742582798004,
    -0.14664749801158905,
    -0.15791110694408417,
    -0.04854215309023857,
    -0.03942786157131195,
    0.06581947207450867,
    -0.13074776530265808,
    -0.00795944407582283,
    0.02230871096253395,
    0.005178115330636501,
    -0.18832015991210938,
    0.04044635593891144,
    -0.4774826169013977,
    -0.1165112778544426,
    0.05419778451323509,
    -0.27637937664985657,
    0.037665799260139465,
    -0.12684476375579834,
    -0.05408686771988869
  ]
}