{
  "train_loss": [
    4.070735250439561,
    2.7839571827336362,
    2.4211088965510763,
    2.249583411356162,
    1.9215081658279687,
    1.8658492303034018,
    1.774804170926412,
    1.8609861686215763,
    1.7046950665133738,
    1.7267670840547795,
    1.5519705372247083,
    1.6194041303723876,
    1.4999529727021157,
    1.4635375998870672,
    1.3284065074390836
  ],
  "val_loss": [
    3.230109691619873,
    2.2535643577575684,
    2.129671812057495,
    2.159044027328491,
    1.880115032196045,
    2.302356004714966,
    2.1809513568878174,
    2.148306369781494,
    2.1791114807128906,
    2.013394355773926,
    2.4453792572021484,
    2.0283854007720947,
    2.324544906616211,
    2.362497329711914,
    2.3367669582366943
  ],
  "best_epoch": 4,
  "status": "ok",
  "grad_norm": [
    3.446095165218399,
    4.226698472019791,
    4.022515118954038,
    4.446069637088749,
    3.463364755999224,
    3.322803313578501,
    3.3918144733071345,
    4.11053258483257,
    3.440933771065956,
    3.335650542857682,
    3.1051904222384183,
    3.236574561876137,
    3.0214479656008115,
    3.093929965727534,
    2.6143591625053118
  ],
  "beta_std": [
    1.1597466468811035,
    1.0866293907165527,
    1.1125868558883667,
    0.8827061057090759,
    0.9062548279762268,
    0.8241346478462219,
    1.1842014789581299,
    1.0544289350509644,
    0.8483773469924927,
    1.0479518175125122,
    1.0848510265350342,
    1.0128545761108398,
    0.9576695561408997,
    0.9364686608314514,
    1.1011775732040405
  ],
  "beta_mean": [
    0.08790381252765656,
    -0.16545018553733826,
    -0.22612561285495758,
    0.1818774789571762,
    0.1444699466228485,
    0.014223003759980202,
    0.11792343854904175,
    0.13153153657913208,
    -0.13349752128124237,
    0.012492827139794827,
    0.16975462436676025,
    0.002833376405760646,
    0.048680584877729416,
    0.09274283796548843,
    -0.06321902573108673
  ]
}