{
  "train_loss": [
    4.556483446756999,
    3.2678658522499933,
    2.582801494598389,
    2.2185619685384963,
    2.026769765218099,
    2.02424675544103,
    1.9175890294710796,
    1.8795173782772487,
    1.8180449549357096,
    1.8781207444932726,
    1.7150457837846544,
    1.665842437479231,
    1.6089249451955159,
    1.6492251115375094,
    1.6775830798678928,
    1.761836698320177
  ],
  "val_loss": [
    3.8299736976623535,
    3.190645217895508,
    2.9303054809570312,
    2.8756115436553955,
    2.8744897842407227,
    2.706512451171875,
    2.949580430984497,
    2.8620433807373047,
    2.795285701751709,
    3.098613977432251,
    2.760821580886841,
    2.9085276126861572,
    3.220738172531128,
    2.746737480163574,
    3.400675058364868,
    3.383085012435913
  ],
  "best_epoch": 5,
  "status": "overfit",
  "grad_norm": [
    3.4950231163001177,
    3.2284343396889317,
    3.5950000548318783,
    3.711228072383047,
    3.5104226318063025,
    4.132986358560465,
    3.5820573944940945,
    3.8936517829629813,
    4.15423913268839,
    3.8961700057779636,
    3.30489474071082,
    3.3306246186136903,
    3.4362342887985924,
    3.2925754286279507,
    4.15969942355154,
    5.000661339139928
  ],
  "beta_std": [
    0.8100259900093079,
    1.3989216089248657,
    0.5981397032737732,
    0.6371641755104065,
    0.5562556982040405,
    0.7253597974777222,
    0.7142764329910278,
    0.678408145904541,
    0.9169936776161194,
    0.6019138693809509,
    0.6710818409919739,
    0.8331885933876038,
    1.1355278491973877,
    0.7600308060646057,
    0.7364317178726196,
    1.1542538404464722
  ],
  "beta_mean": [
    0.161161407828331,
    0.34908992052078247,
    -0.12097054719924927,
    0.0043616341426968575,
    -0.09507686644792557,
    -0.1594279408454895,
    -0.1555306762456894,
    -0.2459675371646881,
    0.021648578345775604,
    -0.07423626631498337,
    -0.10374399274587631,
    -0.19150161743164062,
    0.02863028459250927,
    0.10996729135513306,
    -0.08717823028564453,
    0.35412490367889404
  ]
}