{
  "train_loss": [
    2.7283662485379225,
    2.2637781357346918,
    2.0879569778665465,
    2.1122711666843346,
    2.080806272183245,
    2.0044897984621817,
    1.9663739414103547,
    1.9752348161440845,
    1.9585861748143247,
    1.9430410971557885,
    1.9226019947710093,
    1.9048192524491694,
    1.9264113603279605,
    1.9071572734319675,
    1.9043166888666432,
    1.8881995669582434
  ],
  "val_loss": [
    2.4436209201812744,
    2.086190938949585,
    2.0918736457824707,
    2.2353360652923584,
    2.04776930809021,
    2.0119593143463135,
    2.0703930854797363,
    2.086906671524048,
    2.1219189167022705,
    2.079749822616577,
    2.0910351276397705,
    2.0655064582824707,
    2.063746690750122,
    2.089833974838257,
    2.032208204269409,
    2.034648895263672
  ],
  "best_epoch": 5,
  "status": "ok",
  "grad_norm": [
    4.324313042238625,
    2.318424824160298,
    1.8756072831167538,
    2.051536272991096,
    2.0534535735899304,
    1.725415345206508,
    1.7145707289894871,
    1.668018048399566,
    1.6645608295568823,
    1.6188409227708012,
    1.5915787814712425,
    1.5455680804541738,
    1.572974275540868,
    1.56881986518113,
    1.5417026242227676,
    1.5310670202466523
  ],
  "beta_std": [
    0.4702613651752472,
    0.6984869241714478,
    0.7619057297706604,
    0.4389616549015045,
    0.6659001708030701,
    0.8213413953781128,
    0.6918250322341919,
    0.6842645406723022,
    0.63895583152771,
    0.771613597869873,
    0.6002360582351685,
    0.7857555747032166,
    0.514762282371521,
    0.6100755333900452,
    0.5780441761016846,
    0.8018079400062561
  ],
  "beta_mean": [
    -0.10900300741195679,
    -0.18370658159255981,
    -0.025329632684588432,
    -0.5118542313575745,
    -0.18985971808433533,
    -0.27436792850494385,
    -0.09510450810194016,
    -0.4016594886779785,
    -0.16191570460796356,
    -0.3339627981185913,
    -0.2765296697616577,
    -0.14793288707733154,
    -0.1696939468383789,
    -0.11066003143787384,
    -0.18825440108776093,
    -0.2910518944263458
  ]
}