{
  "train_loss": [
    2.5517472734785915,
    2.129996200528061,
    2.085770104140566,
    2.0258179002059133,
    2.0318718217827425,
    2.0397227908575046,
    1.9851210724958899,
    2.0320185096640335,
    1.9877374340637386,
    1.9671813309541222,
    1.9143241834919356,
    1.9121794825548317,
    1.9076019315552293,
    1.8888263206593474,
    1.947166361167417,
    1.8808795906089202,
    1.8630792795984368,
    1.8615662438967076,
    1.8993332855603848,
    1.8840846449032165,
    1.8661972001560947,
    1.855181897286086,
    1.8503217312327602,
    1.8412547077212418,
    1.8372496481109084,
    1.848115879359998
  ],
  "val_loss": [
    2.039505958557129,
    2.0378947257995605,
    2.0880894660949707,
    2.0069918632507324,
    2.009577989578247,
    2.064831495285034,
    1.9834827184677124,
    1.9998888969421387,
    2.032153844833374,
    1.973003625869751,
    1.9469212293624878,
    1.9731138944625854,
    1.9813005924224854,
    1.9518994092941284,
    1.9844393730163574,
    1.9140182733535767,
    1.948836326599121,
    1.9921114444732666,
    1.963680386543274,
    2.079813003540039,
    1.9325909614562988,
    2.142531394958496,
    1.9927513599395752,
    1.978506088256836,
    1.9772591590881348,
    2.0014052391052246
  ],
  "best_epoch": 15,
  "status": "ok",
  "grad_norm": [
    2.126135462180615,
    1.8161227416564727,
    1.8327193890164724,
    1.6274724399103981,
    1.7040810812288356,
    1.7443557205674944,
    1.4833355297583344,
    1.6569903247848363,
    1.6149028167398398,
    1.4897836955190948,
    1.4177396787518894,
    1.4088217323268073,
    1.3995912989047365,
    1.3793174504591477,
    1.5926032102837417,
    1.3426573940425854,
    1.369599305937459,
    1.3819251473019474,
    1.52547143966741,
    1.427891744312848,
    1.3619759580580717,
    1.4567170633608093,
    1.3521554010637409,
    1.4364186748916747,
    1.385149661520418,
    1.4000434023043666
  ],
  "beta_std": [
    0.7414753437042236,
    1.0051790475845337,
    0.4753652513027191,
    0.6248974204063416,
    0.5880283713340759,
    0.7206947803497314,
    0.7437222003936768,
    0.6116892695426941,
    0.4734589159488678,
    0.6891122460365295,
    0.6667466163635254,
    0.7404252290725708,
    0.7212287187576294,
    0.6946902871131897,
    0.7263088822364807,
    0.6180351972579956,
    0.8121767640113831,
    0.8369351029396057,
    0.7277982831001282,
    0.902027428150177,
    0.7473385334014893,
    0.5274345278739929,
    0.7744660377502441,
    0.6298960447311401,
    0.7743415832519531,
    0.6869173645973206
  ],
  "beta_mean": [
    -0.19673235714435577,
    -0.16686934232711792,
    0.05842958018183708,
    -0.18926353752613068,
    -0.02763994038105011,
    -0.11741257458925247,
    -0.1312960982322693,
    -0.1099097803235054,
    0.09135391563177109,
    -0.32647576928138733,
    -0.2194674164056778,
    -0.18740738928318024,
    -0.3712468147277832,
    -0.2943652272224426,
    -0.08616789430379868,
    -0.08991870284080505,
    -0.11564850062131882,
    -0.2800084054470062,
    -0.14630462229251862,
    -0.13322104513645172,
    -0.11915905028581619,
    -0.556786060333252,
    -0.29973936080932617,
    -0.17376062273979187,
    -0.03489314019680023,
    -0.1657520979642868
  ]
}