{
  "train_loss": [
    2.532333555444639,
    2.261890119139911,
    2.1562117577156825,
    2.0981120532297948,
    2.034375738930284,
    2.01720429066329,
    1.9889808700238054,
    2.002461386786567,
    2.0300816800301535,
    2.0231877075719553,
    1.9640842281586943,
    1.9368689983769467,
    1.8890430990576046,
    1.9129070366753471,
    1.8912256303028754,
    1.9014911252573916,
    1.8815907841398005,
    1.9390454447339154,
    1.8832699868274712,
    1.860019018747653,
    1.8809539908693549,
    1.8590798988676909,
    1.9175087304700884,
    1.9120916648496662,
    1.8598324170028955,
    1.8629209375102618,
    1.8236962633523328,
    1.8537944731238292,
    1.818959402006272
  ],
  "val_loss": [
    2.1726791858673096,
    2.140497922897339,
    2.1536331176757812,
    2.0906245708465576,
    2.249096632003784,
    2.07470703125,
    2.0933022499084473,
    2.0895822048187256,
    2.1855154037475586,
    2.1435277462005615,
    2.074065685272217,
    2.047969341278076,
    2.0674266815185547,
    2.033844232559204,
    2.0727713108062744,
    2.0442347526550293,
    2.256931781768799,
    2.0645954608917236,
    2.009875535964966,
    2.0508854389190674,
    2.0523409843444824,
    2.14374041557312,
    2.201835870742798,
    2.079554319381714,
    2.0393550395965576,
    2.1021459102630615,
    2.1460630893707275,
    2.028608560562134,
    2.047856330871582
  ],
  "best_epoch": 18,
  "status": "ok",
  "grad_norm": [
    2.305167811610027,
    2.309626377510012,
    2.0271909204808294,
    1.8334474257152553,
    1.7351042307448954,
    1.6644517815758324,
    1.6280781456444928,
    1.689037829532346,
    1.8758157333954564,
    1.5886913816502553,
    1.490400112454695,
    1.4958982755457089,
    1.378172221528507,
    1.4955929337715514,
    1.389798686566494,
    1.4185363932098638,
    1.358379977210511,
    1.6357714998759256,
    1.389821419213373,
    1.2964594374853524,
    1.4201190038913143,
    1.3912003239223423,
    1.5079779082078406,
    1.4549996512131327,
    1.3735755418881799,
    1.4745340557598234,
    1.3369951545486811,
    1.4267114342698015,
    1.3043771809093954
  ],
  "beta_std": [
    0.6200553774833679,
    0.619516909122467,
    0.4330648183822632,
    0.6080319285392761,
    0.5097336173057556,
    0.6246716380119324,
    0.5728806853294373,
    0.6864133477210999,
    0.5354422330856323,
    0.6876949071884155,
    0.6017078161239624,
    0.7738019227981567,
    0.7025375962257385,
    0.6885628700256348,
    0.7643105387687683,
    0.6090806126594543,
    0.8637389540672302,
    0.6844930052757263,
    0.5525729656219482,
    0.6754439473152161,
    0.7317188382148743,
    0.6655769944190979,
    0.8354671597480774,
    0.5345568060874939,
    0.6603686213493347,
    0.670960009098053,
    0.7297451496124268,
    0.6410171389579773,
    0.7602772116661072
  ],
  "beta_mean": [
    0.09508072584867477,
    0.0007197430240921676,
    -0.10365699976682663,
    0.16111834347248077,
    -0.10370291024446487,
    -0.09921193867921829,
    -0.031538933515548706,
    -0.13118374347686768,
    -0.09123822301626205,
    0.15838925540447235,
    -0.17976272106170654,
    -0.035935450345277786,
    -0.17427970468997955,
    -0.4221392273902893,
    -0.11030945181846619,
    -0.13589227199554443,
    0.04189763218164444,
    -0.2765493094921112,
    -0.17378875613212585,
    -0.1958523988723755,
    -0.17163245379924774,
    -0.058025650680065155,
    -0.12049296498298645,
    -0.048437416553497314,
    -0.1091444119811058,
    0.05347248166799545,
    0.1474609076976776,
    -0.2684820592403412,
    -0.13461194932460785
  ]
}