{
  "train_loss": [
    2.5124947163096647,
    2.198884686364068,
    2.0816315831636127,
    2.0610338830947876,
    2.02974029719481,
    2.0401699220925047,
    1.9924469199933503,
    2.0028493671249925,
    1.9549987876624393,
    1.9613621561150802,
    1.9391648911872106,
    1.940711643319381,
    1.9461352306499815,
    2.0337799099593137
  ],
  "val_loss": [
    2.189974308013916,
    2.0388176441192627,
    1.954667329788208,
    1.9073512554168701,
    2.0715839862823486,
    2.0480990409851074,
    1.9878153800964355,
    1.983712911605835,
    1.9634686708450317,
    1.9701107740402222,
    1.9650017023086548,
    1.9462003707885742,
    1.9684890508651733,
    2.0035457611083984
  ],
  "best_epoch": 3,
  "status": "underfit",
  "grad_norm": [
    2.360103086034225,
    2.2724552006907364,
    1.8923754943052122,
    1.7435246379800093,
    1.726660296164626,
    1.733042249420399,
    1.5902612585233555,
    1.6718915280158546,
    1.4859622406134863,
    1.5550035439788739,
    1.6027631771439166,
    1.506008922938756,
    1.582736623236795,
    1.6699451342282934
  ],
  "beta_std": [
    0.6128489971160889,
    0.6588547229766846,
    0.9832884669303894,
    0.7300591468811035,
    1.0399436950683594,
    0.5570343136787415,
    0.7198052406311035,
    0.6619443893432617,
    0.6181358098983765,
    0.6808048486709595,
    0.7269291281700134,
    0.7983778119087219,
    0.6344044804573059,
    0.6832417249679565
  ],
  "beta_mean": [
    -0.3679655194282532,
    -0.07764234393835068,
    -0.421157568693161,
    -0.2002962827682495,
    0.03148040920495987,
    -0.43146589398384094,
    -0.26561152935028076,
    -0.2512435019016266,
    -0.14060822129249573,
    -0.0888747051358223,
    0.012027280405163765,
    -0.14659307897090912,
    -0.11434563249349594,
    -0.1917615383863449
  ]
}