{
  "train_loss": [
    2.493919102127789,
    2.1368295978244984,
    2.0664055655853093,
    2.1352368585686934,
    2.0498950624744796,
    1.9877797360448113,
    1.9642955189141613,
    1.9388467186933371,
    1.9383916941860266,
    1.9776717864142523,
    1.9376939945332488,
    1.9248724619547526,
    1.9106362701159472,
    1.8973020553867719,
    1.9079719570505689,
    1.89490391703377,
    1.8772741280103984,
    1.841180263625251,
    1.8498357322480943,
    1.8560845933880723,
    1.840911453202454,
    1.8348166130579007,
    1.8850209883360836,
    1.865140883072078,
    1.8255362766946268,
    1.8295610151235122,
    1.8146231095274987
  ],
  "val_loss": [
    2.098653793334961,
    2.06364369392395,
    2.0443074703216553,
    2.1263492107391357,
    2.0524115562438965,
    2.02751088142395,
    2.076854944229126,
    1.9884922504425049,
    2.062495470046997,
    2.058583974838257,
    1.9615542888641357,
    2.0272216796875,
    2.029484510421753,
    2.024108409881592,
    2.0226385593414307,
    1.9550596475601196,
    1.939511775970459,
    2.013566017150879,
    1.9739044904708862,
    1.9572057723999023,
    1.9827865362167358,
    1.9909027814865112,
    1.9997164011001587,
    1.9571568965911865,
    2.044161796569824,
    2.045334577560425,
    2.0162525177001953
  ],
  "best_epoch": 16,
  "status": "ok",
  "grad_norm": [
    2.0830466635573215,
    1.8814074904868872,
    1.831399113414522,
    2.020996906417807,
    1.5540589032768442,
    1.538807007764619,
    1.5138206015759277,
    1.519455930314705,
    1.5299270399626699,
    1.5700465181230727,
    1.4936240144719002,
    1.4713591365285528,
    1.5001482618008417,
    1.4627834262744626,
    1.4857605673714613,
    1.4224746607866812,
    1.3330129644113267,
    1.3068936236003212,
    1.3330518225769707,
    1.3616562283646676,
    1.3226741947718486,
    1.3325358121441386,
    1.4747679490709762,
    1.4464571787608087,
    1.3588686236451202,
    1.3269866043766634,
    1.330750311230409
  ],
  "beta_std": [
    0.48538392782211304,
    0.5348721742630005,
    0.559636116027832,
    0.7208127975463867,
    0.6176922917366028,
    0.6093405485153198,
    0.47302645444869995,
    0.5731204748153687,
    0.6034937500953674,
    0.620192289352417,
    0.5796560049057007,
    0.5721662640571594,
    0.5489866137504578,
    0.5769910216331482,
    0.637961745262146,
    0.5171269178390503,
    0.6326450705528259,
    0.666966438293457,
    0.6754404902458191,
    0.5841301679611206,
    0.728756308555603,
    0.75692218542099,
    0.808383047580719,
    0.6236754655838013,
    0.577709972858429,
    0.5975097417831421,
    0.5156643986701965
  ],
  "beta_mean": [
    -0.11534177511930466,
    -0.1880955994129181,
    0.0410459078848362,
    -0.10975624620914459,
    -0.2823008894920349,
    -0.3134104013442993,
    -0.27131813764572144,
    -0.213082954287529,
    0.036805424839258194,
    -0.10999269038438797,
    -0.1885596662759781,
    -0.2904525101184845,
    -0.25308024883270264,
    -0.3942929208278656,
    -0.2512565553188324,
    -0.30351293087005615,
    -0.40446561574935913,
    -0.14010819792747498,
    -0.29577693343162537,
    -0.3548773527145386,
    -0.22063878178596497,
    -0.16610753536224365,
    -0.039132166653871536,
    -0.2692492604255676,
    -0.3039211630821228,
    -0.48485949635505676,
    -0.19614244997501373
  ]
}