{
  "train_loss": [
    2.5517583246119537,
    2.132142657871135,
    2.2950505409463804,
    2.139732701569273,
    2.0505489665862413,
    2.0209528205826968,
    2.026263639271608,
    2.0125396030827574,
    1.9787542672185172,
    1.971229663871185,
    1.935718290150514,
    1.9396681703600966,
    1.943014927663301,
    1.926350657117297,
    1.9146636471553156,
    1.9731573706621315,
    1.923127550660518,
    1.9006613956696805,
    1.9295334677110638,
    1.8880684686404223,
    1.8930001731783326,
    1.89276731443684,
    1.9099900752898544,
    1.8545290434987922,
    1.8551298670740852,
    1.859210097803707,
    1.8454243869112248,
    1.8506825738483006,
    1.8457104252653513,
    1.9191289588861298
  ],
  "val_loss": [
    2.135629177093506,
    2.087376832962036,
    2.1232516765594482,
    2.0549633502960205,
    2.08640193939209,
    2.11783766746521,
    2.122504949569702,
    2.1500720977783203,
    2.0755887031555176,
    2.0922398567199707,
    2.0477941036224365,
    2.0723822116851807,
    2.005216598510742,
    1.9951496124267578,
    1.9913575649261475,
    2.0607616901397705,
    2.0112831592559814,
    2.0640487670898438,
    2.0764217376708984,
    1.9512548446655273,
    2.0147385597229004,
    2.1425418853759766,
    1.9926719665527344,
    1.9867703914642334,
    1.9908353090286255,
    2.0539190769195557,
    1.9945086240768433,
    2.048567533493042,
    2.1012678146362305,
    2.0576252937316895
  ],
  "best_epoch": 19,
  "status": "ok",
  "grad_norm": [
    2.3975978965977056,
    1.791765094908685,
    2.5222107714877446,
    1.7381777985942175,
    1.5859038060972162,
    1.5351692095204175,
    1.635433744668651,
    1.507297091990551,
    1.4864442598409207,
    1.4945547757957776,
    1.4405186083056125,
    1.5087858266315082,
    1.4442138588239484,
    1.4690576513871858,
    1.442379474219067,
    1.5688431269643823,
    1.4254590365700017,
    1.4855329813024012,
    1.4799362815350487,
    1.3054725359512143,
    1.451222876753685,
    1.4652734961676923,
    1.3681862499086843,
    1.3375614404762457,
    1.3880111559598802,
    1.3515331572328462,
    1.3275416669895772,
    1.3578268884665532,
    1.4348375748472286,
    1.6611187889838777
  ],
  "beta_std": [
    0.8499504327774048,
    0.6723570227622986,
    0.5237217545509338,
    0.5751215219497681,
    0.6845145225524902,
    0.5681623220443726,
    0.5578902959823608,
    0.5473480820655823,
    0.6902912855148315,
    0.5295421481132507,
    0.7101172208786011,
    0.6368706226348877,
    0.6655276417732239,
    0.5247622728347778,
    0.7247557044029236,
    0.5692657232284546,
    0.73175048828125,
    0.41468048095703125,
    0.6380462646484375,
    0.7602959871292114,
    0.5773295760154724,
    0.42797574400901794,
    0.7283490300178528,
    0.6927008032798767,
    0.5586469173431396,
    0.5902509689331055,
    0.8162649869918823,
    0.6990844011306763,
    0.7164856195449829,
    0.52573162317276
  ],
  "beta_mean": [
    -0.2841070890426636,
    0.06487790495157242,
    -0.2540825307369232,
    -0.2965450584888458,
    -0.2614615261554718,
    -0.2038688063621521,
    -0.13415679335594177,
    -0.3073963224887848,
    -0.2789328694343567,
    -0.2513870596885681,
    -0.19068200886249542,
    -0.38771510124206543,
    -0.14920519292354584,
    -0.19337430596351624,
    -0.04293074086308479,
    -0.13936178386211395,
    -0.37847158312797546,
    0.09906259179115295,
    -0.2626420855522156,
    -0.15972499549388885,
    -0.1389165073633194,
    0.17249229550361633,
    -0.3590945601463318,
    -0.3884086608886719,
    -0.3041897714138031,
    0.05278133600950241,
    -0.19444884359836578,
    -0.15079520642757416,
    -0.1883801370859146,
    -0.07330948859453201
  ]
}