{
  "train_loss": [
    2.6167926654815674,
    2.1760935359530977,
    2.159149503919813,
    2.193338757726881,
    2.072165056440565,
    2.0223458591037327,
    1.988897592968411,
    1.9779078370200263,
    1.9438093170589872,
    1.9242646764119467,
    1.9323100855085584,
    1.9545785613589817,
    1.9382648315429687,
    1.9685000777774386,
    2.006997768719991,
    1.9260389794243706,
    1.8948719804551866,
    1.8864039406246609,
    1.8719861687554253,
    1.9353811325497097,
    1.8960624605814616,
    1.900195745256212,
    1.9240778694152831,
    1.8659087034861246,
    1.9120467461480035,
    1.9320242561764187,
    1.9041777131822375,
    1.8389160851372612,
    1.8317009879218207
  ],
  "val_loss": [
    2.1385340690612793,
    2.083822250366211,
    2.1091606616973877,
    2.14184832572937,
    2.1020760536193848,
    2.124537706375122,
    2.0377109050750732,
    2.125798225402832,
    2.049825429916382,
    2.063462972640991,
    2.0313735008239746,
    2.0525033473968506,
    2.0872857570648193,
    2.1526427268981934,
    2.0277116298675537,
    2.129197597503662,
    2.073434591293335,
    2.050891399383545,
    2.0068273544311523,
    2.09153151512146,
    2.169926404953003,
    2.1228158473968506,
    2.0128421783447266,
    2.0663840770721436,
    2.05780291557312,
    2.0217273235321045,
    2.0180563926696777,
    2.0671226978302,
    2.047520160675049
  ],
  "best_epoch": 18,
  "status": "ok",
  "grad_norm": [
    2.3843538349809648,
    2.056656135569741,
    2.109049916688848,
    2.221433509798072,
    1.833892868059725,
    1.7780466248459355,
    1.5852612120914467,
    1.6628404464687743,
    1.5372015836254496,
    1.4826587699563656,
    1.6197265109236325,
    1.5619087385663375,
    1.587143408322845,
    1.6862111972468201,
    1.8189286176072927,
    1.5544642012689827,
    1.5100232031695384,
    1.4698881835313382,
    1.4462848144799003,
    1.612938233316417,
    1.4771511950763148,
    1.403820949926365,
    1.5643346887496032,
    1.3190099519610068,
    1.6998676086124542,
    1.5764550507570905,
    1.5089816688784383,
    1.3535885479483811,
    1.3457298115621152
  ],
  "beta_std": [
    0.7301036715507507,
    0.5734204649925232,
    0.5290298461914062,
    0.46176666021347046,
    0.423055499792099,
    0.4418928921222687,
    0.5454665422439575,
    0.569485604763031,
    0.5847330093383789,
    0.68137127161026,
    0.5546519160270691,
    0.5245500206947327,
    0.4826969504356384,
    0.4962843060493469,
    0.6942769289016724,
    0.4966156780719757,
    0.6027026772499084,
    0.6367872357368469,
    0.6455956697463989,
    0.4924950897693634,
    0.4618827998638153,
    0.5643118619918823,
    0.7200440168380737,
    0.5863462090492249,
    0.8709924221038818,
    0.5817843079566956,
    0.5659485459327698,
    0.7163204550743103,
    0.5940454006195068
  ],
  "beta_mean": [
    -0.4271385967731476,
    -0.3364231586456299,
    -0.08072364330291748,
    0.06384877115488052,
    -0.09397061914205551,
    -0.020291771739721298,
    -0.19357964396476746,
    -0.11328986287117004,
    -0.37647733092308044,
    -0.5083684921264648,
    -0.16153116524219513,
    -0.25877663493156433,
    -0.2900656759738922,
    -0.1592915654182434,
    -0.05228140205144882,
    -0.3002455234527588,
    -0.26228296756744385,
    -0.20368438959121704,
    -0.2702849805355072,
    -0.2129453420639038,
    0.22616732120513916,
    -0.2591809928417206,
    -0.13409414887428284,
    -0.16330917179584503,
    -0.4712580442428589,
    0.01600617542862892,
    -0.2036651074886322,
    -0.2305687516927719,
    0.05749274417757988
  ]
}