{
  "train_loss": [
    2.756905736867447,
    2.040112398772212,
    1.9658133552506654,
    1.9483447763097217,
    1.8889784856707033,
    1.8545654679738988,
    1.8277716708043863,
    1.8167610051896836,
    1.7903276400259365,
    1.7185435246584708,
    1.7082334025422035,
    1.6921551328235203,
    1.6482011487748889,
    1.635797749904164,
    1.6656686175775808,
    1.645478696432727,
    1.6240130626109608,
    1.5957965180469535
  ],
  "val_loss": [
    2.0094900131225586,
    1.8206676244735718,
    1.8124250173568726,
    1.8458830118179321,
    1.804007649421692,
    1.853492021560669,
    1.746765375137329,
    1.7004474401474,
    1.7013468742370605,
    1.7548832893371582,
    1.7692519426345825,
    1.7958197593688965,
    1.7237061262130737,
    1.7744240760803223,
    1.7691640853881836,
    1.8005268573760986,
    1.860937237739563,
    1.7128632068634033
  ],
  "best_epoch": 7,
  "status": "ok",
  "grad_norm": [
    3.3350489822850498,
    3.116754541855332,
    2.9634858139346543,
    3.3415684130827223,
    3.1123321518113527,
    3.03660656212236,
    3.0243189648711497,
    3.067615618467948,
    3.0681811934882335,
    2.877174877494703,
    2.9691682668083814,
    3.072585481327738,
    2.9335944690110733,
    2.9807383129933944,
    3.1238120249771835,
    3.078745079106643,
    2.9260797911787364,
    2.9933438012741567
  ],
  "beta_std": [
    0.7549811005592346,
    0.855524480342865,
    0.6432745456695557,
    0.6712177991867065,
    0.7075701951980591,
    0.6447502374649048,
    0.7577196955680847,
    0.7257941961288452,
    0.6736388802528381,
    0.6674332618713379,
    0.6960228085517883,
    0.7197155952453613,
    0.590082585811615,
    0.7786000967025757,
    0.6132258176803589,
    0.6097056865692139,
    0.6134191155433655,
    0.7912478446960449
  ],
  "beta_mean": [
    -0.3721078932285309,
    -0.2402360886335373,
    -0.20473037660121918,
    -0.3186546564102173,
    -0.15554645657539368,
    -0.23719647526741028,
    0.06069239228963852,
    -0.17828767001628876,
    -0.18695931136608124,
    -0.13484254479408264,
    -0.1939985454082489,
    -0.36745142936706543,
    -0.12397001683712006,
    -0.028303852304816246,
    -0.18854445219039917,
    -0.18747904896736145,
    -0.14379508793354034,
    -0.2995646595954895
  ]
}