{
  "train_loss": [
    2.6976355618482444,
    1.9944286921149805,
    1.9480133350271929,
    1.9386217245302702,
    1.9236525299953438,
    1.8332851630763003,
    1.865668145899187,
    1.806570990071659,
    1.7625928136200932,
    1.8020700835066232,
    1.7069794260549267,
    1.7250936628642835,
    1.7115502605940167,
    1.6876156080535978,
    1.6762928068428709
  ],
  "val_loss": [
    1.9763685464859009,
    1.851400375366211,
    1.8523714542388916,
    1.9333082437515259,
    1.7932000160217285,
    1.8590456247329712,
    1.8747599124908447,
    1.8272082805633545,
    2.034536838531494,
    1.8820656538009644,
    1.8921353816986084,
    1.8689044713974,
    1.8723652362823486,
    1.814968466758728,
    1.901593565940857
  ],
  "best_epoch": 4,
  "status": "ok",
  "grad_norm": [
    3.6408800927134655,
    2.983934264852247,
    3.147658008150432,
    3.289813494376782,
    3.3472382701376984,
    3.2237411018426387,
    3.357734825737251,
    3.172773769038058,
    2.981869756922432,
    3.2752739007359772,
    2.8295158517165677,
    3.0589940243616507,
    3.1308248495906503,
    3.0607262952167975,
    3.0122087429192
  ],
  "beta_std": [
    0.6903489828109741,
    0.74117511510849,
    0.6452147364616394,
    0.5131956934928894,
    0.788998544216156,
    0.685097873210907,
    0.8878059387207031,
    0.5754975080490112,
    0.7206776738166809,
    0.7094812989234924,
    0.618663489818573,
    0.723633885383606,
    0.7435590624809265,
    0.7606386542320251,
    0.724385678768158
  ],
  "beta_mean": [
    -0.09303443878889084,
    -0.42268919944763184,
    -0.2851104736328125,
    -0.2581694424152374,
    -0.15706008672714233,
    -0.05651334300637245,
    0.020454177632927895,
    -0.3132128119468689,
    -0.3195771276950836,
    -0.35136955976486206,
    -0.2776396870613098,
    -0.37969768047332764,
    -0.4576745629310608,
    -0.05120325833559036,
    -0.12784889340400696
  ]
}