{
  "train_loss": [
    2.6986545868366085,
    2.072494278316609,
    1.970643180964286,
    1.9249847873609665,
    1.9000576476604618,
    1.833103901322125,
    1.821533208088568,
    1.8311367290061817,
    1.7626141446096855,
    1.7503675388871578,
    1.6966537542510451,
    1.6993247504262199,
    1.6366254457116824,
    1.6359884716056243,
    1.5949438685701605,
    1.626957095910234,
    1.5432799415978773,
    1.562565822043614,
    1.5701186281895776,
    1.5839918734176814,
    1.5286360573350337,
    1.5575132890612062,
    1.528662382315474,
    1.4939448891466822
  ],
  "val_loss": [
    1.843949794769287,
    1.860948085784912,
    1.7708884477615356,
    1.8542206287384033,
    1.7683565616607666,
    1.7935935258865356,
    1.8294260501861572,
    1.7545808553695679,
    1.8390917778015137,
    1.8859511613845825,
    1.7547454833984375,
    1.902880072593689,
    1.808242678642273,
    1.6788731813430786,
    1.8142082691192627,
    1.92074453830719,
    1.8354618549346924,
    1.9096288681030273,
    1.9254047870635986,
    1.8330243825912476,
    1.8621336221694946,
    1.8572556972503662,
    1.7506630420684814,
    1.7721890211105347
  ],
  "best_epoch": 13,
  "status": "ok",
  "grad_norm": [
    3.5981519738734646,
    3.2968070278970734,
    3.0663483483515708,
    3.198812276962567,
    3.1243869435552645,
    2.978989716987564,
    3.128180701692311,
    3.1686017082867775,
    3.0019087421594364,
    3.2325306258183035,
    2.9725570755167072,
    3.221578334952711,
    3.194409081306922,
    3.084206430837682,
    3.053073401127603,
    3.0916408158926285,
    2.8828756746917636,
    3.0142526704914463,
    3.067093077471008,
    3.200642671344379,
    2.8606670794169275,
    3.054087831213238,
    2.9809193723476786,
    2.8941843021193767
  ],
  "beta_std": [
    0.9126523733139038,
    0.6462115049362183,
    0.9745661020278931,
    0.7580692768096924,
    0.7298406958580017,
    0.7837440371513367,
    0.8891561031341553,
    0.8988227844238281,
    0.7391371130943298,
    0.9258884191513062,
    0.7696279883384705,
    0.7380844950675964,
    0.9000867605209351,
    0.720862865447998,
    0.837342381477356,
    0.7975165843963623,
    0.7410793304443359,
    0.6263324022293091,
    0.8292790055274963,
    0.7734328508377075,
    0.8868768811225891,
    0.8928489685058594,
    0.7808197140693665,
    0.8181372880935669
  ],
  "beta_mean": [
    -0.2516235113143921,
    -0.17030027508735657,
    -0.3678601086139679,
    -0.1391037404537201,
    -0.22157533466815948,
    -0.11187581717967987,
    -0.3245414197444916,
    -0.11725351214408875,
    0.0755850076675415,
    -0.1642560362815857,
    -0.2364969402551651,
    -0.14411067962646484,
    -0.0692039355635643,
    -0.27175381779670715,
    -0.12383235991001129,
    -0.036881547421216965,
    -0.09654281288385391,
    -0.269239604473114,
    -0.33704185485839844,
    -0.030270768329501152,
    -0.21768450736999512,
    -0.2561139166355133,
    -0.18956059217453003,
    -0.13822413980960846
  ]
}