{
  "train_loss": [
    2.6590757635741205,
    2.078774932169775,
    2.0002171619314897,
    1.9101765125118502,
    1.887982730921249,
    1.8360411408351875,
    1.8428057335970696,
    1.7781783022239195,
    1.7869440629189475,
    1.7763640892017654,
    1.7738081093559488,
    1.6807450293658073,
    1.7176534037004438,
    1.6712470196841056,
    1.627011156835054,
    1.586687120694166
  ],
  "val_loss": [
    1.8781088590621948,
    1.8720202445983887,
    1.7890651226043701,
    1.7805976867675781,
    1.835062026977539,
    1.754719614982605,
    1.917001485824585,
    1.867791771888733,
    1.8847219944000244,
    1.8901468515396118,
    1.780800700187683,
    1.7618082761764526,
    1.7946711778640747,
    1.8872114419937134,
    1.846808910369873,
    1.7763187885284424
  ],
  "best_epoch": 5,
  "status": "ok",
  "grad_norm": [
    3.75278832160661,
    3.471933910743958,
    3.2364213678939944,
    3.5118161592258397,
    3.137148579586804,
    3.177759458877821,
    3.2914945233291566,
    3.065033170910963,
    3.1717170084893525,
    3.0168908613762038,
    3.1464903102451185,
    3.0096305952617257,
    3.112836252315247,
    2.893027932545641,
    3.058353263743677,
    2.9291904285823707
  ],
  "beta_std": [
    0.7112303972244263,
    0.6524604558944702,
    0.7918076515197754,
    0.7634914517402649,
    0.7012514472007751,
    0.8765159249305725,
    0.7497357726097107,
    0.7524021863937378,
    0.6498978137969971,
    0.8284066319465637,
    0.7921831011772156,
    0.8682958483695984,
    0.8460676074028015,
    0.618984580039978,
    0.6727877855300903,
    0.599789559841156
  ],
  "beta_mean": [
    -0.06789776682853699,
    -0.27335411310195923,
    -0.2120101898908615,
    -0.17980484664440155,
    -0.3575335144996643,
    -0.40409594774246216,
    -0.20178371667861938,
    -0.2917100787162781,
    -0.39398816227912903,
    -0.3543119728565216,
    -0.4260842204093933,
    -0.10176993161439896,
    -0.38682764768600464,
    -0.2083619087934494,
    -0.05629614740610123,
    -0.18675580620765686
  ]
}