{
  "train_loss": [
    2.6386969304503056,
    2.080480200226544,
    2.0043893663506758,
    1.947809274684616,
    1.8788129994464897,
    1.8896390189064873,
    1.8456319871701692,
    1.7984654370804278,
    1.802337731729474,
    1.7886145899030896,
    1.6969729055159273,
    1.6957688056376943,
    1.6498124790749356,
    1.6486835227653993,
    1.634811391523707,
    1.61923112127516,
    1.593011887031689,
    1.5828260252768533,
    1.5614709484925744,
    1.5829561931487413,
    1.561245004196613
  ],
  "val_loss": [
    1.9347666501998901,
    1.672709584236145,
    1.6941208839416504,
    1.6996910572052002,
    1.6622599363327026,
    1.8156239986419678,
    1.7230322360992432,
    1.6843070983886719,
    1.6704026460647583,
    1.7005339860916138,
    1.5906949043273926,
    1.6401671171188354,
    1.6832499504089355,
    1.6478278636932373,
    1.7527580261230469,
    1.6826164722442627,
    1.7276352643966675,
    1.6541482210159302,
    1.772305965423584,
    1.7090785503387451,
    1.7743346691131592
  ],
  "best_epoch": 10,
  "status": "ok",
  "grad_norm": [
    3.767190817240791,
    3.4188705424035404,
    3.2496770680235625,
    3.157548452597516,
    3.0764469214023618,
    3.2255021413686733,
    3.2178787543593126,
    3.079115535781067,
    3.162058470190457,
    3.14454192630778,
    2.9046554795157373,
    3.0158624597729755,
    2.9904944010296597,
    2.9310603272460902,
    3.0660119164052695,
    3.0295998690718444,
    3.0045672837521895,
    3.107114820042093,
    2.9971261471655573,
    2.9778882762542236,
    2.8840862032521226
  ],
  "beta_std": [
    0.6977941393852234,
    0.624241054058075,
    0.8920478224754333,
    0.7482628226280212,
    0.706586480140686,
    0.66245037317276,
    0.8189982771873474,
    0.9366191625595093,
    0.775834321975708,
    0.8088106513023376,
    0.8000213503837585,
    0.7848581671714783,
    0.667724609375,
    0.8566223978996277,
    0.7550219893455505,
    0.8861119747161865,
    0.7232093811035156,
    0.6874788403511047,
    0.724108099937439,
    0.8271311521530151,
    0.904630184173584
  ],
  "beta_mean": [
    -0.20910930633544922,
    -0.21858426928520203,
    -0.09198304265737534,
    -0.06769544631242752,
    -0.011681542731821537,
    -0.1629137098789215,
    -0.16341489553451538,
    -0.34960731863975525,
    -0.1762394905090332,
    -0.36167263984680176,
    -0.09856271743774414,
    -0.14909468591213226,
    -0.18385855853557587,
    -0.31872403621673584,
    -0.0983736515045166,
    -0.1928757131099701,
    -0.04670051112771034,
    -0.37677866220474243,
    -0.11028630286455154,
    -0.27368319034576416,
    -0.10705574601888657
  ]
}