{
  "train_loss": [
    2.7920815271522565,
    2.1258438523610432,
    2.0629501183270014,
    2.0004713723812886,
    1.9486318674701,
    1.9500164975618062,
    1.89107546814701,
    1.8754625678201866,
    1.8771550297597694,
    1.8331219782466777,
    1.8345047319144534,
    1.789471164028547,
    1.7975272798259356,
    1.7447934299602843
  ],
  "val_loss": [
    2.0513010025024414,
    1.7916393280029297,
    1.7821787595748901,
    1.6905778646469116,
    1.7824842929840088,
    1.8325177431106567,
    1.8026007413864136,
    1.7885388135910034,
    1.7582556009292603,
    1.7951475381851196,
    1.8195723295211792,
    1.7739088535308838,
    1.8170137405395508,
    1.9114770889282227
  ],
  "best_epoch": 3,
  "status": "ok",
  "grad_norm": [
    3.842333289788698,
    3.4728202552111,
    3.288752252790925,
    3.1867068006594184,
    3.1377787684045955,
    3.305953751013954,
    3.278103681797158,
    3.255463070212749,
    3.332962375420565,
    3.2277319696437203,
    3.4170883181690184,
    3.133797852646024,
    3.4182903313201503,
    3.109524126273158
  ],
  "beta_std": [
    0.4906599521636963,
    0.6403715014457703,
    0.7421809434890747,
    0.7179002165794373,
    0.6721857786178589,
    0.46466580033302307,
    0.6639084219932556,
    0.8732514977455139,
    0.8043835163116455,
    0.5954376459121704,
    0.6658793091773987,
    0.8624704480171204,
    0.7591925263404846,
    0.7452315092086792
  ],
  "beta_mean": [
    -0.18469685316085815,
    -0.24322648346424103,
    -0.10281005501747131,
    -0.269725501537323,
    -0.08200636506080627,
    -0.19071461260318756,
    -0.1360676884651184,
    -0.18037140369415283,
    -0.20529459416866302,
    -0.26832759380340576,
    -0.049753203988075256,
    -0.2606680691242218,
    -0.08960571885108948,
    -0.1869564652442932
  ]
}