{
  "train_loss": [
    2.6833007467057968,
    2.0336349811553953,
    1.9544432491726345,
    1.930650950855679,
    1.8595297639634873,
    1.8428517201741537,
    1.8189253571828206,
    1.785743550300598,
    1.7587363533443874,
    1.745115166346232,
    1.7059910412894355,
    1.686251873758104,
    1.6989638062583077
  ],
  "val_loss": [
    2.0092039108276367,
    1.810618281364441,
    1.7946867942810059,
    1.963672399520874,
    1.8696576356887817,
    1.8851145505905151,
    1.9730628728866577,
    1.8457471132278442,
    1.7948862314224243,
    1.9191477298736572,
    1.94918692111969,
    1.8502107858657837,
    1.8755608797073364
  ],
  "best_epoch": 2,
  "status": "ok",
  "grad_norm": [
    3.472425952510528,
    3.147664131112211,
    3.1722906459709797,
    3.122929432336751,
    3.1283104568457656,
    3.124975648372106,
    3.2455340598772064,
    3.102689420167327,
    3.2032318459357065,
    3.0788453145946053,
    2.998728705761464,
    3.0498436115091003,
    3.2633960684601844
  ],
  "beta_std": [
    0.7127845287322998,
    0.6923824548721313,
    0.6757112741470337,
    0.68625408411026,
    0.6202565431594849,
    0.7395669221878052,
    0.8789817094802856,
    0.6988970637321472,
    0.810276985168457,
    0.7917751669883728,
    0.7620147466659546,
    0.627656877040863,
    0.6985559463500977
  ],
  "beta_mean": [
    -0.42151668667793274,
    0.07568143308162689,
    -0.21167388558387756,
    -0.35774093866348267,
    -0.1585707664489746,
    -0.17630060017108917,
    -0.4861292243003845,
    -0.10395217686891556,
    -0.329788476228714,
    -0.13717947900295258,
    -0.34916576743125916,
    -0.25846633315086365,
    -0.13955643773078918
  ]
}