{
  "train_loss": [
    2.8185865279303655,
    2.109904159757826,
    2.032639917585585,
    1.9716569163004558,
    1.9106100188361275,
    1.9125930050743951,
    1.8820230371687148,
    1.825801303015815,
    1.8458023623360529,
    1.8259867947896322,
    1.7888922729492187,
    1.7172349039713541,
    1.7019507253434922,
    1.698103600607978,
    1.7068271983464558,
    1.6612794507344564,
    1.6509048205481636,
    1.641959444893731,
    1.6146915056440565,
    1.617298510339525,
    1.5869793989393446,
    1.5670822444491916,
    1.5569038979212444,
    1.5806962713665433,
    1.5674637052747937,
    1.5996341757244534,
    1.5437501514222887,
    1.5534663344489203,
    1.534299241065979,
    1.5128645373450385
  ],
  "val_loss": [
    1.9762717485427856,
    2.1143627166748047,
    1.7777034044265747,
    1.7790364027023315,
    1.842980146408081,
    1.9020931720733643,
    1.8551139831542969,
    1.8627363443374634,
    1.8273898363113403,
    1.883500099182129,
    1.7847214937210083,
    1.7509450912475586,
    1.7765350341796875,
    1.7615077495574951,
    1.7616699934005737,
    1.835000991821289,
    1.796194314956665,
    1.7677041292190552,
    1.7905590534210205,
    1.733243465423584,
    1.8116703033447266,
    1.924529790878296,
    1.8021386861801147,
    1.795311689376831,
    1.7891548871994019,
    1.8019341230392456,
    1.7982268333435059,
    1.8207592964172363,
    1.8503336906433105,
    1.7621303796768188
  ],
  "best_epoch": 19,
  "status": "ok",
  "grad_norm": [
    3.5671291199168587,
    3.252448001837745,
    3.1775176107065044,
    3.1167528053911857,
    3.091354956526234,
    3.2333704910964305,
    3.2876760124897295,
    3.080296394152834,
    3.2133825386533275,
    3.12683353579747,
    3.166562897685493,
    3.1510849209331315,
    2.9546194245808155,
    2.930231290545394,
    3.0638667586790214,
    2.890158856418111,
    2.907693933926265,
    2.9343581402114345,
    3.024443635543885,
    2.9917816310113254,
    2.86715103228749,
    2.9237046723990257,
    2.8942254026383285,
    2.995762439349634,
    2.9464314860124747,
    3.0858641739568826,
    2.8053735580849715,
    3.0390715741403302,
    3.0794983125968747,
    2.9281689694800903
  ],
  "beta_std": [
    0.6466909646987915,
    0.5113563537597656,
    0.6030647158622742,
    0.7360333800315857,
    0.638359010219574,
    0.592721164226532,
    0.7354165315628052,
    0.7763475775718689,
    0.7874702215194702,
    0.6668676137924194,
    0.6149894595146179,
    0.6938979029655457,
    0.6665769815444946,
    0.8544849753379822,
    0.6481308937072754,
    0.5346070528030396,
    0.5924533605575562,
    0.8237417936325073,
    0.752405047416687,
    0.7742558121681213,
    0.5934126377105713,
    0.4746394157409668,
    0.8772730827331543,
    0.6863701343536377,
    0.5134277939796448,
    0.6982194781303406,
    0.6050602197647095,
    0.8895805478096008,
    0.7649096846580505,
    0.743484616279602
  ],
  "beta_mean": [
    -0.41585880517959595,
    -0.033645786345005035,
    -0.16825121641159058,
    -0.15181170403957367,
    -0.2974400520324707,
    -0.18614523112773895,
    -0.14145798981189728,
    -0.12254929542541504,
    -0.18584825098514557,
    -0.2880696654319763,
    -0.30756980180740356,
    -0.16591022908687592,
    -0.26074719429016113,
    -0.16586539149284363,
    -0.11693821102380753,
    -0.25527822971343994,
    -0.319735586643219,
    -0.04116540774703026,
    -0.17721770703792572,
    -0.2895773947238922,
    -0.1390870362520218,
    -0.2158437967300415,
    -0.3864974081516266,
    -0.4295622706413269,
    -0.31281837821006775,
    -0.10879494249820709,
    -0.4309212267398834,
    -0.06764866411685944,
    -0.20254093408584595,
    -0.07864515483379364
  ]
}