model,method,mu_true,bias_mean,variance,rmse,empirical_se,se_mean,se_ratio,ci_width,coverage,n_sims
linear,bootstrap,0.0007011315758299731,0.05698486761785282,0.011435716800331733,0.11927513234743817,0.1069379109592652,0.10933040898761599,1.0223727769402764,0.4285752032314547,0.95,20
linear,bootstrap_bca,0.0007011315758299731,0.020874467698290777,0.013555414410604517,0.1158069206068332,0.11642772183034639,0.08471478226605784,0.7276169363641821,0.33208194648294675,0.8,20
linear,influence,0.0007011315758299731,0.021063718247650486,0.00559960120005432,0.07644060795699252,0.07483048309381893,0.06456519476776254,0.8628194299749976,0.25309556348962914,0.9,20
linear,naive,0.0007011315758299731,0.04417432685977949,0.016929693892106322,0.13456893044778412,0.13011415715480895,0.016216502293302786,0.12463288121682639,0.06356868898974692,0.1,20
