model,method,mu_true,bias_mean,variance,rmse,empirical_se,se_mean,se_ratio,ci_width,coverage,n_sims
linear,bootstrap,0.0007011315758299731,0.04514227064111502,0.00869924261023603,0.09576925722140645,0.09326973040722285,0.11246378240870383,1.2057907953381903,0.440858027042119,1.0,5
linear,influence,0.0007011315758299731,0.053822343477506654,0.014783808208284755,0.12153532747664972,0.12158868454048162,0.06322483165766088,0.5199894373115852,0.24784134009803063,0.8,5
linear,naive,0.0007011315758299731,0.016910036856022187,0.009816280573987151,0.0903404869134756,0.09907714455911187,0.018844802307970747,0.19020332481148033,0.07387162504724533,0.2,5
