{
  "train_loss": [
    2.578513375388251,
    1.981342800281666,
    1.9191898684442779,
    1.8019164349709027,
    1.7586706531194993,
    1.7688326357029103,
    1.7114649161586055,
    1.6986133082707724,
    1.660655694419955,
    1.6347745766463102,
    1.6165771214755964,
    1.603348871042699,
    1.5681375034944511,
    1.5714716112466507,
    1.5712174804711048,
    1.5160072526225337,
    1.5053565873040093,
    1.5379965959949258,
    1.496631870917332,
    1.4983337159804355,
    1.4494076657589572,
    1.4524201986524794,
    1.4642996018609884,
    1.4446016058509732,
    1.4395863509472506,
    1.4018445217462234,
    1.4177860608512973,
    1.3758478060769446,
    1.4273483135082103,
    1.380850515012388,
    1.4017151710133493,
    1.3627357836711553,
    1.3483086372304847,
    1.3374887070832429,
    1.3636317808245435,
    1.3925323469844866,
    1.3912557958673548,
    1.352908955503393,
    1.3630392859305864,
    1.3520518986972763
  ],
  "val_loss": [
    1.924791693687439,
    1.9657984972000122,
    1.8590694665908813,
    1.7826006412506104,
    1.7466533184051514,
    1.6935786008834839,
    1.6358414888381958,
    1.6459304094314575,
    1.614292025566101,
    1.5557129383087158,
    1.646095871925354,
    1.5425150394439697,
    1.4528011083602905,
    1.523295521736145,
    1.5356121063232422,
    1.5238789319992065,
    1.5967397689819336,
    1.6197962760925293,
    1.5368763208389282,
    1.5831643342971802,
    1.458680510520935,
    1.435613751411438,
    1.4788671731948853,
    1.441804051399231,
    1.5136371850967407,
    1.4400883913040161,
    1.4261596202850342,
    1.4832918643951416,
    1.4343135356903076,
    1.3969786167144775,
    1.4697136878967285,
    1.4508273601531982,
    1.467771291732788,
    1.4716331958770752,
    1.4981049299240112,
    1.4674265384674072,
    1.4130831956863403,
    1.5210307836532593,
    1.4771085977554321,
    1.5122593641281128
  ],
  "best_epoch": 29,
  "status": "ok",
  "grad_norm": [
    3.3491654964051794,
    2.992911942800669,
    3.0082157254617545,
    2.706279163676014,
    2.727137985908009,
    2.7450218648551754,
    2.7570638258828715,
    2.778391241237482,
    2.6718511814563186,
    2.6580309521724725,
    2.669645327100712,
    2.702575209632503,
    2.7682566442991017,
    2.634120687050076,
    2.795223697364552,
    2.724139626291952,
    2.6027442403742076,
    2.6500250163691366,
    2.6267543040426102,
    2.914375180382359,
    2.734822982854959,
    2.685874743672117,
    2.806420800047035,
    2.6681929918366873,
    2.7526080974026814,
    2.5579176592856796,
    2.661243098085098,
    2.5856251712966087,
    2.8240016584050687,
    2.6555724896794595,
    2.7370473038935614,
    2.587781246485087,
    2.6406183901432025,
    2.558564953936125,
    2.617538721421443,
    2.776348416119715,
    2.704187726854218,
    2.616815659000408,
    2.6614124470261893,
    2.775614269394829
  ],
  "beta_std": [
    0.6669527888298035,
    0.7989730834960938,
    0.6285857558250427,
    0.8004166483879089,
    0.598115861415863,
    0.6693603992462158,
    0.6238094568252563,
    0.6519907712936401,
    0.7944355607032776,
    0.7444092631340027,
    0.8612263798713684,
    0.7355064153671265,
    0.7278816103935242,
    0.7940494418144226,
    0.7526401877403259,
    0.6865369081497192,
    0.6487298607826233,
    0.5951458215713501,
    0.7229371666908264,
    0.632128894329071,
    0.6534163951873779,
    0.6348504424095154,
    0.766489565372467,
    0.8216187357902527,
    0.7224099636077881,
    0.8540499210357666,
    0.8508102893829346,
    0.8125640153884888,
    0.6037861704826355,
    0.8173269629478455,
    0.6914606690406799,
    0.7275291085243225,
    0.6829925775527954,
    0.633847713470459,
    0.653594434261322,
    0.7310510277748108,
    0.7675614953041077,
    0.7404872179031372,
    0.5938817858695984,
    0.9422144293785095
  ],
  "beta_mean": [
    -0.10010962933301926,
    -0.5493649840354919,
    -0.27884718775749207,
    -0.3250127136707306,
    -0.04734992980957031,
    -0.2570676803588867,
    -0.15519219636917114,
    -0.10205908119678497,
    -0.23087801039218903,
    -0.0950336903333664,
    0.1455802470445633,
    -0.02284773252904415,
    -0.218708336353302,
    -0.2514897584915161,
    -0.2708190679550171,
    -0.15922117233276367,
    -0.22881747782230377,
    -0.28753015398979187,
    -0.39945513010025024,
    -0.36719435453414917,
    -0.0787772685289383,
    -0.09229196608066559,
    -0.21277621388435364,
    -0.32876884937286377,
    -0.1932315081357956,
    -0.2854628562927246,
    -0.18594320118427277,
    -0.2888190448284149,
    -0.17121613025665283,
    -0.16149844229221344,
    -0.2170610874891281,
    -0.21443615853786469,
    -0.33427301049232483,
    -0.12069432437419891,
    -0.15146929025650024,
    -0.22940883040428162,
    -0.19600820541381836,
    -0.19586047530174255,
    -0.26739272475242615,
    -0.2633640468120575
  ]
}