{
  "train_loss": [
    2.613745918273926,
    2.0133109415313344,
    1.9714463719026543,
    1.8940939914444346,
    1.832102432368714,
    1.7923883912592757,
    1.7633825611185145,
    1.7441298014440654,
    1.6890832860381515,
    1.686668622876391,
    1.6540925055668678,
    1.6428538889355129,
    1.6427261470276633,
    1.6131667327880859,
    1.6079078241630838,
    1.5821357750598295,
    1.572686845049446,
    1.5503451940159738,
    1.5756715627952858,
    1.5478954570676073,
    1.5217942693498399,
    1.5573675057917464,
    1.5065041267135997,
    1.4757140333858536,
    1.5336034152537217,
    1.5223346739050783,
    1.4740031903467061,
    1.4849644488464167,
    1.4652975045310126,
    1.452323360796328,
    1.455072376580886,
    1.423373853659924,
    1.4237895353929495,
    1.402871168807701,
    1.4502109307418636,
    1.4367419360596456,
    1.4358607651863569,
    1.42005329185062,
    1.4129461713190432,
    1.389273140989704,
    1.3929791270950693,
    1.365474855163951,
    1.4106392809196755,
    1.3606563520431518,
    1.3987893773891307,
    1.3991681030650198,
    1.3735066642878968,
    1.3634265238561747,
    1.3516174014409383,
    1.3773194400175117
  ],
  "val_loss": [
    1.7845258712768555,
    1.73342764377594,
    1.744006633758545,
    1.6911672353744507,
    1.675296664237976,
    1.6148844957351685,
    1.5778101682662964,
    1.5573363304138184,
    1.6232149600982666,
    1.6163691282272339,
    1.6968576908111572,
    1.6022229194641113,
    1.6290404796600342,
    1.6594516038894653,
    1.6014587879180908,
    1.502892017364502,
    1.5186222791671753,
    1.5804412364959717,
    1.5346643924713135,
    1.4979966878890991,
    1.5578073263168335,
    1.5363554954528809,
    1.4644103050231934,
    1.5465489625930786,
    1.5152226686477661,
    1.473423957824707,
    1.5049099922180176,
    1.5574673414230347,
    1.5456887483596802,
    1.5860323905944824,
    1.4586020708084106,
    1.5080840587615967,
    1.4266921281814575,
    1.488865852355957,
    1.5164507627487183,
    1.4830693006515503,
    1.4301451444625854,
    1.416668176651001,
    1.3987516164779663,
    1.4630696773529053,
    1.4648585319519043,
    1.4527678489685059,
    1.4109529256820679,
    1.4246678352355957,
    1.4688254594802856,
    1.3975908756256104,
    1.487372636795044,
    1.4151087999343872,
    1.5376672744750977,
    1.4107227325439453
  ],
  "best_epoch": 45,
  "status": "ok",
  "grad_norm": [
    3.4474910219334522,
    3.0308332865500605,
    3.124185821534564,
    2.9509852660646985,
    2.9099862420324993,
    2.965109831753922,
    2.8830216351753526,
    2.8761285714402445,
    2.7924669099293435,
    2.8894303196300775,
    2.8361662317114678,
    2.6528541606760103,
    2.743917141943635,
    2.7317367989543326,
    2.7573958421890117,
    2.6375979999146515,
    2.7571982531587884,
    2.6083570067604405,
    2.8189635240468007,
    2.651173090150983,
    2.626122940178161,
    2.7286357381266244,
    2.6615034939065656,
    2.6169053591168154,
    2.7573927869546626,
    2.7035984676683893,
    2.6214155867899733,
    2.7019427106478204,
    2.7487355738919494,
    2.678444093957067,
    2.7818431677647886,
    2.7625809030730193,
    2.679435441534038,
    2.676773894665137,
    2.846914688117467,
    2.721839993967018,
    2.6825840258372793,
    2.6899063657588713,
    2.7659736624549645,
    2.684011666914473,
    2.65853914967707,
    2.624040260153778,
    2.7996448800852347,
    2.7260825376702527,
    2.754995167738036,
    2.7756317486189,
    2.710322257032406,
    2.7769874117879305,
    2.692429663554745,
    2.665771172812744
  ],
  "beta_std": [
    0.8356464505195618,
    0.7178102731704712,
    0.7596408128738403,
    0.6198602318763733,
    0.868824303150177,
    0.7692713737487793,
    0.818185031414032,
    0.7221734523773193,
    0.8506253957748413,
    0.7267724275588989,
    0.5818654298782349,
    0.7674015164375305,
    0.7053160071372986,
    0.7800808548927307,
    0.6893556714057922,
    0.7737583518028259,
    0.7285836935043335,
    0.6821122169494629,
    0.7998290657997131,
    0.8653850555419922,
    0.6797603964805603,
    0.6402506232261658,
    0.7568346858024597,
    0.7590786218643188,
    0.6569792032241821,
    0.7427531480789185,
    0.6410881280899048,
    0.8646697402000427,
    0.7416929602622986,
    0.6012943983078003,
    0.7100721001625061,
    0.8037067651748657,
    0.7059625387191772,
    0.7865587472915649,
    0.8022254705429077,
    0.8405810594558716,
    0.7996401190757751,
    0.6810489892959595,
    0.7617336511611938,
    0.8405026197433472,
    0.825599193572998,
    0.7556793093681335,
    0.6650713086128235,
    0.8402095437049866,
    0.7898374795913696,
    0.7589352130889893,
    0.6986414194107056,
    0.8120133876800537,
    0.6201977133750916,
    0.7536889314651489
  ],
  "beta_mean": [
    -0.06512764096260071,
    -0.18890197575092316,
    -0.1453312486410141,
    -0.1957116425037384,
    -0.18132582306861877,
    -0.07603978365659714,
    -0.07503410428762436,
    -0.3280949592590332,
    0.012256310321390629,
    -0.4030745029449463,
    -0.1918492466211319,
    -0.255022257566452,
    -0.12187989801168442,
    -0.03958260267972946,
    -0.04786679521203041,
    -0.21271969377994537,
    -0.21293115615844727,
    -0.07757332175970078,
    -0.23661410808563232,
    -0.07934541255235672,
    -0.18116752803325653,
    -0.30655208230018616,
    -0.2158484160900116,
    -0.15900655090808868,
    -0.29261359572410583,
    -0.19015343487262726,
    -0.3027162253856659,
    -0.13803182542324066,
    -0.1965407282114029,
    -0.3947679400444031,
    -0.12713387608528137,
    -0.17012445628643036,
    -0.2611445188522339,
    -0.042928408831357956,
    -0.18695248663425446,
    -0.15405210852622986,
    -0.2182048261165619,
    -0.3690372109413147,
    -0.2275058627128601,
    -0.1412132978439331,
    -0.3250996172428131,
    -0.22426831722259521,
    -0.22176110744476318,
    -0.11393935978412628,
    -0.17303717136383057,
    -0.1424424797296524,
    -0.2296248823404312,
    -0.0862201452255249,
    -0.29459407925605774,
    -0.22428745031356812
  ]
}