{
  "train_loss": [
    2.555021027929989,
    2.013660154695864,
    1.965689176335747,
    1.9004125042314883,
    1.8302989809601395,
    1.806516818764769,
    1.7584021069091043,
    1.8153999866673975,
    1.7091934282397045,
    1.7331524918403154,
    1.7196871314814062,
    1.6436861712255595,
    1.6383143124168302,
    1.653310160342558,
    1.5999098747159228,
    1.571420488357544,
    1.5972035254961179,
    1.5418642691624018,
    1.562558536529541,
    1.5267770807242689,
    1.550618644879188,
    1.51703588426849,
    1.506327582112065,
    1.5008445459530677,
    1.5290174277034807,
    1.4861088373631608,
    1.45684787709036,
    1.4767416486033687,
    1.4756984847268941,
    1.4639847055482276,
    1.4643726231139382
  ],
  "val_loss": [
    2.0878419876098633,
    1.9582921266555786,
    1.9380437135696411,
    1.85041081905365,
    1.8201580047607422,
    1.681093692779541,
    1.7589951753616333,
    1.6792786121368408,
    1.7053163051605225,
    1.7236170768737793,
    1.6457915306091309,
    1.5942776203155518,
    1.6980994939804077,
    1.5610578060150146,
    1.5168825387954712,
    1.5180869102478027,
    1.6124651432037354,
    1.532103180885315,
    1.5806961059570312,
    1.4869000911712646,
    1.420556664466858,
    1.4895212650299072,
    1.5097805261611938,
    1.4992352724075317,
    1.4376040697097778,
    1.4644743204116821,
    1.4268560409545898,
    1.5761089324951172,
    1.4565774202346802,
    1.5006754398345947,
    1.5785038471221924
  ],
  "best_epoch": 20,
  "status": "ok",
  "grad_norm": [
    3.4810660489394296,
    3.1952291784419042,
    2.88109541741742,
    2.8355101509077065,
    2.772265054313895,
    2.88851142141277,
    2.7318773359628437,
    2.941493685808896,
    2.6501940368216053,
    2.708793179943415,
    2.8151885742501928,
    2.582946008401586,
    2.608845957052339,
    2.82567943624028,
    2.6570868784802664,
    2.900307861359617,
    2.8613962113303906,
    2.7872330621009254,
    2.8435636797449746,
    2.7118650386540946,
    2.78211166112431,
    2.7311073634982526,
    2.7743705073163505,
    2.576250703141804,
    2.7381946560074257,
    2.8371282911717177,
    2.703379713990778,
    2.6243666297098276,
    2.8346726095995307,
    2.7803801939773565,
    2.796148703265497
  ],
  "beta_std": [
    0.6492844820022583,
    0.9019975066184998,
    0.5902450680732727,
    0.5117322206497192,
    0.6245657801628113,
    0.8427623510360718,
    0.7832797765731812,
    0.6011273860931396,
    0.7588165998458862,
    0.6427218317985535,
    0.7601441740989685,
    0.7073701620101929,
    0.7107719779014587,
    0.861089289188385,
    0.7844908237457275,
    0.6800888776779175,
    0.8565922379493713,
    0.8708490133285522,
    0.6901342272758484,
    0.725898265838623,
    0.7076632976531982,
    0.6923061013221741,
    0.8516330718994141,
    0.8633434176445007,
    0.7959903478622437,
    0.628357470035553,
    0.8916486501693726,
    0.6160337924957275,
    0.8120263814926147,
    0.6978883743286133,
    0.7375496029853821
  ],
  "beta_mean": [
    -0.23319204151630402,
    -0.24810367822647095,
    -0.2867108881473541,
    -0.11091886460781097,
    -0.11955900490283966,
    -0.4398633539676666,
    -0.4511532485485077,
    -0.2435232549905777,
    -0.1353714019060135,
    -0.32540348172187805,
    -0.3320373594760895,
    -0.25626257061958313,
    -0.31522613763809204,
    -0.11084452271461487,
    -0.1191389188170433,
    -0.3368414044380188,
    -0.33033880591392517,
    -0.11325681209564209,
    -0.3702794313430786,
    -0.2059272974729538,
    -0.41602590680122375,
    -0.17458747327327728,
    -0.22099295258522034,
    -0.24384082853794098,
    -0.2865864932537079,
    -0.1844506710767746,
    -0.2059096246957779,
    -0.14026422798633575,
    -0.14197126030921936,
    -0.29165521264076233,
    -0.3042280375957489
  ]
}