{
  "train_loss": [
    2.6456503244093907,
    1.9910279936849336,
    1.9644184474003168,
    1.9088828555448556,
    1.9046451912985907,
    1.8477159559579543,
    1.7892327024907242,
    1.7928634820161042,
    1.8257045573952757,
    1.7572682770387626,
    1.7556667055907074,
    1.7701547222961613,
    1.7070450005707918,
    1.6890382846785181,
    1.688826602358877,
    1.6618634114442048,
    1.670186068923385,
    1.6666785966614146,
    1.651817162360674,
    1.6297577309314115,
    1.6315784225934817,
    1.6361786748156135,
    1.6358864340958772,
    1.5833940838001392,
    1.577173069730217,
    1.575795330353725,
    1.5562081422923524,
    1.5285546994503634,
    1.554983068631019,
    1.546486256034286,
    1.4832732221226634,
    1.5408369087878568,
    1.5051744073702966,
    1.4962423814373251,
    1.5019929509104033,
    1.466086367736628,
    1.4844486742255127,
    1.471843451393975,
    1.4825544010562661,
    1.427925487153324,
    1.4452940505816612,
    1.4656017075055912,
    1.435868626229557,
    1.3972966385476384,
    1.3809159410147018,
    1.4561017596280132,
    1.3885221687363989
  ],
  "val_loss": [
    1.8882570266723633,
    1.746604084968567,
    1.7518203258514404,
    1.7391809225082397,
    1.7070209980010986,
    1.7065013647079468,
    1.7168587446212769,
    1.7674427032470703,
    1.608331561088562,
    1.5825941562652588,
    1.5830978155136108,
    1.5955029726028442,
    1.6600420475006104,
    1.7070679664611816,
    1.6151376962661743,
    1.5864136219024658,
    1.5904297828674316,
    1.5070658922195435,
    1.5499595403671265,
    1.538744568824768,
    1.5344070196151733,
    1.571412205696106,
    1.5552778244018555,
    1.5104777812957764,
    1.5566259622573853,
    1.59308922290802,
    1.5075647830963135,
    1.4924871921539307,
    1.5633689165115356,
    1.4593878984451294,
    1.4741859436035156,
    1.477513313293457,
    1.5266051292419434,
    1.5234715938568115,
    1.4256765842437744,
    1.431320309638977,
    1.4113112688064575,
    1.4904550313949585,
    1.4920778274536133,
    1.4383604526519775,
    1.451918125152588,
    1.4317796230316162,
    1.5130658149719238,
    1.4902095794677734,
    1.4927911758422852,
    1.4594231843948364,
    1.4123735427856445
  ],
  "best_epoch": 36,
  "status": "ok",
  "grad_norm": [
    3.249262876456243,
    2.8866454652209335,
    2.957774213769913,
    3.0705768827414253,
    2.8823858931499355,
    3.0077922230722556,
    2.7341355550621027,
    2.9171436592696467,
    3.1359720326617504,
    2.753271978998197,
    2.76475499718825,
    3.003887857820123,
    2.7090035523915,
    2.7995023691822243,
    2.7538278758732333,
    2.680817580288229,
    2.7478349526935686,
    2.9095443390814006,
    2.9184229547185976,
    2.6759048401702956,
    2.769538194119732,
    2.71149259237733,
    2.8783842726999853,
    2.8625775793010004,
    2.7902669349583804,
    2.829251911985979,
    2.8217217295069403,
    2.772081364146247,
    2.88159181966675,
    2.9093607116242284,
    2.648726529967211,
    2.91879323645477,
    2.8381532487402477,
    2.8833641680484345,
    2.7895775976952226,
    2.7131008557656764,
    2.9632080111741113,
    2.8110592654453277,
    2.893892583797471,
    2.8281521873805326,
    2.8620055173608647,
    2.955626564912443,
    2.8122832386696746,
    2.790560557224532,
    2.8036432393851176,
    2.84483038992044,
    2.858839042011353
  ],
  "beta_std": [
    0.596061646938324,
    0.6893129944801331,
    0.5682911276817322,
    0.6616572737693787,
    0.514819324016571,
    0.7540619373321533,
    0.7244953513145447,
    0.6420485973358154,
    0.5724767446517944,
    0.7967901229858398,
    0.6700717806816101,
    0.7259057760238647,
    0.6040899753570557,
    0.8001550436019897,
    0.5904678702354431,
    0.778445839881897,
    0.7985296845436096,
    0.6969578862190247,
    0.749249279499054,
    0.7293624877929688,
    0.7213937044143677,
    0.7713868021965027,
    0.7827155590057373,
    0.6600685715675354,
    0.8168801665306091,
    0.644162654876709,
    0.7802777290344238,
    0.7265293598175049,
    0.8001896739006042,
    0.6298511028289795,
    0.6699085831642151,
    0.8098897337913513,
    0.7229342460632324,
    0.7926280498504639,
    0.7299169898033142,
    0.6471179127693176,
    0.6527485251426697,
    0.627840518951416,
    0.7996319532394409,
    0.7696966528892517,
    0.5734879374504089,
    0.6702808141708374,
    0.7616838216781616,
    0.7087377309799194,
    0.7607879042625427,
    0.67801433801651,
    0.7416477203369141
  ],
  "beta_mean": [
    0.2155151665210724,
    -0.06766173988580704,
    -0.2668411135673523,
    -0.3739882707595825,
    -0.0894150659441948,
    0.04678884893655777,
    -0.1492426097393036,
    0.03824141249060631,
    -0.2566811740398407,
    -0.35415196418762207,
    -0.21837294101715088,
    -0.17497877776622772,
    -0.3304442763328552,
    -0.2816893756389618,
    -0.275178462266922,
    -0.06448644399642944,
    -0.2202751636505127,
    -0.09647789597511292,
    -0.07491745054721832,
    -0.059111230075359344,
    -0.12108057737350464,
    -0.20691229403018951,
    -0.15522634983062744,
    -0.13904449343681335,
    -0.01636882871389389,
    -0.2998344600200653,
    -0.00017114149522967637,
    -0.23629485070705414,
    -0.11215180158615112,
    -0.07107309252023697,
    -0.3789345920085907,
    -0.19177891314029694,
    -0.27487802505493164,
    -0.0917418897151947,
    -0.17616988718509674,
    -0.1637379676103592,
    -0.20123355090618134,
    -0.22051966190338135,
    -0.31586167216300964,
    -0.17045310139656067,
    -0.22370482981204987,
    -0.2195635586977005,
    -0.135750412940979,
    -0.17764827609062195,
    -0.2204616218805313,
    -0.16334153711795807,
    -0.3162401020526886
  ]
}