{
  "train_loss": [
    2.560536443569042,
    1.9902081059820858,
    1.906245897964195,
    1.9154889884995825,
    1.8677180187790483,
    1.8282397430325732,
    1.7726194365230608,
    1.7532904850406412,
    1.700846190040494,
    1.7017899273059987,
    1.6669153134028116,
    1.6738124491844648,
    1.6773799121527024,
    1.652122428211165,
    1.5751456969461324,
    1.599364679477833,
    1.6314013456415246,
    1.6055031063527236,
    1.56456642533526,
    1.5413585871237296,
    1.5336531743885558,
    1.5353073983722263,
    1.529710259731905,
    1.5118821272437954,
    1.5134008711355704,
    1.487325195412577,
    1.5069140453691836,
    1.4964995855166587,
    1.455348162121243,
    1.4624732084038816,
    1.4457639171459056,
    1.4613154012774243,
    1.4190215933764423,
    1.4416454036147506,
    1.4271352372051758,
    1.3974309214250542,
    1.3957972715519094,
    1.408234043356813,
    1.432850581039617,
    1.4191333827854675
  ],
  "val_loss": [
    1.9989874362945557,
    1.9054486751556396,
    1.8392714262008667,
    2.0233452320098877,
    1.8510100841522217,
    1.802796721458435,
    1.7624872922897339,
    1.6756879091262817,
    1.7368251085281372,
    1.7308313846588135,
    1.601775884628296,
    1.5859098434448242,
    1.615384817123413,
    1.5573968887329102,
    1.5867066383361816,
    1.6061983108520508,
    1.5895847082138062,
    1.6233124732971191,
    1.4981021881103516,
    1.5110349655151367,
    1.471961498260498,
    1.5875383615493774,
    1.4435299634933472,
    1.5075346231460571,
    1.4743503332138062,
    1.5431742668151855,
    1.5026118755340576,
    1.4842684268951416,
    1.5666264295578003,
    1.423003911972046,
    1.4751255512237549,
    1.4768372774124146,
    1.4846795797348022,
    1.5561888217926025,
    1.5026620626449585,
    1.4805539846420288,
    1.4938135147094727,
    1.5037282705307007,
    1.5078949928283691,
    1.5460443496704102
  ],
  "best_epoch": 29,
  "status": "ok",
  "grad_norm": [
    3.4495671850675853,
    3.0372624359303586,
    2.7483297486817206,
    2.9447091298345973,
    2.77955579264263,
    2.7679424783548936,
    2.7136985459687377,
    2.703177174309949,
    2.5992479124960797,
    2.716607949909724,
    2.7376516851988897,
    2.820139460599082,
    2.755110417118679,
    2.9406265399258427,
    2.6913092979354305,
    2.8441408278142752,
    2.926941651527384,
    2.793377054167922,
    2.807829378470965,
    2.764222304731195,
    2.7341682735602255,
    2.912765280141067,
    2.7696449916075028,
    2.624156554189923,
    2.650432655036733,
    2.7637964223821134,
    2.8064487541780965,
    2.9346514781954895,
    2.663277140590292,
    2.6732816958722805,
    2.6890092013417557,
    2.7961860785607704,
    2.7821638872331937,
    2.8939091375526353,
    2.6239322875443896,
    2.61878441699748,
    2.6901248241821993,
    2.9156318614499606,
    2.8846544328248127,
    2.7637740170267593
  ],
  "beta_std": [
    0.8144166469573975,
    0.8134336471557617,
    0.751731812953949,
    0.4947741627693176,
    0.9475334286689758,
    0.903663694858551,
    0.8606247305870056,
    0.7829297780990601,
    0.7962825894355774,
    0.7026665806770325,
    0.8055055737495422,
    0.7378994226455688,
    0.8230093121528625,
    0.6463532447814941,
    0.62857586145401,
    0.7356519103050232,
    0.794887125492096,
    0.7299474477767944,
    0.8654958009719849,
    0.9284476637840271,
    0.8484917879104614,
    0.6552971601486206,
    0.8296980261802673,
    0.6896084547042847,
    0.7357978820800781,
    0.8712345957756042,
    0.9089944362640381,
    0.691288411617279,
    0.8489686250686646,
    0.7687808275222778,
    0.7029021978378296,
    0.7829883098602295,
    0.6983818411827087,
    0.6596088409423828,
    0.7708835005760193,
    0.7274995446205139,
    0.7688561081886292,
    0.7438225150108337,
    0.8448885679244995,
    0.7367966771125793
  ],
  "beta_mean": [
    -0.20889176428318024,
    -0.011127162724733353,
    -0.39781874418258667,
    -0.3497084677219391,
    -0.19069021940231323,
    -0.3216974437236786,
    -0.3131544291973114,
    -0.10612042248249054,
    -0.3097139596939087,
    -0.06585174053907394,
    0.030180713161826134,
    -0.30122730135917664,
    -0.2940250337123871,
    -0.2938889265060425,
    -0.22174406051635742,
    -0.22500956058502197,
    -0.13376484811306,
    -0.17931801080703735,
    -0.3110232353210449,
    -0.13861924409866333,
    -0.30886441469192505,
    -0.16577860713005066,
    -0.22172047197818756,
    -0.2776640057563782,
    -0.3118838965892792,
    -0.396858274936676,
    -0.07032708823680878,
    -0.24202050268650055,
    0.11379213631153107,
    -0.3370271921157837,
    -0.15685896575450897,
    -0.07865705341100693,
    -0.1918058544397354,
    -0.27211108803749084,
    -0.382791131734848,
    -0.14448294043540955,
    -0.2173222452402115,
    -0.41653284430503845,
    -0.16876430809497833,
    -0.25693604350090027
  ]
}