{
  "train_loss": [
    2.47076226575875,
    1.9906937387254504,
    1.9037658165119313,
    1.8786669679335606,
    1.785102633488031,
    1.7573186121457889,
    1.7440936475918616,
    1.7066756572841126,
    1.7107333594192693,
    1.6821732296767058,
    1.6662745967323398,
    1.642094466244733,
    1.6199775735831554,
    1.5962786765746129,
    1.593741309436751,
    1.5707590365115507,
    1.5601663864983453,
    1.5292545521700824,
    1.501205139219025,
    1.5234553901060128,
    1.4848471131148162,
    1.5175425754947427,
    1.4797695820419876,
    1.4381153499344248,
    1.436002634778435,
    1.4327817550117588,
    1.472322979208864,
    1.4779758513709644,
    1.4186995758539365,
    1.3850213566238498,
    1.4405392941133475,
    1.3898113004072212
  ],
  "val_loss": [
    1.821911096572876,
    1.7248802185058594,
    1.647180438041687,
    1.6512519121170044,
    1.6120877265930176,
    1.5485386848449707,
    1.5160166025161743,
    1.5890945196151733,
    1.5075812339782715,
    1.558104395866394,
    1.5220030546188354,
    1.5815565586090088,
    1.5103654861450195,
    1.4647120237350464,
    1.5366325378417969,
    1.3687196969985962,
    1.427685022354126,
    1.4279369115829468,
    1.4138672351837158,
    1.430690050125122,
    1.513100266456604,
    1.3489934206008911,
    1.429206371307373,
    1.4393295049667358,
    1.4354599714279175,
    1.358354926109314,
    1.395222544670105,
    1.380384087562561,
    1.3927581310272217,
    1.4444926977157593,
    1.400330662727356,
    1.39966881275177
  ],
  "best_epoch": 21,
  "status": "ok",
  "grad_norm": [
    3.5542426244267724,
    3.258934536096042,
    2.98696696833146,
    3.1123684420887603,
    2.881136134498586,
    2.920059517204749,
    2.9684765107631805,
    2.843656531249339,
    3.001963301997758,
    2.9456096623884247,
    2.7303137332099947,
    2.679585378536909,
    2.8792081791452944,
    2.747683740192033,
    2.8321975393031744,
    2.6677171607698074,
    2.7848871313981323,
    2.74831582103879,
    2.6517240249579483,
    2.810127613608938,
    2.762557667993881,
    2.8266172718564913,
    2.8347355302533748,
    2.646775011520735,
    2.6723528027269605,
    2.791095257804923,
    3.0251107897907374,
    2.881351795904401,
    2.715599065915987,
    2.675278345831372,
    2.7795353623745593,
    2.621633055094121
  ],
  "beta_std": [
    0.6310012340545654,
    0.9014344811439514,
    0.6944316029548645,
    0.7794684171676636,
    0.5910509824752808,
    0.9683567881584167,
    0.6660872101783752,
    0.883578896522522,
    0.8066666126251221,
    0.6395207643508911,
    0.7944526672363281,
    0.8262976408004761,
    0.7009989023208618,
    0.6971123814582825,
    0.7269995212554932,
    0.6699522137641907,
    0.7947576642036438,
    0.7506903409957886,
    0.6550167202949524,
    0.8677018284797668,
    0.8771914839744568,
    0.7966510057449341,
    0.7530658841133118,
    0.8396379947662354,
    0.8693267703056335,
    0.8529101014137268,
    0.8336012959480286,
    0.8870638608932495,
    0.687507152557373,
    0.8169955611228943,
    0.788612961769104,
    0.7363996505737305
  ],
  "beta_mean": [
    0.049765728414058685,
    -0.23960015177726746,
    -0.03553960844874382,
    -0.3529171645641327,
    -0.1682085543870926,
    -0.30841314792633057,
    -0.17404700815677643,
    -0.07439614087343216,
    -0.14889425039291382,
    -0.13688024878501892,
    -0.03801460191607475,
    -0.369955837726593,
    -0.20328152179718018,
    -0.09756207466125488,
    -0.2867177128791809,
    -0.27192744612693787,
    -0.16365882754325867,
    -0.23656471073627472,
    -0.19165772199630737,
    -0.2508801817893982,
    -0.30870380997657776,
    -0.15461137890815735,
    -0.12847232818603516,
    -0.13917145133018494,
    -0.14649155735969543,
    -0.19697648286819458,
    -0.11818244308233261,
    -0.1313786804676056,
    -0.3722623288631439,
    -0.13028062880039215,
    -0.051458876579999924,
    -0.16187480092048645
  ]
}