{
  "train_loss": [
    2.5132318265349776,
    2.039701507003219,
    1.9611543148535269,
    1.916951613014127,
    1.8810898780234067,
    1.8190246078114451,
    1.821529714325328,
    1.7379459348136996,
    1.7298091955538148,
    1.7711572163782001,
    1.738584646060143,
    1.6682948051264257,
    1.646359269236341,
    1.6141511051743118,
    1.6370073654622208,
    1.567531331497946,
    1.5920921232670913,
    1.5421071673028264,
    1.537536656709365,
    1.5100962615307467,
    1.4935655266561625,
    1.4828285754168475,
    1.4832932901971134,
    1.4994996883839737,
    1.4580465284983317,
    1.4973753548845832,
    1.4790689565517283,
    1.436376545517533,
    1.4559186122446883,
    1.4237369128804147,
    1.443577103614807,
    1.4066999361250137,
    1.4421209037451097,
    1.4461753268300752,
    1.4134951412530592,
    1.4021562064724205,
    1.4007716167120285,
    1.4256249243536112,
    1.3766180539425508,
    1.4088473257017724,
    1.408756944220743,
    1.3678892075279612,
    1.3649811889507153,
    1.3807177000281252,
    1.3484813651332148,
    1.3777244954050323,
    1.3736541849301185,
    1.3722719108911208,
    1.3455119754649976,
    1.3440328244515407
  ],
  "val_loss": [
    1.9837894439697266,
    1.7759146690368652,
    1.7810966968536377,
    1.79207181930542,
    1.6036442518234253,
    1.5957976579666138,
    1.576036810874939,
    1.5406246185302734,
    1.4465315341949463,
    1.558119297027588,
    1.593140721321106,
    1.472118854522705,
    1.428648829460144,
    1.6092380285263062,
    1.4076629877090454,
    1.54338800907135,
    1.4248863458633423,
    1.4774566888809204,
    1.3674384355545044,
    1.3756616115570068,
    1.4952707290649414,
    1.3680908679962158,
    1.4034020900726318,
    1.3638019561767578,
    1.3426240682601929,
    1.4016227722167969,
    1.3220458030700684,
    1.2919507026672363,
    1.3249932527542114,
    1.423193097114563,
    1.2873514890670776,
    1.3706111907958984,
    1.3222928047180176,
    1.3910729885101318,
    1.3450846672058105,
    1.324720859527588,
    1.3862937688827515,
    1.3183835744857788,
    1.3791319131851196,
    1.284498691558838,
    1.2972831726074219,
    1.3545273542404175,
    1.2879810333251953,
    1.3743157386779785,
    1.2848243713378906,
    1.361794114112854,
    1.2674707174301147,
    1.2782645225524902,
    1.4046175479888916,
    1.4487030506134033
  ],
  "best_epoch": 46,
  "status": "ok",
  "grad_norm": [
    3.4892366144908937,
    3.049295934210366,
    2.9188551714333664,
    2.9669824401007086,
    2.90907140482454,
    2.7397550647156637,
    2.851896653887482,
    2.757730631234844,
    2.777965331234802,
    2.8342678853424674,
    3.006309429007684,
    2.7899641209455543,
    2.9309287177459904,
    2.6737350910969973,
    2.758823090378655,
    2.754406725986586,
    2.7878481619954556,
    2.6508440344522004,
    2.6686473140109634,
    2.736810556136613,
    2.6800799395299624,
    2.702611086357525,
    2.798353530869646,
    2.8312040123864484,
    2.7503321886464973,
    2.8809935178441246,
    2.71712247083125,
    2.7635709533958166,
    2.77518843096864,
    2.7805413016431992,
    2.7805761878727715,
    2.6654523910209758,
    2.8315944214683806,
    2.8373216332432953,
    2.7096397933510037,
    2.7370239855138565,
    2.710733585371898,
    2.7795227046472326,
    2.674141618752265,
    2.802154120938534,
    2.8736119795856956,
    2.6788200063477845,
    2.603402155210086,
    2.722644281451145,
    2.7501465753413927,
    2.7927809320576866,
    2.740578089094841,
    2.8266988675423907,
    2.781682861887074,
    2.700462109548571
  ],
  "beta_std": [
    0.577834963798523,
    0.700534999370575,
    0.6863207221031189,
    0.6684450507164001,
    0.651511013507843,
    0.5908992290496826,
    0.7838581204414368,
    0.752259373664856,
    0.731234073638916,
    0.7920975685119629,
    0.8347960710525513,
    0.7411506772041321,
    0.7870711088180542,
    0.7202222943305969,
    0.7423306703567505,
    0.628850519657135,
    0.774283766746521,
    0.7247733473777771,
    0.6890032887458801,
    0.7468969225883484,
    0.7312862277030945,
    0.7713727951049805,
    0.6861768364906311,
    0.6485002636909485,
    0.6488548517227173,
    0.8191019892692566,
    0.6598598957061768,
    0.7793838381767273,
    0.7842210531234741,
    0.6225113868713379,
    0.7622594237327576,
    0.8387335538864136,
    0.7699363827705383,
    0.7681823372840881,
    0.7460139989852905,
    0.7880868315696716,
    0.6914365887641907,
    0.7210350632667542,
    0.7581644058227539,
    0.7025485038757324,
    0.7111952900886536,
    0.6676109433174133,
    0.7652495503425598,
    0.7447268962860107,
    0.8419249057769775,
    0.7888911962509155,
    0.843350887298584,
    0.7296165227890015,
    0.898830235004425,
    0.5351852178573608
  ],
  "beta_mean": [
    -0.16604359447956085,
    -0.20552685856819153,
    -0.07478571683168411,
    -0.32798027992248535,
    -0.05841892957687378,
    -0.36955031752586365,
    -0.14533837139606476,
    -0.2331748902797699,
    -0.21563348174095154,
    -0.1255294531583786,
    -0.02156299725174904,
    -0.2843261957168579,
    0.12161102145910263,
    -0.2237989455461502,
    -0.07298757880926132,
    -0.050925981253385544,
    -0.2907424569129944,
    -0.3202807605266571,
    -0.2026827484369278,
    -0.158157080411911,
    -0.15897977352142334,
    -0.48857665061950684,
    -0.3695307970046997,
    -0.13523757457733154,
    -0.1895991414785385,
    -0.2955302596092224,
    -0.28836867213249207,
    -0.519709050655365,
    -0.279837965965271,
    -0.16194720566272736,
    -0.13173756003379822,
    -0.05850894749164581,
    -0.3137698173522949,
    -0.08699102699756622,
    -0.29716628789901733,
    -0.09157025068998337,
    0.03158123418688774,
    -0.20422323048114777,
    -0.20488281548023224,
    -0.17523549497127533,
    -0.1498626172542572,
    -0.11974246799945831,
    -0.19618451595306396,
    0.03775564953684807,
    -0.01678961142897606,
    -0.1542578488588333,
    -0.21670708060264587,
    -0.18965892493724823,
    -0.17770376801490784,
    -0.21497565507888794
  ]
}