{
  "train_loss": [
    2.4440086187786525,
    2.0270860894521077,
    1.979272204822964,
    1.9284406492445203,
    1.8715618152618407,
    1.8298570986853706,
    1.7857910336388483,
    1.7727611973020765,
    1.747289440366957,
    1.7143991385565864,
    1.698765768898858,
    1.6912071084976197,
    1.6678370927174886,
    1.646216429816352,
    1.6254401810963948,
    1.616595475938585,
    1.5657577423519558,
    1.5796698447333442,
    1.5593393544091119,
    1.512456707848443,
    1.5234978967242772,
    1.525548443476359,
    1.5093119970957438,
    1.5370808459387886,
    1.5388074305852255,
    1.552898609691196,
    1.5077704044977824,
    1.4631913776397705,
    1.4994890893300374,
    1.448172656165229,
    1.4345198264651828,
    1.4443992022408378,
    1.4604464259677463,
    1.4533427011701796,
    1.4458512079450818,
    1.4389843903647528,
    1.422290196524726,
    1.4133251816431682,
    1.422403218375312
  ],
  "val_loss": [
    1.7521601915359497,
    1.9101704359054565,
    1.744837760925293,
    1.7455265522003174,
    1.7481180429458618,
    1.6537237167358398,
    1.5773869752883911,
    1.5582048892974854,
    1.715392827987671,
    1.733993649482727,
    1.6910417079925537,
    1.4756481647491455,
    1.566149115562439,
    1.5210627317428589,
    1.550359845161438,
    1.4563275575637817,
    1.4597535133361816,
    1.5041418075561523,
    1.4912514686584473,
    1.4495480060577393,
    1.4569690227508545,
    1.5108556747436523,
    1.5810621976852417,
    1.47507905960083,
    1.4756325483322144,
    1.4670631885528564,
    1.4373704195022583,
    1.4865665435791016,
    1.4075602293014526,
    1.443817377090454,
    1.4270257949829102,
    1.4527162313461304,
    1.4649533033370972,
    1.4438940286636353,
    1.4069256782531738,
    1.4116183519363403,
    1.4312137365341187,
    1.527923345565796,
    1.4539283514022827
  ],
  "best_epoch": 28,
  "status": "ok",
  "grad_norm": [
    3.341429643167086,
    3.026422578693653,
    3.0298231280858854,
    2.824793373013212,
    2.904076622457998,
    2.800036616191394,
    2.7683559059554574,
    2.7349341810403027,
    2.849042574563825,
    2.7268691592627965,
    2.693515391235583,
    2.6794032176507496,
    2.747270906650592,
    2.647453229591238,
    2.5781624803915246,
    2.763393793639045,
    2.747787820160832,
    2.6733917841163533,
    2.716425585719555,
    2.673008268992439,
    2.6915712854296214,
    2.579479227813086,
    2.6822862539183046,
    2.7943358978412123,
    2.936388166093072,
    2.864293221381061,
    2.73885277189496,
    2.673830350734658,
    2.805005888685099,
    2.6122015193914483,
    2.663521107229452,
    2.673599330108657,
    2.8052980686485536,
    2.7290057678262616,
    2.7845945062098147,
    2.8166376621818117,
    2.714514441881749,
    2.7212342564057614,
    2.678217640799379
  ],
  "beta_std": [
    0.7901992201805115,
    0.5016661882400513,
    0.6476101279258728,
    0.6776561737060547,
    0.5898188948631287,
    0.8514717817306519,
    0.5594017505645752,
    0.6225760579109192,
    0.8392499089241028,
    0.7856791615486145,
    0.8885526061058044,
    0.6610637903213501,
    0.6428048610687256,
    0.7650623917579651,
    0.5931320786476135,
    0.7469119429588318,
    0.7584156394004822,
    0.7131760716438293,
    0.8276857137680054,
    0.828993022441864,
    0.6913999319076538,
    0.9637003540992737,
    0.7721751928329468,
    0.637640655040741,
    0.7587128281593323,
    0.8608202934265137,
    0.8184836506843567,
    0.8779019713401794,
    0.6555514931678772,
    0.7524735927581787,
    0.8860164284706116,
    0.5989495515823364,
    0.7200045585632324,
    0.7405103445053101,
    0.6835100650787354,
    0.663632333278656,
    0.7983660697937012,
    0.8500537276268005,
    0.7468091249465942
  ],
  "beta_mean": [
    -0.163056880235672,
    0.00708713149651885,
    -0.06166404113173485,
    -0.03589455410838127,
    -0.3227284252643585,
    -0.21403762698173523,
    -0.16813266277313232,
    -0.19582636654376984,
    -0.07347483187913895,
    -0.04511210322380066,
    -0.47736358642578125,
    -0.26110413670539856,
    -0.1624646931886673,
    -0.05338789522647858,
    -0.21856875717639923,
    -0.20537593960762024,
    -0.3692939281463623,
    -0.12428352236747742,
    -0.24199368059635162,
    -0.28578710556030273,
    -0.21204239130020142,
    -0.2499295026063919,
    0.010744513012468815,
    -0.3360610604286194,
    -0.29165688157081604,
    -0.2527337074279785,
    -0.26198267936706543,
    -0.29430150985717773,
    -0.19673776626586914,
    -0.20047268271446228,
    -0.18225473165512085,
    -0.07615536451339722,
    -0.21885435283184052,
    0.015867356210947037,
    0.008469836786389351,
    -0.19279198348522186,
    -0.39954429864883423,
    -0.19574804604053497,
    -0.02919348143041134
  ]
}