{
  "train_loss": [
    2.534693758010864,
    2.032002745734321,
    1.969096218532986,
    1.8842181826697455,
    1.851396712621053,
    1.7817277499304878,
    1.762948186132643,
    1.7180366047753228,
    1.7425270822313097,
    1.6691656564076742,
    1.6957014529969958,
    1.6545532516903347,
    1.6262771077685887,
    1.5960997177759806,
    1.5735567004945543,
    1.5931077618069118,
    1.557874911096361,
    1.5575680961608886,
    1.545276941087511,
    1.5292490394380358,
    1.5274625995424058,
    1.509368614408705,
    1.51200001917945,
    1.5091860988405015,
    1.4665408687591552,
    1.4954208884769016,
    1.4635127408769395,
    1.4575301264656915,
    1.4483693449232313,
    1.4366569272147285,
    1.4142307674619887
  ],
  "val_loss": [
    1.871649146080017,
    1.8298298120498657,
    1.9537827968597412,
    1.820896863937378,
    1.791167974472046,
    1.7238683700561523,
    1.8161072731018066,
    1.725721836090088,
    1.6786534786224365,
    1.7060909271240234,
    1.6320065259933472,
    1.7445905208587646,
    1.6851965188980103,
    1.659720778465271,
    1.5542736053466797,
    1.552558183670044,
    1.5574008226394653,
    1.5834956169128418,
    1.5151140689849854,
    1.458360195159912,
    1.441967248916626,
    1.7728883028030396,
    1.4913148880004883,
    1.5095776319503784,
    1.5975393056869507,
    1.462019443511963,
    1.6013003587722778,
    1.4926751852035522,
    1.4939594268798828,
    1.498211145401001,
    1.4871798753738403
  ],
  "best_epoch": 20,
  "status": "ok",
  "grad_norm": [
    3.3895194476478476,
    3.0975951374875406,
    3.1934312641308273,
    2.8569071492438396,
    3.0500670986240643,
    2.9126875006642114,
    2.7794043176738956,
    2.8006782778815733,
    2.9168677887692915,
    2.805319469463014,
    2.9381911465505737,
    2.7589540982055913,
    2.8290529108322993,
    2.741564121941706,
    2.7317039340578195,
    2.8452661504227024,
    2.745767203039576,
    3.0422236322412495,
    2.860671217828551,
    2.742134100911307,
    2.7790498823026213,
    2.877882986774652,
    2.702443421091349,
    2.8999095762392493,
    2.6739407097947585,
    2.842123696390941,
    2.7687346205989085,
    2.785344540002083,
    2.758256588602515,
    2.6083949361883674,
    2.6928772709764477
  ],
  "beta_std": [
    0.5959140658378601,
    0.8139309883117676,
    0.4920421242713928,
    0.5414453148841858,
    0.5596156716346741,
    0.7603763937950134,
    0.7328124046325684,
    0.6854583621025085,
    0.7648162245750427,
    0.7446004748344421,
    0.8600424528121948,
    0.7374535202980042,
    0.879326343536377,
    0.7981714010238647,
    0.848738431930542,
    0.8355013132095337,
    0.6467394828796387,
    0.6450061202049255,
    0.7810437083244324,
    0.6933454275131226,
    0.7320358157157898,
    0.7717840075492859,
    0.7723581194877625,
    0.9520971775054932,
    0.737932026386261,
    0.9273500442504883,
    0.7298247814178467,
    0.6364378929138184,
    0.6566087603569031,
    0.7861289381980896,
    0.7687093615531921
  ],
  "beta_mean": [
    -0.03674288094043732,
    -0.24127358198165894,
    -0.3634435534477234,
    -0.25411638617515564,
    -0.2644851505756378,
    -0.37699857354164124,
    -0.05608814209699631,
    -0.08920536935329437,
    -0.30708733201026917,
    -0.09613239765167236,
    -0.2639760375022888,
    0.09227826446294785,
    -0.06106500327587128,
    -0.2063797265291214,
    -0.354768842458725,
    -0.16940297186374664,
    -0.29411646723747253,
    -0.27404195070266724,
    -0.1510055512189865,
    -0.07894240319728851,
    -0.1456710547208786,
    -0.29935938119888306,
    -0.33908939361572266,
    -0.2582024335861206,
    -0.20441129803657532,
    -0.1395721435546875,
    -0.06898710876703262,
    -0.12468122690916061,
    -0.25113850831985474,
    -0.2971673011779785,
    -0.07520683109760284
  ]
}