{
  "train_loss": [
    2.4317880409028794,
    2.0397380468580457,
    1.977091783947415,
    1.8739521198272706,
    1.8503545479244656,
    1.8229942951202394,
    1.8131917451222737,
    1.7618937986161973,
    1.7662064504623414,
    1.7592646233240763,
    1.7611655240588717,
    1.7528972914483811,
    1.7349476206037733,
    1.6950542356703016,
    1.7240838277604844,
    1.6736056167814466,
    1.6645194636450873,
    1.6752425084643894,
    1.626713720957438,
    1.6427332303788926,
    1.6189859603246053,
    1.6233741190168594,
    1.585443170229594,
    1.6019778302510579,
    1.5986231719122992,
    1.5962662920422024,
    1.5557441262139213,
    1.5365333224402533,
    1.5123123069339328,
    1.563433977127075,
    1.5097431956397163,
    1.5202628804312812,
    1.4905713623894585,
    1.4997339967091878,
    1.5060361870659722,
    1.4357065772480435,
    1.4505710933473375,
    1.4488879400889079,
    1.4542889626820883,
    1.439284295929803,
    1.4300745694902208,
    1.4452554683685304,
    1.3964593888388739,
    1.4208295625050862,
    1.4084743574990166,
    1.40240811475118,
    1.42574536980523,
    1.4023260061475966,
    1.3835142362382677,
    1.3834092650943333
  ],
  "val_loss": [
    1.7636653184890747,
    1.8548924922943115,
    1.7885931730270386,
    1.628578782081604,
    1.634027123451233,
    1.6178303956985474,
    1.6570899486541748,
    1.7111115455627441,
    1.651921033859253,
    1.6204442977905273,
    1.6164672374725342,
    1.5002692937850952,
    1.5057321786880493,
    1.7024930715560913,
    1.5255300998687744,
    1.527438759803772,
    1.526206135749817,
    1.489080548286438,
    1.5023871660232544,
    1.4931633472442627,
    1.4973987340927124,
    1.4423401355743408,
    1.5212340354919434,
    1.541135311126709,
    1.4664802551269531,
    1.5130393505096436,
    1.4116390943527222,
    1.4592186212539673,
    1.5725560188293457,
    1.4428445100784302,
    1.4631563425064087,
    1.3857078552246094,
    1.4289873838424683,
    1.417583703994751,
    1.500832438468933,
    1.4570224285125732,
    1.440665602684021,
    1.4956121444702148,
    1.483575701713562,
    1.4448847770690918,
    1.3922924995422363,
    1.351564645767212,
    1.3656182289123535,
    1.409997820854187,
    1.3425017595291138,
    1.5259157419204712,
    1.4572854042053223,
    1.4117594957351685,
    1.3740211725234985,
    1.3342427015304565
  ],
  "best_epoch": 49,
  "status": "ok",
  "grad_norm": [
    3.1809576729562816,
    3.048579690797245,
    2.9958056864020977,
    2.684385058495569,
    2.876940168757313,
    2.87325566685771,
    2.842585265432062,
    2.720147827756537,
    2.738428114140709,
    2.691999494579096,
    2.727295728546339,
    2.768690257261287,
    2.7285757286493246,
    2.6924693417738887,
    2.7553442663411114,
    2.5859427943634374,
    2.6606478807483125,
    2.703472295754926,
    2.665189250644536,
    2.673677589127864,
    2.542337723774712,
    2.688994169836235,
    2.61567219216534,
    2.7132293096123288,
    2.742742260570176,
    2.7611066805543576,
    2.6795595956308844,
    2.569994525404237,
    2.722428829506698,
    2.7613526660933774,
    2.6204500439170357,
    2.6336651398197404,
    2.715561594568396,
    2.6672122374655833,
    2.773821673907113,
    2.5920283572521234,
    2.612196945879883,
    2.761268427392394,
    2.6881467991251933,
    2.6708582066261193,
    2.597212208881485,
    2.7944444087526303,
    2.6171273318040873,
    2.7032518827232868,
    2.671669719480119,
    2.6825600930902365,
    2.661336934745379,
    2.689152284153491,
    2.776112114876516,
    2.7105146422023014
  ],
  "beta_std": [
    0.7822907567024231,
    0.690617561340332,
    0.4718945324420929,
    0.7779639959335327,
    0.6409345269203186,
    0.6532813310623169,
    0.7753245234489441,
    0.6667904257774353,
    0.5552237033843994,
    0.8318217992782593,
    0.7832357287406921,
    0.6570314764976501,
    0.6473044157028198,
    0.6812770962715149,
    0.651857852935791,
    0.7189288139343262,
    0.7569458484649658,
    0.7586503028869629,
    0.681461751461029,
    0.7731172442436218,
    0.5391677021980286,
    0.7366076111793518,
    0.6084117293357849,
    0.6761806607246399,
    0.7962674498558044,
    0.7764241695404053,
    0.7657915949821472,
    0.7514575123786926,
    0.735289990901947,
    0.7236418128013611,
    0.6768314838409424,
    0.7975867986679077,
    0.7034482955932617,
    0.6527568101882935,
    0.6939508318901062,
    0.6226069927215576,
    0.8827008008956909,
    0.6668436527252197,
    0.6863195896148682,
    0.6478891372680664,
    0.66936194896698,
    0.8006194829940796,
    0.7839834690093994,
    0.6912789344787598,
    0.6522776484489441,
    0.7134091854095459,
    0.7400507926940918,
    0.7128492593765259,
    0.840759813785553,
    0.811896026134491
  ],
  "beta_mean": [
    -0.4043368697166443,
    -0.06552762538194656,
    -0.21929723024368286,
    -0.5343568325042725,
    -0.2363099455833435,
    -0.3242743909358978,
    -0.2968617081642151,
    0.04742651805281639,
    -0.08173096925020218,
    -0.054759904742240906,
    -0.16518817842006683,
    -0.08018957078456879,
    -0.05078742280602455,
    -0.13728661835193634,
    -0.259255588054657,
    -0.24131812155246735,
    -0.340609610080719,
    -0.3883020579814911,
    -0.021454552188515663,
    -0.16404378414154053,
    -0.2625632882118225,
    -0.07077192515134811,
    -0.3133937418460846,
    -0.2280912846326828,
    -0.16222304105758667,
    -0.15740400552749634,
    -0.18947628140449524,
    -0.29216450452804565,
    -0.16233359277248383,
    -0.18049214780330658,
    -0.16913491487503052,
    -0.15173682570457458,
    -0.20248104631900787,
    -0.25723493099212646,
    -0.1347218155860901,
    -0.20649684965610504,
    -0.16407036781311035,
    -0.2035473734140396,
    -0.2990971505641937,
    -0.1424783617258072,
    -0.1504177451133728,
    -0.273768812417984,
    -0.1541796326637268,
    -0.0822923555970192,
    -0.21396730840206146,
    -0.22464248538017273,
    -0.16186900436878204,
    -0.266597181558609,
    -0.2088898867368698,
    -0.28227874636650085
  ]
}