{
  "train_loss": [
    2.462938404507107,
    2.0231286565992566,
    1.8880859610239664,
    1.876437412155999,
    1.8415461069742838,
    1.7787961229748197,
    1.7481997436947292,
    1.6840473889244927,
    1.6811977587805853,
    1.6415076197518244,
    1.6127901476754083,
    1.601446759753757,
    1.5720951014624702,
    1.5459141776826646,
    1.563943568971422,
    1.5386422725253635,
    1.5234755704667833,
    1.524972430229187,
    1.532286717944675,
    1.5042519255744087,
    1.4891329831017388,
    1.4772362458970811,
    1.4874097475475736,
    1.4639129552841186,
    1.509526420487298,
    1.468158383899265,
    1.455020779715644,
    1.4590733686023287,
    1.4251584000057644,
    1.4194576454162597,
    1.464082927385966,
    1.4175869914160835,
    1.4371088786655002,
    1.4352795844607884
  ],
  "val_loss": [
    1.887276530265808,
    1.83030366897583,
    1.734954833984375,
    1.6576952934265137,
    1.6807267665863037,
    1.6768929958343506,
    1.598191499710083,
    1.5422377586364746,
    1.5020579099655151,
    1.5110024213790894,
    1.5198068618774414,
    1.4400233030319214,
    1.4275546073913574,
    1.4156982898712158,
    1.3842175006866455,
    1.5572878122329712,
    1.3884962797164917,
    1.5044587850570679,
    1.4119853973388672,
    1.3791708946228027,
    1.4601308107376099,
    1.4234116077423096,
    1.4312021732330322,
    1.350459337234497,
    1.4658429622650146,
    1.4264811277389526,
    1.3972887992858887,
    1.362507700920105,
    1.3950445652008057,
    1.401090383529663,
    1.350509524345398,
    1.4176526069641113,
    1.370071530342102,
    1.3881335258483887
  ],
  "best_epoch": 23,
  "status": "ok",
  "grad_norm": [
    3.3805444977400514,
    3.1449261404565294,
    2.882713645895229,
    2.9898879040475923,
    3.1375639205621133,
    2.9443937827336466,
    2.8430958184075688,
    2.7748403923838305,
    2.8752331349294122,
    2.813139530731002,
    2.832360264178684,
    2.841577792902318,
    2.7914691873901654,
    2.84815269258002,
    2.8082623719294673,
    2.8255518620223277,
    2.664229147093973,
    2.73920182586856,
    2.8703611299265877,
    2.836347852744537,
    2.7552027376605954,
    2.8053631549293576,
    2.7704159867988807,
    2.672923639897342,
    2.9858261344381933,
    2.8933468733156165,
    2.628449806839173,
    2.7447547090356816,
    2.7388312096650678,
    2.755093217578704,
    2.826650398236748,
    2.673589348619075,
    2.7475148190015233,
    2.787962169219233
  ],
  "beta_std": [
    0.7078307867050171,
    0.5915579795837402,
    0.8480523824691772,
    0.9219674468040466,
    0.6279572248458862,
    0.7402004599571228,
    0.7262918949127197,
    0.8664253354072571,
    0.869766354560852,
    0.7920612692832947,
    0.9004191756248474,
    0.7926377654075623,
    0.7922145128250122,
    0.7136445641517639,
    0.7380173206329346,
    0.747123122215271,
    0.7905522584915161,
    0.7590586543083191,
    0.9389631152153015,
    0.7675738334655762,
    0.8335033059120178,
    0.7718689441680908,
    0.7031462788581848,
    0.7527284622192383,
    0.7766779661178589,
    0.8151383399963379,
    0.5917694568634033,
    0.7953583598136902,
    0.7809092998504639,
    0.7170786261558533,
    0.8265912532806396,
    0.750304639339447,
    0.8568660616874695,
    0.6740834712982178
  ],
  "beta_mean": [
    -0.0820610523223877,
    -0.17816536128520966,
    -0.14701242744922638,
    -0.09910742193460464,
    -0.34172138571739197,
    -0.08285081386566162,
    -0.2168322503566742,
    -0.31912171840667725,
    -0.2637753486633301,
    -0.2714637815952301,
    -0.2235300987958908,
    -0.22682473063468933,
    -0.28055161237716675,
    -0.17197833955287933,
    -0.35385435819625854,
    -0.22294048964977264,
    -0.2389538437128067,
    -0.3754667639732361,
    -0.1994313895702362,
    -0.1048041358590126,
    -0.218653604388237,
    -0.08168567717075348,
    -0.3579932153224945,
    -0.22918550670146942,
    0.093563973903656,
    -0.4912680685520172,
    -0.30778589844703674,
    -0.08312921226024628,
    -0.2467889040708542,
    -0.08399411290884018,
    -0.06853459030389786,
    -0.03327023237943649,
    -0.17496392130851746,
    -0.34741008281707764
  ]
}