{
  "train_loss": [
    2.418449167251587,
    1.945774935192532,
    1.8775732589297824,
    1.8123187078899807,
    1.7128280069563124,
    1.6521909969117907,
    1.6045268895890978,
    1.5770708911683824,
    1.5677635303073458,
    1.5443293183644613,
    1.4999993332756891,
    1.519552026324802,
    1.4862792791790433,
    1.474600257396698,
    1.5005911170111763,
    1.4603413966496785,
    1.432997960832384,
    1.452112919277615,
    1.4725563591851127,
    1.4436262029012044,
    1.4353765207926432,
    1.4146196443769667,
    1.4218083597819011,
    1.4141609165933398,
    1.4153127502865261,
    1.4158653689490424,
    1.3765683099958632,
    1.387675728056166
  ],
  "val_loss": [
    1.8734092712402344,
    1.7743216753005981,
    1.656309723854065,
    1.5899823904037476,
    1.6829363107681274,
    1.5688992738723755,
    1.5435292720794678,
    1.5457698106765747,
    1.5476601123809814,
    1.492636799812317,
    1.4779213666915894,
    1.4924818277359009,
    1.499161958694458,
    1.602569341659546,
    1.522924780845642,
    1.610622525215149,
    1.5304713249206543,
    1.4005926847457886,
    1.5162290334701538,
    1.4953205585479736,
    1.4244219064712524,
    1.4358630180358887,
    1.4696704149246216,
    1.5454190969467163,
    1.4777439832687378,
    1.5721501111984253,
    1.4635462760925293,
    1.4302823543548584
  ],
  "best_epoch": 17,
  "status": "ok",
  "grad_norm": [
    3.336376993037803,
    3.0134811414733633,
    3.0495166788727,
    3.0147296297786665,
    2.7505774126693727,
    2.854776856769262,
    2.85091526232297,
    2.780630622314425,
    2.801787978047462,
    2.8118870815575407,
    2.666315543060883,
    2.708651688353594,
    2.7171530948592215,
    2.704463176844707,
    2.812372553869586,
    2.7522075402893753,
    2.6615179605192587,
    2.643606642510273,
    2.8758634309080358,
    2.742880582677708,
    2.7135597012149923,
    2.7603721840566235,
    2.7545960036587394,
    2.7401880142451853,
    2.6533247607420467,
    2.747564995494409,
    2.6889729914484874,
    2.6446160401014467
  ],
  "beta_std": [
    0.6847526431083679,
    1.014643669128418,
    0.8347285389900208,
    0.6893661022186279,
    0.8722422122955322,
    0.6733864545822144,
    0.6823041439056396,
    0.6867725849151611,
    0.6360212564468384,
    0.774209201335907,
    0.7168928384780884,
    0.9403809309005737,
    0.7351914644241333,
    0.7257040143013,
    0.6837366223335266,
    0.6786174774169922,
    0.6565906405448914,
    0.8312472701072693,
    0.7737035751342773,
    0.8232296705245972,
    0.6338179111480713,
    0.7953709959983826,
    0.8156147599220276,
    0.7420845627784729,
    1.0493534803390503,
    0.7656520009040833,
    0.6977476477622986,
    0.8342437148094177
  ],
  "beta_mean": [
    -0.4533492624759674,
    -0.21313510835170746,
    -0.1612662822008133,
    -0.10734029859304428,
    -0.11352910101413727,
    -0.06818876415491104,
    -0.0779353529214859,
    -0.24793022871017456,
    -0.2863849699497223,
    -0.00588414678350091,
    -0.11198166012763977,
    -0.23271331191062927,
    -0.24114921689033508,
    -0.15330737829208374,
    -0.2987832725048065,
    -0.013558490201830864,
    -0.2732597291469574,
    -0.3042285740375519,
    -0.044327981770038605,
    -0.011223197914659977,
    -0.057374704629182816,
    -0.2947971224784851,
    -0.17713098227977753,
    -0.13725054264068604,
    -0.31199347972869873,
    -0.08975154906511307,
    -0.22164005041122437,
    -0.08846123516559601
  ]
}