{
  "train_loss": [
    2.426939943380523,
    2.1032950729793973,
    2.0565601287529485,
    2.0693213742239434,
    2.019492859031722,
    1.9791420838149667,
    1.988157258117408,
    1.9684691745356508,
    1.994645725216782,
    1.9738336344490275,
    1.9558476613976106,
    1.9449508487411409,
    1.964346800519709,
    1.9920275960331075,
    1.966141510846322,
    1.913744675429941,
    1.9360828412485402,
    1.9064575898577596,
    1.8786113245724236,
    1.8836967462684675,
    1.9027304557610674,
    1.8844034534030492,
    1.8756169208727385,
    1.856855950773808,
    1.903484663321958,
    1.8526861580631189,
    1.9076332816743014,
    1.858415961655957,
    1.8529370600995962,
    1.851015922172725,
    1.8345860747008296,
    1.858304117883158,
    1.8754248323496323,
    1.8501696019702487,
    1.8370543194095992,
    1.822906988573353,
    1.8184925886343795,
    1.8115121770044516,
    1.8450914241277683,
    1.8306026384565566,
    1.8062474241312485,
    1.8074594534489146,
    1.8052712698986655,
    1.8039753822694744,
    1.8343308459387886,
    1.824162749379699,
    1.806157349062245,
    1.8151071863843684,
    1.8156186886558756,
    1.8273648053163674
  ],
  "val_loss": [
    2.0954432487487793,
    1.9693650007247925,
    1.9866118431091309,
    1.9731298685073853,
    1.9518356323242188,
    1.9303511381149292,
    2.0087287425994873,
    2.0228865146636963,
    1.911175012588501,
    2.0296242237091064,
    1.9071929454803467,
    1.9010213613510132,
    1.882901906967163,
    2.114551305770874,
    1.8979341983795166,
    1.9122275114059448,
    1.8640846014022827,
    1.8628190755844116,
    1.8804408311843872,
    1.871532917022705,
    1.964377522468567,
    1.9579201936721802,
    1.9086967706680298,
    1.9020843505859375,
    1.8748910427093506,
    1.8500378131866455,
    1.9280427694320679,
    1.8709495067596436,
    1.87749183177948,
    1.866560697555542,
    1.8574644327163696,
    1.8448423147201538,
    1.8446886539459229,
    1.8374372720718384,
    1.8499751091003418,
    1.8551090955734253,
    1.948227882385254,
    1.8654839992523193,
    1.9532843828201294,
    1.8964093923568726,
    1.8419630527496338,
    1.8716267347335815,
    1.8233602046966553,
    1.8907160758972168,
    1.9173945188522339,
    1.8584439754486084,
    1.8528616428375244,
    1.8388205766677856,
    1.9115254878997803,
    1.8593670129776
  ],
  "best_epoch": 42,
  "status": "ok",
  "grad_norm": [
    1.8454499408082896,
    1.7100784497176864,
    1.6401086931438376,
    1.5201862266801545,
    1.4843877368744223,
    1.4268392162560957,
    1.5141448016142813,
    1.4573288225696257,
    1.4822491836581777,
    1.3993139917987232,
    1.3683263139972073,
    1.3690473624563912,
    1.4011026912793467,
    1.4699047362639457,
    1.3631978470759216,
    1.3213033025149796,
    1.3527982221523704,
    1.38172515603246,
    1.298820552961267,
    1.3373379782296266,
    1.448377014223563,
    1.2919116411087854,
    1.2969425690033447,
    1.288591114077965,
    1.3688661543025384,
    1.3127331778239035,
    1.4277479256257208,
    1.3254242660990048,
    1.3371118435171088,
    1.324537883270165,
    1.2491363672284308,
    1.3743532003309271,
    1.4033603856480041,
    1.3186219232883818,
    1.3021308160916931,
    1.2651135621746359,
    1.325342732035484,
    1.2608622284041962,
    1.4214995185698618,
    1.3408133474691604,
    1.2398088327504466,
    1.2699740558968438,
    1.2909008204215253,
    1.2840691001409728,
    1.3923736889975746,
    1.3685337389068688,
    1.298078917452282,
    1.3443817169223715,
    1.3826519887422986,
    1.319248178034813
  ],
  "beta_std": [
    0.7611458897590637,
    0.6759926676750183,
    0.5679928064346313,
    0.8389185070991516,
    0.7119272947311401,
    0.6552630066871643,
    0.5114678144454956,
    0.4823775291442871,
    0.5929198265075684,
    0.5657215714454651,
    0.6570936441421509,
    0.7821816802024841,
    0.6261637210845947,
    0.5138103365898132,
    0.7594508528709412,
    0.717211127281189,
    0.6044390797615051,
    0.6139814257621765,
    0.61532062292099,
    0.6468744874000549,
    0.6425793170928955,
    0.5632742047309875,
    0.6883661150932312,
    0.6570759415626526,
    0.7707776427268982,
    0.697191059589386,
    0.5733726024627686,
    0.6673866510391235,
    0.739047646522522,
    0.5361308455467224,
    0.8011912703514099,
    0.7866274118423462,
    0.6901260614395142,
    0.6170996427536011,
    0.5903032422065735,
    0.682019054889679,
    0.7012246251106262,
    0.7830235362052917,
    0.5893217921257019,
    0.6603153944015503,
    0.7122530937194824,
    0.7668115496635437,
    0.8011351227760315,
    0.5164359211921692,
    0.5744524598121643,
    0.6652122735977173,
    0.7570032477378845,
    0.7469765543937683,
    0.4948877692222595,
    0.6052260398864746
  ],
  "beta_mean": [
    -0.14817801117897034,
    -0.11374686658382416,
    -0.014339412562549114,
    -0.1918414682149887,
    -0.05532665178179741,
    -0.16898614168167114,
    -0.2525421977043152,
    -0.05718730762600899,
    -0.20935718715190887,
    -0.15270940959453583,
    -0.2075144201517105,
    -0.16380621492862701,
    -0.21707507967948914,
    0.2855371832847595,
    -0.10482441633939743,
    -0.05040737986564636,
    -0.129408597946167,
    -0.24268078804016113,
    -0.041599296033382416,
    -0.1285858303308487,
    -0.08530926704406738,
    0.042239706963300705,
    -0.12930914759635925,
    -0.07751873880624771,
    0.0016425062203779817,
    -0.19061064720153809,
    0.10027451813220978,
    -0.14498361945152283,
    -0.05286654084920883,
    -0.027524465695023537,
    -0.14328111708164215,
    -0.21123847365379333,
    -0.24562232196331024,
    -0.13060133159160614,
    -0.09415213018655777,
    -0.24036040902137756,
    -0.1663772165775299,
    -0.18014118075370789,
    -0.09597527235746384,
    -0.036319877952337265,
    -0.07699422538280487,
    -0.15077996253967285,
    -0.14346638321876526,
    0.04482543468475342,
    0.012023208662867546,
    0.04110131040215492,
    -0.028995653614401817,
    -0.25954148173332214,
    -0.045090269297361374,
    -0.11165954917669296
  ]
}