{
  "train_loss": [
    2.410824488533868,
    2.119715537550854,
    2.0739995374735334,
    2.0232410988054776,
    1.998885756654349,
    1.9772117176390531,
    1.9897380577332793,
    2.0015597881629454,
    1.9365693231214556,
    1.9604658416279575,
    1.93472471677769,
    1.9159225619466682,
    1.9109610694193702,
    1.9097299876408271,
    1.9030346850902713,
    1.8901263871388128,
    1.8725187484562746,
    1.9250127743838126,
    1.9176793545728539,
    1.8819725146488837,
    1.8481307466964276,
    1.8468991043971994,
    1.83393673171774,
    1.9144065677073965,
    1.8484263657965856,
    1.8641222690002264,
    1.8340504447479695,
    1.840569297612062,
    1.7988199886243943,
    1.8196000072970029,
    1.8040360137035971,
    1.7982844142467656,
    1.8313544104392068,
    1.831190833125198,
    1.8033253167247214,
    1.7986956331464978,
    1.8953414433462579,
    1.8184323023634348,
    1.7941774372190062
  ],
  "val_loss": [
    2.021437168121338,
    2.0356712341308594,
    2.0604355335235596,
    1.994917392730713,
    1.897950291633606,
    1.918655514717102,
    1.9987107515335083,
    2.0203919410705566,
    1.900050401687622,
    1.9125524759292603,
    1.8789057731628418,
    1.8536772727966309,
    1.8545407056808472,
    1.938647747039795,
    1.8668923377990723,
    1.9039030075073242,
    1.87589693069458,
    2.0026326179504395,
    1.820674180984497,
    1.816949725151062,
    1.827997088432312,
    1.8559939861297607,
    1.833350658416748,
    1.8020071983337402,
    1.868399977684021,
    1.79550039768219,
    1.7936646938323975,
    1.8331912755966187,
    1.7652376890182495,
    1.7939770221710205,
    1.7642697095870972,
    1.7886466979980469,
    1.7886549234390259,
    1.8537137508392334,
    1.7881062030792236,
    1.7750608921051025,
    1.829447865486145,
    1.8261077404022217,
    1.7980103492736816
  ],
  "best_epoch": 28,
  "status": "ok",
  "grad_norm": [
    2.268471684617262,
    1.7020816660773814,
    1.543445490820827,
    1.5357658158640382,
    1.514965256311341,
    1.4161283545459824,
    1.4851544189048225,
    1.4929148081886254,
    1.3531577890209294,
    1.4397519976586783,
    1.44936003792758,
    1.3701947945223176,
    1.3565708169670647,
    1.4304913764593883,
    1.4311211298456028,
    1.3454570463136455,
    1.3876711582987786,
    1.4693235677821932,
    1.3199993322626644,
    1.3563352909680517,
    1.3238493281280612,
    1.2834589777237817,
    1.3034515818407635,
    1.4717605311268904,
    1.3142342943573484,
    1.3492521563135127,
    1.3593264863263923,
    1.3487370389801545,
    1.28242362790082,
    1.3373225845172474,
    1.2879988021507256,
    1.323060278930788,
    1.3772857477829414,
    1.2995486281960817,
    1.3361627889934113,
    1.38480690882844,
    1.3368777816319626,
    1.3321536500485702,
    1.3015400562161044
  ],
  "beta_std": [
    0.572930634021759,
    0.6155616044998169,
    0.6274017691612244,
    0.46143612265586853,
    0.6561423540115356,
    0.7562822699546814,
    0.5401325821876526,
    0.5725613236427307,
    0.6483749747276306,
    0.5717382431030273,
    0.6132373213768005,
    0.6140385866165161,
    0.5037660002708435,
    0.5805526971817017,
    0.8449828624725342,
    0.6298905611038208,
    0.7976649403572083,
    0.4778406023979187,
    0.6784849762916565,
    0.5952186584472656,
    0.7140271663665771,
    0.6884469985961914,
    0.5249670147895813,
    0.6032233834266663,
    0.7034536600112915,
    0.5821549892425537,
    0.6821873188018799,
    0.6876224279403687,
    0.62174391746521,
    0.5266513228416443,
    0.757010281085968,
    0.7218365669250488,
    0.6830997467041016,
    0.7112587094306946,
    0.7198507189750671,
    0.7416236996650696,
    0.8669156432151794,
    0.8152682185173035,
    0.7824047803878784
  ],
  "beta_mean": [
    -0.04668977111577988,
    -0.09216248989105225,
    -0.16374808549880981,
    -0.0504060797393322,
    0.05379165709018707,
    -0.020946716889739037,
    -0.36467254161834717,
    0.029913809150457382,
    -0.1473694145679474,
    -0.0875186175107956,
    -0.1443261355161667,
    -0.15788915753364563,
    0.07416640967130661,
    -0.245510071516037,
    -0.06498778611421585,
    -0.1712445765733719,
    -0.27642616629600525,
    -0.47871142625808716,
    -0.051872797310352325,
    -0.18164445459842682,
    -0.126239612698555,
    -0.18566817045211792,
    -0.2060687094926834,
    -0.041028112173080444,
    -0.05587608739733696,
    -0.29527518153190613,
    -0.17866230010986328,
    -0.08826186507940292,
    -0.06193194165825844,
    -0.22523947060108185,
    -0.13335521519184113,
    -0.13544465601444244,
    0.0647185742855072,
    -0.2326778620481491,
    -0.02853596769273281,
    0.1249392181634903,
    -0.028987275436520576,
    0.146841362118721,
    -0.2504388689994812
  ]
}