{
  "train_loss": [
    2.4572721129969546,
    2.1183579178302607,
    2.102832363864832,
    2.032989346576713,
    2.011246970996522,
    1.995891299693905,
    1.9633336278290776,
    1.9568117251033672,
    1.973660752341064,
    1.9467122402525785,
    1.9964214498954906,
    1.9657194979148997,
    1.9225850057323077,
    1.8804854447381538,
    1.9186382691623174,
    1.8982153319754795,
    1.896581516126443,
    1.8662550774791784,
    1.8751336838348567,
    1.8527379633250989,
    1.8454098724342927,
    1.8547051096520228,
    1.8407644959499962,
    1.855068212866086,
    1.837836243311564,
    1.8685575128298755,
    1.8115661643401921,
    1.7991339754918863,
    1.7999054878078706,
    1.8093629243917633,
    1.811864988538954,
    1.8040071839059306,
    1.8072617367973105,
    1.8149376512828626,
    1.7936834656564813,
    1.790090313376042,
    1.7842607299068518,
    1.8194842547143413,
    1.7870194063130875,
    1.7691522321645279,
    1.783556019520899,
    1.7901326952482524,
    1.7736325575176037,
    1.7746760716912342,
    1.7849346763766998,
    1.7687496150167366,
    1.7903338572016934,
    1.7573149154339618,
    1.7414533425213998,
    1.7769981967914872
  ],
  "val_loss": [
    2.0543036460876465,
    2.004521608352661,
    2.0566296577453613,
    1.977085828781128,
    1.9658039808273315,
    1.8912283182144165,
    1.9049725532531738,
    1.8586256504058838,
    1.9490275382995605,
    1.89460289478302,
    1.9184647798538208,
    1.8667325973510742,
    1.8858532905578613,
    1.8445024490356445,
    1.854037880897522,
    1.8686836957931519,
    1.8090441226959229,
    1.8276536464691162,
    1.879021406173706,
    1.7832714319229126,
    1.8005353212356567,
    1.7996156215667725,
    1.839537501335144,
    1.797850489616394,
    1.841363787651062,
    1.8006818294525146,
    1.7945860624313354,
    1.7892088890075684,
    1.8810601234436035,
    1.7775894403457642,
    1.7800372838974,
    1.7749719619750977,
    1.881950855255127,
    1.7719477415084839,
    1.7536027431488037,
    1.8044370412826538,
    1.771069049835205,
    1.7851650714874268,
    1.753940224647522,
    1.775522232055664,
    1.7874560356140137,
    1.7553077936172485,
    1.7920454740524292,
    1.7473770380020142,
    1.7725428342819214,
    1.7403002977371216,
    1.7706013917922974,
    1.75812828540802,
    1.7594094276428223,
    1.7710729837417603
  ],
  "best_epoch": 45,
  "status": "ok",
  "grad_norm": [
    2.1712791310865365,
    1.7271482843699328,
    1.6867683461204952,
    1.5999735734143659,
    1.5536744816275572,
    1.4910249771251711,
    1.4733679922591034,
    1.4785970661884602,
    1.4668638536403613,
    1.4201614521297365,
    1.523854880654485,
    1.417616557632882,
    1.4091087444125359,
    1.304858391443783,
    1.4111388860678489,
    1.4286256358147726,
    1.3741880345180926,
    1.3183288774295707,
    1.4019155763066802,
    1.3110184149601936,
    1.3367568079254635,
    1.4030591062470243,
    1.4114268626449136,
    1.4907228215700514,
    1.4616966210507778,
    1.4245189332441819,
    1.3116024173418779,
    1.3278868588513646,
    1.3825563298839099,
    1.2763894183782736,
    1.3640853503295554,
    1.3494479952060512,
    1.3883798679092691,
    1.3405996990419027,
    1.3097601664455683,
    1.4196299359705136,
    1.3588343692101967,
    1.4791791342761016,
    1.3066125391625245,
    1.2716276342067856,
    1.399440765393988,
    1.3101100980548093,
    1.3366479978092607,
    1.337870836917266,
    1.3507897814377183,
    1.311101024371676,
    1.4429357074395706,
    1.3414428049872507,
    1.246734654237796,
    1.3483724030980588
  ],
  "beta_std": [
    0.42853760719299316,
    0.384805291891098,
    0.48696762323379517,
    0.4387899935245514,
    0.5348522663116455,
    0.7446346879005432,
    0.6179014444351196,
    0.5889360308647156,
    0.5704178214073181,
    0.6302594542503357,
    0.5613633394241333,
    0.7081356048583984,
    0.4624439477920532,
    0.5935009717941284,
    0.6860591173171997,
    0.5548923015594482,
    0.6487516164779663,
    0.6421183943748474,
    0.5858715772628784,
    0.6491249799728394,
    0.6199313998222351,
    0.6743950843811035,
    0.5367917418479919,
    0.7790080904960632,
    0.5844565033912659,
    0.671665370464325,
    0.6549530029296875,
    0.6533868908882141,
    0.45073744654655457,
    0.6668016910552979,
    0.6117703318595886,
    0.6473891735076904,
    0.6093930602073669,
    0.7211528420448303,
    0.661539614200592,
    0.5581036806106567,
    0.631137490272522,
    0.4400109052658081,
    0.5897773504257202,
    0.6835954189300537,
    0.5469495058059692,
    0.6628012657165527,
    0.6011690497398376,
    0.5167844295501709,
    0.6640439629554749,
    0.6664171814918518,
    0.6757030487060547,
    0.8713539838790894,
    0.685269296169281,
    0.6123012900352478
  ],
  "beta_mean": [
    0.013308443129062653,
    -0.17261739075183868,
    -0.18717840313911438,
    -0.3195553719997406,
    -0.10439528524875641,
    -0.033037588000297546,
    0.05024992302060127,
    -0.06586983054876328,
    -0.22169841825962067,
    -0.11978445947170258,
    -0.18422211706638336,
    -0.0505923368036747,
    -0.13448867201805115,
    -0.129769966006279,
    -0.11216679960489273,
    0.13369017839431763,
    -0.07910200953483582,
    -0.06708792597055435,
    -0.10682176053524017,
    -0.20776978135108948,
    -0.3460116982460022,
    -0.20958814024925232,
    -0.4104921221733093,
    0.12590159475803375,
    -0.12060555070638657,
    0.04624851420521736,
    -0.1911420375108719,
    -0.05477136746048927,
    -0.2856334447860718,
    -0.012298605404794216,
    -0.1554764211177826,
    -0.01699254848062992,
    -0.44025948643684387,
    -0.1650654524564743,
    -0.34826216101646423,
    0.005493888631463051,
    -0.12009100615978241,
    -0.27363452315330505,
    -0.17331363260746002,
    -0.20652729272842407,
    -0.42705050110816956,
    -0.051625464111566544,
    -0.06670963764190674,
    -0.23841610550880432,
    -0.17116960883140564,
    -0.21343094110488892,
    0.107045479118824,
    -0.0029301070608198643,
    -0.04628460481762886,
    -0.11729445308446884
  ]
}