{
  "train_loss": [
    2.397413700003373,
    2.1228161684672036,
    2.0783877366606953,
    2.056704859036451,
    2.0577624082565307,
    2.0554894497520046,
    1.998159072552508,
    2.040062540790491,
    1.9879153605511315,
    1.9570907879433437,
    1.9527673314468206,
    1.9231656560005501,
    1.938062391281128,
    1.9324272546154713,
    1.9470201258073774,
    1.9169496247364066,
    1.8999580733539068,
    1.9149204839461031,
    1.8874959048890232,
    1.864931192732694,
    1.8914894687920285,
    1.8735559976031209,
    1.9084837398752135,
    1.8546472585968108,
    1.851674111238,
    1.8531310688543041,
    1.896682888443707,
    1.8785128309015642,
    1.855474830984372,
    1.8824099874217608,
    1.8444343877256961,
    1.81905759242543,
    1.8262868116055315,
    1.8112681055347821,
    1.827632280288384,
    1.8402919818086234,
    1.815085415338215,
    1.8140123013167353,
    1.815425978599236,
    1.8228299805713677,
    1.826829406336734,
    1.8116958003852799,
    1.796102106445714,
    1.795343878924498,
    1.7961899832117627,
    1.8054583099153307,
    1.7862289434845684,
    1.798098634362918,
    1.7926881909230996,
    1.798629788962024
  ],
  "val_loss": [
    2.111079692840576,
    2.0581471920013428,
    2.070154905319214,
    2.2389400005340576,
    1.9565246105194092,
    1.9566434621810913,
    2.0942509174346924,
    1.9770020246505737,
    1.9663206338882446,
    1.934727430343628,
    1.9127544164657593,
    1.9681432247161865,
    1.9312353134155273,
    2.023455858230591,
    1.9529953002929688,
    1.9082144498825073,
    1.8875763416290283,
    1.9492324590682983,
    1.8649486303329468,
    1.9025795459747314,
    1.8763235807418823,
    1.9086369276046753,
    1.8497620820999146,
    1.813292384147644,
    1.8609367609024048,
    1.8231724500656128,
    1.900514006614685,
    1.809796929359436,
    1.8369718790054321,
    1.8762285709381104,
    1.837393045425415,
    1.8449627161026,
    1.8036248683929443,
    1.8609685897827148,
    1.8213610649108887,
    1.8864001035690308,
    1.8387506008148193,
    1.803797960281372,
    1.8343520164489746,
    1.8471522331237793,
    1.8286938667297363,
    1.8169912099838257,
    1.8003697395324707,
    1.7952593564987183,
    1.7926212549209595,
    1.8517203330993652,
    1.818351149559021,
    1.8862842321395874,
    1.8415151834487915,
    1.8829290866851807
  ],
  "best_epoch": 44,
  "status": "ok",
  "grad_norm": [
    2.0830386238980845,
    1.779520241360933,
    1.5792288637544065,
    1.6086335155273805,
    1.5043835905762615,
    1.6283288595353418,
    1.4585507755765694,
    1.4509732738426528,
    1.3766520178595034,
    1.3706038262107951,
    1.376776842600861,
    1.336996899462526,
    1.3907245875995549,
    1.3932881140108488,
    1.4613731811343913,
    1.371963959712015,
    1.3704995867759966,
    1.4448572002919318,
    1.320467404865543,
    1.2714285810055086,
    1.4645905812548712,
    1.4235168406828531,
    1.4465014177243343,
    1.3330209278515288,
    1.3897032373855915,
    1.3753125429917845,
    1.4629459304670438,
    1.406281370290885,
    1.3242947763793482,
    1.4695991155607824,
    1.2893057305109645,
    1.312997772730228,
    1.3878436413757447,
    1.3573674830801492,
    1.3809724014905973,
    1.4820171514413518,
    1.2995982853453862,
    1.3436160019911667,
    1.335764888501909,
    1.3864418771224967,
    1.4092346996577687,
    1.3596768708099773,
    1.3105460094980657,
    1.323771941602412,
    1.313035250643309,
    1.3366290166591948,
    1.2426394681087485,
    1.3305968805763413,
    1.2901146455772212,
    1.3933803969166985
  ],
  "beta_std": [
    0.7580997943878174,
    0.5301128625869751,
    0.7956060171127319,
    0.34565645456314087,
    0.6840053796768188,
    0.6785438656806946,
    0.4371981918811798,
    0.5426487922668457,
    0.5541911125183105,
    0.6259020566940308,
    0.7307546138763428,
    0.5087851285934448,
    0.6615273356437683,
    0.5899018049240112,
    0.6709920763969421,
    0.7415570616722107,
    0.5357938408851624,
    0.7144561409950256,
    0.7380886673927307,
    0.7236402034759521,
    0.6335499882698059,
    0.5738565325737,
    0.5833118557929993,
    0.6377497911453247,
    0.6824363470077515,
    0.6783949732780457,
    0.7778680920600891,
    0.6329630613327026,
    0.7147751450538635,
    0.5881955623626709,
    0.7515773177146912,
    0.6982503533363342,
    0.6245334148406982,
    0.8155513405799866,
    0.6514308452606201,
    0.540372908115387,
    0.6929054260253906,
    0.5950549244880676,
    0.5999234318733215,
    0.6095814108848572,
    0.7207978963851929,
    0.5958970785140991,
    0.6124980449676514,
    0.7077623605728149,
    0.7851576209068298,
    0.6664066314697266,
    0.6949435472488403,
    0.7487368583679199,
    0.6224537491798401,
    0.6836302876472473
  ],
  "beta_mean": [
    -0.14983442425727844,
    -0.2092888057231903,
    -0.2535344362258911,
    -0.0032709666993469,
    -0.047683436423540115,
    -0.0941748321056366,
    0.05794113874435425,
    -0.28063881397247314,
    -0.40930020809173584,
    -0.2103005349636078,
    -0.2515229880809784,
    -0.08876644819974899,
    -0.180548295378685,
    -0.29547083377838135,
    -0.17785559594631195,
    -0.17981059849262238,
    -0.2601132094860077,
    0.04385076090693474,
    -0.2202357053756714,
    -0.2892583906650543,
    -0.03234843909740448,
    -0.18470561504364014,
    -0.42802193760871887,
    -0.2836313545703888,
    -0.25720930099487305,
    -0.22165225446224213,
    -0.1475897580385208,
    0.017632827162742615,
    -0.15841056406497955,
    -0.22387157380580902,
    -0.11514324694871902,
    -0.10133180022239685,
    -0.15291285514831543,
    -0.10543235391378403,
    -0.24315586686134338,
    -0.11640872061252594,
    -0.233773335814476,
    -0.1815314143896103,
    -0.255138099193573,
    -0.13455486297607422,
    -0.2103525847196579,
    -0.2066720426082611,
    -0.19364668428897858,
    -0.26498091220855713,
    0.030949018895626068,
    -0.21665765345096588,
    -0.29780855774879456,
    -0.2795984447002411,
    -0.2611522972583771,
    -0.2727666199207306
  ]
}