{
  "train_loss": [
    2.3985900843492027,
    2.1152670491926853,
    2.0782329693732904,
    2.03497109284875,
    2.0057805138582374,
    2.0558444988239577,
    1.9638611746113204,
    1.965445309493974,
    1.9507691705157184,
    1.9390037947649148,
    1.8971588505917822,
    1.9185352548521164,
    1.9129088123221147,
    1.8813782112779673,
    1.9783687124475402,
    1.8861139075797901,
    1.8595898295843114,
    1.8580018567202383,
    1.8622772056178043,
    1.8570671242998358,
    1.8539106374595598,
    1.8224884172629194,
    1.8103968408372668,
    1.8292322080177172,
    1.8061397565317432,
    1.8360702603044565,
    1.8033309016311379,
    1.8144064963212487,
    1.8186327587373075,
    1.8002305728789658,
    1.7957557803148414
  ],
  "val_loss": [
    2.094722270965576,
    1.9845227003097534,
    2.0010712146759033,
    1.9643962383270264,
    1.969987392425537,
    1.9236148595809937,
    1.9595894813537598,
    1.9343881607055664,
    1.9192272424697876,
    1.888552188873291,
    1.9217987060546875,
    1.9531118869781494,
    1.9005519151687622,
    1.8417178392410278,
    1.9049417972564697,
    1.8500181436538696,
    1.8331682682037354,
    1.855414628982544,
    1.9093947410583496,
    1.829745888710022,
    1.7688275575637817,
    1.807273507118225,
    1.8452807664871216,
    1.8328394889831543,
    1.8530354499816895,
    1.8492895364761353,
    1.9218947887420654,
    1.7977839708328247,
    1.791561484336853,
    1.8201086521148682,
    1.7835944890975952
  ],
  "best_epoch": 20,
  "status": "ok",
  "grad_norm": [
    2.350862353590597,
    1.7541964621216088,
    1.6614462424311687,
    1.4993231234519786,
    1.5120620495057577,
    1.6289146558095742,
    1.3595802361607037,
    1.4313700752055523,
    1.4117431712686754,
    1.4274032233463696,
    1.3141361972255037,
    1.4974785068370917,
    1.3635562100990029,
    1.355212739219503,
    1.5635351743349564,
    1.3234744475607523,
    1.293439440209,
    1.3451271777146978,
    1.3842355721060302,
    1.407850804438515,
    1.4405651378190334,
    1.2713439003258122,
    1.298418742973926,
    1.3445410358041514,
    1.2872551333688909,
    1.3987261444706267,
    1.2795509072927294,
    1.3679808674623968,
    1.3463660567977556,
    1.2964046903849533,
    1.2779691388885888
  ],
  "beta_std": [
    0.5635339021682739,
    0.7363564968109131,
    0.7594617009162903,
    0.627071738243103,
    0.6084096431732178,
    0.6185401082038879,
    0.6423750519752502,
    0.6365819573402405,
    0.7072727680206299,
    0.6931765079498291,
    0.708566427230835,
    0.6074049472808838,
    0.5758799910545349,
    0.5052781105041504,
    0.588065505027771,
    0.638438880443573,
    0.6658591628074646,
    0.7251818180084229,
    0.6099181771278381,
    0.6467928290367126,
    0.6584982872009277,
    0.605677604675293,
    0.654617428779602,
    0.6750373840332031,
    0.6934322118759155,
    0.7435791492462158,
    0.668363630771637,
    0.6889790892601013,
    0.6554319858551025,
    0.7652751803398132,
    0.6389864683151245
  ],
  "beta_mean": [
    0.06815607845783234,
    -0.2550881803035736,
    -0.365227073431015,
    -0.23157241940498352,
    -0.19079560041427612,
    -0.1004875898361206,
    0.031878355890512466,
    -0.3893353044986725,
    -0.19117389619350433,
    -0.10547657310962677,
    -0.09730509668588638,
    -0.6364918947219849,
    -0.17131631076335907,
    -0.08883779495954514,
    -0.0627235397696495,
    -0.3085574805736542,
    -0.39145269989967346,
    -0.06448618322610855,
    -0.07238446176052094,
    -0.21662062406539917,
    -0.1291445791721344,
    -0.19024093449115753,
    -0.10401569306850433,
    -0.4542648196220398,
    -0.329254150390625,
    -0.19248241186141968,
    -0.23394747078418732,
    -0.29932457208633423,
    -0.16339313983917236,
    -0.0672743171453476,
    -0.24506042897701263
  ]
}