{
  "train_loss": [
    2.4444930179774413,
    2.0805157910174095,
    2.0485756219897353,
    2.0196036114609033,
    1.985132753695661,
    2.021813705567031,
    1.996457757949829,
    1.96101815374274,
    1.9308119671804864,
    1.9360851764678955,
    1.9274465396390323,
    1.8836176526476764,
    1.9364590482544481,
    1.8948946100089983,
    1.8639880610627737,
    1.8569363268077026,
    1.8589835797136987,
    1.8494513010839273,
    1.8307499385298345,
    1.8221845448365686,
    1.834473041958279,
    1.8454930364876463,
    1.8255271619384053,
    1.8290533901236907,
    1.8178789999610498,
    1.8139745121671442,
    1.8010598781094913,
    1.8374099334359866,
    1.7994226421947368,
    1.8198913673490111,
    1.8010959458769413,
    1.7967967912607026,
    1.7941179170106587,
    1.7852662240970902,
    1.7830370011524848,
    1.786538335677476,
    1.7816232921087254,
    1.7885389068391588,
    1.79822842151798,
    1.7844357969049822,
    1.7682169412311755,
    1.7765885532390304,
    1.786015642874422,
    1.7612958850358662,
    1.8155531087953445,
    1.7949401738908555,
    1.7779938114735119,
    1.8723155925706116,
    1.7691771809817756,
    1.7993149568881208
  ],
  "val_loss": [
    2.0369508266448975,
    2.0225989818573,
    2.0812060832977295,
    2.037431478500366,
    2.0664737224578857,
    1.9553836584091187,
    1.9715133905410767,
    1.9418845176696777,
    1.949528694152832,
    1.951310634613037,
    1.911424994468689,
    1.8975790739059448,
    1.9121668338775635,
    1.8772319555282593,
    1.8637644052505493,
    1.9033945798873901,
    1.8371143341064453,
    1.8586281538009644,
    1.863996148109436,
    1.8642218112945557,
    1.8287181854248047,
    1.8362730741500854,
    1.837828278541565,
    1.8163857460021973,
    1.7976770401000977,
    1.837589979171753,
    1.8360061645507812,
    1.8637402057647705,
    1.827307939529419,
    1.8834457397460938,
    1.7889889478683472,
    1.848549723625183,
    1.8434178829193115,
    1.8620707988739014,
    1.7988340854644775,
    1.8444145917892456,
    1.8021420240402222,
    1.883916974067688,
    1.8342845439910889,
    1.8388772010803223,
    1.7820807695388794,
    1.7941880226135254,
    1.8250794410705566,
    1.888964295387268,
    1.7751855850219727,
    1.8477883338928223,
    1.8645963668823242,
    1.8256388902664185,
    1.8236232995986938,
    1.8285585641860962
  ],
  "best_epoch": 44,
  "status": "ok",
  "grad_norm": [
    2.0824398860021534,
    1.6167580785715572,
    1.5284999030199806,
    1.4723962888379551,
    1.3996318302344026,
    1.4783205769649252,
    1.5154056408519407,
    1.3420225187751231,
    1.353346600638442,
    1.4129684241962286,
    1.383374861676324,
    1.3150869634999938,
    1.5389025435592274,
    1.3493938029984134,
    1.332530046518705,
    1.323023222578418,
    1.3357401769018515,
    1.396304578601892,
    1.2863117767616326,
    1.3021040626139084,
    1.3812024213692937,
    1.3057997238788055,
    1.3164412753794092,
    1.4182500552175754,
    1.3321243191263274,
    1.3611234681280786,
    1.2831226425242475,
    1.424573296152634,
    1.2410034315321872,
    1.3560863803337997,
    1.3084308054822371,
    1.3063012883959964,
    1.3069094406980093,
    1.2246185433484593,
    1.2851120490364645,
    1.31094647853521,
    1.2844720950723143,
    1.3309780297672753,
    1.288078811850461,
    1.3770395391496955,
    1.2687479443017917,
    1.327290456772612,
    1.3765884430677757,
    1.319391507756618,
    1.3720261168448622,
    1.4107005249135074,
    1.3409412536280418,
    1.5145858966025383,
    1.2440075386061025,
    1.4260584116111477
  ],
  "beta_std": [
    0.6063064336776733,
    0.6506147980690002,
    0.627672016620636,
    0.6356174945831299,
    0.5320421457290649,
    0.5549138784408569,
    0.4721161723136902,
    0.5032452344894409,
    0.6836954951286316,
    0.4979238510131836,
    0.6544904112815857,
    0.4412623345851898,
    0.49044713377952576,
    0.6096773743629456,
    0.5747815370559692,
    0.606210470199585,
    0.6323022842407227,
    0.6026880741119385,
    0.6060951948165894,
    0.5994786024093628,
    0.7919439673423767,
    0.49218156933784485,
    0.6401015520095825,
    0.5420947074890137,
    0.6283845901489258,
    0.5348902344703674,
    0.732546865940094,
    0.5968265533447266,
    0.5602571964263916,
    0.6086517572402954,
    0.6119834780693054,
    0.5810602307319641,
    0.6270187497138977,
    0.670875072479248,
    0.6141009330749512,
    0.5984331965446472,
    0.6440338492393494,
    0.7589979767799377,
    0.6344359517097473,
    0.5506538152694702,
    0.6587328910827637,
    0.692977786064148,
    0.6563286781311035,
    0.5446855425834656,
    0.587921142578125,
    0.6664038300514221,
    0.6115707159042358,
    0.5283269882202148,
    0.7479351758956909,
    0.7596525549888611
  ],
  "beta_mean": [
    -0.22595930099487305,
    -0.05554265156388283,
    -0.44968196749687195,
    -0.05563357472419739,
    -0.18337585031986237,
    -0.27780982851982117,
    -0.09547991305589676,
    -0.07005307078361511,
    -0.015155131928622723,
    -0.2330901175737381,
    -0.0965036004781723,
    -0.1999179571866989,
    -0.2551761865615845,
    -0.20993436872959137,
    -0.1279231160879135,
    0.030299559235572815,
    -0.24487321078777313,
    -0.3086014986038208,
    0.03641604632139206,
    -0.08184469491243362,
    -0.1271294206380844,
    -0.24222026765346527,
    -0.0350361205637455,
    -0.17946311831474304,
    0.03440544381737709,
    -0.1612093150615692,
    -0.21119575202465057,
    -0.0489068366587162,
    -0.34664082527160645,
    -0.0949883982539177,
    -0.295993834733963,
    0.03217153996229172,
    -0.22410686314105988,
    -0.10567563027143478,
    -0.22498835623264313,
    -0.07824406027793884,
    -0.040945615619421005,
    -0.10021267831325531,
    -0.016012202948331833,
    -0.17147602140903473,
    -0.08202987909317017,
    -0.16149292886257172,
    -0.3094034492969513,
    0.028132596984505653,
    -0.22849060595035553,
    -0.2592798173427582,
    -0.3091025948524475,
    -0.29731568694114685,
    -0.4373650848865509,
    -0.13508981466293335
  ]
}