{
  "train_loss": [
    2.5005114470587837,
    2.10500365808275,
    2.0590480528937447,
    2.0167895245022245,
    2.013744292789035,
    2.0043802591959636,
    1.995772367477417,
    1.9632855156792535,
    1.9716645607418484,
    1.9556447006861368,
    1.9530038854810927,
    1.9663865913814969,
    1.9377956637276543,
    1.93359507200453,
    1.9029989403618706,
    1.884261465072632,
    1.8803620476192897,
    1.8803666911655001,
    1.9592439318762884,
    1.9112763594521416,
    1.868038057115343,
    1.8703350099987455,
    1.8269937538570828,
    1.8797634012434217,
    1.8584617443084717,
    1.8312412770589193,
    1.8424084292517768,
    1.857357016881307,
    1.8172822060055203,
    1.877164904700385,
    1.8733843886057535,
    1.8435749810536703,
    1.8279425541559855,
    1.8141391078101263,
    1.7959283600913154,
    1.8096641796959771,
    1.8444604415893555,
    1.8484006474812826,
    1.830325864368015,
    1.7913077916039362,
    1.786139406628079,
    1.7986823087268407,
    1.7940451925065781,
    1.7916035165786743,
    1.7981119316948784,
    1.7933490041097004,
    1.831010458946228,
    1.812462739944458,
    1.7818342031902736,
    1.7854349103503757
  ],
  "val_loss": [
    2.1984148025512695,
    2.0323309898376465,
    1.9846923351287842,
    1.9956786632537842,
    2.0940864086151123,
    1.9667723178863525,
    1.9764474630355835,
    1.9584388732910156,
    1.9504209756851196,
    1.8866642713546753,
    1.9080101251602173,
    2.033531665802002,
    1.9141559600830078,
    1.9450336694717407,
    1.8936092853546143,
    1.868613600730896,
    1.8823249340057373,
    1.8655425310134888,
    2.0412142276763916,
    1.9202090501785278,
    1.9174762964248657,
    1.8741928339004517,
    1.9271820783615112,
    1.8445075750350952,
    1.868303656578064,
    1.9226430654525757,
    1.827193021774292,
    1.8517693281173706,
    1.8280397653579712,
    1.8941203355789185,
    1.8730865716934204,
    1.8256778717041016,
    1.8683457374572754,
    1.8219798803329468,
    1.8298970460891724,
    1.8527051210403442,
    1.8445814847946167,
    1.8127464056015015,
    1.8126074075698853,
    1.8102524280548096,
    1.8271701335906982,
    1.8794134855270386,
    1.8084912300109863,
    1.8171662092208862,
    1.8429447412490845,
    1.857161521911621,
    1.8362019062042236,
    1.8246289491653442,
    1.8465709686279297,
    1.8410112857818604
  ],
  "best_epoch": 42,
  "status": "ok",
  "grad_norm": [
    2.733183999511209,
    1.6915683713481298,
    1.6180861472649062,
    1.5473930029002965,
    1.543272159274645,
    1.493312612043571,
    1.510531002280579,
    1.4528373713038758,
    1.4714745499177717,
    1.4912752760246628,
    1.4633224282049364,
    1.5952458838208485,
    1.4189840947910972,
    1.4462841809019358,
    1.3446418195764185,
    1.344590302721055,
    1.3078716745534378,
    1.3812066866664872,
    1.542085887980058,
    1.4159963877669284,
    1.3357323311668665,
    1.3139834852789443,
    1.3713315525026613,
    1.3773240921741976,
    1.3251973117889153,
    1.2888867279085077,
    1.354677387876088,
    1.4153192383270998,
    1.3088532903593364,
    1.4599389981017001,
    1.3594824989118661,
    1.3111316347528477,
    1.3439706886601372,
    1.3254366916677223,
    1.2383045921895408,
    1.338668080408604,
    1.4396125006232923,
    1.4211535246608356,
    1.366686021359231,
    1.2451707123711224,
    1.296447690690011,
    1.2910100693052038,
    1.3289548881272026,
    1.3018841787305888,
    1.3536938384710235,
    1.3190278703685718,
    1.4157221051706756,
    1.3846596685419004,
    1.2798728268765809,
    1.2770531889878762
  ],
  "beta_std": [
    0.2377641350030899,
    0.607806384563446,
    0.6331690549850464,
    0.6821478009223938,
    0.49075397849082947,
    0.6561113595962524,
    0.48305660486221313,
    0.5581880807876587,
    0.7911940813064575,
    0.8243351578712463,
    0.636519193649292,
    0.6116117835044861,
    0.7517467737197876,
    0.8156173229217529,
    0.6741030812263489,
    0.6260918974876404,
    0.610001266002655,
    0.6928863525390625,
    0.5522840619087219,
    0.6805945038795471,
    0.5770009756088257,
    0.6526063680648804,
    0.6117284297943115,
    0.8187282085418701,
    0.5292909145355225,
    0.626047670841217,
    0.6783758997917175,
    0.606362521648407,
    0.7298983335494995,
    0.7013669013977051,
    0.5305999517440796,
    0.6949158310890198,
    0.619700014591217,
    0.62289959192276,
    0.6138301491737366,
    0.4818953275680542,
    0.6202212572097778,
    0.7028892040252686,
    0.6183826923370361,
    0.7487556338310242,
    0.5772821307182312,
    0.5910824537277222,
    0.6968539953231812,
    0.6373778581619263,
    0.5310963988304138,
    0.7216957211494446,
    0.8055793046951294,
    0.708693265914917,
    0.6271111965179443,
    0.5647866129875183
  ],
  "beta_mean": [
    0.07598323374986649,
    -0.02604946494102478,
    -0.23814895749092102,
    -0.19793692231178284,
    -0.06599494069814682,
    -0.041613973677158356,
    -0.13042576611042023,
    -0.010149162262678146,
    -0.10805466026067734,
    0.04812625050544739,
    -0.0032210960052907467,
    -0.018868975341320038,
    -0.26161521673202515,
    0.047961801290512085,
    -0.05118756741285324,
    -0.004915336612612009,
    -0.08027590066194534,
    -0.15736989676952362,
    -0.2034723460674286,
    -0.120443195104599,
    -0.2705150544643402,
    -0.2057032287120819,
    0.019093802198767662,
    0.02839949168264866,
    -0.25538820028305054,
    -0.11237442493438721,
    -0.11825082451105118,
    -0.1662067323923111,
    -0.18219402432441711,
    -0.29960107803344727,
    0.029499050229787827,
    -0.13260798156261444,
    0.026993386447429657,
    0.0015131382970139384,
    -0.20638686418533325,
    -0.07533755898475647,
    -0.14745092391967773,
    -0.08564746379852295,
    -0.028068765997886658,
    -0.06567252427339554,
    -0.1631811559200287,
    -0.21157902479171753,
    -0.21357738971710205,
    -0.2519978880882263,
    -0.18119293451309204,
    0.02562980353832245,
    0.10647184401750565,
    -0.09622512757778168,
    -0.14143335819244385,
    -0.39544394612312317
  ]
}