{
  "train_loss": [
    2.4623437394036185,
    2.13401251856486,
    2.0790399684906005,
    2.0466470290289984,
    2.030132242202759,
    2.0066045049031573,
    2.015429442087809,
    1.9977681948343913,
    1.9819340570237902,
    1.9270981674194336,
    1.935950574874878,
    1.937257954173618,
    1.9421533297432794,
    1.9347028285132515,
    1.9438731606801352,
    1.9103317777845594,
    1.8714895860883924,
    1.9173083585103352,
    1.897300492286682,
    1.8858733162350125,
    1.886400170856052,
    1.8840161158243816,
    1.8789226614634196,
    1.8394858548906114,
    1.8635012852350872,
    1.8723296296861436,
    1.8650813757578533,
    1.8220035268995496,
    1.9002553837034437,
    1.8707901134490967,
    1.8217587535646227,
    1.8381694410112168,
    1.8276135268741185,
    1.8220982513427735,
    1.813053891075982,
    1.8112632634904648,
    1.8106135459476047
  ],
  "val_loss": [
    2.0463688373565674,
    2.0348806381225586,
    2.0874857902526855,
    1.9487073421478271,
    1.9277504682540894,
    1.990506887435913,
    1.9737077951431274,
    1.9514347314834595,
    1.849236249923706,
    1.8897136449813843,
    1.8668005466461182,
    1.8939589262008667,
    1.8918840885162354,
    1.8274025917053223,
    1.8425763845443726,
    1.8312556743621826,
    1.8469855785369873,
    1.8270819187164307,
    1.783286690711975,
    1.8345400094985962,
    1.897068977355957,
    1.8376891613006592,
    1.861266851425171,
    1.7669013738632202,
    1.8089210987091064,
    1.8296889066696167,
    1.7531086206436157,
    1.764550805091858,
    1.8575499057769775,
    1.7640891075134277,
    1.7638763189315796,
    1.7625292539596558,
    1.7771743535995483,
    1.7949939966201782,
    1.76444411277771,
    1.7811779975891113,
    1.7683316469192505
  ],
  "best_epoch": 26,
  "status": "ok",
  "grad_norm": [
    2.1926423712652405,
    1.646215749897145,
    1.5607097835421384,
    1.4913944091275226,
    1.4681932497551256,
    1.41918195844021,
    1.4995743819138978,
    1.5092238436248322,
    1.4859041204995451,
    1.3267842732933068,
    1.3753247649137492,
    1.3534470702678396,
    1.4290947584163256,
    1.4176547326079083,
    1.4438425784641828,
    1.4126419567840676,
    1.3419851940459886,
    1.4927249079020286,
    1.4160886541385735,
    1.4126255445209253,
    1.4834407232238969,
    1.3913538302243729,
    1.4430959046946972,
    1.3081904532690036,
    1.4412574421168751,
    1.391962956400046,
    1.3786250290243083,
    1.2952742042562546,
    1.51623756135304,
    1.322277876714297,
    1.2977429704482424,
    1.3589509640307642,
    1.3157035846846759,
    1.3905607018056456,
    1.3383099082020753,
    1.3180240726228685,
    1.3424625894473834
  ],
  "beta_std": [
    0.6200292706489563,
    0.5704981684684753,
    0.46232929825782776,
    0.6472548842430115,
    0.6078992486000061,
    0.5454767942428589,
    0.7440487742424011,
    0.48778367042541504,
    0.6477317214012146,
    0.5266100764274597,
    0.4692486524581909,
    0.5740178823471069,
    0.5382308959960938,
    0.6400848627090454,
    0.4782041609287262,
    0.5057148933410645,
    0.6629327535629272,
    0.4889681935310364,
    0.6662517786026001,
    0.4790189564228058,
    0.5256852507591248,
    0.5734436511993408,
    0.5854853987693787,
    0.6248610019683838,
    0.7900812029838562,
    0.5087799429893494,
    0.6457518935203552,
    0.7265762686729431,
    0.5173159837722778,
    0.6250666379928589,
    0.6671385169029236,
    0.6374057531356812,
    0.5670976638793945,
    0.6201300621032715,
    0.6588893532752991,
    0.7002233266830444,
    0.6369602680206299
  ],
  "beta_mean": [
    -0.28907158970832825,
    -0.3215484023094177,
    -0.347275048494339,
    -0.2009357362985611,
    -0.21087074279785156,
    -0.4159753918647766,
    -0.20332083106040955,
    -0.13896168768405914,
    -0.2796587646007538,
    -0.24567358195781708,
    -0.1683245301246643,
    -0.039126235991716385,
    -0.15313342213630676,
    -0.10439060628414154,
    -0.12499967962503433,
    -0.2267625480890274,
    -0.19932422041893005,
    -0.09615184366703033,
    -0.13520871102809906,
    -0.19326917827129364,
    -0.17644605040550232,
    -0.17795096337795258,
    -0.360230028629303,
    -0.21282365918159485,
    -0.20055066049098969,
    -0.3530639111995697,
    -0.31068432331085205,
    -0.15106201171875,
    -0.361106276512146,
    -0.29561954736709595,
    -0.2962925136089325,
    -0.2655828595161438,
    -0.2264896184206009,
    -0.18571928143501282,
    -0.14188985526561737,
    -0.26165005564689636,
    -0.2726781666278839
  ]
}