{
  "train_loss": [
    2.477719742680154,
    2.136363346925256,
    2.137474830415514,
    2.177898687619215,
    2.0556810106032075,
    2.0441596499102856,
    1.9736273148743033,
    1.9599182846671657,
    1.9407935517852068,
    1.9260141176089907,
    1.9214791726787188,
    1.9313852212582416,
    1.9369500821096854
  ],
  "val_loss": [
    2.045252561569214,
    2.029299736022949,
    1.9213082790374756,
    2.1481211185455322,
    1.9930297136306763,
    1.9751290082931519,
    1.9766732454299927,
    1.973258376121521,
    1.972500205039978,
    1.9522662162780762,
    2.026660203933716,
    2.128826141357422,
    1.9877196550369263
  ],
  "best_epoch": 2,
  "status": "ok",
  "grad_norm": [
    2.0206760676125843,
    1.8565783715053523,
    1.937003553854593,
    2.1406738081952956,
    1.6389123525931093,
    1.7767805184499301,
    1.537092199081956,
    1.5064066023814724,
    1.5544694717431473,
    1.5229434448843246,
    1.5815750723244004,
    1.5915072385597782,
    1.594424958102603
  ],
  "beta_std": [
    0.7173194289207458,
    0.4947742819786072,
    0.5921552777290344,
    0.3612643778324127,
    0.5354176759719849,
    0.6140173673629761,
    0.7991277575492859,
    0.46290072798728943,
    0.6720783710479736,
    0.7390854358673096,
    0.5995792746543884,
    0.8064595460891724,
    0.716955840587616
  ],
  "beta_mean": [
    -0.3458675444126129,
    -0.26018407940864563,
    -0.1123652383685112,
    -0.3793589472770691,
    -0.17142921686172485,
    -0.4281159043312073,
    -0.3354315459728241,
    -0.12836486101150513,
    -0.34668365120887756,
    -0.2867119610309601,
    -0.37755507230758667,
    -0.26839566230773926,
    -0.16481664776802063
  ]
}