{
  "train_loss": [
    2.5778080983468663,
    2.1903299337799784,
    2.1444541974653277,
    2.092613646635535,
    2.034749724962558,
    2.0090064686780784,
    2.0009605530688637,
    2.0407848696680793,
    2.031450356265955,
    1.9784895245791876,
    1.9360529101801198,
    1.95404258811683,
    1.9866032769944932,
    1.9439337232377794,
    1.954124728336669,
    1.9259997526246901,
    1.9672492124602112,
    1.9251115472135487,
    1.9183043485496476,
    1.8939498236025982
  ],
  "val_loss": [
    2.2424747943878174,
    2.0380842685699463,
    2.0996453762054443,
    2.040687322616577,
    2.139885187149048,
    2.095024585723877,
    2.042691230773926,
    2.195744752883911,
    2.0787386894226074,
    2.0362350940704346,
    2.0440540313720703,
    2.1706504821777344,
    2.068143129348755,
    2.0779411792755127,
    2.0676920413970947,
    2.235841751098633,
    2.182677984237671,
    2.167036533355713,
    2.055685520172119,
    2.168957233428955
  ],
  "best_epoch": 9,
  "status": "ok",
  "grad_norm": [
    2.123539943319848,
    2.0497580932703903,
    2.119681309685133,
    1.8149220645191164,
    1.6883993171679021,
    1.649397990545467,
    1.6099149341132581,
    1.8963092140667286,
    1.5308227070100944,
    1.5726019275477205,
    1.417198262456061,
    1.5513050735706433,
    1.5652033350516559,
    1.5290218693127917,
    1.5730710142287005,
    1.603070165842467,
    1.5310845329113754,
    1.5251030810910684,
    1.576710936734169,
    1.4344561340440685
  ],
  "beta_std": [
    0.577694833278656,
    0.7281137108802795,
    0.5527030229568481,
    0.46141189336776733,
    0.5415125489234924,
    0.5706578493118286,
    0.5730012059211731,
    0.5137205719947815,
    0.5146235227584839,
    0.7137524485588074,
    0.7816616892814636,
    0.4369865953922272,
    0.5746065378189087,
    0.5508913993835449,
    0.5813767910003662,
    0.3448745012283325,
    0.7715018391609192,
    0.5670642256736755,
    0.722755491733551,
    0.45785143971443176
  ],
  "beta_mean": [
    -0.24052609503269196,
    -0.24860891699790955,
    -0.1293775588274002,
    -0.3877842128276825,
    -0.07542494684457779,
    -0.06907878816127777,
    -0.22452418506145477,
    -0.1542723923921585,
    -0.15013384819030762,
    -0.26032358407974243,
    -0.16179299354553223,
    -0.2602282464504242,
    -0.06008124724030495,
    -0.09059703350067139,
    -0.21738140285015106,
    0.06829918920993805,
    -0.14922139048576355,
    -0.2670109272003174,
    -0.31503376364707947,
    0.0736376941204071
  ]
}