{
  "train_loss": [
    2.629243152071858,
    2.182204548796715,
    2.106026820299918,
    2.071224075618543,
    2.074869952843203,
    2.032804335962262,
    1.9943157252094201,
    2.0422931977322225,
    2.0323725739138867,
    1.981627535903663,
    1.9379298557872662,
    1.9326175685793336,
    1.9309747445792482,
    1.9284393968637923,
    1.9275763438877307,
    1.903143110331039,
    1.9168099183645861,
    1.921640206052546,
    1.891312255970916,
    1.9450064924028185,
    1.9268858801412303,
    1.896543667163068,
    1.8690954187181261
  ],
  "val_loss": [
    2.2970385551452637,
    2.081448793411255,
    2.0585947036743164,
    1.9711695909500122,
    2.060877799987793,
    2.0361313819885254,
    1.999340295791626,
    2.0459790229797363,
    2.066638469696045,
    1.98272705078125,
    1.9768365621566772,
    2.0376975536346436,
    1.9442336559295654,
    1.9568434953689575,
    2.0243680477142334,
    2.0046608448028564,
    2.033299207687378,
    1.9674087762832642,
    1.9505772590637207,
    2.041962146759033,
    2.071643352508545,
    2.013118267059326,
    2.0210025310516357
  ],
  "best_epoch": 12,
  "status": "ok",
  "grad_norm": [
    2.7319590218454715,
    2.004081174700415,
    1.9767194457824229,
    1.8202603498898777,
    1.9506698477624942,
    1.8600449640480856,
    1.6737953905015917,
    1.85830855335612,
    1.7729815575455403,
    1.5990212609874037,
    1.469030065960474,
    1.5573222171980383,
    1.5163549796920865,
    1.576378069301124,
    1.611888205403844,
    1.4776055860177437,
    1.5880093567471103,
    1.6068181838940632,
    1.4433717820327177,
    1.65911932343257,
    1.5499773575738494,
    1.4737061574529762,
    1.4089036085714606
  ],
  "beta_std": [
    0.47248274087905884,
    0.6427336931228638,
    0.4721676707267761,
    0.7967167496681213,
    0.44040000438690186,
    0.6142301559448242,
    0.5946232676506042,
    0.6366013884544373,
    0.5498048067092896,
    0.6421635746955872,
    0.564625084400177,
    0.7075786590576172,
    0.6643214225769043,
    0.6735373139381409,
    0.8508920073509216,
    0.714596688747406,
    0.6031976342201233,
    0.5714916586875916,
    0.7399545311927795,
    0.7484710216522217,
    0.5012940168380737,
    0.8062829375267029,
    0.6161906719207764
  ],
  "beta_mean": [
    -0.5780763030052185,
    -0.22189262509346008,
    -0.38241446018218994,
    -0.29358285665512085,
    -0.2799934446811676,
    -0.20178544521331787,
    -0.28040796518325806,
    0.0014680958120152354,
    -0.06344854086637497,
    -0.31550025939941406,
    -0.21412697434425354,
    -0.18098066747188568,
    -0.1792554259300232,
    -0.4322895109653473,
    0.08822782337665558,
    -0.1837368607521057,
    -0.2595863342285156,
    -0.2365262359380722,
    -0.2325456738471985,
    -0.34103187918663025,
    -0.27726590633392334,
    -0.33341890573501587,
    0.07632789015769958
  ]
}