{
  "train_loss": [
    2.5957550066116957,
    2.210950692243743,
    2.1023566201974075,
    2.0316722122549313,
    2.0184018740179943,
    1.9634264463011981,
    1.9524960426140947,
    2.0009249645924707,
    1.9537547796929788,
    1.9106149820138139,
    1.9154832325483624,
    1.928877923809297,
    1.9021833989215873,
    1.8897910403368765,
    1.8892498656601933,
    1.8594641143397281,
    1.8791151553427268,
    1.8623980848412764,
    1.8591055394613254,
    1.8559999907086466,
    1.8480478030199197,
    1.8765691654026857,
    1.8623868396268253
  ],
  "val_loss": [
    2.1729960441589355,
    2.0535595417022705,
    2.0618467330932617,
    2.0701284408569336,
    2.0077905654907227,
    1.9984310865402222,
    1.9602335691452026,
    2.149406909942627,
    1.9780956506729126,
    1.9845824241638184,
    2.0165963172912598,
    1.9564425945281982,
    1.948344111442566,
    1.9643967151641846,
    2.0067856311798096,
    1.986304759979248,
    1.9856420755386353,
    1.9915255308151245,
    1.949183464050293,
    2.0180866718292236,
    2.0228078365325928,
    2.159958839416504,
    2.084327459335327
  ],
  "best_epoch": 12,
  "status": "ok",
  "grad_norm": [
    2.560732187033227,
    2.0550598864520064,
    1.8418467119285895,
    1.7419555309536738,
    1.7248066810891123,
    1.5231985133714108,
    1.620321486845672,
    1.7632476078595747,
    1.52678273949361,
    1.3836030920924145,
    1.5190606511870277,
    1.4836533749172844,
    1.4534440472874501,
    1.4874128772860622,
    1.500218997816802,
    1.3839494139342385,
    1.468202455844588,
    1.5166167136456832,
    1.4068694729862334,
    1.4881308691098833,
    1.343319062615482,
    1.5756523773943414,
    1.4170239669934857
  ],
  "beta_std": [
    0.6508452892303467,
    0.44908571243286133,
    0.4875950813293457,
    0.5596258640289307,
    0.49131494760513306,
    0.5349481701850891,
    0.47880011796951294,
    0.4374273717403412,
    0.49369674921035767,
    0.5679591298103333,
    0.6519409418106079,
    0.7095547318458557,
    0.5573599934577942,
    0.7768685817718506,
    0.5760876536369324,
    0.6281483769416809,
    0.6256188154220581,
    0.5772112607955933,
    0.5711519718170166,
    0.5055819749832153,
    0.5437983274459839,
    0.5840244889259338,
    0.553341269493103
  ],
  "beta_mean": [
    -0.0662122517824173,
    -0.0945320576429367,
    -0.18269534409046173,
    -0.377841055393219,
    -0.30498766899108887,
    -0.14629444479942322,
    -0.2256477177143097,
    -0.018467770889401436,
    -0.26020967960357666,
    -0.1904420703649521,
    -0.1763972043991089,
    -0.27810946106910706,
    -0.1471887230873108,
    -0.08531922847032547,
    -0.23756183683872223,
    0.01305351871997118,
    -0.2801823318004608,
    -0.215486079454422,
    -0.2659783363342285,
    -0.2673419117927551,
    -0.24000369012355804,
    -0.09937649220228195,
    -0.214963898062706
  ]
}