{
  "train_loss": [
    2.4718936417897543,
    2.1550281219482423,
    2.1954956516689723,
    2.034699943754408,
    2.0290090300242105,
    1.9997629300223456,
    1.989687747531467,
    1.9555043218400743,
    1.9436167364120482,
    1.9341432721879748,
    1.9412225351333618,
    1.9194849662780762,
    1.9011534009509616,
    1.9331565106709798,
    1.8860447421603732,
    1.9102175673378838,
    1.9067437171936035,
    1.9090933566623265,
    1.918988852183024,
    1.8812959825727675,
    1.8612494276894462
  ],
  "val_loss": [
    2.0805656909942627,
    2.382822275161743,
    2.0245676040649414,
    2.0321521759033203,
    2.006488800048828,
    2.0024430751800537,
    1.9750356674194336,
    1.9519362449645996,
    1.9667694568634033,
    2.0294876098632812,
    1.9245914220809937,
    1.9470508098602295,
    2.0193192958831787,
    2.0133442878723145,
    1.9803868532180786,
    2.0469257831573486,
    1.9817458391189575,
    2.0488178730010986,
    1.9748190641403198,
    1.977730393409729,
    2.0012409687042236
  ],
  "best_epoch": 10,
  "status": "ok",
  "grad_norm": [
    2.232955206503429,
    2.4862377621881624,
    1.747148799869929,
    1.5540452246327583,
    1.678429260608015,
    1.584971912086515,
    1.6795104755909414,
    1.5366889717626586,
    1.5024322016276623,
    1.5692867322664068,
    1.4878362047331106,
    1.5213340285774242,
    1.4877726902200814,
    1.5603610871488989,
    1.3715592931902536,
    1.508752858953476,
    1.511384045136224,
    1.4910469434988607,
    1.5899027902077933,
    1.4245357499995004,
    1.3654661872993832
  ],
  "beta_std": [
    0.7951008081436157,
    0.47454163432121277,
    0.6976073980331421,
    0.6821464896202087,
    0.6077170968055725,
    0.6316654086112976,
    0.67158442735672,
    0.6241464614868164,
    0.5120033621788025,
    0.6345749497413635,
    0.6801645755767822,
    0.8189642429351807,
    0.6423969268798828,
    0.8080357313156128,
    0.7624804973602295,
    0.5926002264022827,
    0.6565001010894775,
    0.6261460185050964,
    0.6413040161132812,
    0.7158504724502563,
    0.7917870283126831
  ],
  "beta_mean": [
    0.011519292369484901,
    -0.7216249108314514,
    -0.2517530620098114,
    -0.33531567454338074,
    -0.11311083287000656,
    -0.1803559809923172,
    -0.19716320931911469,
    -0.2891959846019745,
    -0.36709755659103394,
    -0.20482225716114044,
    -0.13622532784938812,
    -0.29871201515197754,
    -0.5073110461235046,
    -0.10072547942399979,
    -0.43744203448295593,
    -0.2163497358560562,
    -0.218904048204422,
    -0.32582494616508484,
    -0.10354800522327423,
    -0.3074325919151306,
    -0.28867805004119873
  ]
}