{
  "train_loss": [
    2.5375280679066976,
    2.150051374435425,
    2.184026626586914,
    2.155772239473131,
    2.0939792345894706,
    1.9987821000417074,
    2.0096842212677,
    1.9847252277798122,
    1.9595418711768255,
    2.051345302157932,
    2.0596068823072646,
    1.9959372105068631,
    1.9403611347410414,
    1.916520024617513,
    1.9204567862616646,
    2.0479678983688356
  ],
  "val_loss": [
    2.0136075019836426,
    2.0454821586608887,
    2.2393617630004883,
    1.95375394821167,
    1.9724678993225098,
    1.874255657196045,
    1.9654812812805176,
    1.9124937057495117,
    1.907770037651062,
    2.039646625518799,
    1.9237971305847168,
    2.022508382797241,
    1.9625431299209595,
    1.9007927179336548,
    1.950711727142334,
    1.978155255317688
  ],
  "best_epoch": 5,
  "status": "ok",
  "grad_norm": [
    2.3002160935002665,
    1.8119921102683545,
    2.136264363649129,
    1.777313058051797,
    1.7526860405043985,
    1.480746159546862,
    1.5104417254049383,
    1.5213040656755354,
    1.4198077864337106,
    2.3050696117922245,
    1.5643466372412511,
    1.4555979482487253,
    1.3476140203646798,
    1.3075114714176954,
    1.3860594887597897,
    1.6417117507741206
  ],
  "beta_std": [
    0.4054383933544159,
    0.6059232354164124,
    0.5487844944000244,
    0.5464558005332947,
    0.29664692282676697,
    0.5052371025085449,
    0.46013325452804565,
    0.6819459795951843,
    0.6795976758003235,
    0.7271537184715271,
    0.5631638765335083,
    0.41774964332580566,
    0.6550086140632629,
    0.5143600106239319,
    0.5003846287727356,
    0.5546213984489441
  ],
  "beta_mean": [
    -0.324131041765213,
    -0.49074089527130127,
    -0.52269446849823,
    -0.15332670509815216,
    -0.07696471363306046,
    -0.1308714598417282,
    -0.13919894397258759,
    0.038233786821365356,
    -0.14939524233341217,
    -0.30351272225379944,
    -0.20872744917869568,
    0.0246292594820261,
    -0.17728552222251892,
    -0.25853681564331055,
    -0.10812070220708847,
    -0.2907838225364685
  ]
}