{
  "train_loss": [
    2.682114865877475,
    1.9984743879831326,
    1.8782983751464308,
    1.8437528715914453,
    1.8460879865166737,
    1.8312710515797488,
    1.7971465351707057,
    1.760541951642399,
    1.7067868389999656,
    1.6766195755395277,
    1.6900683628606517,
    1.6949109905086763,
    1.6718080172622414,
    1.6779388260980796,
    1.6458214405684444,
    1.598800324110957,
    1.5827369679345025,
    1.5902164547903497,
    1.5925234738846272,
    1.5525113602409586,
    1.5810704508720086,
    1.519881978787874,
    1.521825856298034,
    1.5279376025506628,
    1.493781626963476,
    1.4688550703427945,
    1.4927122333314684,
    1.4777106228209378,
    1.4818943711609869,
    1.443557503516214,
    1.4488305140378182,
    1.4312557139313011,
    1.4505288586142469,
    1.4675525239197134,
    1.4388654573479591,
    1.4288607875924362,
    1.4196530956413314,
    1.4372768190171983,
    1.4495399495453862,
    1.419296080410829
  ],
  "val_loss": [
    1.6874874830245972,
    1.7005585432052612,
    1.6656221151351929,
    1.7043315172195435,
    1.831484317779541,
    1.8022311925888062,
    1.6894303560256958,
    1.4824415445327759,
    1.4402168989181519,
    1.4749242067337036,
    1.4762582778930664,
    1.4766781330108643,
    1.4792852401733398,
    1.5278921127319336,
    1.4918352365493774,
    1.423943281173706,
    1.3903868198394775,
    1.3961951732635498,
    1.3947956562042236,
    1.3605560064315796,
    1.3763399124145508,
    1.3751381635665894,
    1.3764139413833618,
    1.3858171701431274,
    1.2797658443450928,
    1.272234320640564,
    1.2752894163131714,
    1.3080759048461914,
    1.3308919668197632,
    1.245573878288269,
    1.3211820125579834,
    1.2882639169692993,
    1.2816344499588013,
    1.2554242610931396,
    1.307422399520874,
    1.2858761548995972,
    1.2845518589019775,
    1.294534683227539,
    1.2942008972167969,
    1.3091365098953247
  ],
  "best_epoch": 29,
  "status": "ok",
  "grad_norm": [
    2.8273018201515363,
    2.590524257666649,
    2.3979834680536487,
    2.4700459040918106,
    2.483287229133147,
    2.489253808246733,
    2.559037850456233,
    2.474111247232328,
    2.3966075610289463,
    2.3219902675497055,
    2.3556447067562334,
    2.616136010167746,
    2.347452919927129,
    2.4074886942472675,
    2.392587004132165,
    2.3832929429516505,
    2.3791035608992064,
    2.5072530870520935,
    2.4936636803321344,
    2.3403707511148117,
    2.535032482559877,
    2.3587345237237316,
    2.399021555815153,
    2.4194712793439823,
    2.421191963637092,
    2.2470272011854937,
    2.422281575030896,
    2.391653395409825,
    2.388081320588771,
    2.427043073511812,
    2.37454836953188,
    2.3203555834989174,
    2.431403707768631,
    2.4563715295736315,
    2.3521535396240627,
    2.342012264524242,
    2.3410727095531914,
    2.384933509868714,
    2.405656186033831,
    2.326841330795716
  ],
  "beta_std": [
    0.6585416197776794,
    0.715512752532959,
    0.7830132246017456,
    0.7248889803886414,
    0.6309457421302795,
    0.8484463691711426,
    0.7335838675498962,
    0.5841854810714722,
    0.7905873656272888,
    0.7011613845825195,
    0.8389900326728821,
    0.9489995241165161,
    0.7382894158363342,
    0.5448474287986755,
    0.6031937003135681,
    0.7308065891265869,
    0.6801918148994446,
    0.7873460650444031,
    0.7152862548828125,
    0.7626707553863525,
    0.6159725189208984,
    0.7558101415634155,
    0.8294275403022766,
    0.6671513319015503,
    0.742734968662262,
    0.736574649810791,
    0.7386041283607483,
    0.6641132235527039,
    0.869113564491272,
    0.8209710717201233,
    0.8163164258003235,
    0.8641231656074524,
    0.8477960824966431,
    0.6683910489082336,
    0.8423656821250916,
    0.7711623907089233,
    0.7432011961936951,
    0.6405666470527649,
    0.8158472180366516,
    0.660138726234436
  ],
  "beta_mean": [
    -0.22813370823860168,
    -0.25904256105422974,
    -0.18916699290275574,
    -0.16353164613246918,
    -0.37761223316192627,
    -0.10277888178825378,
    -0.4047916531562805,
    -0.08268250524997711,
    -0.23425418138504028,
    -0.38568511605262756,
    -0.14155882596969604,
    -0.1939276158809662,
    -0.2550943195819855,
    -0.14874544739723206,
    -0.22884438931941986,
    -0.1124262660741806,
    -0.23786017298698425,
    -0.15173710882663727,
    -0.13352280855178833,
    -0.1380142867565155,
    -0.13030517101287842,
    -0.07835327088832855,
    -0.09858289361000061,
    -0.17137201130390167,
    -0.1453244686126709,
    -0.12409157305955887,
    -0.20771516859531403,
    -0.1690114587545395,
    0.08389219641685486,
    -0.3335030674934387,
    -0.042060595005750656,
    -0.21977899968624115,
    -0.24854296445846558,
    -0.19015996158123016,
    -0.03902662917971611,
    -0.12451591342687607,
    -0.08769544959068298,
    -0.10025903582572937,
    -0.09896475076675415,
    -0.17206630110740662
  ]
}