{
  "train_loss": [
    2.568861921377349,
    1.968041244919537,
    1.8967244918722856,
    1.847918616177743,
    1.803484167494969,
    1.7714370525092409,
    1.7585951645890174,
    1.7446106385626987,
    1.7179196864401387,
    1.7245256925605195,
    1.689781660838434,
    1.6666737214305944,
    1.694325274417275,
    1.680346251761007,
    1.6819970547525507,
    1.6357862741626494,
    1.7005800992285298,
    1.6644532177462215,
    1.652256539160745,
    1.6387945951774106,
    1.6302043876313326,
    1.6175920167164495,
    1.5875969198851558,
    1.5870306138824999,
    1.6008840985883745,
    1.607778770519279,
    1.6023368405180367,
    1.60967903265479,
    1.6090685065866215,
    1.5733686685004429,
    1.5610296432316653,
    1.5562127739923042,
    1.5770416914231595,
    1.5429381026719746,
    1.5166822904731796,
    1.5352174355133235,
    1.513521162738577,
    1.5019467766243115,
    1.498295773037693,
    1.4898850889930948,
    1.4945891768472237,
    1.487945896840235,
    1.4883854278207522,
    1.4678984604104917,
    1.4720256052797998,
    1.4877464023668165,
    1.4771543830737732,
    1.4853518243561015,
    1.4558926917516697,
    1.4460550229870088
  ],
  "val_loss": [
    1.8311232328414917,
    1.7808613777160645,
    1.6569461822509766,
    1.7035642862319946,
    1.5729342699050903,
    1.6465768814086914,
    1.6113566160202026,
    1.5841318368911743,
    1.6551100015640259,
    1.5741050243377686,
    1.5950621366500854,
    1.5532110929489136,
    1.5318747758865356,
    1.5871773958206177,
    1.550461769104004,
    1.48173987865448,
    1.611336350440979,
    1.522581934928894,
    1.5697758197784424,
    1.4865751266479492,
    1.5308032035827637,
    1.6051819324493408,
    1.4965622425079346,
    1.5312978029251099,
    1.5378222465515137,
    1.4387654066085815,
    1.5026757717132568,
    1.479284644126892,
    1.5503203868865967,
    1.452066421508789,
    1.5428321361541748,
    1.4904966354370117,
    1.4266983270645142,
    1.4233661890029907,
    1.5573607683181763,
    1.4325649738311768,
    1.4431982040405273,
    1.389027714729309,
    1.409722089767456,
    1.4064738750457764,
    1.3862487077713013,
    1.3991186618804932,
    1.4085884094238281,
    1.4108624458312988,
    1.3523752689361572,
    1.405557632446289,
    1.381518006324768,
    1.3833565711975098,
    1.3898180723190308,
    1.3592197895050049
  ],
  "best_epoch": 44,
  "status": "ok",
  "grad_norm": [
    2.6753692958398174,
    2.471189315643942,
    2.3479258416389883,
    2.3720300582717213,
    2.3422961348926097,
    2.3087158598815893,
    2.408803389565883,
    2.2468725746152454,
    2.260626076792887,
    2.3457692524529743,
    2.241048697419002,
    2.2461512153769925,
    2.2713040033611573,
    2.310655214922668,
    2.294908569096594,
    2.2365670576508734,
    2.412889700562382,
    2.169860314641314,
    2.2845332672940186,
    2.262442270539614,
    2.3239291596298535,
    2.2561725478233927,
    2.277012377006768,
    2.2230958858487098,
    2.290810653612722,
    2.291766569310398,
    2.263024468352346,
    2.302944242816119,
    2.315344824627143,
    2.291968551926643,
    2.2707438778302054,
    2.286403075930808,
    2.3061776549175694,
    2.2898303045674853,
    2.265160147584036,
    2.279901823251686,
    2.345179219872705,
    2.2503827140287496,
    2.2311627491600095,
    2.1794347124789426,
    2.270416283505798,
    2.2913184334941303,
    2.223282881497227,
    2.3443806437017134,
    2.3093739140291984,
    2.3838372094965856,
    2.3075857674167435,
    2.3144743903798166,
    2.309620323651097,
    2.2512097111627476
  ],
  "beta_std": [
    0.7365014553070068,
    0.6231219172477722,
    0.8687997460365295,
    0.7381708025932312,
    0.6347131729125977,
    0.5893652439117432,
    0.675855278968811,
    0.7829128503799438,
    0.6311175227165222,
    0.7904946804046631,
    0.8484317064285278,
    0.7353118062019348,
    0.6890489459037781,
    0.7314313054084778,
    0.8837872743606567,
    0.7884548306465149,
    0.6015844345092773,
    0.8346329927444458,
    0.7949238419532776,
    0.8107238411903381,
    0.8641024827957153,
    0.7436806559562683,
    0.7789266705513,
    0.783724308013916,
    0.766477644443512,
    0.7427827715873718,
    0.6440404653549194,
    0.6689339280128479,
    0.5036218762397766,
    0.8860653638839722,
    0.6579394340515137,
    0.6717320680618286,
    0.7070955038070679,
    0.7143682241439819,
    0.6262452006340027,
    0.8193064332008362,
    0.6437965035438538,
    0.7728054523468018,
    0.8499578237533569,
    0.7302992939949036,
    0.8102782368659973,
    0.8223779797554016,
    0.7092236280441284,
    0.7234983444213867,
    0.6928466558456421,
    0.6856307983398438,
    0.7859900593757629,
    0.7540636658668518,
    0.8162468671798706,
    0.7031798958778381
  ],
  "beta_mean": [
    -0.2765774428844452,
    -0.20122955739498138,
    -0.11727709323167801,
    -0.15502943098545074,
    -0.12254107743501663,
    -0.2592776417732239,
    -0.07061287015676498,
    -0.2208736091852188,
    -0.11612481623888016,
    -0.2851950228214264,
    -0.06767456978559494,
    -0.294620543718338,
    -0.005195343401283026,
    -0.26238471269607544,
    -0.16993999481201172,
    -0.2388843148946762,
    -0.2277430146932602,
    -0.06055827811360359,
    -0.34011268615722656,
    -0.22269833087921143,
    -0.14299146831035614,
    -0.34352385997772217,
    -0.12286494672298431,
    -0.3444156050682068,
    -0.22043603658676147,
    -0.24032241106033325,
    -0.13252970576286316,
    -0.18503612279891968,
    -0.1333053708076477,
    -0.049365002661943436,
    -0.2684459090232849,
    -0.29558029770851135,
    -0.07398627698421478,
    -0.16728635132312775,
    -0.0913398489356041,
    -0.06344850361347198,
    -0.1963726431131363,
    -0.15163134038448334,
    -0.20875558257102966,
    -0.13684238493442535,
    -0.09044326841831207,
    -0.22909393906593323,
    -0.2078274041414261,
    -0.23903538286685944,
    -0.133152037858963,
    -0.28270551562309265,
    -0.1615523397922516,
    -0.11468416452407837,
    -0.16479326784610748,
    -0.0314728207886219
  ]
}