{
  "train_loss": [
    2.565457779566447,
    1.9607190663019816,
    1.8724243088828192,
    1.82220319641961,
    1.778213756773207,
    1.7493309146033393,
    1.7408930487102932,
    1.6971312812169392,
    1.689769266764323,
    1.6317400373882718,
    1.6211418226030139,
    1.6153362797631157,
    1.6097687624295554,
    1.5838433067533706,
    1.5692619135114882,
    1.5441578271653917,
    1.5510591445498996,
    1.541503311369154,
    1.5089644169277614,
    1.5306068623860678,
    1.5210390495724149,
    1.5114713922076755,
    1.5090848837958442,
    1.506608422809177,
    1.4402835835350885,
    1.474639396985372,
    1.4444409673478869,
    1.4616686888800727,
    1.4578518129984537,
    1.4579705276489259,
    1.433838924937778,
    1.4328041812049017,
    1.4248369700113932,
    1.4348047996097142,
    1.4047617678112454,
    1.403384553803338,
    1.4000622472763062,
    1.4066864353815713,
    1.387720296965705,
    1.3867029602262708,
    1.3818482177522446,
    1.3999574574364557,
    1.3857541633182102,
    1.3761425156063503,
    1.372147467083401
  ],
  "val_loss": [
    1.8081930875778198,
    1.7190370559692383,
    1.6835933923721313,
    1.6595896482467651,
    1.6653754711151123,
    1.6239351034164429,
    1.632931113243103,
    1.5979892015457153,
    1.651058554649353,
    1.5385444164276123,
    1.5438711643218994,
    1.5657145977020264,
    1.5748400688171387,
    1.5889638662338257,
    1.5508681535720825,
    1.5015530586242676,
    1.6129456758499146,
    1.4790735244750977,
    1.492581844329834,
    1.511579155921936,
    1.4638515710830688,
    1.5232163667678833,
    1.4256948232650757,
    1.4741116762161255,
    1.4327895641326904,
    1.4491859674453735,
    1.386904001235962,
    1.5299139022827148,
    1.4830659627914429,
    1.4303377866744995,
    1.45095694065094,
    1.4959675073623657,
    1.4540972709655762,
    1.5025681257247925,
    1.38417387008667,
    1.4454331398010254,
    1.445241093635559,
    1.5063583850860596,
    1.3852659463882446,
    1.4492696523666382,
    1.4483376741409302,
    1.3902761936187744,
    1.3996762037277222,
    1.3872110843658447,
    1.4370189905166626
  ],
  "best_epoch": 34,
  "status": "ok",
  "grad_norm": [
    2.808795974204465,
    2.649141818947838,
    2.4230979931401833,
    2.4923376758779203,
    2.384611762078331,
    2.5250522813432865,
    2.547591308332824,
    2.352447088425527,
    2.4244403276996267,
    2.3069472664148405,
    2.3106261230042717,
    2.425483835707059,
    2.422472490774005,
    2.413411913085505,
    2.364875548681924,
    2.3855894804697586,
    2.3966485123538757,
    2.341745677797799,
    2.356025338327555,
    2.4879283557376204,
    2.387654816061385,
    2.311642353790282,
    2.3718832530716782,
    2.346570072645067,
    2.200757035379236,
    2.323253502672558,
    2.287324658521192,
    2.348617012679096,
    2.3617043640296687,
    2.3462454418999896,
    2.329491829881692,
    2.320331063321976,
    2.3122440183870556,
    2.350972343192051,
    2.294817567820001,
    2.3041192232445233,
    2.2963076911845173,
    2.3424708538379106,
    2.2847491915153246,
    2.2462517709271825,
    2.3482490735928114,
    2.3788932585540796,
    2.247802134271236,
    2.209992722803916,
    2.239924675587781
  ],
  "beta_std": [
    0.6083612442016602,
    0.7810381054878235,
    0.8195913434028625,
    0.6667885184288025,
    0.6547237634658813,
    0.6016538739204407,
    0.7122293710708618,
    0.8281705379486084,
    0.7367076873779297,
    0.7858580350875854,
    0.6822271943092346,
    0.7063782215118408,
    0.7182223796844482,
    0.656852126121521,
    0.7187718749046326,
    0.7247869968414307,
    0.7062615752220154,
    0.7324763536453247,
    0.742019534111023,
    0.7210333347320557,
    0.6835957765579224,
    0.7489586472511292,
    0.8301254510879517,
    0.641575813293457,
    0.6623548269271851,
    0.7608829736709595,
    0.800669252872467,
    0.7435926198959351,
    0.7644729018211365,
    0.6510044932365417,
    0.7465891242027283,
    0.657705545425415,
    0.6767094731330872,
    0.6595473289489746,
    0.7190645337104797,
    0.735851526260376,
    0.6780065298080444,
    0.6350616812705994,
    0.7467345595359802,
    0.781303346157074,
    0.6604881882667542,
    0.6415061950683594,
    0.7411431670188904,
    0.7516821622848511,
    0.6704071760177612
  ],
  "beta_mean": [
    -0.16694027185440063,
    -0.3224494755268097,
    -0.12762074172496796,
    -0.3059707283973694,
    -0.1595170944929123,
    -0.20090413093566895,
    -0.25889360904693604,
    -0.12445810437202454,
    -0.3059486746788025,
    -0.19928406178951263,
    -0.25508615374565125,
    -0.25738826394081116,
    -0.2595460116863251,
    -0.3773593008518219,
    -0.34124431014060974,
    -0.1832568347454071,
    0.006658744998276234,
    -0.238532155752182,
    -0.3938392400741577,
    -0.2154649943113327,
    -0.052939508110284805,
    0.012695936486124992,
    -0.4499697983264923,
    -0.06459467858076096,
    -0.29391053318977356,
    -0.15131065249443054,
    -0.23342783749103546,
    -0.1588873267173767,
    -0.3436201810836792,
    -0.24105051159858704,
    -0.14146369695663452,
    -0.2238781452178955,
    -0.1179736852645874,
    -0.22584234178066254,
    -0.24278725683689117,
    -0.21196438372135162,
    -0.05025959759950638,
    -0.03528054803609848,
    -0.16902117431163788,
    -0.09889034926891327,
    -0.3334709405899048,
    -0.15477719902992249,
    -0.13200770318508148,
    -0.1915922611951828,
    -0.11319810152053833
  ]
}