{
  "train_loss": [
    2.618175741619534,
    1.9124459929996067,
    1.8732211894989013,
    1.7803371872372098,
    1.7811524931589762,
    1.7130503103468153,
    1.6965870085822212,
    1.6838494417402479,
    1.6479455355538262,
    1.5761847178141275,
    1.5828694625430637,
    1.55220988729265,
    1.527369669066535,
    1.5439634354909262,
    1.506493258052402,
    1.4997071852154202,
    1.4730153771506416,
    1.477576359324985,
    1.4999422732459173,
    1.4932733885447185,
    1.4829513567818535,
    1.4529984828101263,
    1.4583447758356731,
    1.4282913125356038,
    1.4514700563218859,
    1.4391069025463528,
    1.4342268013424344,
    1.410294123225742,
    1.4201659846835666,
    1.4385140524970161,
    1.4199986830817328
  ],
  "val_loss": [
    2.103257179260254,
    1.8689780235290527,
    1.8387871980667114,
    1.8043498992919922,
    1.7323369979858398,
    1.7720623016357422,
    1.7733043432235718,
    1.628320574760437,
    1.6566808223724365,
    1.6420831680297852,
    1.6496288776397705,
    1.55381441116333,
    1.490511417388916,
    1.5570513010025024,
    1.5049296617507935,
    1.5292302370071411,
    1.573585033416748,
    1.5578334331512451,
    1.5026386976242065,
    1.4926100969314575,
    1.4086740016937256,
    1.4469341039657593,
    1.452976942062378,
    1.5129103660583496,
    1.460192084312439,
    1.4675019979476929,
    1.5110822916030884,
    1.4400794506072998,
    1.4674687385559082,
    1.5220310688018799,
    1.492150902748108
  ],
  "best_epoch": 20,
  "status": "ok",
  "grad_norm": [
    2.7509661134120633,
    2.432459028124951,
    2.4464670919121256,
    2.310542530218601,
    2.429734432819362,
    2.3319874369224816,
    2.3958535172510893,
    2.430259530960618,
    2.4543669489492377,
    2.4673757118030695,
    2.4242182050193053,
    2.425999308746433,
    2.3881083805542045,
    2.469862818678177,
    2.465938734735677,
    2.296891319558725,
    2.3437793966903,
    2.4089286435881845,
    2.4341482153014393,
    2.48410030672587,
    2.447696912698589,
    2.2681709306066624,
    2.321902372687628,
    2.276310283788149,
    2.4083879706206175,
    2.342631773301736,
    2.3975811527990034,
    2.3105562681791674,
    2.3598500764286388,
    2.441636917504731,
    2.2678588480433213
  ],
  "beta_std": [
    0.6440733075141907,
    0.7456905841827393,
    0.6620410680770874,
    0.6626386046409607,
    0.7952163815498352,
    0.738336443901062,
    0.7810992002487183,
    0.7818236351013184,
    0.6981586813926697,
    0.7522469162940979,
    0.7282547354698181,
    0.6310295462608337,
    0.812151312828064,
    0.6801247596740723,
    0.9685143828392029,
    0.8233785629272461,
    0.91099613904953,
    0.8087364435195923,
    0.8508545160293579,
    0.8463426828384399,
    0.785542905330658,
    0.7962941527366638,
    0.7410879731178284,
    0.7959771752357483,
    0.6730334162712097,
    0.8334538340568542,
    0.7575908899307251,
    0.8738480806350708,
    0.751330554485321,
    0.8139897584915161,
    0.7526824474334717
  ],
  "beta_mean": [
    -0.1415216624736786,
    -0.2545583248138428,
    -0.3304439187049866,
    -0.17435039579868317,
    -0.2615545392036438,
    -0.23414289951324463,
    -0.10060174763202667,
    -0.23675331473350525,
    -0.38813745975494385,
    -0.17338037490844727,
    -0.09736233204603195,
    -0.33633410930633545,
    -0.12974043190479279,
    -0.3829803764820099,
    -0.19410204887390137,
    -0.3278280198574066,
    0.00637565553188324,
    -0.10968049615621567,
    -0.3412533104419708,
    -0.28737446665763855,
    -0.1953912377357483,
    -0.15620145201683044,
    -0.25765174627304077,
    -0.1583513468503952,
    -0.23233820497989655,
    -0.09552398324012756,
    -0.20162060856819153,
    -0.22754241526126862,
    -0.23344002664089203,
    -0.07056152075529099,
    -0.24141299724578857
  ]
}