model,method,rmse_alpha,rmse_beta,corr_alpha,corr_beta,r2_alpha,r2_beta,mu_true,bias_mean,variance,mse,bias_ratio,rmse_mu,empirical_se,se_mean,se_ratio,ci_width,coverage,n_sims,overfit_rate,mean_best_epoch,final_grad_norm,final_beta_std,correction_ratio,min_hessian_eig,hessian_condition,final_train_loss,final_val_loss,train_val_gap,oracle_loss,excess_loss_ratio,smoothness_ratio,violation_rate,bias_shift,bias_reduction
logit,influence,0.48889761548185917,0.3422433402143184,0.8333559479477597,0.6396246414294365,0.6944821359799092,0.40911968192373527,-0.08409047072928731,-0.0029148220522499475,0.0029915807977328153,0.003000076985329098,0.0028319898582037867,0.05406720510825287,0.05469534530225415,0.05065014594849583,0.9260412502854862,0.19854857211810364,0.9,30,0.0,6.11,0.23181971466339896,0.3541164261351029,0.5788940869703411,0.05086742928251624,4.171201586977831,0.6135375029878193,0.608320246040821,-0.0052172569469982576,1.0,-0.3916797539591789,0.8508528418522597,0.9333333333333333,0.002939353698381844,-117.81885286370252
logit,naive,0.48431621056724106,0.34774198063874695,0.8473659831245891,0.6584447048707195,0.7180291093567014,0.4335494293722889,-0.08409047072928731,2.4531646131894143e-05,0.011975480451559562,0.011975481053361225,5.025281734060828e-08,0.10750452563988613,0.10943253835838572,0.003433732325832049,0.03137761745584991,0.013460230717261632,0.03333333333333333,30,0.0,6.566666666666666,0.23031691671389773,0.35819509277741113,,,,0.6131733631363621,0.6088947832584382,-0.004278579877924038,1.0,-0.3911052167415619,0.8122706961956021,0.9333333333333333,0.002939353698381844,-117.81885286370252
