sim_id,mu_true,naive_mu,naive_se,naive_covered,if_mu,if_se,if_covered,rmse_alpha,rmse_beta,corr_alpha,corr_beta,ame_true,ame_hat,min_eigenvalue,pct_regularized
0,0.5018338642447582,0.4030493840816431,0.002349124057630505,False,-250.38485130668423,199.5737921436167,True,1.1970038400672751,0.22520006867831494,0.7786402087608391,0.820341988658711,0.07822966535681804,0.07493436207819838,-0.33366963267326355,6.65
1,0.4971092082363333,0.3751701910189353,0.0022149420696070186,False,67.71321640092906,201.5424739193488,True,1.157876123416372,0.22430612969791994,0.7742717996812172,0.83507662202922,0.0777063650503419,0.07049539604069048,-0.374036967754364,7.47
