{
  "train_loss": [
    0.6453832924435711,
    0.6302451812035856,
    0.6241153902617115,
    0.6201739732842696,
    0.6210796227371483,
    0.6188766772984065,
    0.61776751745514,
    0.6197215907336676,
    0.6174365772280777,
    0.6161516210767958,
    0.612894793644286,
    0.6149679343881663,
    0.6119688893619336,
    0.6110760519936768,
    0.6113636480995089,
    0.6090737315506963
  ],
  "val_loss": [
    0.6294059753417969,
    0.6248540282249451,
    0.626205563545227,
    0.6226367354393005,
    0.627358615398407,
    0.6210358738899231,
    0.6218205094337463,
    0.6273320317268372,
    0.6258783340454102,
    0.6250619888305664,
    0.6331639885902405,
    0.6313163042068481,
    0.633577287197113,
    0.6334259510040283,
    0.629530668258667,
    0.6320214867591858
  ],
  "best_epoch": 5,
  "status": "underfit",
  "grad_norm": [
    0.22027530061484737,
    0.2339418601810954,
    0.219123092597712,
    0.22785057425046742,
    0.21994759214918155,
    0.2203930653672187,
    0.22385103318032884,
    0.23550402647322197,
    0.22830111584886958,
    0.2248344015653787,
    0.22055483426791953,
    0.23139138694710512,
    0.22819631809163207,
    0.23163908122383473,
    0.22124714140963966,
    0.22078306835621928
  ],
  "beta_std": [
    0.21409954130649567,
    0.3808709383010864,
    0.24470937252044678,
    0.26318612694740295,
    0.4591132402420044,
    0.3221977651119232,
    0.2801344096660614,
    0.3964274525642395,
    0.2479172796010971,
    0.2791654169559479,
    0.3648509085178375,
    0.339530885219574,
    0.2548905313014984,
    0.47468301653862,
    0.3498348295688629,
    0.3581527769565582
  ],
  "beta_mean": [
    -0.04244130849838257,
    -0.10386832803487778,
    -0.07314034551382065,
    0.03162704035639763,
    -0.15538758039474487,
    -0.2573205530643463,
    -0.06578139960765839,
    -0.003226284869015217,
    -0.19179055094718933,
    -0.07579942047595978,
    0.010912887752056122,
    -0.05421701446175575,
    -0.05301039293408394,
    -0.1366301029920578,
    0.02795756235718727,
    -0.07989935576915741
  ]
}