{
  "train_loss": [
    0.6440910313003941,
    0.6205564621735734,
    0.6188342917592902,
    0.6134834996719807,
    0.6159673366909139,
    0.6106620738659686,
    0.6115656870568705,
    0.6107496216283207,
    0.6107927531805651,
    0.6098034869718273,
    0.6078684646902028,
    0.6077162762970952,
    0.6083764556416295,
    0.6084764372117338,
    0.6040913329905236,
    0.6041242881825096,
    0.6042660932931286,
    0.602452410954481
  ],
  "val_loss": [
    0.6195253133773804,
    0.6104036569595337,
    0.606124997138977,
    0.608736515045166,
    0.5959326028823853,
    0.6067191362380981,
    0.6079912185668945,
    0.5947802066802979,
    0.6065883636474609,
    0.6140323877334595,
    0.6038084626197815,
    0.6044423580169678,
    0.6111599802970886,
    0.5995671153068542,
    0.599053680896759,
    0.6066194176673889,
    0.609695553779602,
    0.6083648800849915
  ],
  "best_epoch": 7,
  "status": "underfit",
  "grad_norm": [
    0.23175098854067627,
    0.2179539302567607,
    0.2396847713533411,
    0.22108182527175868,
    0.22421011259909102,
    0.21961879484614674,
    0.216173120378555,
    0.22154286581862734,
    0.21502175055117212,
    0.2322614865254013,
    0.22437122542395407,
    0.22187752162430296,
    0.2171859430086156,
    0.22711387535852187,
    0.2141170473605814,
    0.23110503322323206,
    0.22328878307980707,
    0.22525494761472709
  ],
  "beta_std": [
    0.7619244456291199,
    0.37942278385162354,
    0.5122197270393372,
    0.35943904519081116,
    0.38422146439552307,
    0.39602822065353394,
    0.3912144601345062,
    0.36995282769203186,
    0.31459030508995056,
    0.64998459815979,
    0.2679738700389862,
    0.30460092425346375,
    0.31499823927879333,
    0.4461730420589447,
    0.4784736931324005,
    0.31310489773750305,
    0.3439698815345764,
    0.3894151449203491
  ],
  "beta_mean": [
    -0.41725456714630127,
    -0.3528771996498108,
    -0.24967336654663086,
    -0.12508748471736908,
    -0.148932084441185,
    -0.380879670381546,
    -0.09294338524341583,
    -0.14356274902820587,
    -0.3292921185493469,
    -0.06313388794660568,
    -0.10541635751724243,
    -0.20365047454833984,
    -0.1403038203716278,
    -0.12717024981975555,
    -0.19004985690116882,
    -0.30165770649909973,
    -0.03144465386867523,
    -0.18689176440238953
  ]
}