{
  "train_loss": [
    0.6415874717500475,
    0.6204389168951246,
    0.6177539844512939,
    0.6173082646793789,
    0.6121942180527581,
    0.615974072350396,
    0.6140776363478767,
    0.6116062898635864,
    0.6085364429685804,
    0.6098564017613729,
    0.6073194709353977,
    0.6073506581518385,
    0.6059118399090238,
    0.6079420030381945,
    0.60720575899548,
    0.6059860262340969,
    0.60666683016883,
    0.6020449914932251,
    0.6038560286098056,
    0.6041407208972507,
    0.6034291161961025
  ],
  "val_loss": [
    0.6176621317863464,
    0.6132313013076782,
    0.609706699848175,
    0.6055853366851807,
    0.6084483861923218,
    0.6059812307357788,
    0.6048861145973206,
    0.6092625856399536,
    0.6087531447410583,
    0.6011767387390137,
    0.6000998616218567,
    0.6053968667984009,
    0.6123679876327515,
    0.6168162226676941,
    0.6090250015258789,
    0.6072489619255066,
    0.6050452589988708,
    0.6152490973472595,
    0.6064602732658386,
    0.6099929809570312,
    0.612574577331543
  ],
  "best_epoch": 10,
  "status": "underfit",
  "grad_norm": [
    0.23068135521341354,
    0.224161007877551,
    0.22853601424197442,
    0.23415415709126683,
    0.2185022173373804,
    0.22810623147140366,
    0.2234329882317217,
    0.21147622963070256,
    0.21472284641309147,
    0.2127428168194697,
    0.21536830133639034,
    0.21917351150141862,
    0.22119666409280622,
    0.21791638258567841,
    0.21432867656518206,
    0.2167964650594132,
    0.22275969157909042,
    0.21987408644678422,
    0.22617167049512366,
    0.22999370459485693,
    0.22630657130506618
  ],
  "beta_std": [
    0.45459815859794617,
    0.4466826319694519,
    0.31370556354522705,
    0.3333478271961212,
    0.3474790155887604,
    0.3879949152469635,
    0.48970019817352295,
    0.45198050141334534,
    0.33369970321655273,
    0.43078795075416565,
    0.38445162773132324,
    0.5820806622505188,
    0.3307438790798187,
    0.209768146276474,
    0.5819044709205627,
    0.5872675180435181,
    0.3414914309978485,
    0.4432527720928192,
    0.3810807466506958,
    0.48040926456451416,
    0.35637569427490234
  ],
  "beta_mean": [
    -0.14269112050533295,
    -0.11135143786668777,
    -0.19626538455486298,
    -0.1723252385854721,
    -0.233784481883049,
    -0.1517133265733719,
    -0.14399459958076477,
    -0.1657261699438095,
    -0.27908048033714294,
    -0.06574364006519318,
    -0.29244381189346313,
    -0.09562116116285324,
    -0.10540822148323059,
    -0.25578048825263977,
    -0.2558525502681732,
    -0.22190268337726593,
    -0.136875182390213,
    -0.3085942566394806,
    -0.09059002995491028,
    -0.2928551137447357,
    -0.1186961680650711
  ]
}