{
  "train_loss": [
    0.8826580775411506,
    0.7820796511558994,
    0.7420318834033394,
    0.7014911045107926,
    0.6913258889962358,
    0.6714080980181927,
    0.6678539108579387,
    0.6300084432430899,
    0.6209013420122641,
    0.6267632411934478,
    0.5900598351718389,
    0.5837962941119546,
    0.5782365367658886,
    0.783140843909154,
    0.6484471538378249,
    0.588522505899619,
    0.5625920102145472,
    0.5572244666240833,
    0.5833681598741408,
    0.5622313833608498
  ],
  "val_loss": [
    0.8458636403083801,
    0.8369042277336121,
    0.8415011167526245,
    0.7958673238754272,
    0.7712945342063904,
    0.760503351688385,
    0.8226553797721863,
    0.8017617464065552,
    0.7853800654411316,
    0.7514286637306213,
    0.8633939027786255,
    0.8526164889335632,
    0.8036404252052307,
    0.9070370197296143,
    0.8443002700805664,
    0.8313985466957092,
    0.8447635769844055,
    0.8316406011581421,
    0.871286153793335,
    0.850368082523346
  ],
  "best_epoch": 9,
  "status": "ok",
  "grad_norm": [
    0.9436649055771418,
    0.7627991739318156,
    0.8825555923860968,
    0.8477269833800921,
    0.9975046071266989,
    1.1489632559350105,
    1.0440950934769266,
    1.1126906935433545,
    1.1415199347728682,
    1.1369678002966443,
    1.052803696775996,
    1.0258900409445662,
    1.2446929432675193,
    2.4576685196089083,
    0.9372629289849347,
    0.8928993019286954,
    1.0654746249297216,
    1.0734880295753428,
    1.217705184170539,
    0.9698948058015502
  ],
  "beta_std": [
    0.13930797576904297,
    0.2772190570831299,
    0.1775546371936798,
    0.28487059473991394,
    0.26616689562797546,
    0.267863929271698,
    0.3381723165512085,
    0.3498857915401459,
    0.31215646862983704,
    0.2882705330848694,
    0.33953818678855896,
    0.3892059624195099,
    0.30242905020713806,
    0.35773366689682007,
    0.34642183780670166,
    0.36461398005485535,
    0.4101667106151581,
    0.288433700799942,
    0.394348680973053,
    0.3346923887729645
  ],
  "beta_mean": [
    -0.08625011146068573,
    -0.05176122859120369,
    -0.12091506272554398,
    -0.0830693170428276,
    0.016080869361758232,
    -0.1083732545375824,
    -0.06584193557500839,
    -0.17118483781814575,
    0.053621191531419754,
    -0.02088785730302334,
    -0.06210481747984886,
    -0.09940429031848907,
    -0.05698085576295853,
    0.006913747172802687,
    0.038273293524980545,
    -0.03222478926181793,
    0.03482963144779205,
    0.057364679872989655,
    0.06222919002175331,
    -0.01983977109193802
  ]
}