{
  "train_loss": [
    0.8192288304862455,
    0.672990505225942,
    0.6607066751455936,
    0.6219599609486541,
    0.6086412521830776,
    0.6058197957033302,
    0.6262937305498774,
    0.653445036264888,
    0.619904456547594,
    0.5801394585512767,
    0.5511671958843403,
    0.5397800839202911,
    0.6002178569518567,
    0.5158180462221885,
    0.4997159112847572,
    0.5286662246037064,
    0.5555500222925555,
    0.5002842825988115,
    0.4723985985240973,
    0.46558997621777926,
    0.45124068246250265
  ],
  "val_loss": [
    0.8192065954208374,
    0.8404414653778076,
    0.8367103338241577,
    0.803613543510437,
    0.7798380851745605,
    0.8872441053390503,
    0.7840647101402283,
    0.7732738256454468,
    0.8124544024467468,
    0.8003661036491394,
    0.7586972713470459,
    0.7855892777442932,
    0.8140577077865601,
    0.8069701194763184,
    0.8375483751296997,
    0.8473631739616394,
    0.8269336223602295,
    0.856738805770874,
    0.8284072875976562,
    0.8798860311508179,
    0.8476763963699341
  ],
  "best_epoch": 10,
  "status": "overfit",
  "grad_norm": [
    1.1400782510819523,
    0.8468256168965564,
    0.8985325666704228,
    0.9670128983540284,
    1.0312342829324668,
    1.0041494837400846,
    1.4172186584039475,
    1.4180559287876942,
    1.2317387172727212,
    1.1509708931028948,
    1.002692836774602,
    1.4374140694695776,
    1.09523982531557,
    1.0623391880764497,
    1.2092062669188222,
    1.3459326853414346,
    1.0863389652072115,
    0.9596729897546026,
    1.0591952659325883,
    1.1084886494203592,
    1.0088625333060832
  ],
  "beta_std": [
    0.2703738808631897,
    0.16381824016571045,
    0.3509996831417084,
    0.2656993865966797,
    0.2302689552307129,
    0.41746917366981506,
    0.1679530143737793,
    0.23813027143478394,
    0.3148920238018036,
    0.2663296163082123,
    0.255977600812912,
    0.16278178989887238,
    0.20447133481502533,
    0.2515757381916046,
    0.3440437912940979,
    0.2669326961040497,
    0.24554932117462158,
    0.29254764318466187,
    0.23502744734287262,
    0.30295896530151367,
    0.33122316002845764
  ],
  "beta_mean": [
    0.06123929098248482,
    -0.06947808712720871,
    -0.10598968714475632,
    0.006741293705999851,
    -0.0011319656623527408,
    -0.2996266186237335,
    0.023023489862680435,
    -0.012715470045804977,
    -0.11375396698713303,
    -0.1181563138961792,
    -0.04476065933704376,
    -0.15882493555545807,
    -0.09072147309780121,
    -0.08842550218105316,
    -0.13079451024532318,
    -0.07393193989992142,
    -0.031826216727495193,
    -0.17670653760433197,
    -0.04388609901070595,
    -0.09856950491666794,
    -0.10141564160585403
  ]
}