{
  "train_loss": [
    0.8949255914018865,
    0.7542923793690479,
    0.7210230937013384,
    0.6991228213319537,
    0.6783212116064384,
    0.6526624698155572,
    0.6190774389642488,
    0.5943652055416888,
    0.56376439043072,
    0.5656007011034335,
    0.5797818678164343,
    0.5449796973845648
  ],
  "val_loss": [
    0.9483640193939209,
    0.8812527656555176,
    0.9378897547721863,
    1.0435092449188232,
    0.9153441190719604,
    0.8887068033218384,
    0.9674926996231079,
    0.897051990032196,
    1.0326406955718994,
    1.048255205154419,
    1.0593698024749756,
    1.0979164838790894
  ],
  "best_epoch": 1,
  "status": "overfit",
  "grad_norm": [
    1.2444472481257567,
    0.8996366894178635,
    1.00100359587507,
    0.9946037362991343,
    1.0584128179205383,
    1.0750903153971452,
    0.9917554657880705,
    1.0852992439832698,
    1.0174154211110589,
    1.065025533434947,
    1.0846321781526564,
    1.0817209779987647
  ],
  "beta_std": [
    0.23809020221233368,
    0.3054644763469696,
    0.3324239253997803,
    0.40643271803855896,
    0.2958751916885376,
    0.276737779378891,
    0.39306867122650146,
    0.30355262756347656,
    0.4508539140224457,
    0.36866793036460876,
    0.38443881273269653,
    0.3896098732948303
  ],
  "beta_mean": [
    -0.31212761998176575,
    -0.12300208956003189,
    -0.2759000360965729,
    -0.26762285828590393,
    -0.05654492229223251,
    -0.1165052279829979,
    -0.22996285557746887,
    -0.1338772475719452,
    -0.1156165674328804,
    -0.12259537726640701,
    -0.17624539136886597,
    -0.1808272749185562
  ]
}