{
  "train_loss": [
    0.8860051553848891,
    0.7415536504972283,
    0.70709623142525,
    0.6555636943199946,
    0.6362054914526539,
    0.6244025646362156,
    0.6204890708477176,
    0.6133714450468793,
    0.5879848497420491,
    0.5725776196920384,
    0.5814765989664238,
    0.5464795923604835,
    0.5411158107177556,
    0.5462647694825661,
    0.5412975104754432,
    0.5752571922529046,
    0.5831602070531418
  ],
  "val_loss": [
    0.8149731159210205,
    0.768707811832428,
    0.7554976344108582,
    0.754275381565094,
    0.78271484375,
    0.8045491576194763,
    0.7437600493431091,
    0.7935246825218201,
    0.7608745098114014,
    0.8154201507568359,
    0.793852686882019,
    0.83104407787323,
    0.8699203729629517,
    0.806851327419281,
    0.8215329647064209,
    0.8131704330444336,
    0.7989439964294434
  ],
  "best_epoch": 6,
  "status": "ok",
  "grad_norm": [
    1.5484092814811778,
    0.8710569700474585,
    0.9224518705035755,
    0.9612209585122408,
    1.0129704474555299,
    1.025409158860945,
    1.0529139900988909,
    1.068228427181703,
    0.9631219910384142,
    1.1033237209799491,
    0.9989779326961262,
    1.0547346192221794,
    1.0557623648299113,
    1.1869003356619126,
    1.1431677208525204,
    1.305275803008121,
    1.1273848190990416
  ],
  "beta_std": [
    0.2104187309741974,
    0.34441375732421875,
    0.3208220303058624,
    0.27851587533950806,
    0.33698949217796326,
    0.3172290623188019,
    0.2940630316734314,
    0.3010191023349762,
    0.3398021459579468,
    0.3485451936721802,
    0.36068108677864075,
    0.3485751152038574,
    0.34192293882369995,
    0.289206326007843,
    0.42873018980026245,
    0.3869195580482483,
    0.3690773844718933
  ],
  "beta_mean": [
    -0.09620886296033859,
    -0.057901978492736816,
    -0.09604126960039139,
    -0.04721100255846977,
    0.03415311127901077,
    -0.20978039503097534,
    -0.07583162188529968,
    -0.09295793622732162,
    0.009715639986097813,
    -0.12350966781377792,
    -0.1478826105594635,
    0.042975883930921555,
    0.007390209008008242,
    -0.07782776653766632,
    -0.1039203554391861,
    -0.04590686410665512,
    -0.15159915387630463
  ]
}