{
  "train_loss": [
    0.8612453593612879,
    0.7248911239947492,
    0.6761970706850464,
    0.6949061606594926,
    0.6398473705580825,
    0.6560076982886703,
    0.6251199599595098,
    0.6222383079473038,
    0.6017022468890363,
    0.6261642701909323,
    0.5638012469628169,
    0.5794823375129328,
    0.5364578405551278,
    0.5376653812084978,
    0.5175832318516038
  ],
  "val_loss": [
    0.8388796448707581,
    0.8197048902511597,
    0.8925847411155701,
    0.8111965656280518,
    0.7850086688995361,
    0.8388341069221497,
    0.8163092136383057,
    0.8455371260643005,
    0.8498238921165466,
    0.8309062123298645,
    0.8880513310432434,
    0.8574991226196289,
    0.8944910168647766,
    0.883163571357727,
    0.8611586689949036
  ],
  "best_epoch": 4,
  "status": "overfit",
  "grad_norm": [
    1.2525789216276566,
    0.9883485252623947,
    1.0364872721532943,
    1.167302501096321,
    1.2025787507607064,
    0.9784507172533187,
    1.1165028414739109,
    1.1044441321820107,
    1.1869290172408242,
    1.2145893025339323,
    0.9724296300030634,
    1.0560141403234913,
    1.0823086345048383,
    1.114979316068953,
    1.0953442729644947
  ],
  "beta_std": [
    0.28900381922721863,
    0.31766456365585327,
    0.4303932189941406,
    0.4344300329685211,
    0.2561773657798767,
    0.3176846206188202,
    0.2595066428184509,
    0.28218522667884827,
    0.3009943664073944,
    0.3016597628593445,
    0.3431670367717743,
    0.35838520526885986,
    0.3415605425834656,
    0.3523188829421997,
    0.31901484727859497
  ],
  "beta_mean": [
    -0.0940513014793396,
    -0.15996447205543518,
    -0.2157794088125229,
    -0.06440600752830505,
    -0.007901648059487343,
    -0.0745316594839096,
    -0.1507016122341156,
    0.04009128734469414,
    -0.11740712076425552,
    -0.13059227168560028,
    -0.08649836480617523,
    -0.1446484625339508,
    -0.11420126259326935,
    -0.08923029154539108,
    -0.17146800458431244
  ]
}