{
  "train_loss": [
    0.7458064784362303,
    0.6908087986672831,
    0.6905599301182038,
    0.6769394144119575,
    0.6679084625718189,
    0.6673686798483308,
    0.6650853432688797,
    0.6649531179422523,
    0.6674405688988535,
    0.669048995128152,
    0.6593720385345102,
    0.6644801532176503,
    0.6628142924685227,
    0.6576256284518549,
    0.6563181919661182
  ],
  "val_loss": [
    0.6867981553077698,
    0.7027656435966492,
    0.6796057820320129,
    0.7054809331893921,
    0.6720606088638306,
    0.6980209350585938,
    0.680693507194519,
    0.7087452411651611,
    0.690299928188324,
    0.6748067140579224,
    0.6788531541824341,
    0.673405647277832,
    0.6895550489425659,
    0.6897806525230408,
    0.6864482760429382
  ],
  "best_epoch": 4,
  "status": "underfit",
  "grad_norm": [
    0.7289853618144047,
    0.6352969323850703,
    0.6654655891892767,
    0.6087748494083317,
    0.6052269368462616,
    0.6201308910029826,
    0.6164664609708569,
    0.5896136221021063,
    0.6183208514846416,
    0.5722937160210068,
    0.5652111544956191,
    0.5570791434022554,
    0.5992133582823816,
    0.5805705699015502,
    0.5653039070705459
  ],
  "beta_std": [
    0.23121996223926544,
    0.17733249068260193,
    0.24055232107639313,
    0.1832142472267151,
    0.2646588683128357,
    0.23218531906604767,
    0.2149730622768402,
    0.21932756900787354,
    0.2751649022102356,
    0.24271945655345917,
    0.23297636210918427,
    0.2441006451845169,
    0.2374585121870041,
    0.25820764899253845,
    0.2523350715637207
  ],
  "beta_mean": [
    -0.1678524762392044,
    -0.10425741225481033,
    -0.10463779419660568,
    -0.10356821864843369,
    -0.10962901264429092,
    -0.11922825872898102,
    -0.03652282804250717,
    -0.06183844432234764,
    -0.24962881207466125,
    -0.11003909260034561,
    -0.12824416160583496,
    -0.11170967668294907,
    -0.05887395888566971,
    -0.11125926673412323,
    -0.07570654898881912
  ]
}