{
  "train_loss": [
    0.747765110459244,
    0.6867303566068237,
    0.6694967861900553,
    0.6692561260510607,
    0.666581123722227,
    0.6583706883380288,
    0.6658630781703525,
    0.6529226884228444,
    0.6554755649510879,
    0.652157372354764,
    0.6464831094435084,
    0.6492099504164088,
    0.646092666757037,
    0.645937295489841,
    0.6432406700145431
  ],
  "val_loss": [
    0.6912426352500916,
    0.6518459320068359,
    0.6748878955841064,
    0.6650968194007874,
    0.6447038650512695,
    0.6499103307723999,
    0.6488072872161865,
    0.6571024656295776,
    0.6471571326255798,
    0.6565938591957092,
    0.6500754356384277,
    0.6606947779655457,
    0.6623145937919617,
    0.6590815782546997,
    0.6631789803504944
  ],
  "best_epoch": 4,
  "status": "underfit",
  "grad_norm": [
    0.7994721150646039,
    0.7122721504945063,
    0.6228667249084573,
    0.6449412376695595,
    0.6341276758810532,
    0.5888163826115118,
    0.609176722506509,
    0.5983673604105043,
    0.5930013020280847,
    0.5950315902774704,
    0.5418460189942537,
    0.5843543982724642,
    0.5456101833647974,
    0.5783191637856192,
    0.5567488072682596
  ],
  "beta_std": [
    0.22387348115444183,
    0.17088620364665985,
    0.21416804194450378,
    0.20713098347187042,
    0.19850954413414001,
    0.19621187448501587,
    0.19832055270671844,
    0.20294837653636932,
    0.22724172472953796,
    0.2576819062232971,
    0.1832139790058136,
    0.20788246393203735,
    0.24897626042366028,
    0.23891717195510864,
    0.22775013744831085
  ],
  "beta_mean": [
    -0.028271552175283432,
    -0.011780639179050922,
    0.03086675889790058,
    -0.13063688576221466,
    -0.06293204426765442,
    -0.052466634660959244,
    0.0019602898973971605,
    -0.06396189332008362,
    -0.007409427314996719,
    -0.031034881249070168,
    -0.033407215029001236,
    -0.11757795512676239,
    -0.09270356595516205,
    -0.06641106307506561,
    -0.034479763358831406
  ]
}