{
  "train_loss": [
    0.7413636602435195,
    0.684712052554415,
    0.6745916452184755,
    0.6634429025650025,
    0.664524191304257,
    0.6611316178277222,
    0.6636171849568685,
    0.6551713508611534,
    0.6587857747914498,
    0.6497196604355037,
    0.6520010338052672,
    0.6458968217331067,
    0.6474330627724354,
    0.640321252373924,
    0.6377306662107769,
    0.6413905579723113,
    0.6513896593712923,
    0.637337920094203,
    0.6375496486613625,
    0.6381163235575135,
    0.6381935637945321,
    0.6332699316426328,
    0.637503393072831,
    0.6299158622228611,
    0.6339616607086003,
    0.6402759263389989,
    0.6342291814681382,
    0.6369459375582244
  ],
  "val_loss": [
    0.6419953107833862,
    0.6198953986167908,
    0.6251819729804993,
    0.6400296688079834,
    0.629946231842041,
    0.6309767961502075,
    0.6286112070083618,
    0.6258559823036194,
    0.6338765025138855,
    0.6142438054084778,
    0.631361186504364,
    0.6272765398025513,
    0.6141888499259949,
    0.6240625381469727,
    0.6363915801048279,
    0.6285072565078735,
    0.6200607419013977,
    0.6107445359230042,
    0.6248041987419128,
    0.6549635529518127,
    0.6230290532112122,
    0.6334784030914307,
    0.6250627040863037,
    0.6353339552879333,
    0.6258918642997742,
    0.6284697651863098,
    0.6290670037269592,
    0.6281629800796509
  ],
  "best_epoch": 17,
  "status": "underfit",
  "grad_norm": [
    0.720711696985862,
    0.6811579581329695,
    0.6941285952249685,
    0.6188488958663235,
    0.627818097339776,
    0.6012802576643276,
    0.6087395958386317,
    0.603648152643131,
    0.6028068861397677,
    0.5729988539425463,
    0.5696947051340294,
    0.5922709898904598,
    0.5725038513556948,
    0.5853113089855199,
    0.554077626234536,
    0.573370643138961,
    0.574744807094836,
    0.5578205401891076,
    0.5653028719416211,
    0.5530245294866241,
    0.554116823751254,
    0.5617468405981835,
    0.5761832483492131,
    0.5773591668667456,
    0.554806272352761,
    0.5501565453508218,
    0.5537976048925601,
    0.572951285282925
  ],
  "beta_std": [
    0.20684346556663513,
    0.2228480875492096,
    0.18916486203670502,
    0.21914620697498322,
    0.16409102082252502,
    0.22002765536308289,
    0.2778621017932892,
    0.20192182064056396,
    0.19012506306171417,
    0.2048768699169159,
    0.21413372457027435,
    0.22961179912090302,
    0.22865992784500122,
    0.26253920793533325,
    0.24828286468982697,
    0.20637565851211548,
    0.2673337757587433,
    0.26937079429626465,
    0.254757821559906,
    0.23122599720954895,
    0.25233253836631775,
    0.18361063301563263,
    0.23764865100383759,
    0.26278337836265564,
    0.27240243554115295,
    0.21280741691589355,
    0.26944029331207275,
    0.2889147996902466
  ],
  "beta_mean": [
    -0.05128605663776398,
    -0.12314904481172562,
    -0.20763073861598969,
    -0.13651704788208008,
    -0.13288812339305878,
    -0.16190031170845032,
    -0.10364487767219543,
    -0.11206597834825516,
    -0.11718994379043579,
    -0.02598925121128559,
    -0.18872509896755219,
    -0.12770432233810425,
    -0.08072284609079361,
    -0.09911571443080902,
    -0.16573837399482727,
    -0.08720499277114868,
    -0.06633222848176956,
    -0.15612199902534485,
    -0.004926679655909538,
    0.06864740699529648,
    -0.2120692878961563,
    -0.06897222250699997,
    -0.018684497103095055,
    0.010779165662825108,
    -0.15931548178195953,
    -0.08194880932569504,
    -0.17022643983364105,
    -0.14124499261379242
  ]
}