{
  "train_loss": [
    0.7280807563993665,
    0.6925117618716948,
    0.684638428060632,
    0.6739375467049448,
    0.6703041841830426,
    0.6683492349323473,
    0.6605109337477656,
    0.6623622447008278,
    0.6566755121772052,
    0.6642067306501823,
    0.6556410596524066,
    0.6587237796727676,
    0.6578851218600023,
    0.6542166182590506,
    0.6496594514902572
  ],
  "val_loss": [
    0.6423943638801575,
    0.6259591579437256,
    0.6377273201942444,
    0.6175811886787415,
    0.607519805431366,
    0.6241589784622192,
    0.6261544227600098,
    0.6368361711502075,
    0.6080678105354309,
    0.6353023648262024,
    0.6163992881774902,
    0.6169466972351074,
    0.6234021782875061,
    0.643709659576416,
    0.6339471340179443
  ],
  "best_epoch": 4,
  "status": "underfit",
  "grad_norm": [
    0.8007491793921465,
    0.6946707317931794,
    0.7018111630809233,
    0.6356695179994079,
    0.6044134156713244,
    0.6048802328975573,
    0.5791229810734524,
    0.5800222561657499,
    0.5454956679823385,
    0.5666596038520206,
    0.5425167398010419,
    0.5586954691079402,
    0.567780146106524,
    0.5431967961017504,
    0.5505234204879861
  ],
  "beta_std": [
    0.24689342081546783,
    0.16309772431850433,
    0.1908876597881317,
    0.23107044398784637,
    0.23699913918972015,
    0.21703806519508362,
    0.19912312924861908,
    0.23892390727996826,
    0.22527198493480682,
    0.21903358399868011,
    0.2147183120250702,
    0.19686628878116608,
    0.3153032660484314,
    0.20329971611499786,
    0.26583927869796753
  ],
  "beta_mean": [
    -0.05180782452225685,
    -0.022151311859488487,
    0.022392071783542633,
    -0.0383262000977993,
    -0.034469448029994965,
    -0.11379887163639069,
    -0.11287066340446472,
    0.06221167370676994,
    -0.04384859651327133,
    0.03190953657031059,
    -0.06395135819911957,
    -0.0570477694272995,
    0.06905151158571243,
    -0.081642284989357,
    -0.011922186240553856
  ]
}