{
  "train_loss": [
    0.736544675450576,
    0.6899453003225271,
    0.6777486842138726,
    0.6723813812774524,
    0.6688552385464049,
    0.6581095551886754,
    0.6583037799840782,
    0.6570704428354899,
    0.6581454455225091,
    0.6559591728762576,
    0.6513234417062057,
    0.6441682089839065,
    0.6515937236177991,
    0.6508212186718545,
    0.6462005819493567,
    0.6405352486225596,
    0.6494205762489498,
    0.643314301005581
  ],
  "val_loss": [
    0.6902416944503784,
    0.6871082782745361,
    0.6881088018417358,
    0.6764828562736511,
    0.6918597221374512,
    0.6905847787857056,
    0.6914287805557251,
    0.675338625907898,
    0.6919165253639221,
    0.6766334772109985,
    0.6914610266685486,
    0.7020989656448364,
    0.6991593837738037,
    0.7099682688713074,
    0.6796166896820068,
    0.6938714385032654,
    0.6956363916397095,
    0.6998974084854126
  ],
  "best_epoch": 7,
  "status": "underfit",
  "grad_norm": [
    0.7348909728168607,
    0.6591040184971565,
    0.6192918618733797,
    0.5728158279408008,
    0.590989169263292,
    0.5529347473933169,
    0.5479711918299062,
    0.5472416874233712,
    0.5320587227170281,
    0.5371238423126038,
    0.5295759380749628,
    0.5132912553479841,
    0.5687008140213357,
    0.5337069729628393,
    0.5472367099499941,
    0.5330802022450181,
    0.5428732652413285,
    0.5197406044919249
  ],
  "beta_std": [
    0.33684003353118896,
    0.21127934753894806,
    0.23130762577056885,
    0.2482975870370865,
    0.26081347465515137,
    0.21332170069217682,
    0.24571028351783752,
    0.2779971957206726,
    0.2194751650094986,
    0.23170915246009827,
    0.22908438742160797,
    0.24656197428703308,
    0.32652226090431213,
    0.25535356998443604,
    0.2721010446548462,
    0.2881750464439392,
    0.2963620126247406,
    0.2225431501865387
  ],
  "beta_mean": [
    -0.18500883877277374,
    -0.11020607501268387,
    0.0035381694324314594,
    -0.06497098505496979,
    -0.04483910650014877,
    -0.17711573839187622,
    -0.08419676125049591,
    -0.06614454090595245,
    -0.033536020666360855,
    -0.03608974441885948,
    -0.10890815407037735,
    0.010274757631123066,
    -0.09562598168849945,
    -0.137311190366745,
    -0.1218932569026947,
    -0.08850125968456268,
    -0.097718745470047,
    -0.07332291454076767
  ]
}