{
  "train_loss": [
    0.7521591530766404,
    0.6950216069277267,
    0.6767776427910341,
    0.6711927433738931,
    0.6746452912531401,
    0.6691058129176759,
    0.6612501613438478,
    0.6599563586363318,
    0.6631349120502583,
    0.6619976627199273,
    0.6597827947209453,
    0.6537153973495751,
    0.6492358539815535,
    0.6521995438469781,
    0.6445162559601298,
    0.6536781785083793,
    0.6453875101240057,
    0.6393225449219084
  ],
  "val_loss": [
    0.7126644849777222,
    0.6957322955131531,
    0.6888007521629333,
    0.6941663026809692,
    0.6720080375671387,
    0.681178092956543,
    0.6960901021957397,
    0.6504018306732178,
    0.6864062547683716,
    0.6666932702064514,
    0.6668311953544617,
    0.6724287867546082,
    0.6621205806732178,
    0.660006046295166,
    0.6643959283828735,
    0.6577761173248291,
    0.6643303036689758,
    0.6574182510375977
  ],
  "best_epoch": 7,
  "status": "underfit",
  "grad_norm": [
    0.6878593276590075,
    0.6666539097373019,
    0.6355849445336067,
    0.5770770072517506,
    0.5806509628760305,
    0.5580870746973562,
    0.5557906355408115,
    0.5793368938009238,
    0.5745031009072655,
    0.5348770304901919,
    0.5463836877214826,
    0.5389344898850627,
    0.5424162446036603,
    0.5583842410552808,
    0.5470806401493727,
    0.5518973479713656,
    0.5294634821691216,
    0.5485856275379308
  ],
  "beta_std": [
    0.1606631875038147,
    0.19032639265060425,
    0.17018096148967743,
    0.17958025634288788,
    0.20478039979934692,
    0.2199220508337021,
    0.27367958426475525,
    0.24823909997940063,
    0.13899828493595123,
    0.1996714323759079,
    0.26566073298454285,
    0.21217511594295502,
    0.18358807265758514,
    0.19046449661254883,
    0.24276484549045563,
    0.2960087060928345,
    0.27383923530578613,
    0.24619396030902863
  ],
  "beta_mean": [
    -0.10142107307910919,
    0.03830217942595482,
    -0.031954552978277206,
    -0.0861530676484108,
    -0.09843456745147705,
    -0.06995970010757446,
    -0.06993506103754044,
    -0.06856217980384827,
    -0.09560766816139221,
    -0.16180086135864258,
    -0.050649628043174744,
    -0.08722224086523056,
    -0.06528285145759583,
    -0.10761524736881256,
    -0.06023066118359566,
    -0.07312528789043427,
    -0.01533324271440506,
    -0.07577559351921082
  ]
}