{
  "train_loss": [
    0.7633270024277313,
    0.6988809115984287,
    0.6810560669118201,
    0.6871830652331749,
    0.6787327915604352,
    0.6758700899213378,
    0.6791751160677414,
    0.669242005173923,
    0.6731998192915443,
    0.6702684182312056,
    0.6642146754125405,
    0.6703835754506072,
    0.6667193817395216,
    0.6670194694173266,
    0.6611091670515942,
    0.6581816808243244
  ],
  "val_loss": [
    0.7383847236633301,
    0.7254595756530762,
    0.6862310767173767,
    0.7123380899429321,
    0.7156635522842407,
    0.677900493144989,
    0.6836454272270203,
    0.690608561038971,
    0.6802084445953369,
    0.6818727254867554,
    0.6806456446647644,
    0.6826425790786743,
    0.6818423867225647,
    0.6856992840766907,
    0.7053632736206055,
    0.6908648014068604
  ],
  "best_epoch": 5,
  "status": "underfit",
  "grad_norm": [
    0.7467738061760053,
    0.6726095593569126,
    0.657719631501754,
    0.6521652417328645,
    0.6116276103252062,
    0.6144013746736214,
    0.5921661433109577,
    0.5472609325986362,
    0.5708590349591017,
    0.593432735033999,
    0.5544435771381822,
    0.570897920664815,
    0.5604281016039792,
    0.5681060083992018,
    0.5616013880025386,
    0.5682891468049289
  ],
  "beta_std": [
    0.1818905621767044,
    0.28569790720939636,
    0.26058366894721985,
    0.27109840512275696,
    0.3483010232448578,
    0.28057488799095154,
    0.2172907590866089,
    0.2570197284221649,
    0.25228723883628845,
    0.2505120635032654,
    0.24521233141422272,
    0.2533957064151764,
    0.32442426681518555,
    0.23989759385585785,
    0.2043229043483734,
    0.27697163820266724
  ],
  "beta_mean": [
    -0.1343536078929901,
    -0.06519140303134918,
    -0.1081416979432106,
    0.09124770015478134,
    -0.08734513819217682,
    -0.08178862929344177,
    -0.05148974061012268,
    -0.07325602322816849,
    -0.07741133868694305,
    -0.0371432788670063,
    -0.020913587883114815,
    -0.10316001623868942,
    -0.032095447182655334,
    -0.017349841073155403,
    -0.09240119904279709,
    -0.03953729197382927
  ]
}