{
  "train_loss": [
    0.7298656823481733,
    0.69023088983625,
    0.671170860898425,
    0.6751160682293407,
    0.6661801012409361,
    0.67497501549665,
    0.6661604903734218,
    0.6565363636351468,
    0.6615485148401985,
    0.6505502676057536,
    0.6543062598245186,
    0.6493923111826355,
    0.6432640076380725,
    0.6443121811381558,
    0.6435743225805941,
    0.6550163641728853,
    0.6416951319348743,
    0.6445787892564695,
    0.6504582087059467,
    0.6411107366684584,
    0.6422989549692611
  ],
  "val_loss": [
    0.7341597676277161,
    0.7284842729568481,
    0.7367802858352661,
    0.7342007756233215,
    0.7469719648361206,
    0.7213661670684814,
    0.7280938029289246,
    0.7172546982765198,
    0.7083162069320679,
    0.732052206993103,
    0.7060350179672241,
    0.7106295228004456,
    0.7078636884689331,
    0.7343032360076904,
    0.7492365837097168,
    0.7231212854385376,
    0.7286446690559387,
    0.7387499213218689,
    0.7353016138076782,
    0.7116358280181885,
    0.7216877341270447
  ],
  "best_epoch": 10,
  "status": "underfit",
  "grad_norm": [
    0.7610238397892574,
    0.6916418121243234,
    0.6226521664284368,
    0.6213046160029513,
    0.6247932254319971,
    0.6368478818138448,
    0.6066074184066231,
    0.5574021767221022,
    0.5669600240938355,
    0.5574087894470295,
    0.5674348313006938,
    0.5683892026347788,
    0.5583442483124521,
    0.5671692940030165,
    0.5537097579754381,
    0.5782429934264862,
    0.5557259077088847,
    0.5624878627066638,
    0.5556076812326602,
    0.5519370829213414,
    0.5556175796750368
  ],
  "beta_std": [
    0.24863238632678986,
    0.13558624684810638,
    0.1528412401676178,
    0.18858608603477478,
    0.1690397560596466,
    0.15102866291999817,
    0.19838126003742218,
    0.24677735567092896,
    0.22836163640022278,
    0.17567211389541626,
    0.2470143437385559,
    0.20487233996391296,
    0.22307783365249634,
    0.22150816023349762,
    0.2767689824104309,
    0.21484585106372833,
    0.24034340679645538,
    0.18059392273426056,
    0.2183435559272766,
    0.25641152262687683,
    0.24905841052532196
  ],
  "beta_mean": [
    -0.127987802028656,
    -0.07715766876935959,
    -0.0018613666761666536,
    -0.03353925049304962,
    -0.03750545158982277,
    -0.10354933142662048,
    -0.15155209600925446,
    -0.14169743657112122,
    -0.09897244721651077,
    -0.11966334283351898,
    -0.14572708308696747,
    -0.07308533042669296,
    -0.09933754056692123,
    0.04633265733718872,
    0.017399631440639496,
    -0.04673808068037033,
    -0.05100226402282715,
    -0.1165081188082695,
    -0.1583256721496582,
    -0.07636964321136475,
    -0.042151156812906265
  ]
}