{
  "train_loss": [
    0.7446953459845649,
    0.6999371847576565,
    0.6921813133027819,
    0.6790187882317437,
    0.6755689978069729,
    0.6707001228597429,
    0.6756954890886943,
    0.6717682917382982,
    0.67501098007626,
    0.664543494383494,
    0.6675891672505273,
    0.6656394422849019,
    0.6666629728211297,
    0.664282342698839,
    0.6568398185835944,
    0.666458165274726,
    0.6618450174861484,
    0.6632336671617296,
    0.6624008558061388,
    0.6608599342770046,
    0.6614280829429626,
    0.6542078459792667
  ],
  "val_loss": [
    0.6683451533317566,
    0.6643472909927368,
    0.6362825632095337,
    0.6288646459579468,
    0.6323608160018921,
    0.6128901243209839,
    0.6524176001548767,
    0.6274831295013428,
    0.6195748448371887,
    0.615893542766571,
    0.6243327856063843,
    0.6075405478477478,
    0.6298145055770874,
    0.6177418231964111,
    0.6261798143386841,
    0.6247116923332214,
    0.627455472946167,
    0.6204981803894043,
    0.6248096823692322,
    0.6202034950256348,
    0.6371554732322693,
    0.6205393075942993
  ],
  "best_epoch": 11,
  "status": "underfit",
  "grad_norm": [
    0.7307536173257401,
    0.6695766438466914,
    0.6375895097660732,
    0.5917743057289677,
    0.5933397720681037,
    0.5556655872486448,
    0.5853070759548329,
    0.5815160199926931,
    0.5500668355527911,
    0.5397864200085377,
    0.5429448656235364,
    0.5300596259396311,
    0.5449496995482874,
    0.510099271018005,
    0.5274115377283516,
    0.5170764405702043,
    0.506869012515965,
    0.5527042576970994,
    0.5358400417048538,
    0.5204009002097524,
    0.5328360748463562,
    0.5245761319804946
  ],
  "beta_std": [
    0.1932440996170044,
    0.2171718329191208,
    0.23318567872047424,
    0.2815868556499481,
    0.21879805624485016,
    0.22703394293785095,
    0.26490628719329834,
    0.21608945727348328,
    0.22438153624534607,
    0.20126895606517792,
    0.23789352178573608,
    0.2748295068740845,
    0.26217037439346313,
    0.24007423222064972,
    0.24243159592151642,
    0.23991483449935913,
    0.3153621554374695,
    0.20378004014492035,
    0.20382659137248993,
    0.2786843180656433,
    0.2235611230134964,
    0.2384978085756302
  ],
  "beta_mean": [
    -0.09788432717323303,
    -0.05856964364647865,
    -0.08698771893978119,
    -0.06307321041822433,
    -0.03644467890262604,
    -0.046879615634679794,
    -0.04550624266266823,
    -0.05818678438663483,
    -0.03167552128434181,
    -0.08577875047922134,
    -0.030691219493746758,
    -0.05203394219279289,
    -0.0020132691133767366,
    -0.07040001451969147,
    -0.1798831820487976,
    -0.012513639405369759,
    -0.13926713168621063,
    -0.15473565459251404,
    -0.14485420286655426,
    -0.1346421092748642,
    -0.08210673183202744,
    -0.0882766917347908
  ]
}