{
  "train_loss": [
    1.6582553366053174,
    1.5560674646165635,
    1.5421229930230749,
    1.543621924969188,
    1.5267128574917888,
    1.5226028803217482,
    1.5144430423480029,
    1.5193151748947233,
    1.5121673510646263,
    1.512465631055553,
    1.5090721011858934,
    1.5016675547549598,
    1.505659552206073,
    1.5040292043016668,
    1.4992272040160777,
    1.5041340183793452,
    1.4985581959897314,
    1.4925399175164296,
    1.4993290489877176,
    1.4926024810891403,
    1.4929858199615924,
    1.4857762894714088
  ],
  "val_loss": [
    1.5540919303894043,
    1.5145409107208252,
    1.5230979919433594,
    1.5532292127609253,
    1.5151135921478271,
    1.5068566799163818,
    1.5048125982284546,
    1.5369690656661987,
    1.52485191822052,
    1.5211725234985352,
    1.5063252449035645,
    1.4985418319702148,
    1.5084184408187866,
    1.516816258430481,
    1.507802128791809,
    1.50087571144104,
    1.5114964246749878,
    1.507259726524353,
    1.5370235443115234,
    1.5183411836624146,
    1.5235401391983032,
    1.511570930480957
  ],
  "best_epoch": 11,
  "status": "underfit",
  "grad_norm": [
    0.6962745053565238,
    0.6059796920689486,
    0.6084322795984666,
    0.6375911015634491,
    0.5510806519968403,
    0.5715905643081608,
    0.5621279850521216,
    0.5600106697009395,
    0.5286556876791186,
    0.5804454829494516,
    0.5581904575731819,
    0.4861391542808612,
    0.5212234063175264,
    0.541931928208189,
    0.5295856570533947,
    0.5550404933211712,
    0.555178173623538,
    0.5281644317639161,
    0.5274965977467392,
    0.507000842369253,
    0.5162355785513796,
    0.5153864238677633
  ],
  "beta_std": [
    0.16669458150863647,
    0.3178517818450928,
    0.22323478758335114,
    0.20358118414878845,
    0.20895595848560333,
    0.19380159676074982,
    0.18777433037757874,
    0.25663119554519653,
    0.2755482792854309,
    0.17772363126277924,
    0.21962514519691467,
    0.1358439326286316,
    0.17236082255840302,
    0.27746739983558655,
    0.2461802214384079,
    0.24112236499786377,
    0.2262066751718521,
    0.13339631259441376,
    0.16380886733531952,
    0.20617468655109406,
    0.14309780299663544,
    0.17618677020072937
  ],
  "beta_mean": [
    0.01322424877434969,
    0.09874452650547028,
    -0.013224074617028236,
    -0.036131180822849274,
    0.0265056099742651,
    0.01122346892952919,
    -0.13940002024173737,
    -0.04104737192392349,
    0.009438416920602322,
    0.030101235955953598,
    -0.03797758370637894,
    -0.0944659635424614,
    -0.11193329095840454,
    -0.07452672719955444,
    -0.10325715690851212,
    -0.02558220364153385,
    -0.009449800476431847,
    -0.07208772003650665,
    -0.11836037039756775,
    -0.024381762370467186,
    -0.07954023778438568,
    -0.04846837371587753
  ]
}