{
  "train_loss": [
    1.6535981580109624,
    1.55596817462765,
    1.5406218957901001,
    1.5244711012310452,
    1.5186782700555366,
    1.5217576526340686,
    1.5142549213052494,
    1.5129342381438318,
    1.5058926521267808,
    1.504276294178433,
    1.5059712184660616,
    1.5021367147512603
  ],
  "val_loss": [
    1.4090150594711304,
    1.3888133764266968,
    1.3921403884887695,
    1.4034416675567627,
    1.4096455574035645,
    1.4003866910934448,
    1.3969112634658813,
    1.400179147720337,
    1.3942680358886719,
    1.39945650100708,
    1.3968089818954468,
    1.3918203115463257
  ],
  "best_epoch": 1,
  "status": "underfit",
  "grad_norm": [
    0.7091555475028667,
    0.6367221892784398,
    0.6542014046824203,
    0.5928614021533115,
    0.5868806507564309,
    0.6147500202414568,
    0.5667181063310202,
    0.5691721729560042,
    0.5722774256328576,
    0.5541786905597877,
    0.5483860908299948,
    0.5559180128177369
  ],
  "beta_std": [
    0.26059508323669434,
    0.24263574182987213,
    0.2721021771430969,
    0.1732092946767807,
    0.15893839299678802,
    0.1516176164150238,
    0.18549960851669312,
    0.23355892300605774,
    0.16125504672527313,
    0.24981097877025604,
    0.18232253193855286,
    0.18135453760623932
  ],
  "beta_mean": [
    0.007187378127127886,
    -0.09422829002141953,
    -0.13473311066627502,
    -0.045425496995449066,
    -0.09845757484436035,
    -0.09187763929367065,
    -0.015201881527900696,
    -0.0700676217675209,
    0.002730692271143198,
    -0.08720839023590088,
    -0.06597897410392761,
    -0.028318922966718674
  ]
}