{
  "train_loss": [
    1.6568616844478405,
    1.5520097175955074,
    1.5325145277781793,
    1.5202975295161643,
    1.514032401731837,
    1.51726920498742,
    1.5093126761564735,
    1.507878961646766,
    1.50375118029745,
    1.5013104525783605,
    1.5006815653795387,
    1.4924386451676575,
    1.4959711531310054,
    1.4998767147008438,
    1.4914891961304069,
    1.4912863159737393
  ],
  "val_loss": [
    1.5743701457977295,
    1.541782021522522,
    1.544939637184143,
    1.5514514446258545,
    1.5422425270080566,
    1.537489414215088,
    1.5438963174819946,
    1.5495322942733765,
    1.5402437448501587,
    1.5454699993133545,
    1.5397707223892212,
    1.5435525178909302,
    1.5552634000778198,
    1.544695258140564,
    1.5425766706466675,
    1.554352045059204
  ],
  "best_epoch": 5,
  "status": "underfit",
  "grad_norm": [
    0.7771461586236311,
    0.6474877582066342,
    0.5942964108692921,
    0.5807143027868341,
    0.563174130433269,
    0.5667695602821773,
    0.552201959047766,
    0.5803716842950357,
    0.5477583795787189,
    0.5240715701508664,
    0.5684281081546994,
    0.5398500249111156,
    0.5566559630422689,
    0.5597971622335616,
    0.4982102602297223,
    0.5080187207177153
  ],
  "beta_std": [
    0.19222857058048248,
    0.12489099055528641,
    0.22270087897777557,
    0.12489216029644012,
    0.18936693668365479,
    0.16483516991138458,
    0.23658573627471924,
    0.1920861452817917,
    0.1690160483121872,
    0.24862879514694214,
    0.1726994812488556,
    0.19766320288181305,
    0.23433919250965118,
    0.16987672448158264,
    0.20951850712299347,
    0.19341225922107697
  ],
  "beta_mean": [
    -0.19463340938091278,
    0.022080576047301292,
    -0.04560423642396927,
    -0.0654820129275322,
    -0.0561654306948185,
    -0.05300566926598549,
    -0.10804437100887299,
    0.004763327073305845,
    -0.1267407089471817,
    0.028417911380529404,
    -0.07603559643030167,
    -0.09764499217271805,
    -0.11742311716079712,
    -0.09320161491632462,
    -0.11305377632379532,
    -0.10288259387016296
  ]
}