{
  "train_loss": [
    1.6736015879759314,
    1.5474423905143961,
    1.529391211431626,
    1.521131302181043,
    1.5151884066152295,
    1.5121495067585282,
    1.5060597958759956,
    1.5111692844915112,
    1.4996578279015613,
    1.4970247437940007,
    1.4965242572974042,
    1.4975608158669276,
    1.5015178281103658,
    1.4911534558123316
  ],
  "val_loss": [
    1.6011312007904053,
    1.521290898323059,
    1.534083604812622,
    1.5196561813354492,
    1.5367989540100098,
    1.5291996002197266,
    1.5302906036376953,
    1.539076805114746,
    1.5213027000427246,
    1.5292085409164429,
    1.522791862487793,
    1.523991584777832,
    1.5329636335372925,
    1.5188926458358765
  ],
  "best_epoch": 3,
  "status": "underfit",
  "grad_norm": [
    0.8109772956222181,
    0.6683069468826905,
    0.6705376267327646,
    0.6412515350359472,
    0.6374692175012208,
    0.6369305425279431,
    0.6034924979346886,
    0.6520172042010622,
    0.5790609439386022,
    0.5414761541157422,
    0.5693418144519748,
    0.593348670379282,
    0.5753039020042743,
    0.5959894760020992
  ],
  "beta_std": [
    0.3940925598144531,
    0.19737032055854797,
    0.2026142030954361,
    0.24556127190589905,
    0.23012498021125793,
    0.2181871384382248,
    0.22459837794303894,
    0.2388213574886322,
    0.21585692465305328,
    0.2170594483613968,
    0.234344944357872,
    0.226872056722641,
    0.22430190443992615,
    0.27159810066223145
  ],
  "beta_mean": [
    -0.09011981636285782,
    -0.06390298902988434,
    0.03649787977337837,
    -0.06886466592550278,
    0.009341418743133545,
    -0.011395764537155628,
    -0.028304962441325188,
    -0.01853341795504093,
    -0.05662095546722412,
    -0.14084908366203308,
    -0.11768405884504318,
    -0.0052834367379546165,
    -0.12318601459264755,
    -0.14413772523403168
  ]
}