{
  "train_loss": [
    1.636859619770831,
    1.5460507396508378,
    1.5311431600894148,
    1.5141632880662617,
    1.5137781108053108,
    1.5058335092332629,
    1.5067156332417537,
    1.507696883971231,
    1.5001429688581946,
    1.4985364003767048,
    1.4994073478241412,
    1.4927558856819108,
    1.4910757741035774,
    1.4987010521358914,
    1.4993324386864377,
    1.4877268558078343,
    1.484711429417482,
    1.488861075228418,
    1.4829816225118804,
    1.477934100139908
  ],
  "val_loss": [
    1.5541692972183228,
    1.5342942476272583,
    1.5558122396469116,
    1.5549461841583252,
    1.5452207326889038,
    1.5399633646011353,
    1.5294691324234009,
    1.5444629192352295,
    1.530039668083191,
    1.520412564277649,
    1.5480672121047974,
    1.5407308340072632,
    1.5442017316818237,
    1.5396339893341064,
    1.553909182548523,
    1.5485986471176147,
    1.5337952375411987,
    1.5406312942504883,
    1.5438276529312134,
    1.5439655780792236
  ],
  "best_epoch": 9,
  "status": "underfit",
  "grad_norm": [
    0.6919150788003683,
    0.6247286181152973,
    0.6018906406018274,
    0.5389506443069747,
    0.5380024143236727,
    0.5415414603266973,
    0.520684229645458,
    0.5287165580614381,
    0.5343424191174746,
    0.5544101465256921,
    0.5330361224230749,
    0.49732743494434456,
    0.5208065844047819,
    0.5463013771349644,
    0.5480248978138059,
    0.4951339352409258,
    0.5105698978836409,
    0.5285158382823076,
    0.5210108703804461,
    0.47843842377411305
  ],
  "beta_std": [
    0.19525155425071716,
    0.24663753807544708,
    0.3401930034160614,
    0.17797906696796417,
    0.2737559378147125,
    0.272503525018692,
    0.16279970109462738,
    0.24170416593551636,
    0.2856973111629486,
    0.27038896083831787,
    0.2207953780889511,
    0.17267118394374847,
    0.2493683397769928,
    0.273330956697464,
    0.20114456117153168,
    0.23302116990089417,
    0.16305099427700043,
    0.18899808824062347,
    0.16719290614128113,
    0.22489714622497559
  ],
  "beta_mean": [
    0.019467677921056747,
    -0.11923767626285553,
    -0.027157234027981758,
    -0.19877824187278748,
    -0.0484619177877903,
    -0.12849389016628265,
    -0.08347659558057785,
    -0.09947141259908676,
    0.04654725641012192,
    -0.06039733439683914,
    -0.12610949575901031,
    -0.12702149152755737,
    -0.01322618406265974,
    -0.0754261240363121,
    -0.008955379016697407,
    -0.0872446596622467,
    -0.07615338265895844,
    -0.049964264035224915,
    -0.12299453467130661,
    -0.15220750868320465
  ]
}