{
  "train_loss": [
    1.63576090277287,
    1.5336547805273044,
    1.5200737995850413,
    1.5173356806325633,
    1.5071166939763299,
    1.5016536163865475,
    1.5004249919645967,
    1.4974272363506562,
    1.4917993510396856,
    1.4871363802960045,
    1.490937712318019,
    1.488422300717984,
    1.4825208888137549,
    1.4817425857789335,
    1.4878418834028189,
    1.4803918299758643,
    1.4741210766005934,
    1.4714343973070558
  ],
  "val_loss": [
    1.5447999238967896,
    1.5267480611801147,
    1.535897135734558,
    1.5194467306137085,
    1.519351840019226,
    1.5269683599472046,
    1.5259579420089722,
    1.5158721208572388,
    1.5297483205795288,
    1.5388928651809692,
    1.53718101978302,
    1.5194816589355469,
    1.531828761100769,
    1.543149709701538,
    1.5349124670028687,
    1.5500069856643677,
    1.5386720895767212,
    1.5186485052108765
  ],
  "best_epoch": 7,
  "status": "underfit",
  "grad_norm": [
    0.7245485600162581,
    0.6309942871176561,
    0.602274471735234,
    0.5899571837547698,
    0.5458938693427998,
    0.5595131184384811,
    0.5769725056349239,
    0.5297026236707235,
    0.5518913259013847,
    0.505906766142788,
    0.552395951940478,
    0.5086647084822636,
    0.5165908774990152,
    0.5250637136274585,
    0.5449622088158463,
    0.510422435380401,
    0.5126418886342221,
    0.5227739127243217
  ],
  "beta_std": [
    0.17079998552799225,
    0.3530906140804291,
    0.23657886683940887,
    0.2535749673843384,
    0.271490216255188,
    0.2511987090110779,
    0.23724593222141266,
    0.238823801279068,
    0.14565525949001312,
    0.22025541961193085,
    0.19414015114307404,
    0.190525621175766,
    0.19236350059509277,
    0.18055638670921326,
    0.16754476726055145,
    0.20646712183952332,
    0.17911960184574127,
    0.1709117591381073
  ],
  "beta_mean": [
    -0.07561257481575012,
    -0.13313467800617218,
    -0.08026916533708572,
    -0.14742258191108704,
    -0.10235363245010376,
    -0.10392224788665771,
    -0.01592244952917099,
    -0.15336407721042633,
    -0.15078558027744293,
    -0.060618311166763306,
    -0.1854429841041565,
    -0.13596540689468384,
    -0.09682328999042511,
    -0.1455858051776886,
    -0.06789689511060715,
    -0.1587328165769577,
    0.05325455591082573,
    -0.01984003745019436
  ]
}