{
  "train_loss": [
    1.6507008453001055,
    1.536053862794798,
    1.5226685139170864,
    1.5104345023562336,
    1.5105512926592464,
    1.5014708395450436,
    1.4985383815374989,
    1.4978726409053245,
    1.493402754716706,
    1.4948193885568988,
    1.4810783521194903,
    1.4803060823016696,
    1.4860269969806337,
    1.4833500510767887,
    1.4828640898487024,
    1.474401674159089,
    1.4841133957299573
  ],
  "val_loss": [
    1.5797009468078613,
    1.5405222177505493,
    1.5549734830856323,
    1.5429646968841553,
    1.5547685623168945,
    1.546057939529419,
    1.5333863496780396,
    1.56394362449646,
    1.5496090650558472,
    1.5485196113586426,
    1.5521680116653442,
    1.56539785861969,
    1.5497792959213257,
    1.5448721647262573,
    1.534561038017273,
    1.5418474674224854,
    1.5389620065689087
  ],
  "best_epoch": 6,
  "status": "underfit",
  "grad_norm": [
    0.7126173735960385,
    0.6072779284466312,
    0.6029397882908286,
    0.5951754431857682,
    0.599520432567733,
    0.5797460998070694,
    0.5716859899826232,
    0.5963362628612087,
    0.5412221316929119,
    0.5435325773521291,
    0.50547804089692,
    0.5085930349211062,
    0.5314255513802502,
    0.5304330454583649,
    0.5450149803827539,
    0.5260971239515491,
    0.5435306281181961
  ],
  "beta_std": [
    0.19849127531051636,
    0.27206501364707947,
    0.1666315197944641,
    0.2087562382221222,
    0.11324349790811539,
    0.2642002999782562,
    0.25984176993370056,
    0.25844666361808777,
    0.202880859375,
    0.13538815081119537,
    0.2245379388332367,
    0.17318159341812134,
    0.14626345038414001,
    0.23095224797725677,
    0.17619666457176208,
    0.3513855040073395,
    0.19416216015815735
  ],
  "beta_mean": [
    0.0489276647567749,
    -0.06010804697871208,
    -0.06792157888412476,
    -0.08992606401443481,
    -0.053040001541376114,
    -0.037924107164144516,
    -0.03540390729904175,
    0.04424462467432022,
    0.05540233850479126,
    -0.09323370456695557,
    -0.17353826761245728,
    -0.06300686299800873,
    0.008588247001171112,
    -0.049293436110019684,
    -0.12691481411457062,
    -0.08058269321918488,
    -0.11455098539590836
  ]
}