{
  "train_loss": [
    1.6873415237560607,
    1.566940665217171,
    1.5493222151025694,
    1.5300009178697018,
    1.5329952912860447,
    1.52789035127874,
    1.5207831953561795,
    1.5179914856793588,
    1.5142210676237853,
    1.5137422749034146,
    1.5120248573983621,
    1.5101444086275602,
    1.513503418359143,
    1.5143769171084578,
    1.5098094795461288,
    1.5029671437837924,
    1.4994906563229031,
    1.50267240331884,
    1.4953930718717519
  ],
  "val_loss": [
    1.6016223430633545,
    1.543562650680542,
    1.5433707237243652,
    1.543859839439392,
    1.5472735166549683,
    1.5301910638809204,
    1.5224043130874634,
    1.5267609357833862,
    1.518669843673706,
    1.5294651985168457,
    1.5557119846343994,
    1.529599666595459,
    1.52737557888031,
    1.534716248512268,
    1.5380311012268066,
    1.524983286857605,
    1.5371544361114502,
    1.52067232131958,
    1.5309700965881348
  ],
  "best_epoch": 8,
  "status": "underfit",
  "grad_norm": [
    0.8326531593014893,
    0.6206993995366831,
    0.6074621198582117,
    0.5764423080616623,
    0.5823792840619908,
    0.5823324569299299,
    0.5529737579195008,
    0.5566560659467683,
    0.5200166000458537,
    0.5696563501359385,
    0.5595006558301555,
    0.5876138474069709,
    0.5831562427562922,
    0.5740652436738243,
    0.588060070307896,
    0.5406912340874552,
    0.5391386935327169,
    0.5558152915743861,
    0.513653907654354
  ],
  "beta_std": [
    0.2238263636827469,
    0.18942175805568695,
    0.28043487668037415,
    0.3033844530582428,
    0.2175651490688324,
    0.2002681940793991,
    0.13592301309108734,
    0.20318298041820526,
    0.20459416508674622,
    0.21694089472293854,
    0.2067209780216217,
    0.23728294670581818,
    0.2148333191871643,
    0.21518084406852722,
    0.2112908661365509,
    0.3159538805484772,
    0.25579530000686646,
    0.21457421779632568,
    0.2527942657470703
  ],
  "beta_mean": [
    -0.16282907128334045,
    -0.07506764680147171,
    -0.1655554473400116,
    -0.009123682044446468,
    -0.20146869122982025,
    -0.17904271185398102,
    -0.10909010469913483,
    -0.04479418322443962,
    -0.027013834565877914,
    -0.0949840396642685,
    -0.04665415734052658,
    -0.20717249810695648,
    -0.17246825993061066,
    -0.06790737062692642,
    -0.12451108545064926,
    -0.10991279780864716,
    -0.0745328739285469,
    -0.10374539345502853,
    -0.09808318316936493
  ]
}