{
  "train_loss": [
    4.72183911978793,
    3.5191894853466494,
    2.942267959620677,
    2.404978234751695,
    2.0695147395404287,
    1.8732987288174445,
    1.6919945762270974,
    1.6140575379200803,
    1.3768320326902428,
    1.4062434488953917,
    1.271432017252829,
    1.1927631468999953,
    1.20456465247537,
    1.165349221824248,
    1.0933398088089734,
    1.069042101468629,
    0.9214212467340656,
    1.0249316265253252,
    1.0254642490356687,
    0.8801263235593869,
    0.9565411468211755,
    0.8900122691173943,
    0.8741401766433197,
    0.910135122113217,
    0.8851475935944624,
    0.8537343464741091
  ],
  "val_loss": [
    4.155189514160156,
    3.4854326248168945,
    3.1150238513946533,
    2.5910091400146484,
    2.9144399166107178,
    2.524474859237671,
    2.6495368480682373,
    2.3776586055755615,
    2.831775188446045,
    2.506099224090576,
    2.316415309906006,
    2.3896467685699463,
    2.615900993347168,
    2.6133546829223633,
    2.459537982940674,
    2.2799456119537354,
    2.379744291305542,
    2.496145486831665,
    2.3350210189819336,
    2.418539047241211,
    2.49125337600708,
    2.41575026512146,
    2.450838088989258,
    2.350242853164673,
    2.294217348098755,
    2.4265546798706055
  ],
  "best_epoch": 15,
  "status": "ok",
  "grad_norm": [
    3.5257868256416662,
    2.9154234908250873,
    2.919531631218242,
    2.811279812947982,
    3.3479893340814946,
    3.0807553553538107,
    3.1641751231366038,
    3.0579653018241615,
    2.8814404285828816,
    2.998605688397359,
    2.7071590588220182,
    2.9081980000145076,
    2.728988367815167,
    2.860861890120681,
    2.6919254532276624,
    2.547306261470253,
    2.6951544507476846,
    2.664186856979198,
    2.707631180051302,
    2.35741990716267,
    2.4316432985514953,
    2.4312900051986275,
    2.351685407396547,
    2.5515873033162757,
    2.524915143692985,
    2.5328571698250992
  ],
  "beta_std": [
    0.517375648021698,
    1.0775611400604248,
    1.1684821844100952,
    0.8857646584510803,
    0.7550212144851685,
    0.7156965136528015,
    0.853242814540863,
    0.7963012456893921,
    0.8380988240242004,
    0.8554518818855286,
    0.8358039855957031,
    0.8814716935157776,
    0.8619993925094604,
    0.8116146922111511,
    0.8012550473213196,
    0.8778377771377563,
    0.8731834888458252,
    0.8340685367584229,
    0.8689391016960144,
    0.9567002058029175,
    0.841647207736969,
    0.9002193212509155,
    0.879219114780426,
    0.9315875768661499,
    0.8918728232383728,
    0.9592033624649048
  ],
  "beta_mean": [
    -0.25251588225364685,
    -0.11811850965023041,
    -0.2071598917245865,
    -0.22923310101032257,
    -0.15806381404399872,
    -0.1819114089012146,
    -0.543626070022583,
    -0.21607495844364166,
    -0.3719847500324249,
    -0.2102850377559662,
    -0.4388354420661926,
    -0.3194969594478607,
    -0.1883462369441986,
    -0.2970486581325531,
    -0.1970100849866867,
    -0.2671535611152649,
    -0.30949896574020386,
    -0.32248347997665405,
    -0.28942349553108215,
    -0.18081405758857727,
    -0.3055434823036194,
    -0.33491435647010803,
    -0.2702741026878357,
    -0.04202951863408089,
    -0.26427292823791504,
    -0.11705882847309113
  ]
}