{
  "train_loss": [
    4.677653274838886,
    3.510453484225976,
    2.9655430452082974,
    2.550733520871117,
    2.2202147269735533,
    2.047408572129922,
    1.8509791881319075,
    1.7336344810840494,
    1.6589855504414392,
    1.5401302470641882,
    1.5077502224721064,
    1.4788275727339073,
    1.3740231352868804,
    1.2313355772403363,
    1.2435607637137243,
    1.1657177823471103,
    1.1898133219504843,
    1.187234383591719,
    1.0934733422705376
  ],
  "val_loss": [
    4.235323429107666,
    4.038963794708252,
    3.6810503005981445,
    3.3196804523468018,
    3.087885618209839,
    2.8947370052337646,
    2.925520896911621,
    2.7983055114746094,
    2.640556812286377,
    2.8611299991607666,
    2.760207414627075,
    2.813530206680298,
    2.9165406227111816,
    2.8164918422698975,
    2.8416483402252197,
    3.0268747806549072,
    2.831117630004883,
    2.8245108127593994,
    3.1208956241607666
  ],
  "best_epoch": 8,
  "status": "ok",
  "grad_norm": [
    3.3944755814917364,
    2.6510784649865964,
    2.902548736912577,
    2.3633378377849517,
    2.7208087025106567,
    2.567309872335097,
    2.9045141266718644,
    2.644257726015219,
    2.946873510871981,
    2.7631918656227272,
    2.7766237262583666,
    2.978503924344583,
    2.5137540003332535,
    2.4076412884314187,
    2.4278676744615892,
    2.481996270190083,
    2.45732297185578,
    2.5429898982206285,
    2.5470893180521053
  ],
  "beta_std": [
    0.44054949283599854,
    1.2734657526016235,
    1.4717907905578613,
    1.3303669691085815,
    1.1489320993423462,
    1.176892638206482,
    1.0932849645614624,
    1.127260446548462,
    0.9073268175125122,
    0.9700996279716492,
    1.0249476432800293,
    0.8593206405639648,
    0.9432607889175415,
    0.9929435849189758,
    0.9401034712791443,
    0.8741798996925354,
    0.982212483882904,
    1.0320746898651123,
    0.9185423254966736
  ],
  "beta_mean": [
    -0.2774484157562256,
    -0.5398593544960022,
    -0.3785420358181,
    -0.4043080806732178,
    -0.33917030692100525,
    -0.30877918004989624,
    -0.48650091886520386,
    -0.38327205181121826,
    -0.4304666221141815,
    -0.31055116653442383,
    -0.35036230087280273,
    -0.2439032793045044,
    -0.47583431005477905,
    -0.36617639660835266,
    -0.33326318860054016,
    -0.3539612889289856,
    -0.41888824105262756,
    -0.3143356740474701,
    -0.516989529132843
  ]
}