{
  "train_loss": [
    4.753451345188547,
    3.576313185854023,
    2.965219153298272,
    2.5974750816146264,
    2.2948907129888902,
    1.9764862244361652,
    1.9809418430133743,
    1.7986145679101921,
    1.6973519363100567,
    1.6121710406409369,
    1.5877298213997666,
    1.5731269264437444,
    1.4609999945915204,
    1.4137671012727042,
    1.353770681789943,
    1.3288086882524208,
    1.2503442031726275,
    1.1686283239161346,
    1.2598029642688984,
    1.170650803853595,
    1.1584895549177312,
    1.0699625393700978,
    1.0824018951986922,
    1.0261295782465514,
    0.971996549305732,
    0.9430042955340171,
    0.9664255359005225,
    1.0033822730014654,
    0.9242809983878449,
    0.9107995698241149
  ],
  "val_loss": [
    3.430713653564453,
    2.8147389888763428,
    2.5525035858154297,
    2.5453221797943115,
    2.095930337905884,
    2.3789193630218506,
    2.2677059173583984,
    2.1443865299224854,
    2.2946274280548096,
    2.4296517372131348,
    2.2706594467163086,
    2.3402059078216553,
    2.2651031017303467,
    2.0792839527130127,
    2.4361066818237305,
    2.2672111988067627,
    2.1438963413238525,
    2.2075672149658203,
    2.196032762527466,
    2.005964994430542,
    2.171501636505127,
    2.0496044158935547,
    2.2471227645874023,
    2.3090121746063232,
    2.296874761581421,
    2.2903237342834473,
    2.382641077041626,
    2.2064931392669678,
    2.318366765975952,
    2.2281301021575928
  ],
  "best_epoch": 19,
  "status": "ok",
  "grad_norm": [
    3.3693118755822025,
    2.7054978222447628,
    3.0276092866451116,
    3.6477881404160972,
    3.322899043554473,
    2.975022493260403,
    3.1762856438352194,
    3.206997262248064,
    3.00623897269111,
    3.0746504187249775,
    3.362476792113294,
    3.1866777123451793,
    2.972753927720587,
    3.0182860723029594,
    2.930266600578734,
    3.157584144905772,
    2.806467875739396,
    2.834080271845164,
    3.1221129457441665,
    2.9584024593671905,
    3.0380430679442143,
    2.71026653549837,
    2.828200058675926,
    2.7492283267365876,
    2.5126361305289424,
    2.4432324610426135,
    2.789556937794658,
    2.715117315780083,
    2.534363996016372,
    2.5913314718608658
  ],
  "beta_std": [
    0.5335245132446289,
    1.1961839199066162,
    1.526749610900879,
    1.2710282802581787,
    1.0846948623657227,
    1.0613521337509155,
    0.950541615486145,
    1.071449875831604,
    0.9974035620689392,
    0.980073869228363,
    0.8127472996711731,
    0.9381168484687805,
    0.9996635317802429,
    0.9131467938423157,
    0.9396502375602722,
    0.8932619690895081,
    1.0052717924118042,
    1.0878355503082275,
    1.0725873708724976,
    0.93716961145401,
    1.0777233839035034,
    0.9176623821258545,
    1.0006762742996216,
    0.9633433818817139,
    1.013811707496643,
    1.0581716299057007,
    1.0617460012435913,
    1.0426647663116455,
    0.8763729333877563,
    1.0552966594696045
  ],
  "beta_mean": [
    0.0022992552258074284,
    -0.20737986266613007,
    -0.09284248948097229,
    0.22441111505031586,
    -0.0799371674656868,
    -0.04300430044531822,
    -0.12535704672336578,
    -0.1972663402557373,
    -0.2350376695394516,
    -0.09642569720745087,
    -0.04488104581832886,
    -0.15990909934043884,
    -0.20441269874572754,
    -0.11004704982042313,
    -0.22390064597129822,
    -0.16324979066848755,
    -0.05548051744699478,
    -0.2587296962738037,
    -0.09605155885219574,
    -0.310848593711853,
    -0.09983791410923004,
    -0.15138576924800873,
    -0.3277488946914673,
    -0.19896216690540314,
    -0.2327381670475006,
    -0.1721867024898529,
    -0.12963473796844482,
    -0.21368148922920227,
    -0.20264337956905365,
    -0.27420690655708313
  ]
}