{
  "train_loss": [
    4.952096241672023,
    3.6605736355121983,
    2.949228519755426,
    2.3071617263785296,
    1.8710109852338865,
    1.7497435440552207,
    1.6021699608048074,
    1.5228076148735963,
    1.4674020521765123,
    1.3356467474615223,
    1.3749025316735783,
    1.2012861350766655,
    1.321080391098853,
    1.1852042269544536,
    1.1643865446384802,
    1.113779460897251,
    1.0907718183772634
  ],
  "val_loss": [
    3.6324069499969482,
    3.2712903022766113,
    2.6281023025512695,
    2.2492032051086426,
    2.1542325019836426,
    1.9582879543304443,
    1.9009114503860474,
    2.050565004348755,
    1.9950754642486572,
    1.9443622827529907,
    2.091836929321289,
    2.0321714878082275,
    2.1057233810424805,
    2.2155327796936035,
    2.144458532333374,
    2.1582508087158203,
    2.041973829269409
  ],
  "best_epoch": 6,
  "status": "ok",
  "grad_norm": [
    3.480290582554737,
    2.989827177280333,
    2.9278269927487472,
    2.8647544942737935,
    2.885901465200863,
    2.9811875961807135,
    3.016246672850108,
    3.0265776919394014,
    2.843800560445606,
    2.791966090272789,
    3.004389906880236,
    2.7264777515220864,
    3.1994269051475444,
    2.942927310139498,
    2.6807740450516433,
    2.79399586553489,
    2.678541580602158
  ],
  "beta_std": [
    0.43724650144577026,
    1.1074299812316895,
    1.4812408685684204,
    1.3936691284179688,
    1.1084977388381958,
    1.1247435808181763,
    1.1580206155776978,
    0.8825863599777222,
    0.9489790201187134,
    0.9536961913108826,
    1.0075548887252808,
    0.9523823261260986,
    1.076276421546936,
    1.0739330053329468,
    1.0248428583145142,
    1.0498154163360596,
    0.9828819036483765
  ],
  "beta_mean": [
    -0.4309422969818115,
    -0.3584469258785248,
    -0.23699036240577698,
    -0.23337721824645996,
    -0.22979795932769775,
    -0.2909041941165924,
    -0.299937903881073,
    -0.23141786456108093,
    -0.3377949595451355,
    -0.1515011489391327,
    -0.2740843892097473,
    -0.2120770364999771,
    -0.38581642508506775,
    -0.35636481642723083,
    -0.23536643385887146,
    -0.3591635525226593,
    -0.061709463596343994
  ]
}