{
  "train_loss": [
    4.649332457648383,
    3.392474628024631,
    3.1051702700720893,
    2.914580396546258,
    2.421115284893248,
    2.029280366897583,
    1.9930376201205784,
    2.100962346394857,
    1.8659747748904758,
    1.755684741338094,
    1.648901011844476,
    1.5146287388271755,
    1.510437488688363,
    1.410199622048272,
    1.390343844625685,
    1.258591923183865,
    1.285000001059638,
    1.4471818404727512,
    1.345323392285241,
    1.294670548968845,
    1.2846442275577121,
    1.2637997245788575,
    1.216243347591824,
    1.1566337002648248,
    1.1229211568832398
  ],
  "val_loss": [
    3.586080312728882,
    3.1768689155578613,
    3.326392412185669,
    3.036787748336792,
    2.6918883323669434,
    2.584368944168091,
    2.5931808948516846,
    2.5121612548828125,
    2.429553747177124,
    2.3447012901306152,
    2.321444511413574,
    2.2556800842285156,
    2.367465019226074,
    2.275986909866333,
    2.2282278537750244,
    2.375239372253418,
    2.2712860107421875,
    2.2894575595855713,
    2.4285526275634766,
    2.4640982151031494,
    2.495335817337036,
    2.53474497795105,
    2.340604066848755,
    2.35190486907959,
    2.3676629066467285
  ],
  "best_epoch": 14,
  "status": "ok",
  "grad_norm": [
    3.846872373682083,
    4.188281569849429,
    3.965754731731976,
    3.8774631314577466,
    3.1502386186044773,
    3.5924666426580556,
    4.936274472092733,
    4.791056617525483,
    3.1180848905579728,
    3.4542509721346684,
    2.9754089842556994,
    3.5832503163276397,
    2.922724320615289,
    3.024030093486634,
    2.8391892062733444,
    2.7871849088256595,
    3.6584691055349152,
    3.339782944274742,
    3.450017133017078,
    3.079884393370096,
    3.2448161188489397,
    3.5478808124936903,
    3.488238787153863,
    2.952921929280125,
    2.9795646300213527
  ],
  "beta_std": [
    0.6727765798568726,
    1.34951913356781,
    1.463681936264038,
    1.0528457164764404,
    1.1543560028076172,
    1.086057186126709,
    0.9530606865882874,
    0.9116178154945374,
    0.9128438830375671,
    1.055060863494873,
    0.8969741463661194,
    0.9492007493972778,
    0.9578191041946411,
    0.9144676327705383,
    0.9633814096450806,
    0.9779849052429199,
    0.9126390814781189,
    0.8171058893203735,
    0.8481103777885437,
    0.9965198636054993,
    0.9733521938323975,
    0.9866197109222412,
    0.7993984818458557,
    0.9721333980560303,
    0.8958688378334045
  ],
  "beta_mean": [
    -0.20788784325122833,
    -0.49700337648391724,
    -0.6246270537376404,
    -0.3794974386692047,
    -0.4197918176651001,
    -0.26750314235687256,
    -0.3844186067581177,
    -0.45700603723526,
    -0.13089030981063843,
    -0.3133930563926697,
    -0.18379849195480347,
    -0.2055017352104187,
    -0.23448489606380463,
    -0.23392391204833984,
    -0.3222341239452362,
    -0.06146497651934624,
    -0.2633003890514374,
    -0.2131977081298828,
    -0.30435922741889954,
    -0.19447661936283112,
    -0.2191835641860962,
    -0.2755523920059204,
    -0.25897109508514404,
    -0.16659359633922577,
    -0.3487575948238373
  ]
}