{
  "train_loss": [
    2.4863423612923308,
    2.0183191228615724,
    1.9510343886286763,
    1.893043971223896,
    1.8236119838528622,
    1.7770372146381543,
    1.7348285145229763,
    1.7282654464920633,
    1.6617076448842782,
    1.6759034783391455,
    1.6489447480156307,
    1.628710841321621,
    1.5603561584100702,
    1.581490379882778,
    1.5685743363265818,
    1.5312517015842082,
    1.5478038181793663,
    1.5080985159560396,
    1.5579913235575704,
    1.5039646572266576,
    1.4981465127192386,
    1.5016498974932024,
    1.4961873240481698,
    1.4601895324767582,
    1.4483422343693082,
    1.4668283738246581,
    1.4938015901582853,
    1.424834767436765,
    1.3994705144510247,
    1.4235131777333023,
    1.4190499362491427
  ],
  "val_loss": [
    1.910922884941101,
    1.9049652814865112,
    1.8228883743286133,
    1.7703886032104492,
    1.6828359365463257,
    1.6162134408950806,
    1.7373744249343872,
    1.6775732040405273,
    1.8027348518371582,
    1.525424599647522,
    1.5416271686553955,
    1.5112531185150146,
    1.5339280366897583,
    1.4655078649520874,
    1.4837177991867065,
    1.554161548614502,
    1.5050325393676758,
    1.475159764289856,
    1.5204668045043945,
    1.563482403755188,
    1.4549505710601807,
    1.49842369556427,
    1.5825505256652832,
    1.4906396865844727,
    1.4892079830169678,
    1.5312086343765259,
    1.5391775369644165,
    1.560165524482727,
    1.4874831438064575,
    1.5410833358764648,
    1.5433344841003418
  ],
  "best_epoch": 20,
  "status": "ok",
  "grad_norm": [
    3.4017882227616028,
    3.0315005783355446,
    3.0612735665286404,
    3.216031026035602,
    2.954208853904751,
    2.992176653689327,
    2.881565792372197,
    2.9216493742788843,
    2.8697479204856444,
    2.8624865195846785,
    2.826491047677297,
    2.8629334498949204,
    2.6972044084080835,
    2.7395062692622427,
    2.799914282426237,
    2.6418255705514806,
    2.7752099464980797,
    2.8009461733452206,
    2.9443578736699156,
    2.740241432477433,
    2.732146495642531,
    2.822227648684296,
    2.937333261299481,
    2.6352855679491287,
    2.6471905117630317,
    2.84511214921754,
    2.899319105044626,
    2.7492019471104765,
    2.63595727365339,
    2.673600905533036,
    2.730925156746509
  ],
  "beta_std": [
    0.6190282106399536,
    0.6496012806892395,
    0.7341693639755249,
    0.7323207855224609,
    0.5478865504264832,
    0.7378294467926025,
    0.7098081111907959,
    0.6614336371421814,
    0.7580040097236633,
    0.6649487614631653,
    0.8022735118865967,
    0.6628015041351318,
    0.7243984341621399,
    0.6630582809448242,
    0.7437313199043274,
    0.7186727523803711,
    0.7705129981040955,
    0.7061729431152344,
    0.6740127205848694,
    0.6119251251220703,
    0.7342672348022461,
    0.583927571773529,
    0.8255817890167236,
    0.8039308190345764,
    0.7100593447685242,
    0.72006756067276,
    0.6798368096351624,
    0.7768417596817017,
    0.6435770988464355,
    0.8074902296066284,
    0.6560916304588318
  ],
  "beta_mean": [
    -0.055876221507787704,
    -0.2346131056547165,
    -0.12554897367954254,
    -0.16760125756263733,
    -0.2482316941022873,
    -0.11964662373065948,
    -0.1343948394060135,
    -0.20063656568527222,
    -0.1307075470685959,
    -0.10744819045066833,
    -0.2256031632423401,
    -0.1511361002922058,
    -0.1124659851193428,
    -0.12776902318000793,
    -0.11930353939533234,
    -0.17333178222179413,
    0.015044745057821274,
    -0.06776746362447739,
    -0.36011284589767456,
    -0.252901166677475,
    -0.2669491171836853,
    -0.06109805032610893,
    0.14546717703342438,
    -0.01951196976006031,
    0.010124677792191505,
    -0.3392847180366516,
    -0.30549633502960205,
    -0.1254412829875946,
    -0.19722072780132294,
    0.18599258363246918,
    -0.13567356765270233
  ]
}