{
  "train_loss": [
    2.4528381394150576,
    1.967998648230451,
    1.9419573748733452,
    1.8847890854963099,
    1.7928456771941412,
    1.791603205750048,
    1.7900895896682394,
    1.7288139065377026,
    1.7071679847851362,
    1.6599729680690636,
    1.6374483218268743,
    1.6249695219961153,
    1.6405476969115589,
    1.632001202501137,
    1.5685420299603554,
    1.5807223171874238,
    1.5324811767828979,
    1.5249691223071005,
    1.5722529072880476,
    1.492251774513262,
    1.4874827435227478,
    1.505040968248363,
    1.493302073175945,
    1.4706857576391865,
    1.4675234298857431,
    1.4542670400234576,
    1.472106944406384,
    1.4612368604223205,
    1.452997511098174,
    1.442780154308224,
    1.426652036178139,
    1.4248392089964852,
    1.436700280020837,
    1.4407682883225872,
    1.3707851538041822,
    1.4219557181507552,
    1.3930084550191486,
    1.3688137288536886,
    1.391666717053541,
    1.4048951316582643,
    1.4169955248194757,
    1.380221511339114,
    1.376141202747146,
    1.3660679273324219
  ],
  "val_loss": [
    1.8907408714294434,
    1.7707836627960205,
    1.742814302444458,
    1.8281359672546387,
    1.6446764469146729,
    1.6406439542770386,
    1.7283934354782104,
    1.598471760749817,
    1.6168887615203857,
    1.6153810024261475,
    1.585437297821045,
    1.5208264589309692,
    1.5476908683776855,
    1.6236932277679443,
    1.4999288320541382,
    1.526586651802063,
    1.4856089353561401,
    1.4256153106689453,
    1.5385065078735352,
    1.5695654153823853,
    1.477518081665039,
    1.6006196737289429,
    1.4935168027877808,
    1.408532738685608,
    1.3551578521728516,
    1.407548427581787,
    1.473547339439392,
    1.4761860370635986,
    1.438488245010376,
    1.5059343576431274,
    1.472548007965088,
    1.3991771936416626,
    1.4564197063446045,
    1.3398851156234741,
    1.469355583190918,
    1.5330291986465454,
    1.3920626640319824,
    1.421478033065796,
    1.4231846332550049,
    1.555126428604126,
    1.41400146484375,
    1.3562805652618408,
    1.3946123123168945,
    1.4150586128234863
  ],
  "best_epoch": 33,
  "status": "ok",
  "grad_norm": [
    3.586513318382762,
    3.0435708594042827,
    2.9773846274168556,
    2.9780650623887768,
    2.704379604460754,
    2.9365380649538406,
    3.0619532532502194,
    2.7332608621235566,
    2.7050445747951994,
    2.6054777485077723,
    2.645465565614452,
    2.542723154840957,
    2.8305002930718635,
    2.8076935536200467,
    2.773705529787873,
    2.7599047690053453,
    2.59974198229928,
    2.6077572842851366,
    2.827444733516546,
    2.65907605781135,
    2.6788969304564074,
    2.6832030924639163,
    2.5932088065843715,
    2.679919528551648,
    2.7836023484861605,
    2.605875129058048,
    2.725189333352583,
    2.643166406742287,
    2.7151154385416456,
    2.6886952879270796,
    2.711874556396781,
    2.6117441462831796,
    2.652560456194214,
    2.7007564553926415,
    2.653711712133158,
    2.7434322019050326,
    2.563768401654768,
    2.500803323602151,
    2.7097415584494238,
    2.7372835892392966,
    2.724378806688208,
    2.7404985358033853,
    2.658153522736233,
    2.7422650285917367
  ],
  "beta_std": [
    0.9022324681282043,
    0.7577954530715942,
    0.6062287092208862,
    0.5726364254951477,
    0.7225615978240967,
    0.890419602394104,
    0.5751250386238098,
    0.7369264960289001,
    0.7674447298049927,
    0.756682813167572,
    0.7083050608634949,
    0.6141940355300903,
    0.8401635885238647,
    0.6518189311027527,
    0.6790860295295715,
    0.5929984450340271,
    0.6930369138717651,
    0.721150815486908,
    0.6770980954170227,
    0.6749131679534912,
    0.8646456003189087,
    0.5962686538696289,
    0.7380859851837158,
    0.6822341680526733,
    0.7133128643035889,
    0.7558857798576355,
    0.7957291603088379,
    0.747988760471344,
    0.6668809056282043,
    0.6689191460609436,
    0.7118737101554871,
    0.6930176615715027,
    0.8458017110824585,
    0.8603193759918213,
    0.691058874130249,
    0.6518827080726624,
    0.7541893720626831,
    0.6889293193817139,
    0.6542768478393555,
    0.7465866208076477,
    0.7220497727394104,
    0.8161494135856628,
    0.7783019542694092,
    0.7908443212509155
  ],
  "beta_mean": [
    -0.2923045754432678,
    -0.19584967195987701,
    -0.15757334232330322,
    -0.12295906245708466,
    -0.2752964496612549,
    -0.41954100131988525,
    -0.26905205845832825,
    -0.23494932055473328,
    -0.2504922151565552,
    -0.1118612140417099,
    -0.1688385158777237,
    -0.18918558955192566,
    -0.3145862817764282,
    -0.312530517578125,
    -0.20675542950630188,
    -0.29188549518585205,
    -0.14745886623859406,
    -0.19609761238098145,
    -0.16443419456481934,
    -0.3748210370540619,
    -0.33071109652519226,
    -0.28103744983673096,
    -0.3477066159248352,
    -0.1406354308128357,
    -0.2485416680574417,
    -0.12166548520326614,
    -0.3693236708641052,
    -0.3661648631095886,
    -0.3521370589733124,
    -0.21606357395648956,
    -0.04192684590816498,
    -0.1676860898733139,
    -0.15235324203968048,
    -0.2678682506084442,
    -0.1188654974102974,
    -0.18229971826076508,
    -0.2863617539405823,
    -0.2290211170911789,
    -0.12871666252613068,
    -0.10397633165121078,
    -0.21851445734500885,
    -0.25731995701789856,
    -0.31241703033447266,
    -0.20937341451644897
  ]
}