{
  "train_loss": [
    2.43351162674746,
    2.0232730823849874,
    1.9234775897867284,
    1.9131037989441229,
    1.8295595847019532,
    1.7659155618576776,
    1.7249357536536496,
    1.7280265193407227,
    1.7134566532511288,
    1.6275292598741666,
    1.6212370186976566,
    1.5903117428020555,
    1.566369903276837,
    1.5367572232979496,
    1.5563566438735477,
    1.526225406512652,
    1.5545694393365561,
    1.5170173282255661,
    1.5223768219655873,
    1.517038918568704,
    1.5160688257001154,
    1.5074846838066638,
    1.448633398436635,
    1.4671899595498499,
    1.4548768592799872,
    1.4728237115336653,
    1.4552507518370406,
    1.4522925992130964,
    1.4329498975455355,
    1.4228429298552256,
    1.463088490416944,
    1.448168347590094,
    1.3993308838803211
  ],
  "val_loss": [
    1.9323869943618774,
    1.9387025833129883,
    1.821253776550293,
    1.7939492464065552,
    1.9113482236862183,
    1.7965177297592163,
    1.70356285572052,
    1.7028353214263916,
    1.6928505897521973,
    1.7149287462234497,
    1.5628045797348022,
    1.6132075786590576,
    1.4957350492477417,
    1.469147801399231,
    1.5523203611373901,
    1.6333390474319458,
    1.5360336303710938,
    1.6112216711044312,
    1.609807014465332,
    1.4809091091156006,
    1.7037642002105713,
    1.5527782440185547,
    1.4243276119232178,
    1.4680997133255005,
    1.5903775691986084,
    1.500086784362793,
    1.574022889137268,
    1.496105432510376,
    1.5131806135177612,
    1.425505518913269,
    1.5620425939559937,
    1.4712549448013306,
    1.4683001041412354
  ],
  "best_epoch": 22,
  "status": "ok",
  "grad_norm": [
    3.3269015994418205,
    2.9784512220719006,
    2.9881341022698162,
    2.8257650396602694,
    2.7500576044718152,
    2.804546538527037,
    2.6475082997115833,
    2.9699065647328635,
    3.042480914800942,
    2.794565276318228,
    2.8547106559206465,
    2.8161121554307664,
    2.745676755629602,
    2.6071413819492477,
    2.7898916207727344,
    2.657468210102801,
    2.9095873582971277,
    2.7558384812724808,
    2.738310940244265,
    2.854854930189026,
    2.757469010355396,
    2.7924624407796266,
    2.6659761650678147,
    2.799854897213915,
    2.7363944464122087,
    2.784086787389087,
    2.745986889878927,
    2.7404524092859037,
    2.6230195168668287,
    2.789835160822304,
    2.9885753619205393,
    2.767858918716117,
    2.5858372326660928
  ],
  "beta_std": [
    0.6434943675994873,
    0.7258707284927368,
    0.8660404682159424,
    0.573606014251709,
    0.6173235177993774,
    0.9015398025512695,
    0.7418343424797058,
    0.7036305069923401,
    0.645560622215271,
    0.8324075937271118,
    0.8162891268730164,
    0.7774019837379456,
    0.7786108255386353,
    0.7388774752616882,
    0.5929771661758423,
    0.5974645018577576,
    0.7715793251991272,
    0.7643062472343445,
    0.8380030989646912,
    0.7706831097602844,
    0.6172627210617065,
    0.7604956030845642,
    0.8325133919715881,
    0.8228595852851868,
    0.787544846534729,
    0.7162864208221436,
    0.8603641986846924,
    0.8390246629714966,
    0.6613745093345642,
    0.7621539235115051,
    0.7504043579101562,
    0.7299906015396118,
    0.7474370002746582
  ],
  "beta_mean": [
    -0.15612927079200745,
    -0.17933420836925507,
    -0.370943158864975,
    -0.2258957475423813,
    -0.13546404242515564,
    -0.13691599667072296,
    -0.24077510833740234,
    -0.1997143030166626,
    -0.042858995497226715,
    -0.1668027639389038,
    -0.24174384772777557,
    -0.24438004195690155,
    -0.1335950493812561,
    -0.2151602953672409,
    -0.30835333466529846,
    -0.3205118775367737,
    -0.19010820984840393,
    0.05715102329850197,
    -0.06801982969045639,
    -0.13303504884243011,
    -0.2808571457862854,
    -0.26091793179512024,
    -0.14292730391025543,
    -0.0670749843120575,
    -0.4092000424861908,
    -0.15901242196559906,
    -0.1595677137374878,
    -0.20623981952667236,
    -0.22419902682304382,
    -0.1158922016620636,
    0.09861203283071518,
    0.005820142105221748,
    -0.1756734997034073
  ]
}