{
  "train_loss": [
    2.4335241803236287,
    1.9483900976289157,
    1.9335663560296403,
    1.8780481566106921,
    1.8136205985702896,
    1.7810697160880853,
    1.765052857366549,
    1.7563775285301295,
    1.6841874829225258,
    1.686528171541469,
    1.6615361218549767,
    1.6587350636653078,
    1.6500856336282224,
    1.624077210026263,
    1.6004596807518783,
    1.5592295406627006,
    1.5322210936859892,
    1.56814427640703,
    1.531768465907125,
    1.5110473852849602,
    1.5399409477402564,
    1.4838062868637292,
    1.4853946143537422,
    1.459912723316357,
    1.4211445362930124,
    1.436659219583957,
    1.4247881747697757,
    1.462824050639492,
    1.4006496357539344,
    1.4148435874320482,
    1.4016853504981044,
    1.393912078788221,
    1.4118034559042276,
    1.3966003004926133,
    1.3656736917776855,
    1.3799871165736193,
    1.3793389072493902,
    1.3612504004891497,
    1.3515956146106158,
    1.3759377539563342
  ],
  "val_loss": [
    1.8697532415390015,
    1.8500553369522095,
    1.8403441905975342,
    1.8572973012924194,
    1.8157659769058228,
    1.7465523481369019,
    1.7518928050994873,
    1.8588321208953857,
    1.6027636528015137,
    1.620362401008606,
    1.6573691368103027,
    1.6559003591537476,
    1.6706002950668335,
    1.6177934408187866,
    1.5988600254058838,
    1.5292829275131226,
    1.6199402809143066,
    1.5770941972732544,
    1.5503549575805664,
    1.6590485572814941,
    1.557926893234253,
    1.615249514579773,
    1.499287486076355,
    1.7082990407943726,
    1.585742473602295,
    1.482818365097046,
    1.4827462434768677,
    1.6095097064971924,
    1.4526578187942505,
    1.4366286993026733,
    1.4957411289215088,
    1.5913501977920532,
    1.559636116027832,
    1.5283256769180298,
    1.4471896886825562,
    1.5307484865188599,
    1.4422335624694824,
    1.52679443359375,
    1.6102237701416016,
    1.5020302534103394
  ],
  "best_epoch": 29,
  "status": "ok",
  "grad_norm": [
    3.220980545196046,
    2.7982568382425743,
    2.893532811417134,
    2.796769368520031,
    2.5801718487383094,
    2.6438904985244256,
    2.607391207161882,
    2.730247471422856,
    2.60574077992388,
    2.5655024075154316,
    2.5417893203533004,
    2.5368537703856737,
    2.674184418942252,
    2.6803574199606603,
    2.721625225464673,
    2.5295432544543766,
    2.5796183619252924,
    2.730170008759125,
    2.613536048639837,
    2.7087304129497984,
    2.84988117076489,
    2.6151264531517495,
    2.655342637435842,
    2.697196343711484,
    2.531526362862816,
    2.5283553455444525,
    2.613491386259615,
    2.835396752847172,
    2.618724629927755,
    2.647628097558062,
    2.681461968036071,
    2.659212942384221,
    2.8067503978085355,
    2.642486998114239,
    2.519628842977781,
    2.5997686270491163,
    2.613532289136632,
    2.676152970252675,
    2.6280917493791622,
    2.668506942047293
  ],
  "beta_std": [
    0.7078326344490051,
    0.7512641549110413,
    0.6066689491271973,
    0.5744345784187317,
    0.54985511302948,
    0.8300922513008118,
    0.6922137141227722,
    0.571304202079773,
    0.8118036389350891,
    0.7958531379699707,
    0.7779170274734497,
    0.6907570958137512,
    0.7888125777244568,
    0.9623393416404724,
    0.732186496257782,
    0.887052059173584,
    0.7393277883529663,
    0.7020978331565857,
    0.740532636642456,
    0.8735228776931763,
    0.8377953171730042,
    0.7192739844322205,
    0.6934975385665894,
    0.6936808824539185,
    0.8928208351135254,
    0.7405796647071838,
    0.7982624769210815,
    0.746860682964325,
    0.7349149584770203,
    0.7980449795722961,
    0.7327759265899658,
    0.6833117008209229,
    0.7304874658584595,
    0.7451534271240234,
    0.776924729347229,
    0.774907648563385,
    0.7072036862373352,
    0.8087402582168579,
    0.8597504496574402,
    0.7182402014732361
  ],
  "beta_mean": [
    -0.2539905607700348,
    -0.06107272580265999,
    -0.08334603905677795,
    -0.2032630294561386,
    -0.3173813819885254,
    0.08934209495782852,
    -0.2741444408893585,
    -0.2417905330657959,
    -0.1628619134426117,
    -0.2967512607574463,
    0.031058670952916145,
    -0.0007492590812034905,
    0.0530688650906086,
    -0.00911021139472723,
    -0.29487696290016174,
    -0.33265286684036255,
    0.016779843717813492,
    -0.16047503054141998,
    -0.09901779890060425,
    -0.0870170071721077,
    -0.33216074109077454,
    -0.26169106364250183,
    -0.27351000905036926,
    -0.20422819256782532,
    -0.11269906908273697,
    -0.19460968673229218,
    -0.3197530210018158,
    -0.18108710646629333,
    -0.2496606409549713,
    -0.23983927071094513,
    -0.09305882453918457,
    -0.09623982012271881,
    -0.14178933203220367,
    -0.09462562203407288,
    -0.24104125797748566,
    -0.4031774401664734,
    -0.21517440676689148,
    0.02381938509643078,
    -0.2292153537273407,
    -0.28386273980140686
  ]
}