{
  "train_loss": [
    2.496959540261163,
    2.0279901820288764,
    1.935760973824395,
    1.8650923059251574,
    1.8652228075663249,
    1.780555355919732,
    1.7448398524390327,
    1.7353224455515543,
    1.6700395158131918,
    1.6641914246877034,
    1.6303270431094699,
    1.6011993793911403,
    1.5832523630989923,
    1.571734047041999,
    1.5690910653008354,
    1.5599564056396484,
    1.547752469698588,
    1.5182184803220962,
    1.5004562423494128,
    1.541283524831136,
    1.497470666885376,
    1.4781886777877808,
    1.4551078187094795,
    1.4508980655670165,
    1.4726960745387607,
    1.4588047026528252,
    1.4302622702916463,
    1.4549794884787666,
    1.4306391803953382,
    1.4245498859617445,
    1.4278215202755398,
    1.4155585227542453,
    1.4217910446590847,
    1.4213030490875245,
    1.410964868651496,
    1.4243302380243936,
    1.3997297922770182
  ],
  "val_loss": [
    2.172351360321045,
    1.860945463180542,
    1.840771198272705,
    1.8836174011230469,
    1.7704496383666992,
    1.7189337015151978,
    1.6681127548217773,
    1.6339874267578125,
    1.5860968828201294,
    1.5851285457611084,
    1.5783976316452026,
    1.639013409614563,
    1.5683937072753906,
    1.7271174192428589,
    1.6657450199127197,
    1.5437994003295898,
    1.531875491142273,
    1.6180599927902222,
    1.5905178785324097,
    1.5094653367996216,
    1.5473341941833496,
    1.6024096012115479,
    1.528946042060852,
    1.581589937210083,
    1.5474549531936646,
    1.543564796447754,
    1.4223425388336182,
    1.4858002662658691,
    1.5006667375564575,
    1.4478998184204102,
    1.4772827625274658,
    1.5991296768188477,
    1.4706294536590576,
    1.4758729934692383,
    1.487852692604065,
    1.5143967866897583,
    1.4642815589904785
  ],
  "best_epoch": 26,
  "status": "ok",
  "grad_norm": [
    3.150570707740033,
    2.9980665979011345,
    2.8406410540012956,
    2.8090074596183334,
    2.9585465840600156,
    2.7465322433244004,
    2.6434345294619126,
    2.710048345228832,
    2.6741746393425263,
    2.757016482001367,
    2.7151135457780913,
    2.6649039309490488,
    2.684719643482133,
    2.7205587082450746,
    2.7010174031178464,
    2.710212473955986,
    2.7412857863232887,
    2.6118609521433673,
    2.5696789708937735,
    2.675052948945585,
    2.6119378750157525,
    2.6528915668406947,
    2.5437205734093102,
    2.594949194719408,
    2.620340656634753,
    2.7357363200229323,
    2.536185427730982,
    2.7049795182686123,
    2.6240673091916884,
    2.6369270985341813,
    2.518680555454845,
    2.4969150882506206,
    2.6027889918404457,
    2.622343718264717,
    2.6087209281865715,
    2.70098906610988,
    2.528940844325593
  ],
  "beta_std": [
    0.5139251351356506,
    0.8395172357559204,
    0.5640040636062622,
    0.6559640765190125,
    0.7369093298912048,
    0.8722528219223022,
    0.7959389686584473,
    0.6792523860931396,
    0.7207741141319275,
    0.8508630990982056,
    0.829207181930542,
    0.721412181854248,
    0.7865444421768188,
    0.8489033579826355,
    0.817098081111908,
    0.8152427673339844,
    0.6796273589134216,
    0.661662220954895,
    0.8743011951446533,
    0.6983234286308289,
    0.693500280380249,
    0.72476726770401,
    0.7450856566429138,
    0.733585000038147,
    0.7956087589263916,
    0.8328909277915955,
    0.8546255230903625,
    0.7235088348388672,
    0.7290589809417725,
    0.8467360138893127,
    0.8228601813316345,
    0.6082783341407776,
    0.7659214735031128,
    0.7391000986099243,
    0.7536664009094238,
    0.7401067614555359,
    0.7536733150482178
  ],
  "beta_mean": [
    -0.2863736152648926,
    -0.18076680600643158,
    -0.23843835294246674,
    -0.21337273716926575,
    -0.2367587834596634,
    -0.25164276361465454,
    -0.10638028383255005,
    -0.2736318111419678,
    -0.3438413739204407,
    -0.3026987910270691,
    0.025002097710967064,
    -0.14577710628509521,
    -0.3070726990699768,
    -0.32065528631210327,
    -0.13161322474479675,
    -0.2725922763347626,
    -0.16757461428642273,
    -0.1416386365890503,
    -0.2866217792034149,
    -0.2851601541042328,
    -0.2034972906112671,
    -0.2637229859828949,
    -0.2703986167907715,
    -0.10695579648017883,
    -0.22175368666648865,
    -0.1647985428571701,
    -0.2868703007698059,
    -0.43811801075935364,
    -0.16770265996456146,
    -0.17828862369060516,
    -0.23413163423538208,
    -0.5466963052749634,
    -0.3426100015640259,
    -0.40551814436912537,
    -0.13993732631206512,
    -0.045775823295116425,
    -0.31208536028862
  ]
}