{
  "train_loss": [
    0.6417190155648349,
    0.6228678180739197,
    0.6162170256927,
    0.6157292064728096,
    0.6105353518536216,
    0.6092901146830174,
    0.6083992844297175,
    0.6075908030543411,
    0.6076184192596124,
    0.6068326514366774,
    0.6037541155647813,
    0.6003133637445015,
    0.603237277973465,
    0.6041342778652035,
    0.6018813252867314,
    0.602279304886422,
    0.6039648483371177
  ],
  "val_loss": [
    0.6107721328735352,
    0.6050132513046265,
    0.6087278723716736,
    0.6039909720420837,
    0.6054632663726807,
    0.6145368814468384,
    0.5996606349945068,
    0.6063708066940308,
    0.6145123839378357,
    0.6069419384002686,
    0.60977703332901,
    0.6095385551452637,
    0.6210234761238098,
    0.6108686923980713,
    0.6112055778503418,
    0.6122926473617554,
    0.6053721308708191
  ],
  "best_epoch": 6,
  "status": "underfit",
  "grad_norm": [
    0.22660926536622797,
    0.23918566292733048,
    0.21790670219058914,
    0.22522342147150365,
    0.22272077011322006,
    0.23464973066173442,
    0.22791692292576327,
    0.23593841073722824,
    0.2226820192423589,
    0.23551289296739575,
    0.2230334871990615,
    0.21637597073428538,
    0.22587053044614383,
    0.23291235524713855,
    0.22765011696006116,
    0.23133736756352055,
    0.23652236955595188
  ],
  "beta_std": [
    0.24255864322185516,
    0.34378811717033386,
    0.2652583122253418,
    0.3569663465023041,
    0.349816232919693,
    0.1914534568786621,
    0.24583937227725983,
    0.251727432012558,
    0.24785231053829193,
    0.3035240173339844,
    0.3689177930355072,
    0.37850359082221985,
    0.42185595631599426,
    0.2736607491970062,
    0.2488103210926056,
    0.24922652542591095,
    0.21394850313663483
  ],
  "beta_mean": [
    -0.04869777336716652,
    -0.1622869223356247,
    -0.06577475368976593,
    -0.182907372713089,
    -0.08803218603134155,
    -0.1325536072254181,
    -0.14560997486114502,
    -0.19447952508926392,
    -0.210232213139534,
    -0.09851878136396408,
    -0.16142694652080536,
    -0.11502275615930557,
    -0.2907314598560333,
    -0.08917207270860672,
    -0.1703648865222931,
    -0.058521028608083725,
    -0.1480712890625
  ]
}