{
  "train_loss": [
    0.6454435158194157,
    0.6236232451667563,
    0.6246043525104634,
    0.6209238892131381,
    0.6186099981564528,
    0.6165495838198746,
    0.6184844766443933,
    0.6137947573438722,
    0.616189801079488,
    0.6135008072713662,
    0.6117531101187768,
    0.6125531519644442,
    0.612180638257523,
    0.6093105897150541,
    0.612536219170219,
    0.6116612876088996
  ],
  "val_loss": [
    0.6128796935081482,
    0.6059938073158264,
    0.617976725101471,
    0.6167035698890686,
    0.6095072627067566,
    0.6022117137908936,
    0.6038497686386108,
    0.6072070598602295,
    0.6166262626647949,
    0.6137837767601013,
    0.6080264449119568,
    0.6143048405647278,
    0.6088146567344666,
    0.6172162294387817,
    0.6102551817893982,
    0.6175758242607117
  ],
  "best_epoch": 5,
  "status": "underfit",
  "grad_norm": [
    0.2289046453465179,
    0.22383590727389177,
    0.24121232545322374,
    0.2421690761653299,
    0.23765881934316951,
    0.23432593029254173,
    0.25576985166496946,
    0.2236177049996432,
    0.24496131896871626,
    0.2319527025137923,
    0.23917456079303837,
    0.23316937165362342,
    0.23820459657092516,
    0.24500406539058447,
    0.24197683727762928,
    0.24679828518319322
  ],
  "beta_std": [
    0.20837710797786713,
    0.4596976041793823,
    0.12204569578170776,
    0.27255070209503174,
    0.268669068813324,
    0.38444533944129944,
    0.3109748959541321,
    0.48534971475601196,
    0.20255623757839203,
    0.41756489872932434,
    0.5345726013183594,
    0.25048670172691345,
    0.30897167325019836,
    0.33681854605674744,
    0.30964037775993347,
    0.25293484330177307
  ],
  "beta_mean": [
    -0.05058642476797104,
    -0.12585623562335968,
    -0.12157636135816574,
    -0.06846969574689865,
    -0.01931866817176342,
    -0.031888946890830994,
    -0.09416491538286209,
    0.014290994964540005,
    -0.050489138811826706,
    -0.1530919373035431,
    -0.173633873462677,
    -0.03757091239094734,
    -0.12900812923908234,
    -0.0254575926810503,
    -0.05046655982732773,
    0.01358158141374588
  ]
}