{
  "train_loss": [
    0.6314231880366453,
    0.6132746913697984,
    0.6133852520881341,
    0.6096338866607488,
    0.6006836628635027,
    0.6025509558783637,
    0.6028994784857098,
    0.6037801124338518,
    0.6023236044387371,
    0.600353529418421,
    0.5990860969978467,
    0.5977763783583167,
    0.5984128811903168
  ],
  "val_loss": [
    0.60467529296875,
    0.5990747213363647,
    0.594344437122345,
    0.6030827760696411,
    0.6004810333251953,
    0.6009872555732727,
    0.6019439101219177,
    0.6041312217712402,
    0.6050927042961121,
    0.6056116819381714,
    0.598396897315979,
    0.6065062284469604,
    0.6085650324821472
  ],
  "best_epoch": 2,
  "status": "underfit",
  "grad_norm": [
    0.2623457337614568,
    0.25992351541725733,
    0.2438182732563282,
    0.24758827141838435,
    0.24162334031568192,
    0.22731247975407012,
    0.23451152086168783,
    0.24668479440911056,
    0.23542282135669915,
    0.22279401625341333,
    0.23912180690342993,
    0.23791667865939198,
    0.2373879327871765
  ],
  "beta_std": [
    0.3697434067726135,
    0.45406296849250793,
    0.3538638949394226,
    0.3156448006629944,
    0.3731282353401184,
    0.41078221797943115,
    0.38095948100090027,
    0.6252397298812866,
    0.4369432330131531,
    0.5531540513038635,
    0.4942711889743805,
    0.4956630766391754,
    0.2955247759819031
  ],
  "beta_mean": [
    -0.09215537458658218,
    -0.1869465559720993,
    -0.17556904256343842,
    -0.018080130219459534,
    0.022685470059514046,
    -0.02209012396633625,
    -0.05714642256498337,
    0.06584864854812622,
    -0.09499980509281158,
    -0.10934177786111832,
    -0.1609756052494049,
    -0.24840152263641357,
    -0.08659754693508148
  ]
}