{
  "train_loss": [
    0.6448399322632461,
    0.6277740343551189,
    0.6222173477613437,
    0.6197771839091653,
    0.6185812723566915,
    0.6187625100319846,
    0.6173690707223457,
    0.613599576211115,
    0.61461570370267,
    0.6156679039810136,
    0.6149389806825515,
    0.6129192990029765,
    0.6127696570876049,
    0.6126343803517302,
    0.6098109275974029,
    0.613825099761026,
    0.6096117673910152,
    0.6092270967556022,
    0.6115989912601939
  ],
  "val_loss": [
    0.6194373369216919,
    0.6185697317123413,
    0.6128690838813782,
    0.6079120635986328,
    0.6114312410354614,
    0.6056775450706482,
    0.6096655130386353,
    0.6063407063484192,
    0.5951773524284363,
    0.6104453802108765,
    0.609066903591156,
    0.611910343170166,
    0.6081604361534119,
    0.6106593012809753,
    0.6090736985206604,
    0.6007890105247498,
    0.6082774996757507,
    0.6055348515510559,
    0.6037384271621704
  ],
  "best_epoch": 8,
  "status": "underfit",
  "grad_norm": [
    0.24289029024820047,
    0.22681529208359807,
    0.22652725506487215,
    0.22024776213900044,
    0.21986932352161737,
    0.21418059126128253,
    0.21497299809899226,
    0.2165134062377515,
    0.21204627411259336,
    0.21396483897331733,
    0.20250200599495327,
    0.22146229772960419,
    0.2099757138952442,
    0.2110706411335839,
    0.21904200833632273,
    0.2141251356378209,
    0.21443621032981508,
    0.21330747811391074,
    0.21535297612039642
  ],
  "beta_std": [
    0.16319823265075684,
    0.25449711084365845,
    0.3448566794395447,
    0.2503528296947479,
    0.371799498796463,
    0.21910937130451202,
    0.24431058764457703,
    0.29367542266845703,
    0.31718066334724426,
    0.25495684146881104,
    0.33905041217803955,
    0.15884223580360413,
    0.22852981090545654,
    0.1689133197069168,
    0.24802272021770477,
    0.20811642706394196,
    0.3737085461616516,
    0.2739575505256653,
    0.19698810577392578
  ],
  "beta_mean": [
    -0.22060900926589966,
    -0.28759777545928955,
    -0.21206390857696533,
    -0.0565086267888546,
    -0.33262303471565247,
    -0.17997601628303528,
    -0.2917385995388031,
    -0.20487500727176666,
    -0.05009599030017853,
    -0.2000047117471695,
    -0.20565886795520782,
    -0.13736456632614136,
    -0.08032085001468658,
    -0.1819363236427307,
    -0.07939501106739044,
    -0.17161232233047485,
    -0.13609009981155396,
    -0.24284106492996216,
    -0.10591577738523483
  ]
}