{
  "train_loss": [
    0.6332680566826759,
    0.6139722225958841,
    0.6126830554984466,
    0.6078903079451177,
    0.6061128060371556,
    0.603662972603625,
    0.6051544514037015,
    0.6053149583325749,
    0.6033556454084072,
    0.6031074591268573,
    0.5980312152076186,
    0.5982751118091115
  ],
  "val_loss": [
    0.6066716313362122,
    0.5963117480278015,
    0.6077386140823364,
    0.5968461036682129,
    0.5968345999717712,
    0.6094491481781006,
    0.6104433536529541,
    0.6011115908622742,
    0.5988233685493469,
    0.6039940714836121,
    0.5967243909835815,
    0.5989186763763428
  ],
  "best_epoch": 1,
  "status": "underfit",
  "grad_norm": [
    0.2543011641495695,
    0.24728415112122523,
    0.24773918982144155,
    0.23337727504596537,
    0.232075310771618,
    0.23470876555888326,
    0.23826362504912188,
    0.2395650060398071,
    0.23204483547903224,
    0.24259458327202385,
    0.23734903440789798,
    0.23384279953045972
  ],
  "beta_std": [
    0.6323202252388,
    0.39763617515563965,
    0.45194053649902344,
    0.2316567599773407,
    0.41636645793914795,
    0.4149138033390045,
    0.311332643032074,
    0.3691234588623047,
    0.3735353648662567,
    0.41779375076293945,
    0.27103352546691895,
    0.331181138753891
  ],
  "beta_mean": [
    -0.22787566483020782,
    -0.1751435101032257,
    0.16221840679645538,
    -0.12379084527492523,
    -0.0985167920589447,
    -0.2539805471897125,
    -0.17493097484111786,
    -0.12992168962955475,
    -0.2202974557876587,
    -0.12741374969482422,
    -0.11210497468709946,
    -0.0759921744465828
  ]
}