{
  "train_loss": [
    0.63938642194536,
    0.6230022171868218,
    0.6158078541755676,
    0.6155518928103977,
    0.6092854502995809,
    0.6149077420764499,
    0.6084578028784858,
    0.6095909905963474,
    0.6118123939832052,
    0.6069582849078708,
    0.6042502419153849,
    0.6060079106224908,
    0.6050618155267503,
    0.604038124508328,
    0.6032921271324158,
    0.6058083493444655,
    0.6024077073203192,
    0.6013620645734999,
    0.601708346525828,
    0.5994934775034586,
    0.6036737589306301,
    0.6009048690266079,
    0.5996503009796142,
    0.599611675368415,
    0.5972752361827427,
    0.5985071306758457,
    0.5997199488745796,
    0.5960477070543501
  ],
  "val_loss": [
    0.6234475374221802,
    0.638441801071167,
    0.6248192191123962,
    0.6221458315849304,
    0.6231362223625183,
    0.6179736256599426,
    0.6256499886512756,
    0.620303750038147,
    0.6286199688911438,
    0.6213418245315552,
    0.6280836462974548,
    0.6292845606803894,
    0.6208418011665344,
    0.6281229257583618,
    0.617651104927063,
    0.6169582605361938,
    0.6169721484184265,
    0.6150310039520264,
    0.6207876205444336,
    0.618643045425415,
    0.627580463886261,
    0.6287264227867126,
    0.6230549812316895,
    0.6262087225914001,
    0.6239317655563354,
    0.6180065870285034,
    0.6252349615097046,
    0.619634211063385
  ],
  "best_epoch": 17,
  "status": "underfit",
  "grad_norm": [
    0.2499887621181145,
    0.2410806276610552,
    0.22981928556686795,
    0.23163233354379187,
    0.2201780092810352,
    0.23375388070517839,
    0.22352336884818888,
    0.2317970276465119,
    0.2307088416739149,
    0.22352449406140334,
    0.22181835513287576,
    0.22859281062619202,
    0.227848419396596,
    0.22754534518990513,
    0.22539843967463374,
    0.22565839035896904,
    0.2230382462875293,
    0.2249236600179463,
    0.22812899782561316,
    0.2204516382525717,
    0.23181070967793277,
    0.22576762440710973,
    0.22708256587088874,
    0.23084572454651053,
    0.22245422344865742,
    0.23096819856608128,
    0.22612684639953176,
    0.21992576442257816
  ],
  "beta_std": [
    0.5423884391784668,
    0.2800845503807068,
    0.2825183570384979,
    0.2575457692146301,
    0.2364427000284195,
    0.2837892174720764,
    0.40955832600593567,
    0.24025624990463257,
    0.2747347354888916,
    0.22302332520484924,
    0.35662469267845154,
    0.34840863943099976,
    0.30385029315948486,
    0.23606514930725098,
    0.3397220969200134,
    0.30658453702926636,
    0.32765960693359375,
    0.23538778722286224,
    0.23265579342842102,
    0.26549768447875977,
    0.27890875935554504,
    0.3311897814273834,
    0.32472240924835205,
    0.3176421821117401,
    0.3678434491157532,
    0.3911849558353424,
    0.3078068196773529,
    0.3117176592350006
  ],
  "beta_mean": [
    -0.04164518043398857,
    0.32862553000450134,
    0.019906800240278244,
    0.0769897848367691,
    -0.04216546565294266,
    -0.03368737921118736,
    -0.145241841673851,
    -0.03938109800219536,
    -0.09925951808691025,
    -0.16165615618228912,
    0.010139169171452522,
    -0.1433691531419754,
    -0.11847277730703354,
    -0.10712805390357971,
    -0.09125043451786041,
    -0.11434322595596313,
    0.03441327437758446,
    0.10549724847078323,
    -0.10149376839399338,
    -0.19432947039604187,
    -0.02108119986951351,
    0.036856137216091156,
    0.022609958425164223,
    0.11148791760206223,
    -0.023568687960505486,
    -0.1372932493686676,
    -0.0953943058848381,
    -0.156847283244133
  ]
}