{
  "train_loss": [
    0.6399962975184122,
    0.6249386692576938,
    0.6229188448588053,
    0.6174905468622843,
    0.6158461474312676,
    0.6121372043821547,
    0.6104698091612922,
    0.610041127204895,
    0.6082964333428277,
    0.6080860228008694,
    0.606729009575314,
    0.6073687024646335,
    0.6051185121536254,
    0.6104826828638713,
    0.6075194852087232
  ],
  "val_loss": [
    0.6216049790382385,
    0.6093106865882874,
    0.6063198447227478,
    0.6149811148643494,
    0.6041996479034424,
    0.6168674230575562,
    0.6068925857543945,
    0.6084697246551514,
    0.6149243712425232,
    0.6101321578025818,
    0.6107771992683411,
    0.6078824400901794,
    0.6159071326255798,
    0.6155049800872803,
    0.6147942543029785
  ],
  "best_epoch": 4,
  "status": "underfit",
  "grad_norm": [
    0.24514031505472353,
    0.25629203602968514,
    0.24720484485354974,
    0.24270267936996434,
    0.24118191341577727,
    0.25053457935958723,
    0.2433543823892127,
    0.23475687774373857,
    0.23281476080239075,
    0.23171842393053135,
    0.23409704735014208,
    0.23058786950404167,
    0.23336169792576036,
    0.232863068233039,
    0.23771181038346487
  ],
  "beta_std": [
    0.39411771297454834,
    0.36547091603279114,
    0.3718620836734772,
    0.3702508807182312,
    0.35858991742134094,
    0.3675916790962219,
    0.39676573872566223,
    0.46235448122024536,
    0.2865757942199707,
    0.4960486888885498,
    0.35905590653419495,
    0.3402253985404968,
    0.45700594782829285,
    0.41507261991500854,
    0.44893980026245117
  ],
  "beta_mean": [
    0.043820399791002274,
    0.03831229731440544,
    -0.0842488706111908,
    0.014712297357618809,
    -0.2551744282245636,
    -0.11391574144363403,
    -0.20976777374744415,
    -0.05947075039148331,
    0.10584001988172531,
    -0.1132972240447998,
    -0.18444879353046417,
    -0.12817920744419098,
    0.006365898530930281,
    -0.18476267158985138,
    -0.09516126662492752
  ]
}