{
  "train_loss": [
    0.8184392521116468,
    0.7198910355567932,
    0.6900765776634217,
    0.6813892735375299,
    0.6453854582044813,
    0.6492685582902696,
    0.6072240413559807,
    0.6240500893857744,
    0.6012815766864352,
    0.5719463041093614,
    0.5571937439176772,
    0.5741343641281128,
    0.5781557628843519,
    0.5462490187750922,
    0.5730769920349121,
    0.6037944960594177,
    0.5530943637424045,
    0.536702791319953,
    0.5506122668584188,
    0.5506765137778388,
    0.5201062069998847,
    0.49470162550608315,
    0.475511184003618
  ],
  "val_loss": [
    0.6692463159561157,
    0.6730291247367859,
    0.6409681439399719,
    0.6575499773025513,
    0.6661955118179321,
    0.6334986686706543,
    0.6273257732391357,
    0.6389726996421814,
    0.5675076842308044,
    0.5479303598403931,
    0.5461524128913879,
    0.5624141693115234,
    0.5315744876861572,
    0.5933573246002197,
    0.6559215784072876,
    0.654868483543396,
    0.6115806102752686,
    0.5758195519447327,
    0.6262406706809998,
    0.5816144347190857,
    0.5932950377464294,
    0.5985579490661621,
    0.5866620540618896
  ],
  "best_epoch": 12,
  "status": "ok",
  "grad_norm": [
    1.0379441111262218,
    0.7469224195260195,
    0.8279734372534845,
    0.839134036021569,
    0.7416900598028024,
    0.9894906575114156,
    0.8489691242447851,
    1.0666560692124316,
    0.7818693704372558,
    0.6942692016954806,
    0.8060813486270956,
    0.9958700526438716,
    0.7760654108597665,
    1.1277893810769342,
    0.9622460047640039,
    0.9125674989457033,
    0.7525249824776536,
    0.9826261821526325,
    0.7458313319812153,
    0.7178178852188778,
    0.8102996139407115,
    0.6402577863947981,
    0.8399221370097977
  ],
  "beta_std": [
    0.32506030797958374,
    0.2989436388015747,
    0.3470371663570404,
    0.39773833751678467,
    0.4308238923549652,
    0.3125607669353485,
    0.3987599313259125,
    0.32120558619499207,
    0.2830204963684082,
    0.3229633569717407,
    0.3587200343608856,
    0.3099396526813507,
    0.3339345455169678,
    0.36550986766815186,
    0.36008286476135254,
    0.3335829973220825,
    0.40644216537475586,
    0.4160577952861786,
    0.2925843298435211,
    0.37913691997528076,
    0.32128122448921204,
    0.3499031066894531,
    0.3483879864215851
  ],
  "beta_mean": [
    0.09292278438806534,
    0.05971137434244156,
    0.01959170587360859,
    0.05643642321228981,
    0.055991411209106445,
    -0.0585281103849411,
    -0.07008347660303116,
    0.05620218440890312,
    -0.018605917692184448,
    -0.0402681864798069,
    0.05511109530925751,
    -0.09579010307788849,
    -0.06460040807723999,
    -0.059688225388526917,
    -0.02635207399725914,
    -0.12111616134643555,
    -0.02142917551100254,
    -0.06634397804737091,
    -0.12515655159950256,
    -0.09523770958185196,
    -0.11935137957334518,
    -0.18481186032295227,
    -0.0974898412823677
  ]
}