{
  "train_loss": [
    2.698763587795503,
    2.068769518367031,
    1.9770067690129867,
    1.916113457345126,
    1.9033349921131693,
    1.8518865551307186,
    1.8146501507675439,
    1.7963787412922285,
    1.7708592669169108,
    1.750440443635684,
    1.682131154216521,
    1.6825702760651795,
    1.6946008344003332,
    1.679540671911853,
    1.6424511772847314,
    1.6267294853333145,
    1.6200311482301233,
    1.6058677237772803,
    1.6103272735584548,
    1.5780145355135378,
    1.5406857947299355,
    1.5034437864705137,
    1.5025775154571086,
    1.5043942314281797,
    1.4834499537038524,
    1.4681228103693467
  ],
  "val_loss": [
    2.180507183074951,
    2.012690544128418,
    1.9251691102981567,
    2.0892488956451416,
    1.8707480430603027,
    1.8793225288391113,
    1.943626880645752,
    1.929111123085022,
    1.9004031419754028,
    1.8546371459960938,
    1.9367809295654297,
    1.8504287004470825,
    1.9608136415481567,
    1.9715367555618286,
    1.9442853927612305,
    1.8054312467575073,
    1.842773199081421,
    1.9023592472076416,
    1.8646161556243896,
    1.9944844245910645,
    1.8341038227081299,
    1.8547760248184204,
    1.876938819885254,
    1.83717942237854,
    1.9837642908096313,
    1.9229508638381958
  ],
  "best_epoch": 15,
  "status": "ok",
  "grad_norm": [
    3.889203308772574,
    3.473840598597655,
    3.4670919965068845,
    3.3579897940232892,
    3.3997382962110927,
    3.192865298067505,
    3.2229745364563227,
    3.061388895581641,
    3.2893835385829675,
    3.3627338598741656,
    3.0850166741494136,
    3.033644679894011,
    3.265343981042328,
    3.1686275972867244,
    3.050925419866974,
    3.057079453125308,
    3.0758407864166206,
    3.042563272315015,
    3.0918293883627985,
    3.0744546974598355,
    2.9878745453689226,
    3.004091745919816,
    2.9155859663097825,
    3.025716444806565,
    2.9271932609004137,
    3.0983193437106036
  ],
  "beta_std": [
    0.45744457840919495,
    0.7908758521080017,
    0.8517929315567017,
    0.692304790019989,
    0.6217018365859985,
    0.7930123209953308,
    0.7483324408531189,
    0.6948225498199463,
    0.7205563187599182,
    0.6905701160430908,
    0.7508214712142944,
    1.015224814414978,
    0.6877180337905884,
    0.628297746181488,
    0.7761562466621399,
    0.7618374228477478,
    0.7783623337745667,
    0.715003490447998,
    0.9200578331947327,
    0.5819680690765381,
    0.8005955815315247,
    0.9131641387939453,
    0.9777863025665283,
    0.655337929725647,
    0.6818981766700745,
    0.749451756477356
  ],
  "beta_mean": [
    -0.1249127984046936,
    -0.09042596817016602,
    0.05972582474350929,
    -0.1649666577577591,
    -0.0028190775774419308,
    0.06141773238778114,
    0.025447901338338852,
    0.06952334940433502,
    -0.273751437664032,
    -0.27003559470176697,
    0.05152707174420357,
    -0.09895186871290207,
    -0.24173012375831604,
    -0.25585702061653137,
    -0.01340705156326294,
    -0.04830188304185867,
    -0.02047135680913925,
    -0.24957174062728882,
    -0.09839289635419846,
    -0.3149436414241791,
    -0.12146196514368057,
    -0.029926257207989693,
    0.15239790081977844,
    -0.20615574717521667,
    -0.06510349363088608,
    -0.07415597885847092
  ]
}