{
  "train_loss": [
    2.641364095141316,
    2.043379414987843,
    1.953313659311038,
    1.9374949896963019,
    1.8813052683824685,
    1.881228071932207,
    1.8348179904759279,
    1.8006756712818703,
    1.7897918642055222,
    1.7506155045269525,
    1.7322971500151338,
    1.715900989052845,
    1.6779854486141985,
    1.686438420000132,
    1.656782430710151,
    1.6437448876643042,
    1.6415312491801748
  ],
  "val_loss": [
    1.7983936071395874,
    1.7476531267166138,
    1.8706296682357788,
    1.8755760192871094,
    1.7944743633270264,
    1.7461386919021606,
    1.7229626178741455,
    1.7273482084274292,
    1.7667593955993652,
    1.7732059955596924,
    1.7814881801605225,
    1.7959591150283813,
    1.7907811403274536,
    1.7492706775665283,
    1.7941445112228394,
    1.7876825332641602,
    1.790144443511963
  ],
  "best_epoch": 6,
  "status": "ok",
  "grad_norm": [
    3.5285138793508173,
    3.335338729307585,
    3.1339476723360415,
    2.953425222651708,
    2.9982309320597262,
    3.2702085359722557,
    2.9752283292304464,
    2.9434921296649734,
    2.995435909056879,
    2.974229786312632,
    2.9437305693032805,
    2.9407933836068074,
    2.9572469115453046,
    3.038788323312841,
    2.893623321884467,
    2.9152538992300707,
    3.0268226174340116
  ],
  "beta_std": [
    0.7728158831596375,
    0.7469082474708557,
    0.7912710309028625,
    0.710465669631958,
    0.5613304972648621,
    0.6452662348747253,
    0.9222512245178223,
    0.7596947550773621,
    0.8407776355743408,
    0.7217159867286682,
    0.6106852889060974,
    1.0601179599761963,
    0.8438314199447632,
    0.8444674611091614,
    0.6516499519348145,
    0.9734798669815063,
    0.8745161294937134
  ],
  "beta_mean": [
    -0.0964682400226593,
    -0.13675962388515472,
    -0.37700220942497253,
    -0.13961029052734375,
    -0.18323446810245514,
    -0.1405739188194275,
    -0.15404433012008667,
    -0.15480883419513702,
    -0.14603500068187714,
    0.08726522326469421,
    -0.24004283547401428,
    -0.38438159227371216,
    -0.1991259902715683,
    -0.16334819793701172,
    -0.2923329770565033,
    -0.052443910390138626,
    -0.08057476580142975
  ]
}