{
  "train_loss": [
    2.6595167987109627,
    2.0379403562713088,
    1.990128636304398,
    1.9439771670347068,
    1.8511557463038038,
    1.8700997241616946,
    1.8437203441865262,
    1.8304678723965473,
    1.7581777395142448,
    1.7124738081993416,
    1.7264517471246552,
    1.6692487711655466,
    1.640383140190303,
    1.663716427094755,
    1.6080907442695216,
    1.592484191202978,
    1.640618423718458,
    1.567095582945305,
    1.564522283676772,
    1.5546849820488378,
    1.5447036078938268,
    1.5131575032563238,
    1.4974221430884467
  ],
  "val_loss": [
    1.9485801458358765,
    1.8370730876922607,
    1.8685585260391235,
    1.8528803586959839,
    1.8589751720428467,
    1.972551941871643,
    1.759252905845642,
    1.794901728630066,
    1.7612355947494507,
    1.7668994665145874,
    1.841590166091919,
    1.9320037364959717,
    1.7372422218322754,
    1.7736173868179321,
    1.8184996843338013,
    1.9442827701568604,
    1.7916496992111206,
    1.8489205837249756,
    1.8096057176589966,
    1.8423044681549072,
    1.8004132509231567,
    1.7799186706542969,
    1.837087869644165
  ],
  "best_epoch": 12,
  "status": "ok",
  "grad_norm": [
    3.5986488738478744,
    3.3760279913982574,
    3.4237859563732878,
    3.418698551683679,
    3.16493982612999,
    3.275377903707368,
    3.222443420615897,
    3.3275298950118732,
    2.9855189633507093,
    2.973901509628848,
    3.1119470837710814,
    3.000951583348065,
    3.018179479118106,
    3.2098507262482077,
    2.933573780919688,
    2.920796115761511,
    3.3318597997606734,
    2.938207872226957,
    3.024362175254331,
    2.9939344789128817,
    2.9010823530173706,
    2.9180760031706328,
    2.847556951768519
  ],
  "beta_std": [
    0.5817992687225342,
    0.8457980155944824,
    0.8223927617073059,
    0.8263987302780151,
    0.7182348966598511,
    0.7176447510719299,
    0.8087150454521179,
    0.7756682634353638,
    0.6966739296913147,
    0.7193315029144287,
    0.5602649450302124,
    1.0056076049804688,
    0.6168633103370667,
    0.8880013227462769,
    0.9108669757843018,
    0.9015754461288452,
    0.8376399874687195,
    0.8286810517311096,
    0.8045864105224609,
    0.7838802933692932,
    0.7446481585502625,
    0.6159070134162903,
    0.7718491554260254
  ],
  "beta_mean": [
    -0.23262527585029602,
    -0.08984224498271942,
    -0.15012405812740326,
    -0.5009017586708069,
    -0.1901095062494278,
    -0.5106225609779358,
    -0.3565070629119873,
    -0.3886895477771759,
    -0.37032628059387207,
    -0.3859143853187561,
    -0.5323689579963684,
    -0.18109802901744843,
    -0.2943496108055115,
    -0.2381603866815567,
    -0.17724426090717316,
    0.04540277644991875,
    -0.2554320693016052,
    -0.1807282567024231,
    -0.22476285696029663,
    -0.3089908957481384,
    -0.1616864949464798,
    -0.23793405294418335,
    -0.14402084052562714
  ]
}