{
  "train_loss": [
    2.8504392347001195,
    2.138801895777384,
    2.007421879656831,
    2.012760881513183,
    1.9127537986130743,
    1.888724826790436,
    1.8876608028746489,
    1.9083704187158952,
    1.7794792272891218,
    1.7693577630338613,
    1.742234671157703,
    1.7084656080725598,
    1.6917285202818306,
    1.6997499184859426,
    1.635548381052519,
    1.6580083094145122,
    1.629924177733081,
    1.6019741306528013,
    1.6042088248436912,
    1.593563277763233,
    1.5835402723501997,
    1.582761232671682,
    1.5672956388038501,
    1.5414003051791274,
    1.5203279776043361,
    1.5031404609289782,
    1.4876703429919238,
    1.4374093641872294
  ],
  "val_loss": [
    2.0659914016723633,
    2.0340912342071533,
    2.140073776245117,
    1.977718710899353,
    1.9921412467956543,
    1.9686508178710938,
    1.936456322669983,
    1.9233133792877197,
    1.90281343460083,
    1.9165997505187988,
    1.8653672933578491,
    1.8785899877548218,
    1.9762500524520874,
    1.870362639427185,
    1.8818552494049072,
    1.8744181394577026,
    1.8620764017105103,
    1.8422011137008667,
    1.8972183465957642,
    1.925571322441101,
    2.0151126384735107,
    1.8654627799987793,
    1.973365068435669,
    1.9425300359725952,
    1.9364099502563477,
    1.865733027458191,
    1.9530270099639893,
    1.9654951095581055
  ],
  "best_epoch": 17,
  "status": "ok",
  "grad_norm": [
    3.844507453660872,
    3.3558967061166407,
    3.0485434397877356,
    3.18225482529096,
    3.0248906521020387,
    3.0694095919054014,
    3.251348700847629,
    3.4475478847949903,
    2.9880572801163194,
    3.1040944340701295,
    2.941832695122611,
    3.059352077378582,
    2.9457103268514824,
    3.03075753064742,
    2.9529530015678307,
    2.8691230727788573,
    3.039189773042361,
    2.9500134812855596,
    3.0354718111170813,
    3.0668533574594044,
    2.9146725181004083,
    3.011086379336945,
    2.9117963632486488,
    2.921036346205372,
    2.945697616985117,
    2.875465385380666,
    2.8927145622238495,
    2.778431024009874
  ],
  "beta_std": [
    0.7754772305488586,
    0.5924214124679565,
    0.6302283406257629,
    0.6291835308074951,
    0.5565705299377441,
    0.6211570501327515,
    0.7608083486557007,
    0.7165273427963257,
    0.774014413356781,
    0.6403579711914062,
    0.9433711767196655,
    0.7164400815963745,
    0.5948591232299805,
    0.8122984766960144,
    0.842407763004303,
    0.8472748398780823,
    0.7043664455413818,
    0.5754595994949341,
    0.7774014472961426,
    0.7264967560768127,
    0.6030114889144897,
    0.6538103818893433,
    0.7293660044670105,
    0.819894015789032,
    0.7193740606307983,
    0.6570366621017456,
    0.6821102499961853,
    0.8071309328079224
  ],
  "beta_mean": [
    -0.12043852359056473,
    -0.026202183216810226,
    -0.3692825734615326,
    -0.2729897201061249,
    -0.3310188949108124,
    -0.42303237318992615,
    -0.2760089933872223,
    -0.36586812138557434,
    -0.12123912572860718,
    -0.4439833164215088,
    -0.21603208780288696,
    -0.0988379567861557,
    -0.21445076167583466,
    -0.3059215247631073,
    -0.23851965367794037,
    -0.09976361691951752,
    -0.25486716628074646,
    -0.15526428818702698,
    -0.3079950213432312,
    -0.22297309339046478,
    -0.07656241953372955,
    -0.17592735588550568,
    -0.3759118616580963,
    -0.36126890778541565,
    -0.3176669776439667,
    -0.14656215906143188,
    -0.45790213346481323,
    -0.34006646275520325
  ]
}