{
  "train_loss": [
    2.7238405659045393,
    2.06992430795703,
    2.0025983987495914,
    1.9143536267364234,
    1.88297997290628,
    1.8754718642206918,
    1.8256960554290236,
    1.7819698050705313,
    1.7533575623495536,
    1.73110492728607,
    1.6633266527610913,
    1.6770894267266256,
    1.6362795565978825,
    1.6168594474959792,
    1.6025671165867856,
    1.591104415564509,
    1.6046540161322431,
    1.5597097083978486,
    1.5575286359814873,
    1.5418260056791249,
    1.5314580120398984,
    1.4963703236105845,
    1.5085837949507417,
    1.4969966494967366,
    1.4786857966651694,
    1.4483486430129113
  ],
  "val_loss": [
    1.988860011100769,
    1.9725233316421509,
    1.9271903038024902,
    1.83063805103302,
    1.9435442686080933,
    1.849635124206543,
    1.8723571300506592,
    1.9561158418655396,
    2.040452480316162,
    1.8735125064849854,
    1.844574213027954,
    1.7782344818115234,
    1.931068778038025,
    1.7880337238311768,
    1.8501808643341064,
    1.7171635627746582,
    1.8342303037643433,
    1.9532063007354736,
    1.9391491413116455,
    1.8880956172943115,
    1.859663724899292,
    1.9154218435287476,
    1.8214455842971802,
    1.8094515800476074,
    1.8465136289596558,
    1.8859766721725464
  ],
  "best_epoch": 15,
  "status": "ok",
  "grad_norm": [
    3.7307210635549475,
    3.600520752787334,
    3.6512711616715,
    3.483901718431174,
    3.3797049012057525,
    3.4623842445352797,
    3.218261605083834,
    3.4799997585382934,
    3.2070601094536477,
    3.1554332853342726,
    2.960797581426744,
    3.255207898859278,
    3.106982829938142,
    3.1363444719541462,
    3.005201216940114,
    3.084944844483925,
    3.253412054849744,
    3.0891965937226193,
    3.078530392692919,
    3.1075791662964805,
    3.1424450942322277,
    2.8149707021893193,
    3.0505729334291174,
    2.948775515995871,
    3.080807541072741,
    2.978959559832425
  ],
  "beta_std": [
    0.8708721995353699,
    0.7762606143951416,
    0.5809697508811951,
    0.7505863308906555,
    0.7927001714706421,
    0.872873842716217,
    0.7333090305328369,
    0.5980361104011536,
    0.9102643728256226,
    0.6731330156326294,
    0.8127002120018005,
    0.7861021161079407,
    0.6920690536499023,
    0.8786133527755737,
    0.729587733745575,
    0.8568767309188843,
    0.7201800346374512,
    0.7455534934997559,
    0.6521221399307251,
    0.8585841059684753,
    0.678065836429596,
    0.9234983325004578,
    0.855512261390686,
    0.7835437655448914,
    0.7527705430984497,
    0.8766508102416992
  ],
  "beta_mean": [
    -0.2563444674015045,
    0.014705801382660866,
    -0.2212662696838379,
    -0.3822740316390991,
    -0.18320822715759277,
    -0.3798183798789978,
    -0.24474048614501953,
    -0.10643429309129715,
    -0.035513702780008316,
    -0.39737066626548767,
    -0.4723202586174011,
    -0.2548070549964905,
    -0.3449344336986542,
    -0.11522245407104492,
    -0.25863519310951233,
    -0.20589613914489746,
    -0.2797369360923767,
    0.03478569909930229,
    -0.21371084451675415,
    -0.14878548681735992,
    -0.3835527300834656,
    -0.3539156913757324,
    -0.10331413149833679,
    -0.35270729660987854,
    -0.24396471679210663,
    -0.1601397693157196
  ]
}