{
  "train_loss": [
    2.6290020576053195,
    2.0710033859676784,
    2.0104034091101752,
    1.8849003612730237,
    1.889489706993103,
    1.8501695011986627,
    1.837967465188768,
    1.8111790667639838,
    1.7577020019955105,
    1.7379887915717231,
    1.712861789279514,
    1.6979314420488145,
    1.6687997074127197,
    1.6919472830030653,
    1.639560130543179,
    1.6471982547971937,
    1.5810819721221925,
    1.5822915643056235,
    1.5899085756937663,
    1.5530624862247042,
    1.5593049674563937,
    1.5395248616536459,
    1.522582693947686,
    1.5104465888341267,
    1.532392407099406
  ],
  "val_loss": [
    2.003551721572876,
    2.125722646713257,
    1.8768137693405151,
    1.9232715368270874,
    1.9383348226547241,
    2.1107943058013916,
    1.738861083984375,
    1.8464263677597046,
    1.8825348615646362,
    1.999341607093811,
    1.8463903665542603,
    1.834204912185669,
    1.8271565437316895,
    1.7645955085754395,
    1.7076294422149658,
    1.776431679725647,
    1.8448151350021362,
    1.870781421661377,
    1.7160519361495972,
    1.889255404472351,
    1.8300541639328003,
    1.8321198225021362,
    1.8956289291381836,
    1.8611552715301514,
    2.057971715927124
  ],
  "best_epoch": 14,
  "status": "ok",
  "grad_norm": [
    3.6203899445313037,
    3.216150963640179,
    3.345891297104052,
    3.0261007033171867,
    2.987239376896937,
    3.120663845933885,
    3.1365601683668176,
    2.855234677799818,
    2.8919841659672505,
    3.0438988406638203,
    2.969439056696911,
    2.763300579588398,
    2.9091439139220907,
    3.085950262576734,
    2.8536620410704514,
    2.971828704610182,
    2.822914369127519,
    2.929839834872925,
    2.936565920570143,
    2.857889980128684,
    2.9045251973191437,
    2.813075881905798,
    2.892764512758059,
    2.8907337797263035,
    2.93503723231067
  ],
  "beta_std": [
    0.638494074344635,
    0.5967065691947937,
    0.6327967047691345,
    0.47489815950393677,
    0.4831239879131317,
    0.5690997838973999,
    0.723707377910614,
    0.6548135280609131,
    0.5132941007614136,
    0.7279603481292725,
    0.742011308670044,
    0.6388140916824341,
    0.7707455158233643,
    0.8327025771141052,
    0.7570297718048096,
    0.6157163977622986,
    0.7305305600166321,
    0.7115845084190369,
    0.756410539150238,
    0.9811731576919556,
    0.753750741481781,
    0.8499398827552795,
    0.6698316335678101,
    0.7776166200637817,
    0.6628533601760864
  ],
  "beta_mean": [
    -0.2374924272298813,
    -0.10690274089574814,
    -0.2517353892326355,
    -0.17124177515506744,
    0.04766262322664261,
    -0.13490106165409088,
    -0.26337578892707825,
    -0.2282281219959259,
    -0.07805842161178589,
    -0.25735172629356384,
    -0.23600488901138306,
    -0.1613573580980301,
    -0.2382422536611557,
    -0.1636728048324585,
    -0.2575838565826416,
    -0.2735553979873657,
    -0.3814414143562317,
    -0.28134503960609436,
    -0.2301199585199356,
    -0.1895953118801117,
    -0.29525691270828247,
    -0.2705775797367096,
    -0.1500834822654724,
    -0.32040801644325256,
    -0.11202819645404816
  ]
}