{
  "train_loss": [
    2.6627855027516683,
    2.054401686562432,
    1.9596862178378636,
    1.8854606635835436,
    1.8737058953179253,
    1.8063222352133856,
    1.828713421927558,
    1.796813792122735,
    1.7747257726457384,
    1.739896588643392,
    1.7213497439490424,
    1.6882158489227295,
    1.672356226073371,
    1.6217702297634549,
    1.6121392981211344,
    1.5995906207826402,
    1.5947265434265137,
    1.565274274084303,
    1.588429583337572,
    1.5475081157684327,
    1.5476999554104276,
    1.5441981720394558,
    1.5050395361582438,
    1.5324543662601047,
    1.5144203492270576,
    1.4985910425186157,
    1.508677433013916
  ],
  "val_loss": [
    1.842237114906311,
    1.852901816368103,
    1.8080414533615112,
    1.8874250650405884,
    1.867895483970642,
    1.904982328414917,
    1.8373254537582397,
    1.8637840747833252,
    1.8833317756652832,
    1.8933731317520142,
    1.9178742170333862,
    1.7609150409698486,
    1.760774850845337,
    1.7785532474517822,
    1.7553894519805908,
    1.9506924152374268,
    1.697344183921814,
    1.7953287363052368,
    1.7496473789215088,
    1.8105401992797852,
    1.7345798015594482,
    1.8810862302780151,
    1.8413512706756592,
    1.7931222915649414,
    1.7567765712738037,
    1.7313947677612305,
    1.9061698913574219
  ],
  "best_epoch": 16,
  "status": "ok",
  "grad_norm": [
    3.289305735686436,
    3.390915726280234,
    3.437392461323663,
    3.1793587157789536,
    3.408183879134973,
    3.349699869665069,
    3.1802000600028575,
    3.2225704826750223,
    3.5003371421240685,
    3.035627391801111,
    3.2116451642875417,
    3.224404883958302,
    3.168157536675679,
    3.0327313541101155,
    3.188761318502733,
    3.0048535504128573,
    3.2188664102599165,
    3.075834054369191,
    3.097891912370425,
    2.926572203988121,
    3.064334314268703,
    3.2026783936837337,
    2.9661174583907908,
    3.267442640655059,
    3.011123083941738,
    2.9961281549400773,
    3.1109216237473762
  ],
  "beta_std": [
    0.636883020401001,
    0.5706419348716736,
    0.6150640845298767,
    0.462844580411911,
    0.736689567565918,
    0.5842539072036743,
    0.6739327311515808,
    0.5997104644775391,
    0.6590961813926697,
    0.7352399826049805,
    0.7574632167816162,
    0.804379940032959,
    0.7395461201667786,
    0.936058521270752,
    0.6966229677200317,
    0.6944306492805481,
    0.6875619292259216,
    0.714788556098938,
    0.7049804329872131,
    0.6792842745780945,
    0.6338046193122864,
    0.9157054424285889,
    0.92747563123703,
    0.5832623243331909,
    0.7271076440811157,
    0.7100306153297424,
    0.6478837132453918
  ],
  "beta_mean": [
    -0.1499459594488144,
    -0.12278782576322556,
    -0.012095438316464424,
    -0.09278561174869537,
    -0.2653002440929413,
    -0.10524887591600418,
    -0.09650452435016632,
    -0.38480719923973083,
    -0.05147349834442139,
    -0.1665704846382141,
    -0.016003385186195374,
    -0.2810177505016327,
    -0.2467316836118698,
    -0.23686693608760834,
    -0.011456809937953949,
    -0.03720627725124359,
    -0.1800362914800644,
    -0.35241860151290894,
    -0.1376582384109497,
    -0.11539553850889206,
    -0.09172641485929489,
    -0.004343986976891756,
    -0.3126544654369354,
    -0.4543472230434418,
    -0.1927051991224289,
    -0.16491436958312988,
    -0.22112159430980682
  ]
}