{
  "train_loss": [
    2.845817533069187,
    2.071336390071445,
    2.0096566087934704,
    1.9715892520480687,
    1.919855400827196,
    1.8841580177942912,
    1.8712092838287353,
    1.8404436422983805,
    1.7745716637505424,
    1.771264928817749,
    1.7327584434085421,
    1.7587127757602268,
    1.6981583006117078,
    1.7051861866845024,
    1.6514107435014513,
    1.5912115214665732
  ],
  "val_loss": [
    1.9660266637802124,
    1.8801440000534058,
    1.8280694484710693,
    1.816009521484375,
    1.9885178804397583,
    1.7819815874099731,
    1.7995635271072388,
    1.9588451385498047,
    1.7898902893066406,
    1.8414618968963623,
    1.9721872806549072,
    1.8107426166534424,
    1.9031188488006592,
    1.8844618797302246,
    1.9323837757110596,
    1.7883368730545044
  ],
  "best_epoch": 5,
  "status": "ok",
  "grad_norm": [
    3.6581277559362038,
    3.0792785690814597,
    2.991399947333586,
    3.1072601706353176,
    2.974435963002872,
    3.1502133547452393,
    3.0831534796166697,
    3.114906384709717,
    2.815416221697676,
    3.005776665178414,
    3.0375182682780135,
    2.9293690697374433,
    3.0296347438279625,
    3.2794461895999563,
    3.004361560837699,
    2.9190775615208686
  ],
  "beta_std": [
    0.7552168965339661,
    0.6165175437927246,
    0.7616487741470337,
    0.6741558909416199,
    0.6905556917190552,
    0.7923470735549927,
    0.7771093845367432,
    0.6263676881790161,
    0.8781428337097168,
    0.768123209476471,
    0.6622859835624695,
    0.8684949278831482,
    0.6270498633384705,
    0.7334156632423401,
    0.7261103391647339,
    0.7522926330566406
  ],
  "beta_mean": [
    -0.15841765701770782,
    -0.13640667498111725,
    -0.2839709222316742,
    -0.2056398242712021,
    -0.18558908998966217,
    -0.22578425705432892,
    -0.18916064500808716,
    -0.19235217571258545,
    -0.14139370620250702,
    -0.17269150912761688,
    -0.09268368035554886,
    -0.31532251834869385,
    -0.396170437335968,
    -0.1440669149160385,
    -0.14712460339069366,
    -0.25607866048812866
  ]
}