{
  "train_loss": [
    2.6198185660044353,
    2.0630474598142836,
    1.9400068679385716,
    1.9551166231367323,
    1.8972466701931423,
    1.8525838578542073,
    1.8469065712822808,
    1.818186893357171,
    1.7810239505767822,
    1.7837940562566121,
    1.739732086499532,
    1.7074745321273803,
    1.7140921319325766,
    1.6865230253007677,
    1.670854446834988,
    1.62862874868181,
    1.6469117362764147,
    1.6155278396606445
  ],
  "val_loss": [
    1.9829753637313843,
    1.9590755701065063,
    1.8527374267578125,
    1.970823049545288,
    1.8989992141723633,
    1.7716158628463745,
    1.9723174571990967,
    1.738351821899414,
    1.8050546646118164,
    1.8885959386825562,
    1.9513647556304932,
    1.79048752784729,
    1.98311185836792,
    1.811918020248413,
    1.7422685623168945,
    1.7957050800323486,
    1.79193115234375,
    1.749327540397644
  ],
  "best_epoch": 7,
  "status": "ok",
  "grad_norm": [
    3.8048265922150013,
    3.2449048247689394,
    3.053694031544831,
    3.2411345108109213,
    3.0956902761172618,
    3.2178168183151636,
    3.0410712391287666,
    2.9909079647466092,
    2.9043563489678066,
    3.0088762702475527,
    2.985015923104532,
    2.866892941591968,
    3.0307094417697944,
    2.9034988684426373,
    3.065875789760728,
    2.9688906568044815,
    3.019287221491342,
    2.785991540420202
  ],
  "beta_std": [
    0.5857028961181641,
    0.59028559923172,
    0.8735882043838501,
    0.913736879825592,
    0.6395615339279175,
    0.7946264743804932,
    0.5282713174819946,
    0.6699048280715942,
    0.6927279233932495,
    0.6034078001976013,
    0.7238667011260986,
    0.9271071553230286,
    0.5838292837142944,
    0.6757516860961914,
    0.6670206785202026,
    0.6841750741004944,
    0.734337568283081,
    0.7109003663063049
  ],
  "beta_mean": [
    -0.32879799604415894,
    0.005980462301522493,
    -0.2314348965883255,
    0.10565757006406784,
    -0.2121018022298813,
    -0.23816852271556854,
    0.021380875259637833,
    -0.31569230556488037,
    -0.21555817127227783,
    -0.12985381484031677,
    0.11761956661939621,
    -0.059341903775930405,
    -0.15524636209011078,
    -0.24848033487796783,
    -0.2319077104330063,
    -0.040801677852869034,
    -0.2517668604850769,
    -0.20946075022220612
  ]
}