{
  "train_loss": [
    2.1489259484373493,
    1.305670177495038,
    1.1845796255417813,
    1.125053537774969,
    1.0749777723241736,
    1.067960638175776,
    1.0311761655925233,
    1.014403044147256,
    0.9725395951742007,
    0.9552475311138012,
    0.9088158588350556,
    0.8690098338656955,
    0.8556655844052633,
    0.8156894156962265,
    0.8101091399604892,
    0.7662438840041926,
    0.7402635725927942,
    0.6900030127278081,
    0.7149345222814584,
    0.6729097189726653,
    0.6598389937553877,
    0.6435088502772061,
    0.6424236992259085,
    0.6371964082305814,
    0.5984065233189383,
    0.6000273043726697,
    0.5612870710131562,
    0.5349968515796426,
    0.5517119080932052,
    0.5281849581518291
  ],
  "val_loss": [
    1.188878059387207,
    1.1284064054489136,
    0.9881662726402283,
    0.9638517498970032,
    0.9530049562454224,
    0.9460583329200745,
    0.9309965968132019,
    0.8929176926612854,
    0.8636269569396973,
    0.8449337482452393,
    0.8405685424804688,
    0.8083594441413879,
    0.8116169571876526,
    0.7888451218605042,
    0.768890380859375,
    0.7623662948608398,
    0.7654708623886108,
    0.7267789244651794,
    0.8374068140983582,
    0.7233383059501648,
    0.748535692691803,
    0.7428162693977356,
    0.7402215003967285,
    0.6744475364685059,
    0.6722872853279114,
    0.7015430927276611,
    0.7104644179344177,
    0.669472336769104,
    0.6506816148757935,
    0.6936830878257751
  ],
  "best_epoch": 28,
  "status": "ok",
  "grad_norm": [
    5.0775759514789645,
    0.9862098351820371,
    0.5988805953141457,
    0.5203509291552625,
    0.47608289420485556,
    0.4505478156115666,
    0.47587629568143097,
    0.4575324831234271,
    0.43216356509583953,
    0.5412142226410201,
    0.5720479161101315,
    0.6652016331360763,
    0.7121248373311853,
    0.8240508095725607,
    0.8706412640200695,
    0.7388710444075011,
    0.9636472884113798,
    1.0367488603164785,
    1.0316536570350117,
    0.9766427146271813,
    1.0198568842462041,
    1.0572921892665097,
    1.0700775083916847,
    1.2016240483241012,
    0.8280702430045925,
    0.9378482500566857,
    0.9397839097647953,
    1.068719656520073,
    1.4140115984500572,
    1.0227554404685593
  ],
  "beta_std": [
    0.1499876081943512,
    0.14723743498325348,
    0.11414647847414017,
    0.12196721881628036,
    0.1687357872724533,
    0.25930044054985046,
    0.36731022596359253,
    0.4551284611225128,
    0.5582985281944275,
    0.6629910469055176,
    0.774867594242096,
    0.7706180214881897,
    0.8546484708786011,
    0.8674289584159851,
    0.7857183218002319,
    0.7698825597763062,
    0.7885150909423828,
    0.8184396624565125,
    0.8667800426483154,
    0.8005145788192749,
    0.6775926947593689,
    0.6603201627731323,
    0.7148372530937195,
    0.6717525720596313,
    0.7125909924507141,
    0.7018804550170898,
    0.6887022852897644,
    0.7174466848373413,
    0.6484038829803467,
    0.6832456588745117
  ],
  "beta_mean": [
    -0.1037939041852951,
    -0.020481130108237267,
    0.04810101166367531,
    0.08272955566644669,
    0.07611497491598129,
    0.04911066219210625,
    0.02419956587255001,
    0.07331069558858871,
    0.07415170967578888,
    0.03598646819591522,
    0.023525306954979897,
    -0.018309736624360085,
    -0.0533950999379158,
    -0.06061693653464317,
    -0.004724152851849794,
    -0.04332903400063515,
    0.03535950556397438,
    0.0231927502900362,
    0.18387863039970398,
    0.09234530478715897,
    0.42533114552497864,
    0.24255864322185516,
    0.23438343405723572,
    0.21558624505996704,
    0.1097092404961586,
    0.21175280213356018,
    0.12178641557693481,
    0.16521994769573212,
    0.21672751009464264,
    0.11627792567014694
  ]
}