{
  "train_loss": [
    1.7165795149626555,
    1.280810981620977,
    1.1143658367204077,
    1.0680068501719722,
    1.0129488500547998,
    0.9591457135883379,
    0.9319928494500526,
    0.9155115521984336,
    0.8419318124100014,
    0.7978809779072985,
    0.7628438749431092,
    0.7398093223571778,
    0.7274116738342945,
    0.7036582293333831,
    0.6768796355636032,
    0.6514043067708427,
    0.635402336385515,
    0.6382080869910157,
    0.6456771790245432,
    0.6013027056499763,
    0.5353672823052348,
    0.5567137707898646,
    0.5439718938168184,
    0.5092799728299364,
    0.5137669368290607,
    0.5272471474276649
  ],
  "val_loss": [
    1.2616980075836182,
    1.0913656949996948,
    1.0957002639770508,
    1.0589993000030518,
    1.0513591766357422,
    1.0631449222564697,
    1.0834002494812012,
    1.0585676431655884,
    1.0618058443069458,
    1.0871500968933105,
    1.1039923429489136,
    1.0332539081573486,
    1.0135411024093628,
    1.0416717529296875,
    1.0398987531661987,
    1.0117268562316895,
    1.0219871997833252,
    1.1006180047988892,
    1.1231926679611206,
    1.2167564630508423,
    1.1952241659164429,
    1.1884417533874512,
    1.0963397026062012,
    1.0580037832260132,
    1.251746654510498,
    1.160815954208374
  ],
  "best_epoch": 15,
  "status": "ok",
  "grad_norm": [
    2.992508015363164,
    1.1069329916608421,
    0.7930815056708858,
    0.7390624358904994,
    0.49929681705691403,
    0.5153405416870107,
    0.5874772917029659,
    0.7150048402729088,
    0.603794073331426,
    0.6602774737077449,
    0.8031566232959102,
    0.8877395596017189,
    0.956873998360476,
    1.0423699725007611,
    0.986460477099869,
    0.9534656039077595,
    0.8846620192221698,
    1.194216753081587,
    1.054967298318303,
    1.0730458429690597,
    1.192732498882043,
    1.3229921288513924,
    1.278301784289578,
    1.2685920561117603,
    1.1183634120156427,
    1.5677772334284135
  ],
  "beta_std": [
    0.1968524158000946,
    0.18849720060825348,
    0.21907572448253632,
    0.3320204019546509,
    0.4286453127861023,
    0.5232816934585571,
    0.6652739644050598,
    0.8765512704849243,
    0.953744649887085,
    0.9847167134284973,
    0.9568427205085754,
    0.9054097533226013,
    0.9542707204818726,
    0.9382033348083496,
    0.8706327080726624,
    0.8243299722671509,
    0.8262030482292175,
    0.9954447746276855,
    0.9772815704345703,
    0.8813602328300476,
    0.9113970398902893,
    0.8413119912147522,
    0.8391450047492981,
    0.9217929840087891,
    0.9026000499725342,
    0.9315467476844788
  ],
  "beta_mean": [
    0.24444997310638428,
    -0.0754985585808754,
    -0.22160716354846954,
    -0.3073786795139313,
    -0.4132564961910248,
    -0.40849822759628296,
    -0.4032517671585083,
    -0.38815414905548096,
    -0.449916809797287,
    -0.5516859292984009,
    -0.47166571021080017,
    -0.3592475950717926,
    -0.3212682604789734,
    -0.20923377573490143,
    -0.4396122694015503,
    -0.31109902262687683,
    -0.3358881175518036,
    -0.48834747076034546,
    -0.3858848512172699,
    -0.49361270666122437,
    -0.33990079164505005,
    -0.44007742404937744,
    -0.44405609369277954,
    -0.46036747097969055,
    -0.5020859837532043,
    -0.38870641589164734
  ]
}