{
  "train_loss": [
    1.6900076436407772,
    1.2609226741908508,
    1.111438720608935,
    1.0207017061151105,
    1.013549542279891,
    0.9253261343932446,
    0.8683540094045945,
    0.8435035475978145,
    0.7737892894097317,
    0.7453838680997307,
    0.7103794615945699,
    0.6549514953001045,
    0.6158044130713851,
    0.6255654614648701,
    0.6288407587710722,
    0.6120856018713963,
    0.6043581706506235,
    0.5412801680741487,
    0.5286486500575218,
    0.5106200692094403,
    0.49657840522719016,
    0.5182228076605149,
    0.5470323745115304,
    0.5001554297076332
  ],
  "val_loss": [
    1.528319239616394,
    1.1178888082504272,
    1.0303313732147217,
    0.9770399332046509,
    0.9589470624923706,
    0.9486714005470276,
    0.9424991011619568,
    0.9214335083961487,
    0.9530993700027466,
    0.9653419256210327,
    0.9869545698165894,
    0.9809261560440063,
    0.9633963108062744,
    0.8665568232536316,
    0.8699549436569214,
    0.9253036379814148,
    0.8833662271499634,
    0.9312444925308228,
    1.0228663682937622,
    0.8955085873603821,
    0.9871677756309509,
    1.0119106769561768,
    1.018975853919983,
    1.051895260810852
  ],
  "best_epoch": 13,
  "status": "ok",
  "grad_norm": [
    2.9632439237408055,
    0.9706337126879765,
    0.8776066841058022,
    0.5046886617362258,
    0.5587495600981235,
    0.5971831255668475,
    0.5971645642447028,
    0.565119581073884,
    0.6125592352097046,
    0.764353640845351,
    0.8645041135109969,
    0.9492120309883092,
    0.9809695896778413,
    0.9379894911955277,
    1.1075274087542915,
    1.05912388412941,
    1.062564395063657,
    0.9714507333364638,
    1.1500072836914368,
    0.9316371129801639,
    1.4143120635309607,
    1.2942756775976043,
    1.1818642929559466,
    1.006074650547982
  ],
  "beta_std": [
    0.32696348428726196,
    0.33050647377967834,
    0.33498671650886536,
    0.43047264218330383,
    0.5207550525665283,
    0.6055111289024353,
    0.7608174085617065,
    0.9314115047454834,
    0.9245619773864746,
    0.9869072437286377,
    0.9990038871765137,
    1.1218491792678833,
    1.029419183731079,
    1.0195844173431396,
    0.9228300452232361,
    0.8758800029754639,
    0.9402177333831787,
    0.9822083115577698,
    0.9371838569641113,
    1.0009315013885498,
    0.9674456715583801,
    0.9448280334472656,
    1.007293701171875,
    1.0988185405731201
  ],
  "beta_mean": [
    0.010182563215494156,
    -0.0009926107013598084,
    0.04692096263170242,
    0.06768535822629929,
    0.045834023505449295,
    0.024416064843535423,
    0.05678766220808029,
    -0.06259135156869888,
    -0.042457375675439835,
    -0.07293771952390671,
    -0.033946678042411804,
    -0.131533682346344,
    0.07230609655380249,
    0.014438873156905174,
    -0.03633467108011246,
    -0.060174137353897095,
    -0.1385691910982132,
    -0.08818692713975906,
    -0.13940951228141785,
    -0.19735150039196014,
    -0.28269562125205994,
    -0.2274957001209259,
    -0.07679932564496994,
    -0.243489608168602
  ]
}