{
  "train_loss": [
    1.6060705597079985,
    1.5376182567585281,
    1.5361254496044583,
    1.5188780105880826,
    1.516376783527129,
    1.512951392430311,
    1.5122286014110722,
    1.5120167735584995,
    1.5155146272837767,
    1.50534317072372,
    1.5076934345144974,
    1.5001309407942476,
    1.502603441846301,
    1.4949621886537785,
    1.4994584569038703,
    1.4986650328608284,
    1.4930499006851374,
    1.4921912426139876,
    1.493436112320214,
    1.4912634472540247,
    1.4895699065191703,
    1.488968412806416,
    1.4939999773906685,
    1.4836192313969483,
    1.491006099215725,
    1.4842466672819261,
    1.4839466589096695,
    1.4837285866374859,
    1.481812157714576,
    1.4830943636308636,
    1.491235700629608,
    1.4819807343176234,
    1.4763818092513503,
    1.476492814878274,
    1.4768618685181378,
    1.486203320514389,
    1.4813028031622457,
    1.4817026437235157,
    1.478031901365135,
    1.4805853252243577,
    1.478152628168028,
    1.475960675903231,
    1.479860626326667,
    1.4760398858890198,
    1.4765400514825744,
    1.480385848430165,
    1.475474230308979
  ],
  "val_loss": [
    1.4525041580200195,
    1.4552539587020874,
    1.4501935243606567,
    1.4374816417694092,
    1.479701280593872,
    1.4381892681121826,
    1.430449366569519,
    1.4336639642715454,
    1.429849624633789,
    1.438711166381836,
    1.4343478679656982,
    1.443127155303955,
    1.444090723991394,
    1.4415321350097656,
    1.426026463508606,
    1.427162528038025,
    1.436131477355957,
    1.4259300231933594,
    1.4141796827316284,
    1.429174542427063,
    1.4227559566497803,
    1.415592074394226,
    1.4474092721939087,
    1.4193207025527954,
    1.4316855669021606,
    1.4283632040023804,
    1.4091709852218628,
    1.4076547622680664,
    1.4205493927001953,
    1.4131579399108887,
    1.4141103029251099,
    1.4174089431762695,
    1.4253321886062622,
    1.4382600784301758,
    1.408855676651001,
    1.4184107780456543,
    1.4033557176589966,
    1.4038933515548706,
    1.408653974533081,
    1.4081096649169922,
    1.4078973531723022,
    1.4318474531173706,
    1.4172927141189575,
    1.4071874618530273,
    1.417026162147522,
    1.4026169776916504,
    1.4164233207702637
  ],
  "best_epoch": 36,
  "status": "underfit",
  "grad_norm": [
    0.6561043806143485,
    0.5574455150220679,
    0.6068165143049079,
    0.5067256076648248,
    0.49630454533525264,
    0.49000312259550666,
    0.5021107045414837,
    0.4792316466192608,
    0.5211701787855569,
    0.46220807427824157,
    0.4828216004404995,
    0.4542041287482391,
    0.47791980966405156,
    0.44528278866891974,
    0.4499300182549337,
    0.4549156786361826,
    0.46824514441889037,
    0.4461374386837745,
    0.4682717943208284,
    0.44643875897098245,
    0.4496678088123429,
    0.4857112113045034,
    0.46884388935518356,
    0.44560957726426825,
    0.4608372166038181,
    0.4601547150322859,
    0.4414815217993173,
    0.44438717844603853,
    0.45447934892505104,
    0.4734827445445365,
    0.5001559774836848,
    0.4622229075360222,
    0.430402419003809,
    0.44520597468541606,
    0.4574526201855241,
    0.49387928520685376,
    0.45240882770342167,
    0.4643593104525513,
    0.4648411626647141,
    0.4650079011025308,
    0.45919663483279494,
    0.46747287383368796,
    0.4811241044202248,
    0.4625233095089925,
    0.47734807317271427,
    0.47985901035141154,
    0.4611615019647161
  ],
  "beta_std": [
    0.21518702805042267,
    0.1967024952173233,
    0.1473800390958786,
    0.18743813037872314,
    0.22260211408138275,
    0.23234428465366364,
    0.1525406837463379,
    0.14930389821529388,
    0.17556005716323853,
    0.22344093024730682,
    0.15752944350242615,
    0.23732438683509827,
    0.16254781186580658,
    0.18677370250225067,
    0.15144269168376923,
    0.20853978395462036,
    0.1879417598247528,
    0.1493891477584839,
    0.18620453774929047,
    0.1748383343219757,
    0.12927547097206116,
    0.21179397404193878,
    0.22598636150360107,
    0.19963082671165466,
    0.18502722680568695,
    0.2306722104549408,
    0.19737029075622559,
    0.18794488906860352,
    0.1717914193868637,
    0.2056732475757599,
    0.19919002056121826,
    0.20441579818725586,
    0.201649010181427,
    0.2209048569202423,
    0.22261874377727509,
    0.17344757914543152,
    0.1583654135465622,
    0.21771657466888428,
    0.24611827731132507,
    0.19840794801712036,
    0.22996994853019714,
    0.15954095125198364,
    0.1779826134443283,
    0.18011730909347534,
    0.1779530793428421,
    0.18367035686969757,
    0.24571384489536285
  ],
  "beta_mean": [
    0.011517361737787724,
    0.05216772109270096,
    -0.14387042820453644,
    0.0280674546957016,
    -0.110962875187397,
    -0.04472895711660385,
    0.0034821932204067707,
    -0.010480138473212719,
    -0.02743026800453663,
    -0.12373952567577362,
    -0.15133394300937653,
    -0.14653930068016052,
    -0.028709277510643005,
    -0.20719541609287262,
    -0.057491641491651535,
    -0.09316641837358475,
    -0.10183461755514145,
    -0.12005715072154999,
    0.01953590102493763,
    -0.026005331426858902,
    0.02651752345263958,
    -1.5529833490290912e-06,
    -0.1351684033870697,
    -0.16200338304042816,
    -0.16620424389839172,
    0.028352808207273483,
    -0.06398111581802368,
    -0.006676048506051302,
    -0.06825251877307892,
    0.009480636566877365,
    0.0529971607029438,
    -0.08469916880130768,
    -0.14392371475696564,
    -0.12553541362285614,
    -0.06636392325162888,
    -0.029346605762839317,
    -0.012121320702135563,
    0.06695806980133057,
    -0.04596491530537605,
    0.05756877362728119,
    -0.051888491958379745,
    0.018891770392656326,
    -0.07508178055286407,
    -0.11756976693868637,
    -0.03406086564064026,
    -0.04881317913532257,
    -0.07688391208648682
  ]
}