{
  "train_loss": [
    1.6327224480757239,
    1.5420511024318941,
    1.5276535313868382,
    1.528777818345187,
    1.5228682874378405,
    1.5098036019565069,
    1.515399174746017,
    1.511212669534293,
    1.5050507733696386,
    1.5010081555550558,
    1.5059563012708697,
    1.5015436475039923,
    1.501738234598037,
    1.4966646032166062,
    1.4945529645507099,
    1.4940598721253244,
    1.4917499228248818,
    1.4882028974008839,
    1.4916276678843805,
    1.48477371369189,
    1.4903556404894556,
    1.4838831023723758,
    1.483904192461605,
    1.477944925375152,
    1.4835164210113168,
    1.4742254335838452,
    1.4801447655025282,
    1.4794503399642587,
    1.4813095648525751,
    1.4805675359636719,
    1.4810854450861612,
    1.4699960231502154,
    1.477692008966591,
    1.4739691490318343,
    1.4729451475645365,
    1.4706027013934844,
    1.476273173672414
  ],
  "val_loss": [
    1.5503681898117065,
    1.5076955556869507,
    1.4955309629440308,
    1.5149022340774536,
    1.4815822839736938,
    1.516717553138733,
    1.4889346361160278,
    1.4720295667648315,
    1.4922914505004883,
    1.497593641281128,
    1.4674313068389893,
    1.4822068214416504,
    1.4816217422485352,
    1.4821549654006958,
    1.4628103971481323,
    1.495833158493042,
    1.4608550071716309,
    1.4535512924194336,
    1.4631167650222778,
    1.4771809577941895,
    1.462017297744751,
    1.4653685092926025,
    1.4579163789749146,
    1.4582560062408447,
    1.4792393445968628,
    1.4573465585708618,
    1.4492981433868408,
    1.5107803344726562,
    1.4531046152114868,
    1.4885932207107544,
    1.4585376977920532,
    1.4712857007980347,
    1.4629101753234863,
    1.478920817375183,
    1.45365309715271,
    1.4531450271606445,
    1.4536889791488647
  ],
  "best_epoch": 26,
  "status": "underfit",
  "grad_norm": [
    0.6701331362100856,
    0.5694966434767171,
    0.5315123154049686,
    0.5129540249935312,
    0.46203584205876735,
    0.44525446245891764,
    0.4618391418186652,
    0.4774259114577236,
    0.46889627872869283,
    0.4629674763763594,
    0.4661454570911463,
    0.4451266672394182,
    0.48725571115798494,
    0.4595068599809743,
    0.4456213919517999,
    0.4856781798912261,
    0.4713930730329347,
    0.46996789963270846,
    0.4794879101610078,
    0.45502533726195254,
    0.4859793225223393,
    0.4699649697344459,
    0.4629360847270545,
    0.44746439693401047,
    0.47300558755488137,
    0.45040988890425865,
    0.48162942000485626,
    0.47040467838016625,
    0.4858756175138968,
    0.45982235823052553,
    0.46633762519878097,
    0.4508252145296448,
    0.4618769625303723,
    0.4687973695819292,
    0.4429637952721698,
    0.44672866138351275,
    0.47349130778344317
  ],
  "beta_std": [
    0.12678022682666779,
    0.12354446202516556,
    0.24084661900997162,
    0.1860446184873581,
    0.19501884281635284,
    0.12150689214468002,
    0.19490011036396027,
    0.199661523103714,
    0.2025669366121292,
    0.15965722501277924,
    0.18791553378105164,
    0.1575229912996292,
    0.15436072647571564,
    0.18054035305976868,
    0.20488983392715454,
    0.2511609196662903,
    0.21105191111564636,
    0.18571490049362183,
    0.16009317338466644,
    0.22383475303649902,
    0.20341108739376068,
    0.1958666741847992,
    0.18733081221580505,
    0.21235381066799164,
    0.1638801246881485,
    0.19460217654705048,
    0.21673916280269623,
    0.15297041833400726,
    0.19722385704517365,
    0.23795458674430847,
    0.1887548714876175,
    0.21230709552764893,
    0.1988523155450821,
    0.2936605215072632,
    0.16603560745716095,
    0.217041477560997,
    0.2019370198249817
  ],
  "beta_mean": [
    -0.07003353536128998,
    -0.041207455098629,
    -0.0796448215842247,
    0.03576146066188812,
    -0.12580841779708862,
    -0.015479916706681252,
    -0.16322287917137146,
    -0.10027299076318741,
    0.05289633199572563,
    -0.012159385718405247,
    -0.05829152092337608,
    -0.0360364094376564,
    -0.03483748808503151,
    -0.09410472959280014,
    -0.020631128922104836,
    0.011958731338381767,
    -0.06149071082472801,
    -0.08740423619747162,
    -0.1133837103843689,
    -0.16940292716026306,
    0.01724417693912983,
    -0.014979030936956406,
    0.006912478245794773,
    -0.018698928877711296,
    -0.13195474445819855,
    -0.08118753880262375,
    -0.1420048624277115,
    -0.05490507185459137,
    -0.09546920657157898,
    -0.07970008999109268,
    -0.09012219309806824,
    -0.02650749683380127,
    -0.04745730012655258,
    0.13930745422840118,
    -0.11373628675937653,
    -0.06500570476055145,
    -0.010034998878836632
  ]
}