{
  "train_loss": [
    1.5828825501391761,
    1.513720948319686,
    1.496748264296013,
    1.4961836796197279,
    1.4962402005502355,
    1.4905175933224415,
    1.4911239041501319,
    1.4856719959270188,
    1.4823838397355107,
    1.4825143045012714,
    1.4755407141802603,
    1.4736779783761988,
    1.4739168714501008,
    1.4793991267053705,
    1.477002797266196,
    1.473225802455032,
    1.4735210648196482,
    1.4700332515560395,
    1.4700497287058691,
    1.4725373463045086,
    1.4668586606867828,
    1.468874240339848,
    1.465004186239856,
    1.4733559842974122,
    1.4677623098217256,
    1.4670817724305985,
    1.464669550008941,
    1.4654200572855989,
    1.4761911408106485,
    1.4657933116098594,
    1.4604359410101908,
    1.4608786280671058,
    1.4680516303213018,
    1.4586834921195493,
    1.4612399552718938,
    1.4677355726978234,
    1.4616536928756891,
    1.4654217297570746,
    1.45875487890857,
    1.4534358975482964,
    1.4539607026563053,
    1.454665603079991,
    1.4641578565842923,
    1.4621368303633573
  ],
  "val_loss": [
    1.522405743598938,
    1.5159881114959717,
    1.522829294204712,
    1.518635630607605,
    1.5164530277252197,
    1.5334442853927612,
    1.5158870220184326,
    1.512569546699524,
    1.5393035411834717,
    1.50967538356781,
    1.5116575956344604,
    1.5033719539642334,
    1.5119799375534058,
    1.5032223463058472,
    1.5187268257141113,
    1.5012224912643433,
    1.4957948923110962,
    1.5119127035140991,
    1.5020554065704346,
    1.5325802564620972,
    1.5117415189743042,
    1.5205926895141602,
    1.525150179862976,
    1.4907267093658447,
    1.4947240352630615,
    1.5196009874343872,
    1.5034685134887695,
    1.5010114908218384,
    1.5078471899032593,
    1.498544454574585,
    1.5109583139419556,
    1.5050640106201172,
    1.499251365661621,
    1.4887490272521973,
    1.5199781656265259,
    1.5020939111709595,
    1.5236650705337524,
    1.4999045133590698,
    1.4957269430160522,
    1.504696249961853,
    1.496940016746521,
    1.4965736865997314,
    1.4985785484313965,
    1.492836833000183
  ],
  "best_epoch": 33,
  "status": "underfit",
  "grad_norm": [
    0.6185928381184768,
    0.539977257016817,
    0.5142723644147998,
    0.5248369029992327,
    0.5195240877837014,
    0.5313011165162562,
    0.5223217635437126,
    0.5218430284819648,
    0.510024217119779,
    0.4991135792776671,
    0.4529824230006879,
    0.49801688133593,
    0.5013793060978607,
    0.46488453590191825,
    0.4784143484628856,
    0.46705051457235963,
    0.4919999073918553,
    0.46889194266402223,
    0.48387725578118673,
    0.4751765373791664,
    0.47539443891656735,
    0.46899468907438596,
    0.46058169893089884,
    0.49262229440625854,
    0.4818059173039204,
    0.4586591547181583,
    0.4703225660271058,
    0.45708915967675195,
    0.517656370143657,
    0.45004078073537607,
    0.43622972048811925,
    0.4788956608152482,
    0.48893687472367753,
    0.4478537806066721,
    0.4635840059209487,
    0.5025496580416493,
    0.4730603399561161,
    0.4865985198097409,
    0.46527959382084544,
    0.4531146360658796,
    0.45792265436625146,
    0.46622529582938954,
    0.5318748168258622,
    0.4741624242564538
  ],
  "beta_std": [
    0.20530395209789276,
    0.194475457072258,
    0.2015501856803894,
    0.22532600164413452,
    0.18146269023418427,
    0.12636521458625793,
    0.20614801347255707,
    0.26462650299072266,
    0.16441763937473297,
    0.2591407895088196,
    0.15617957711219788,
    0.24481861293315887,
    0.17646582424640656,
    0.14428570866584778,
    0.1823195368051529,
    0.20130234956741333,
    0.14604130387306213,
    0.14993110299110413,
    0.2328949272632599,
    0.13381405174732208,
    0.24736067652702332,
    0.1581130474805832,
    0.1956627517938614,
    0.15436126291751862,
    0.16328348219394684,
    0.19225111603736877,
    0.12601274251937866,
    0.13166435062885284,
    0.18352733552455902,
    0.2061767429113388,
    0.15898258984088898,
    0.22056184709072113,
    0.20688778162002563,
    0.22637274861335754,
    0.1675826758146286,
    0.1681557446718216,
    0.11395727097988129,
    0.20392858982086182,
    0.16876626014709473,
    0.23157760500907898,
    0.19382262229919434,
    0.20115168392658234,
    0.17674081027507782,
    0.16115379333496094
  ],
  "beta_mean": [
    -0.06384403258562088,
    -0.07036417722702026,
    -0.04248431324958801,
    -0.05088399723172188,
    -0.10815185308456421,
    0.09111633896827698,
    -0.16773773729801178,
    -0.10197712481021881,
    -0.07019997388124466,
    -0.025425275787711143,
    -0.0920451283454895,
    -0.0827794149518013,
    0.030137553811073303,
    -0.11168017983436584,
    -0.004709779750555754,
    -0.14851322770118713,
    -0.12160149961709976,
    0.03208285942673683,
    -0.03207382187247276,
    -0.06765726208686829,
    -0.12283939868211746,
    0.045607756823301315,
    -0.06918482482433319,
    -0.08899125456809998,
    -0.044189658015966415,
    -0.06596732139587402,
    -0.00562369916588068,
    -0.06157425791025162,
    -0.10917780548334122,
    -0.028991129249334335,
    -0.04622668772935867,
    -0.23781538009643555,
    0.038931891322135925,
    -0.05986333265900612,
    -0.014455624856054783,
    -0.03615371882915497,
    0.015561177395284176,
    -0.10118475556373596,
    -0.06838914752006531,
    -0.004959395620971918,
    -0.011956456117331982,
    -0.07275325059890747,
    -0.15651559829711914,
    -0.03349728509783745
  ]
}