{
  "train_loss": [
    0.9042215918467429,
    0.7693267480316076,
    0.7510639556681488,
    0.75143429146332,
    0.7318306476080498,
    0.7242806058892317,
    0.7233611668318578,
    0.7164089814064994,
    0.7024279146237709,
    0.7082191420250199,
    0.6985415566535224,
    0.6974028854413368,
    0.6918395454110472,
    0.6922533044739375,
    0.6841426365499864,
    0.6899189640064629,
    0.6789794238786849,
    0.6782628708956193,
    0.6750116630206032,
    0.6658332465727583,
    0.6680176202131778,
    0.6667956756085766,
    0.6573656905535398,
    0.661682108064898,
    0.6571295097301336,
    0.6532065288144715,
    0.6496403405996136,
    0.6507157752843671,
    0.6545546445716806,
    0.6523608932689745,
    0.6471562366636973
  ],
  "val_loss": [
    0.758265495300293,
    0.764782726764679,
    0.7166928052902222,
    0.7030176520347595,
    0.729227602481842,
    0.7116090059280396,
    0.7099422812461853,
    0.7335841655731201,
    0.6893973350524902,
    0.7043313980102539,
    0.7127553224563599,
    0.6969107389450073,
    0.6868627667427063,
    0.7114360928535461,
    0.6874364018440247,
    0.6874156594276428,
    0.6678142547607422,
    0.6915051341056824,
    0.6772398948669434,
    0.6682103872299194,
    0.6453599333763123,
    0.6662395596504211,
    0.6986806392669678,
    0.6582638025283813,
    0.6540853977203369,
    0.6576088666915894,
    0.6651723980903625,
    0.672795832157135,
    0.659055233001709,
    0.6501295566558838,
    0.6822265386581421
  ],
  "best_epoch": 20,
  "status": "ok",
  "grad_norm": [
    0.876725918915371,
    0.8613013007588025,
    0.8107977427027035,
    0.8013798086056928,
    0.78251414008516,
    0.7967554509098367,
    0.79054210992962,
    0.7844570033715016,
    0.7669866468893016,
    0.7843790488179021,
    0.7444426314889203,
    0.749691038527095,
    0.7443111731612331,
    0.7696838695357561,
    0.7782673471352314,
    0.7965610984483529,
    0.7908971385746862,
    0.7928921485261714,
    0.7906672837139969,
    0.7760830423173477,
    0.7875821928491036,
    0.7785906176397258,
    0.7701440291444704,
    0.8128350518135287,
    0.80203815462634,
    0.8127481368071505,
    0.8019636838461932,
    0.7934487308728407,
    0.8139818848434125,
    0.7842682750130909,
    0.8341018143675905
  ],
  "beta_std": [
    0.6510418057441711,
    0.8080728054046631,
    0.6941919326782227,
    0.8564783334732056,
    0.864767849445343,
    0.5903385877609253,
    0.6820502877235413,
    0.6967911124229431,
    0.6991438269615173,
    0.700111448764801,
    0.7197123169898987,
    0.7625455856323242,
    0.8896111249923706,
    0.8240408897399902,
    0.7736303210258484,
    0.8383714556694031,
    0.7598918676376343,
    0.8207465410232544,
    0.7379579544067383,
    0.8287408351898193,
    0.7808247208595276,
    0.6909326314926147,
    0.7498064041137695,
    1.004271149635315,
    0.8480039238929749,
    0.7332863211631775,
    0.6677734851837158,
    0.7363032102584839,
    0.6295506954193115,
    0.6895197629928589,
    0.878654956817627
  ],
  "beta_mean": [
    -0.18887609243392944,
    -0.29367077350616455,
    -0.31389567255973816,
    -0.13642780482769012,
    -0.101971834897995,
    -0.18160593509674072,
    -0.028299205005168915,
    -0.17274798452854156,
    -0.11123275756835938,
    -0.4221833646297455,
    -0.2637096047401428,
    -0.10152176767587662,
    -0.09538581222295761,
    0.011593238450586796,
    -0.06709039956331253,
    -0.07937253266572952,
    -0.18843698501586914,
    -0.02700052782893181,
    -0.05248221755027771,
    -0.19236935675144196,
    -0.15035632252693176,
    -0.06843887269496918,
    0.027170130982995033,
    -0.19093911349773407,
    -0.27298569679260254,
    -0.13666285574436188,
    -0.10565014183521271,
    0.06257208436727524,
    -0.3352082371711731,
    -0.20588402450084686,
    -0.2964940369129181
  ]
}