{
  "train_loss": [
    0.6377066926510013,
    0.6182884492511638,
    0.6127289255181251,
    0.6155941638333059,
    0.6115174798937569,
    0.6108084714761255,
    0.609688966218491,
    0.6095621047800744,
    0.6057479034669218,
    0.6060283063726816,
    0.604528061897434,
    0.6044334532085218,
    0.6041828848325719,
    0.603125900762123,
    0.6013734119956257
  ],
  "val_loss": [
    0.6034616827964783,
    0.6217641830444336,
    0.6173912882804871,
    0.6104670763015747,
    0.6007580757141113,
    0.6078062057495117,
    0.6172772645950317,
    0.6064241528511047,
    0.605079174041748,
    0.6160668730735779,
    0.6107876896858215,
    0.6057085990905762,
    0.6126034259796143,
    0.6058861613273621,
    0.6041127443313599
  ],
  "best_epoch": 4,
  "status": "underfit",
  "grad_norm": [
    0.22979961741336521,
    0.2328044797357913,
    0.22975628641160425,
    0.22772493296338506,
    0.22078269381682322,
    0.2279350397537545,
    0.2269741444015088,
    0.23746690025101994,
    0.21952023423817488,
    0.231205152934411,
    0.24082669565676593,
    0.2316613774496144,
    0.22786841502093969,
    0.22905568115124103,
    0.22945346597495697
  ],
  "beta_std": [
    0.4367317259311676,
    0.3399820327758789,
    0.5395826697349548,
    0.19228622317314148,
    0.30553892254829407,
    0.3244836926460266,
    0.36624637246131897,
    0.5141287446022034,
    0.4462030827999115,
    0.3077269196510315,
    0.267245352268219,
    0.31677156686782837,
    0.30845898389816284,
    0.4141378700733185,
    0.2100818157196045
  ],
  "beta_mean": [
    -0.17732034623622894,
    -0.05404922738671303,
    0.11282888054847717,
    -0.1141676977276802,
    -0.17804072797298431,
    -0.28163573145866394,
    0.01930009201169014,
    -0.46437975764274597,
    -0.31358420848846436,
    0.09255608171224594,
    -0.07785636186599731,
    -0.1077827513217926,
    -0.10783415287733078,
    -0.1399339884519577,
    -0.2697657644748688
  ]
}