{
  "train_loss": [
    0.6432508820260477,
    0.6265911905807361,
    0.6224051890038608,
    0.6187604412419057,
    0.6138730153981705,
    0.6179425552016811,
    0.6190583864290115,
    0.6157668691211277,
    0.6130460334381862,
    0.6131741391845614,
    0.6162804152951603,
    0.6172021101789865,
    0.6136396653749789,
    0.6128770372742101,
    0.6158059943907442,
    0.6117530310920805,
    0.6110078109077542,
    0.6113429810568604,
    0.6095575855489362
  ],
  "val_loss": [
    0.630355179309845,
    0.6272449493408203,
    0.6202757954597473,
    0.6162704229354858,
    0.6228107810020447,
    0.6161460280418396,
    0.6178240776062012,
    0.6147577166557312,
    0.6105557680130005,
    0.6175492405891418,
    0.6154699325561523,
    0.6148622632026672,
    0.622512936592102,
    0.6233640909194946,
    0.6174243688583374,
    0.6203284859657288,
    0.6195868253707886,
    0.6175304651260376,
    0.6177162528038025
  ],
  "best_epoch": 8,
  "status": "underfit",
  "grad_norm": [
    0.2383189304831537,
    0.23507698932134877,
    0.21854395554256223,
    0.2225863739545446,
    0.21779221896219095,
    0.21544726660299668,
    0.22160583963391647,
    0.21683543802122893,
    0.22106094516613234,
    0.20770872766464238,
    0.22133789166099835,
    0.22434493803723055,
    0.2126683489692058,
    0.22309724788137983,
    0.2261150235151097,
    0.22193894951595503,
    0.2240626236666622,
    0.2304474692971942,
    0.2254135746418336
  ],
  "beta_std": [
    0.1978621631860733,
    0.40364325046539307,
    0.336433470249176,
    0.29781588912010193,
    0.5485358834266663,
    0.2929428219795227,
    0.34631675481796265,
    0.4082563519477844,
    0.2376994639635086,
    0.4167608320713043,
    0.24472342431545258,
    0.37369465827941895,
    0.21695095300674438,
    0.29341602325439453,
    0.28136077523231506,
    0.36728060245513916,
    0.3199683129787445,
    0.230169415473938,
    0.27815449237823486
  ],
  "beta_mean": [
    -0.09804341942071915,
    -0.2645951211452484,
    -0.09142255038022995,
    -0.1893412470817566,
    -0.013375657610595226,
    0.10041770339012146,
    -0.1821407526731491,
    -0.06997035443782806,
    -0.09886197000741959,
    -0.11332765966653824,
    0.04246857017278671,
    -0.17628172039985657,
    -0.05005815625190735,
    -0.05077856406569481,
    -0.12860701978206635,
    -0.18632353842258453,
    0.06710243970155716,
    -0.1047912985086441,
    -0.10999628156423569
  ]
}