{
  "train_loss": [
    0.6364667086015667,
    0.6163305886028803,
    0.6150185273683559,
    0.6132293794447916,
    0.609680842056609,
    0.6104935164897762,
    0.6076183648695026,
    0.6081611989394963,
    0.6052623555255913,
    0.6062771198484632,
    0.6073923419930084,
    0.6062785155452483,
    0.6051121361632096,
    0.6018742288762365,
    0.6040621880620544
  ],
  "val_loss": [
    0.6338648796081543,
    0.6093584895133972,
    0.6120504140853882,
    0.6097493171691895,
    0.6016910076141357,
    0.6205365657806396,
    0.6128930449485779,
    0.607941746711731,
    0.6048372983932495,
    0.6130335927009583,
    0.6145455241203308,
    0.6082414984703064,
    0.6107079982757568,
    0.6206998229026794,
    0.6190752387046814
  ],
  "best_epoch": 4,
  "status": "underfit",
  "grad_norm": [
    0.25975350205236397,
    0.24055922646976524,
    0.23489425589134966,
    0.23529422543123674,
    0.22480670427378,
    0.224995765830226,
    0.22190527972732804,
    0.22478503867713634,
    0.23497112269425674,
    0.23456446839399395,
    0.23366437610217586,
    0.22677492278653366,
    0.23095031987454304,
    0.23141282199510615,
    0.23768381181099776
  ],
  "beta_std": [
    0.5808829069137573,
    0.5574278235435486,
    0.26656374335289,
    0.31537532806396484,
    0.32145822048187256,
    0.45862072706222534,
    0.4633052349090576,
    0.3215448558330536,
    0.287525475025177,
    0.351742684841156,
    0.30721935629844666,
    0.32320213317871094,
    0.29558122158050537,
    0.42221972346305847,
    0.3387586176395416
  ],
  "beta_mean": [
    -0.3950578272342682,
    -0.04472016543149948,
    0.01613457128405571,
    -0.07082865387201309,
    0.06349492818117142,
    0.029771221801638603,
    -0.0432346947491169,
    -0.012260732240974903,
    0.0327855721116066,
    0.1647588312625885,
    -0.03104078397154808,
    -0.02874344028532505,
    -0.08443396538496017,
    -0.007027365732938051,
    -0.03038899041712284
  ]
}