{
  "train_loss": [
    0.6400156361736052,
    0.6206815360024659,
    0.612739011655774,
    0.6129611218463608,
    0.6099719033882632,
    0.6104331222612258,
    0.6090516268858436,
    0.6082458326969927,
    0.6076946117585166,
    0.6074437434770907,
    0.6065052138573942,
    0.607529212020294,
    0.6041025081852026,
    0.603505511939177,
    0.6063150266318293,
    0.6033460284255402
  ],
  "val_loss": [
    0.6314026713371277,
    0.6350312232971191,
    0.6282587647438049,
    0.6371039748191833,
    0.6287209391593933,
    0.6257793307304382,
    0.6327456831932068,
    0.6255245804786682,
    0.628942608833313,
    0.6278073787689209,
    0.6341549158096313,
    0.6354830265045166,
    0.6347185373306274,
    0.6308187246322632,
    0.6352818012237549,
    0.6355994343757629
  ],
  "best_epoch": 5,
  "status": "underfit",
  "grad_norm": [
    0.225996611012159,
    0.24280980462716212,
    0.24604529626310861,
    0.24637865253104876,
    0.2449147023542834,
    0.2325043347419129,
    0.23004245793753988,
    0.2258728059907638,
    0.2214369169928073,
    0.23474713123284216,
    0.23428005814803177,
    0.224518720158614,
    0.23878291922494935,
    0.22679214525028107,
    0.23568231167908135,
    0.2278986294653268
  ],
  "beta_std": [
    0.3729839324951172,
    0.275620698928833,
    0.22509121894836426,
    0.3782791197299957,
    0.21809428930282593,
    0.12235498428344727,
    0.17793506383895874,
    0.2278466522693634,
    0.2407166063785553,
    0.2531702220439911,
    0.22478953003883362,
    0.2526238262653351,
    0.23643332719802856,
    0.27569493651390076,
    0.31290411949157715,
    0.2262805849313736
  ],
  "beta_mean": [
    -0.03957532346248627,
    -0.12077313661575317,
    0.051859013736248016,
    -0.02195139043033123,
    -0.055397629737854004,
    0.013954910449683666,
    -0.07386967539787292,
    -0.0352507121860981,
    0.04362598434090614,
    -0.032669343054294586,
    -0.0414799228310585,
    -0.13257838785648346,
    -0.0647369846701622,
    0.17521712183952332,
    -0.06035222113132477,
    -0.08613159507513046
  ]
}