{
  "train_loss": [
    0.6340294275925173,
    0.6141592801244635,
    0.6126737410840932,
    0.607656474977906,
    0.6017965238554436,
    0.6068777103591384,
    0.606301181023581,
    0.6034252489937676,
    0.6025626187993769,
    0.5992240186323199,
    0.6014884653983757,
    0.6022574502055408,
    0.6023138091020417,
    0.5977265028925667,
    0.5993450470626006,
    0.5962447273522092,
    0.6001637115813139,
    0.5952994666183204,
    0.5982402526007758
  ],
  "val_loss": [
    0.6179271340370178,
    0.5991584062576294,
    0.5998516082763672,
    0.6007522344589233,
    0.5974780917167664,
    0.6003357768058777,
    0.5938125252723694,
    0.5983169078826904,
    0.5882213711738586,
    0.592870831489563,
    0.594808042049408,
    0.5938808917999268,
    0.6008757948875427,
    0.5961184501647949,
    0.5914620161056519,
    0.5963388681411743,
    0.5982334613800049,
    0.6021853685379028,
    0.5930756330490112
  ],
  "best_epoch": 8,
  "status": "underfit",
  "grad_norm": [
    0.2518938390285931,
    0.23828557718650992,
    0.24748002490691323,
    0.2353160269951456,
    0.23683733810973462,
    0.234988259434375,
    0.22946342720617685,
    0.24246443582437138,
    0.227873952937224,
    0.23423548075415565,
    0.2344146509797493,
    0.23532354615564086,
    0.23405662362952664,
    0.23601279513435294,
    0.22398789336499897,
    0.23255609400760072,
    0.23119696238250073,
    0.2187926373239431,
    0.21828121785445276
  ],
  "beta_std": [
    0.29587695002555847,
    0.500251293182373,
    0.3721543252468109,
    0.2477959394454956,
    0.2631189823150635,
    0.22703199088573456,
    0.31296658515930176,
    0.42844536900520325,
    0.26805004477500916,
    0.21720266342163086,
    0.25955265760421753,
    0.2997759282588959,
    0.24369801580905914,
    0.3625514507293701,
    0.4162423610687256,
    0.2713479697704315,
    0.38957729935646057,
    0.3790538012981415,
    0.35187217593193054
  ],
  "beta_mean": [
    -0.037954896688461304,
    -0.11818643659353256,
    -0.20488564670085907,
    -0.21531841158866882,
    -0.17954687774181366,
    -0.11396776884794235,
    -0.26716479659080505,
    -0.34634238481521606,
    -0.12968358397483826,
    -0.26611360907554626,
    -0.09474688023328781,
    -0.24904198944568634,
    -0.08317752182483673,
    -0.10766170173883438,
    -0.19815996289253235,
    -0.19645239412784576,
    -0.10397008061408997,
    -0.0983639657497406,
    -0.20173761248588562
  ]
}