{
  "train_loss": [
    0.6468146862621196,
    0.6189053036734374,
    0.6169808938489323,
    0.6158272867453726,
    0.6134116789611459,
    0.6111453570259942,
    0.6097200392003645,
    0.6100897806987428,
    0.6109662418198167,
    0.6070754602778028,
    0.6081622021518953,
    0.6053864135519106
  ],
  "val_loss": [
    0.609379231929779,
    0.6060148477554321,
    0.6114230751991272,
    0.6116141676902771,
    0.612450897693634,
    0.6172717809677124,
    0.6065487861633301,
    0.6084943413734436,
    0.6099000573158264,
    0.6110177040100098,
    0.6052083373069763,
    0.6126346588134766
  ],
  "best_epoch": 1,
  "status": "underfit",
  "grad_norm": [
    0.22491396713633832,
    0.23964743409369993,
    0.22667527442806965,
    0.23656004176429765,
    0.2299472073546194,
    0.22345185781191493,
    0.22374491254004714,
    0.23991371604543735,
    0.23283129704593003,
    0.23287513615700597,
    0.23297378968861734,
    0.2340482331644569
  ],
  "beta_std": [
    0.36626166105270386,
    0.22623075544834137,
    0.5641122460365295,
    0.3232588469982147,
    0.2870735824108124,
    0.3007238507270813,
    0.2765341103076935,
    0.3908320963382721,
    0.42980504035949707,
    0.4815165102481842,
    0.37624669075012207,
    0.3445551097393036
  ],
  "beta_mean": [
    -0.026062292978167534,
    -0.013062209822237492,
    0.10190950334072113,
    -0.06789734214544296,
    -0.0010344862239435315,
    0.1446022242307663,
    -0.08247969299554825,
    -0.0380147285759449,
    0.028289569541811943,
    -0.06876379996538162,
    -0.12192151695489883,
    -0.0074138035997748375
  ]
}