{
  "train_loss": [
    0.644169594446818,
    0.6278536293659991,
    0.6190317827498006,
    0.6148083849678263,
    0.6143553108220909,
    0.6108567954643428,
    0.6115852623655085,
    0.6096609361548173,
    0.6115333634649801,
    0.6118284785538389,
    0.6104180799729643,
    0.6090417879506161,
    0.6085933077544496,
    0.6058636036253812,
    0.6049698076331824,
    0.6029664008519803,
    0.6046109307857982,
    0.6040134787977788,
    0.6037645608082153,
    0.6005647840276797,
    0.6006207181138602
  ],
  "val_loss": [
    0.6388718485832214,
    0.6116833090782166,
    0.6158590316772461,
    0.6191018223762512,
    0.6212427020072937,
    0.6188420057296753,
    0.6121488809585571,
    0.6275163292884827,
    0.615385890007019,
    0.6229315996170044,
    0.6073147058486938,
    0.6199158430099487,
    0.6222838163375854,
    0.6207877397537231,
    0.6141664981842041,
    0.6161392331123352,
    0.6170077323913574,
    0.6415254473686218,
    0.6312239170074463,
    0.6222894191741943,
    0.6353133916854858
  ],
  "best_epoch": 10,
  "status": "underfit",
  "grad_norm": [
    0.22056345103947303,
    0.22872842856066775,
    0.2260354106495863,
    0.21599689400577637,
    0.21856213627441148,
    0.21581096818937265,
    0.22562993799526523,
    0.229953292759541,
    0.23370583341175216,
    0.21820466807502198,
    0.22841540341554378,
    0.23542980508317915,
    0.22585575584843628,
    0.22914613367372139,
    0.22793449445804534,
    0.22548111717318686,
    0.2414075969865059,
    0.22631222590791808,
    0.23671925751085712,
    0.2343226747684285,
    0.23494253891703631
  ],
  "beta_std": [
    0.29567399621009827,
    0.37606605887413025,
    0.4437486231327057,
    0.2752844989299774,
    0.3774605989456177,
    0.42014968395233154,
    0.40866127610206604,
    0.43614885210990906,
    0.3036227226257324,
    0.23626509308815002,
    0.37157365679740906,
    0.29497867822647095,
    0.4257812201976776,
    0.3895466923713684,
    0.5031995177268982,
    0.42460203170776367,
    0.2969340980052948,
    0.5447799563407898,
    0.45121046900749207,
    0.32719558477401733,
    0.4318632483482361
  ],
  "beta_mean": [
    -0.19663923978805542,
    0.05157230421900749,
    -0.2049015760421753,
    -0.09439665824174881,
    -0.04869003966450691,
    0.006168835796415806,
    0.11815281957387924,
    -0.00579642690718174,
    -0.0967843309044838,
    -0.015443313866853714,
    -0.04206346347928047,
    -0.10665241628885269,
    0.0077061583288013935,
    -0.1489025205373764,
    0.04847153648734093,
    0.16012685000896454,
    -0.1303185671567917,
    0.08900140225887299,
    0.01766306906938553,
    -0.08764535933732986,
    -0.07591701298952103
  ]
}