{
  "train_loss": [
    0.6426477859173602,
    0.6158862870199638,
    0.6114646691885608,
    0.6126497130087245,
    0.610659300653558,
    0.6074758451723913,
    0.6069599346947252,
    0.6052632651342983,
    0.6053671680277551,
    0.6020114215075621,
    0.6030323627678275,
    0.6014363405300163,
    0.5991038757318642,
    0.5998073024638215
  ],
  "val_loss": [
    0.6229232549667358,
    0.6151397228240967,
    0.6351798176765442,
    0.598236083984375,
    0.6095564365386963,
    0.609573245048523,
    0.608210563659668,
    0.6062034368515015,
    0.6076404452323914,
    0.6092168688774109,
    0.6081792712211609,
    0.5975687503814697,
    0.5998591780662537,
    0.6035947799682617
  ],
  "best_epoch": 3,
  "status": "underfit",
  "grad_norm": [
    0.22900261771213548,
    0.23497988839645337,
    0.24007783951222345,
    0.22423260115674182,
    0.23262298975207107,
    0.23209238871145577,
    0.24548041704354018,
    0.22881193298237748,
    0.23998899256904757,
    0.23779044679788297,
    0.2342956411372449,
    0.2363694516649266,
    0.24463752868583338,
    0.2442769714982897
  ],
  "beta_std": [
    0.44145041704177856,
    0.42041489481925964,
    0.23193053901195526,
    0.36175984144210815,
    0.30897632241249084,
    0.2911653220653534,
    0.44029587507247925,
    0.4527812600135803,
    0.5579976439476013,
    0.4627678692340851,
    0.3150368928909302,
    0.34901994466781616,
    0.38742876052856445,
    0.45197948813438416
  ],
  "beta_mean": [
    -0.14042358100414276,
    0.05340049788355827,
    -0.17442677915096283,
    0.02779349870979786,
    -0.01798153482377529,
    -0.15215958654880524,
    -0.05618104338645935,
    0.012948581017553806,
    0.14059308171272278,
    0.01111171580851078,
    -0.04944630712270737,
    -0.12969809770584106,
    0.2139350026845932,
    -0.10767985880374908
  ]
}